title,category,location,price_numeric,is_bungalow,is_villa,is_apartment,is_duplex,is_house,is_land,has_parking,has_garden,has_bhk,is_furnished,is_modern,is_luxury,is_commercial,is_urgent
 House for Sale,House,"Imadol, Lalitpur",29000000.0,0,0,0,0,1,0,0,0,0,0,0,0,0,1
 House for Sale,House,"Satdobato, Lalitpur",47500000.0,0,0,0,0,1,0,0,0,0,0,0,0,0,1
4 BHK House for Sale,House,"Imadol, Lalitpur",19900000.0,0,0,0,0,1,0,0,0,1,0,0,0,0,1
Bungalow House for Sale,House,"Bhaisepati, Lalitpur",40000000.0,1,0,0,0,1,0,0,0,0,0,0,0,0,1
 House for Rent,House,"Maharajgunj, Kathmandu",12000000.0,0,0,0,0,1,0,0,0,0,0,0,0,0,0
Bungalow House for Rent,House,"Bhaisepati, Lalitpur",27000000.0,1,0,0,0,1,0,0,0,0,0,0,0,0,0
3 BHK House for Sale,House,"Bhaisepati, Lalitpur",33000000.0,0,0,0,0,1,0,0,0,1,0,0,0,0,1
 House for Sale,House,"Budhanilkantha, Kathmandu",40000000.0,0,0,0,0,1,0,0,0,0,0,0,0,0,1
 House for Sale,House,"Gyaneshwor, Kathmandu",45000000.0,0,0,0,0,1,0,0,0,0,0,0,0,0,1
 House for Sale,House,"Bhaisepati, Lalitpur",30000000.0,0,0,0,0,1,0,0,0,0,0,0,0,0,1
 House for Sale,House,"Imadol, Lalitpur",49900000.0,0,0,0,0,1,0,0,0,0,0,0,0,0,1
 House for Sale,House,"Kharibot, Kathmandu",24500000.0,0,0,0,0,1,0,0,0,0,0,0,0,0,1
Bungalow House for Sale,House,"Bafal, Kathmandu",25000000.0,1,0,0,0,1,0,0,0,0,0,0,0,0,1
4 BHK House for Sale,House,"Khumaltar, Lalitpur",42500000.0,0,0,0,0,1,0,0,0,1,0,0,0,0,1
Bungalow House for Sale,House,"Bhaisepati, Lalitpur",65000000.0,1,0,0,0,1,0,0,0,0,0,0,0,0,1
4 BHK House for Sale,House,"Bhaisepati, Lalitpur",36000000.0,0,0,0,0,1,0,0,0,1,0,0,0,0,1
 House for Sale,House,"Khumaltar, Lalitpur",58000000.0,0,0,0,0,1,0,0,0,0,0,0,0,0,1
Bungalow House for Sale,House,"Bhaisepati, Lalitpur",25000000.0,1,0,0,0,1,0,0,0,0,0,0,0,0,1
4 BHK House for Sale,House,"Bhaisepati, Lalitpur",48000000.0,0,0,0,0,1,0,0,0,1,0,0,0,0,1
4 BHK House for Sale,House,"Tahachal, Kathmandu",66500000.0,0,0,0,0,1,0,0,0,1,0,0,0,0,1
Bungalow House for Sale,House,"Dhapasi, Kathmandu",133000000.0,1,0,0,0,1,0,0,0,0,0,0,0,0,1
Villa House for Sale,House,"Thecho, Lalitpur",85000000.0,0,1,0,0,1,0,0,0,0,0,0,0,0,1
Bungalow House for Sale,House,"Bhaisepati, Lalitpur",55000000.0,1,0,0,0,1,0,0,0,0,0,0,0,0,1
 House for Sale,House,"Bhaisepati, Lalitpur",47500000.0,0,0,0,0,1,0,0,0,0,0,0,0,0,1
 House for Sale,House,"Imadol, Lalitpur",29500000.0,0,0,0,0,1,0,0,0,0,0,0,0,0,1
 House for Sale,House,"Sanepa, Lalitpur",63500000.0,0,0,0,0,1,0,0,0,0,0,0,0,0,1
Bungalow House for Sale,House,"Bhaisepati, Lalitpur",85000000.0,1,0,0,0,1,0,0,0,0,0,0,0,0,1
Bungalow House for Sale,House,"Maharajgunj, Kathmandu",105000000.0,1,0,0,0,1,0,0,0,0,0,0,0,0,1
4 BHK House for Sale,House,"Bhaisepati, Lalitpur",64000000.0,0,0,0,0,1,0,0,0,1,0,0,0,0,1
3 BHK House for Sale,House,"Sunakothi, Lalitpur",35000000.0,0,0,0,0,1,0,0,0,1,0,0,0,0,1
 House for Sale,House,"Kapan, Kathmandu",22000000.0,0,0,0,0,1,0,0,0,0,0,0,0,0,1
4 BHK House for Sale,House,"Dhobighat, Lalitpur",37500000.0,0,0,0,0,1,0,0,0,1,0,0,0,0,1
 House for Sale,House,"Hattiban, Lalitpur",80000000.0,0,0,0,0,1,0,0,0,0,0,0,0,0,1
Bungalow House for Sale,House,"Satdobato, Lalitpur",55000000.0,1,0,0,0,1,0,0,0,0,0,0,0,0,1
 House for Sale,House,"Sanepa, Lalitpur",77500000.0,0,0,0,0,1,0,0,0,0,0,0,0,0,1
 House for Sale,House,"Budhanilkantha, Kathmandu",160000000.0,0,0,0,0,1,0,0,0,0,0,0,0,0,1
 House for Sale,House,"Imadol, Lalitpur",31900000.0,0,0,0,0,1,0,0,0,0,0,0,0,0,1
4 BHK House for Sale,House,"Sitapaila, Kathmandu",25000000.0,0,0,0,0,1,0,0,0,1,0,0,0,0,1
 House for Sale,House,"Pokhara, Kaski",120000000.0,0,0,0,0,1,0,0,0,0,0,0,0,0,1
Bungalow House for Sale,House,"Bhaisepati, Lalitpur",62500000.0,1,0,0,0,1,0,0,0,0,0,0,0,0,1
4 BHK House for Sale,House,"Hattiban, Lalitpur",28000000.0,0,0,0,0,1,0,0,0,1,0,0,0,0,1
Bungalow House for Sale,House,"Imadol, Lalitpur",59900000.0,1,0,0,0,1,0,0,0,0,0,0,0,0,1
 House for Sale,House,"Bhaisepati, Lalitpur",48000000.0,0,0,0,0,1,0,0,0,0,0,0,0,0,1
 House for Sale,House,"Imadol, Lalitpur",25000000.0,0,0,0,0,1,0,0,0,0,0,0,0,0,1
4 BHK House for Rent,House,"Sanepa, Lalitpur",33500000.0,0,0,0,0,1,0,0,0,1,0,0,0,0,0
4 BHK House for Rent,House,"Sanepa, Lalitpur",35000000.0,0,0,0,0,1,0,0,0,1,0,0,0,0,0
4 BHK House for Sale,House,"Bhaisepati, Lalitpur",40000000.0,0,0,0,0,1,0,0,0,1,0,0,0,0,1
Bungalow House for Sale,House,"Nakhipot, Lalitpur",60000000.0,1,0,0,0,1,0,0,0,0,0,0,0,0,1
4 BHK House for Sale,House,"Imadol, Lalitpur",25000000.0,0,0,0,0,1,0,0,0,1,0,0,0,0,1
 House for Sale,House,"Imadol, Lalitpur",27000000.0,0,0,0,0,1,0,0,0,0,0,0,0,0,1
Bungalow House for Sale,House,"Gwarko, Lalitpur",27500000.0,1,0,0,0,1,0,0,0,0,0,0,0,0,1
 House for Sale,House,"Budhanilkantha, Kathmandu",110000000.0,0,0,0,0,1,0,0,0,0,0,0,0,0,1
 House for Sale,House,"Hattiban, Lalitpur",32500000.0,0,0,0,0,1,0,0,0,0,0,0,0,0,1
 House for Sale,House,"Hattiban, Lalitpur",28000000.0,0,0,0,0,1,0,0,0,0,0,0,0,0,1
 House for Sale,House,"Imadol, Lalitpur",31000000.0,0,0,0,0,1,0,0,0,0,0,0,0,0,1
4 BHK House for Sale,House,"Baneshwor, Kathmandu",40000000.0,0,0,0,0,1,0,0,0,1,0,0,0,0,1
House for Sale,House,"Tokha, Kathmandu",35000000.0,0,0,0,0,1,0,0,0,0,0,0,0,0,1
 House for Sale,House,"Imadol, Lalitpur",31500000.0,0,0,0,0,1,0,0,0,0,0,0,0,0,1
 House for Sale,House,"Ochu Height, Lalitpur",29000000.0,0,0,0,0,1,0,0,0,0,0,0,0,0,1
 House for Sale,House,"Imadol, Lalitpur",42500000.0,0,0,0,0,1,0,0,0,0,0,0,0,0,1
4 BHK House for Sale,House,"Bhaisepati, Lalitpur",46500000.0,0,0,0,0,1,0,0,0,1,0,0,0,0,1
Luxurious Villa  for Sale,House,"Bhaisepati, Lalitpur",40000000.0,0,1,0,0,0,0,0,0,0,0,0,1,0,1
Bungalow House for Sale,House,"Sanepa, Lalitpur",59500000.0,1,0,0,0,1,0,0,0,0,0,0,0,0,1
4 BHK House for Sale,House,"Nakkhu, Lalitpur",39000000.0,0,0,0,0,1,0,0,0,1,0,0,0,0,1
 House for Sale,House,"Setipakha, Lalitpur",32000000.0,0,0,0,0,1,0,0,0,0,0,0,0,0,1
 House for Sale,House,"Setipakha, Lalitpur",32500000.0,0,0,0,0,1,0,0,0,0,0,0,0,0,1
4 BHK House for Sale,House,"Sunakothi, Lalitpur",51500000.0,0,0,0,0,1,0,0,0,1,0,0,0,0,1
 House for Sale,House,"Kalanki, Kathmandu",35000000.0,0,0,0,0,1,0,0,0,0,0,0,0,0,1
Bungalow House for Sale,House,"Imadol, Lalitpur",32500000.0,1,0,0,0,1,0,0,0,0,0,0,0,0,1
 House for Sale,House,"Bhangal , Kathmandu",32000000.0,0,0,0,0,1,0,0,0,0,0,0,0,0,1
 House for Sale,House,"Sukedhara, Kathmandu",55000000.0,0,0,0,0,1,0,0,0,0,0,0,0,0,1
House for Sale,House,"Setipakha, Lalitpur",23000000.0,0,0,0,0,1,0,0,0,0,0,0,0,0,1
 House for Sale,House,"Chandragiri, Kathmandu",17000000.0,0,0,0,0,1,0,0,0,0,0,0,0,0,1
 House for Sale,House,"Imadol, Lalitpur",24000000.0,0,0,0,0,1,0,0,0,0,0,0,0,0,1
4 BHK House for Sale,House,"Tikathali, Lalitpur",27500000.0,0,0,0,0,1,0,0,0,1,0,0,0,0,1
 House for Sale,House,"Tikathali, Lalitpur",22500000.0,0,0,0,0,1,0,0,0,0,0,0,0,0,1
4 BHK House for Sale,House,"Lubhu, Lalitpur",18000000.0,0,0,0,0,1,0,0,0,1,0,0,0,0,1
3 BHK House for Sale,House,"Imadol, Lalitpur",25000000.0,0,0,0,0,1,0,0,0,1,0,0,0,0,1
 House for Sale,House,"Setipakha, Lalitpur",16500000.0,0,0,0,0,1,0,0,0,0,0,0,0,0,1
 House for Sale,House,"Bhaisepati, Lalitpur",51000000.0,0,0,0,0,1,0,0,0,0,0,0,0,0,1
 House for Sale,House,"Imadol, Lalitpur",59900000.0,0,0,0,0,1,0,0,0,0,0,0,0,0,1
 House for Sale,House,"Imadol, Lalitpur",32500000.0,0,0,0,0,1,0,0,0,0,0,0,0,0,1
 House for Sale,House,"Bhaisepati, Lalitpur",27500000.0,0,0,0,0,1,0,0,0,0,0,0,0,0,1
 House for Sale,House,"Sudal, Bhaktapur",12700000.0,0,0,0,0,1,0,0,0,0,0,0,0,0,1
Bungalow House for Rent,House,"Baluwatar, Kathmandu",22500000.0,1,0,0,0,1,0,0,0,0,0,0,0,0,0
Bungalow House for Sale,House,"Bhaisepati, Lalitpur",61000000.0,1,0,0,0,1,0,0,0,0,0,0,0,0,1
Bungalow House for Sale,House,"Hattiban, Lalitpur",36900000.0,1,0,0,0,1,0,0,0,0,0,0,0,0,1
3 BHK House at Civil Homes Phase V,House,"Sunakothi, Lalitpur",23000000.0,0,0,0,0,1,0,0,0,1,0,0,0,0,0
Luxurious Villa for Sale,House,"Budhanilkantha, Kathmandu",32000000.0,0,1,0,0,0,0,0,0,0,0,0,1,0,1
 House for Sale,House,"Nil Barahi Mandir, Bhaktapur",15500000.0,0,0,0,0,1,0,0,0,0,0,0,0,0,1
Duplex House for Sale,House,"Dhapasi, Kathmandu",42500000.0,0,0,0,1,1,0,0,0,0,0,0,0,0,1
Exquisite property for sale,House,"Katyani Chowk, Kathmandu",65000000.0,0,0,0,0,0,0,0,0,0,0,0,0,0,1
Bungalow for Sale,House,"Gaurighat, Kathmandu",35000000.0,1,0,0,0,0,0,0,0,0,0,0,0,0,1
 House for Sale,House,"Budhanilkantha, Kathmandu",28000000.0,0,0,0,0,1,0,0,0,0,0,0,0,0,1
2 BHK House for Sale,House,"Lubhu, Lalitpur",13300000.0,0,0,0,0,1,0,0,0,1,0,0,0,0,1
 House for Sale,House,"Imadol, Lalitpur",16000000.0,0,0,0,0,1,0,0,0,0,0,0,0,0,1
 House for Sale,House,"Harisiddhi, Lalitpur",25000000.0,0,0,0,0,1,0,0,0,0,0,0,0,0,1
 House for Sale,House,"Harisiddhi, Lalitpur",28000000.0,0,0,0,0,1,0,0,0,0,0,0,0,0,1
 House for Sale,House,"Bhaisepati, Lalitpur",39900000.0,0,0,0,0,1,0,0,0,0,0,0,0,0,1
4 BHK House for Sale,House,"Bhaisepati, Lalitpur",49900000.0,0,0,0,0,1,0,0,0,1,0,0,0,0,1
 House for Sale,House,"Lubhu, Lalitpur",17000000.0,0,0,0,0,1,0,0,0,0,0,0,0,0,1
 House for Sale,House,"Bhaisepati, Lalitpur",42500000.0,0,0,0,0,1,0,0,0,0,0,0,0,0,1
 House For Sale,House,"Sanagaun, Lalitpur",17000000.0,0,0,0,0,1,0,0,0,0,0,0,0,0,1
Bungalow House for Sale,House,"Balkot, Bhaktapur",52500000.0,1,0,0,0,1,0,0,0,0,0,0,0,0,1
 House for Sale,House,"Bageshwori, Bhaktapur",25000000.0,0,0,0,0,1,0,0,0,0,0,0,0,0,1
Duplex House for Sale,House,"Bhangal , Kathmandu",32000000.0,0,0,0,1,1,0,0,0,0,0,0,0,0,1
 House for Sale,House,"Tikathali, Lalitpur",25000000.0,0,0,0,0,1,0,0,0,0,0,0,0,0,1
4 BHK House for Sale,House,"Imadol, Lalitpur",23500000.0,0,0,0,0,1,0,0,0,1,0,0,0,0,1
 House for Rent,House,"Muhanpokhari, Kathmandu",20000000.0,0,0,0,0,1,0,0,0,0,0,0,0,0,0
3 BHK House for Sale,House,"Samakhusi, Kathmandu",39000000.0,0,0,0,0,1,0,0,0,1,0,0,0,0,1
 House for Sale,House,"Budhanilkantha, Kathmandu",33000000.0,0,0,0,0,1,0,0,0,0,0,0,0,0,1
Bungalow House for Sale,House,"Chandol, Kathmandu",85000000.0,1,0,0,0,1,0,0,0,0,0,0,0,0,1
Bungalow House for Sale,House,"Hepali Height, Kathmandu",60300000.0,1,0,0,0,1,0,0,0,0,0,0,0,0,1
House for Sale,House,"Imadol, Lalitpur",16500000.0,0,0,0,0,1,0,0,0,0,0,0,0,0,1
4 BHK House for Sale,House,"Imadol, Lalitpur",22500000.0,0,0,0,0,1,0,0,0,1,0,0,0,0,1
 House for Sale,House,"Hepali Height, Kathmandu",33000000.0,0,0,0,0,1,0,0,0,0,0,0,0,0,1
Bungalow House for Sale,House,"Mandikhatar, Kathmandu",75000000.0,1,0,0,0,1,0,0,0,0,0,0,0,0,1
 House for Sale,House,"Imadol, Lalitpur",27500000.0,0,0,0,0,1,0,0,0,0,0,0,0,0,1
 House for Sale,House,"Bojepokhari, Lalitpur",28500000.0,0,0,0,0,1,0,0,0,0,0,0,0,0,1
Semi Furnished House for Sale,House,"Hattigaunda, Kathmandu",31500000.0,0,0,0,0,1,0,0,0,0,1,0,0,0,1
 House for Sale,House,"Tikathali, Lalitpur",27500000.0,0,0,0,0,1,0,0,0,0,0,0,0,0,1
 House for Sale,House,"Imadol, Lalitpur",23500000.0,0,0,0,0,1,0,0,0,0,0,0,0,0,1
 House for Sale,House,"Thaiba, Lalitpur",29000000.0,0,0,0,0,1,0,0,0,0,0,0,0,0,1
 House for Sale,House,"Tikathali, Lalitpur",25500000.0,0,0,0,0,1,0,0,0,0,0,0,0,0,1
3 BHK House for Sale,House,"Imadol, Lalitpur",32500000.0,0,0,0,0,1,0,0,0,1,0,0,0,0,1
4 BHK House for Sale,House,"Imadol, Lalitpur",24500000.0,0,0,0,0,1,0,0,0,1,0,0,0,0,1
 House for Sale ,House,"Lasuntar, Kathmandu",25000000.0,0,0,0,0,1,0,0,0,0,0,0,0,0,1
 House for Rent,House,"Dhapakhel, Lalitpur",38800000.0,0,0,0,0,1,0,0,0,0,0,0,0,0,0
 House for Sale,House,"Khumaltar, Lalitpur",45000000.0,0,0,0,0,1,0,0,0,0,0,0,0,0,1
4 BHK House for Sale,House,"Imadol, Lalitpur",24000000.0,0,0,0,0,1,0,0,0,1,0,0,0,0,1
4 BHK House for Sale,House,"Imadol, Lalitpur",23000000.0,0,0,0,0,1,0,0,0,1,0,0,0,0,1
4 BHK House for Sale,House,"Imadol, Lalitpur",26500000.0,0,0,0,0,1,0,0,0,1,0,0,0,0,1
 House for Sale,House,"Tikathali, Lalitpur",32000000.0,0,0,0,0,1,0,0,0,0,0,0,0,0,1
3 BHK House for Sale,House,"Imadol, Lalitpur",29000000.0,0,0,0,0,1,0,0,0,1,0,0,0,0,1
 House for Sale,House,"Imadol, Lalitpur",34000000.0,0,0,0,0,1,0,0,0,0,0,0,0,0,1
4 BHK House for Sale,House,"Nakkhu, Lalitpur",27500000.0,0,0,0,0,1,0,0,0,1,0,0,0,0,1
 House for Sale,House,"Sanagaun, Lalitpur",16000000.0,0,0,0,0,1,0,0,0,0,0,0,0,0,1
Duplex House for Sale,House,"Samakhushi chowk, Kathmandu",35500000.0,0,0,0,1,1,0,0,0,0,0,0,0,0,1
 House for Sale,House,"Lubhu, Lalitpur",59000000.0,0,0,0,0,1,0,0,0,0,0,0,0,0,1
4 BHK House for Rent,House,"Bhaisepati, Lalitpur",28500000.0,0,0,0,0,1,0,0,0,1,0,0,0,0,0
 House for Sale,House,"Taukhel, Lalitpur",27500000.0,0,0,0,0,1,0,0,0,0,0,0,0,0,1
 House for Sale,House,"Sundarbasti, Kathmandu",39000000.0,0,0,0,0,1,0,0,0,0,0,0,0,0,1
4 BHK House for Sale,House,"Narayanthan , Kathmandu",42500000.0,0,0,0,0,1,0,0,0,1,0,0,0,0,1
 House for Sale,House,"Katunje, Bhaktapur",34000000.0,0,0,0,0,1,0,0,0,0,0,0,0,0,1
Bungalow House for Sale,House,"Dhapasi, Kathmandu",47500000.0,1,0,0,0,1,0,0,0,0,0,0,0,0,1
 House for Sale,House,"Sundarbasti, Kathmandu",34500000.0,0,0,0,0,1,0,0,0,0,0,0,0,0,1
 House for Sale,House,"Nayapati, Kathmandu",29000000.0,0,0,0,0,1,0,0,0,0,0,0,0,0,1
 House for Rent,House,"Satdobato, Lalitpur",15000000.0,0,0,0,0,1,0,0,0,0,0,0,0,0,0
 House for Sale,House,"Nakhipot, Lalitpur",42500000.0,0,0,0,0,1,0,0,0,0,0,0,0,0,1
 House for Sale,House,"Khumaltar, Lalitpur",42000000.0,0,0,0,0,1,0,0,0,0,0,0,0,0,1
 House for Rent,House,"Basundhara, Kathmandu",27500000.0,0,0,0,0,1,0,0,0,0,0,0,0,0,0
 House for Sale,House,"Jyotinagar, Kathmandu",29500000.0,0,0,0,0,1,0,0,0,0,0,0,0,0,1
 House for Sale,House,"Kuleshwor, Kathmandu",45000000.0,0,0,0,0,1,0,0,0,0,0,0,0,0,1
4 BHK House for Rent,House,"Bansbari, Kathmandu",21000000.0,0,0,0,0,1,0,0,0,1,0,0,0,0,0
 House for Sale,House,"Khumaltar, Lalitpur",39000000.0,0,0,0,0,1,0,0,0,0,0,0,0,0,1
4 BHK House for Rent,House,"Bhaisepati, Lalitpur",27500000.0,0,0,0,0,1,0,0,0,1,0,0,0,0,0
4 BHK House for Sale,House,"Dhapasi, Kathmandu",46000000.0,0,0,0,0,1,0,0,0,1,0,0,0,0,1
 House for Sale,House,"Bhangal , Kathmandu",24000000.0,0,0,0,0,1,0,0,0,0,0,0,0,0,1
 House for Sale,House,"Mahadevtar, Kathmandu",60000000.0,0,0,0,0,1,0,0,0,0,0,0,0,0,1
 House for Sale,House,"Budhanilkantha, Kathmandu",38500000.0,0,0,0,0,1,0,0,0,0,0,0,0,0,1
 House for Sale,House,"Pasikot, Kathmandu",28000000.0,0,0,0,0,1,0,0,0,0,0,0,0,0,1
 House for Rent,House,"Bhaisepati, Lalitpur",30000000.0,0,0,0,0,1,0,0,0,0,0,0,0,0,0
 House for Sale,House,"Imadol, Lalitpur",23000000.0,0,0,0,0,1,0,0,0,0,0,0,0,0,1
 House for Sale,House,"Satdobato, Lalitpur",26000000.0,0,0,0,0,1,0,0,0,0,0,0,0,0,1
 House for Sale,House,"Budhanilkantha, Kathmandu",25500000.0,0,0,0,0,1,0,0,0,0,0,0,0,0,1
 Commercial house for Sale,House,"Banasthali, Kathmandu",50000000.0,0,0,0,0,1,0,0,0,0,0,0,0,1,1
 House for Sale,House,"Hattigaunda, Kathmandu",33000000.0,0,0,0,0,1,0,0,0,0,0,0,0,0,1
 House for Sale,House,"Phutung, Kathmandu",16000000.0,0,0,0,0,1,0,0,0,0,0,0,0,0,1
 House for Sale,House,"Gurjudhara, Kathmandu",32500000.0,0,0,0,0,1,0,0,0,0,0,0,0,0,1
Bungalow House for Sale,House,"Pasikot, Kathmandu",39000000.0,1,0,0,0,1,0,0,0,0,0,0,0,0,1
 House for Sale,House,"Balkumari, Lalitpur",55000000.0,0,0,0,0,1,0,0,0,0,0,0,0,0,1
Bungalow House for Sale,House,"Bhaisepati, Lalitpur",42500000.0,1,0,0,0,1,0,0,0,0,0,0,0,0,1
Bungalow House for Sale,House,"Sitapaila, Kathmandu",35000000.0,1,0,0,0,1,0,0,0,0,0,0,0,0,1
Bungalow House for Sale,House,"Balkhu, Kathmandu",37000000.0,1,0,0,0,1,0,0,0,0,0,0,0,0,1
 Commercial house on sale,House,"Chandol, Kathmandu",72500000.0,0,0,0,0,1,0,0,0,0,0,0,0,1,1
 House for Sale,House,"Tikathali, Lalitpur",28500000.0,0,0,0,0,1,0,0,0,0,0,0,0,0,1
 House for Sale,House,"Imadol, Lalitpur",36500000.0,0,0,0,0,1,0,0,0,0,0,0,0,0,1
 Duplex House for Sale,House,"Grande Hospital, Kathmandu",33000000.0,0,0,0,1,1,0,0,0,0,0,0,0,0,1
Bungalow House for Sale,House,"Hattigaunda, Kathmandu",62500000.0,1,0,0,0,1,0,0,0,0,0,0,0,0,1
 House for Sale,House,"Hattigaunda, Kathmandu",75000000.0,0,0,0,0,1,0,0,0,0,0,0,0,0,1
3 BHK House for Sale,House,"Imadol, Lalitpur",35000000.0,0,0,0,0,1,0,0,0,1,0,0,0,0,1
 House for Sale,House,"Gwarko, Lalitpur",23500000.0,0,0,0,0,1,0,0,0,0,0,0,0,0,1
4 BHK House for Sale,House,"Gwarko, Lalitpur",29500000.0,0,0,0,0,1,0,0,0,1,0,0,0,0,1
 House for Sale,House,"Budhanilkantha, Kathmandu",46500000.0,0,0,0,0,1,0,0,0,0,0,0,0,0,1
 House for Sale,House,"Budhanilkantha, Kathmandu",31500000.0,0,0,0,0,1,0,0,0,0,0,0,0,0,1
 House for Sale in land price,House,"Uttardhoka, Kathmandu",15000000.0,0,0,0,0,1,1,0,0,0,0,0,0,0,1
House for Sale,House,"Budhanilkantha, Kathmandu",22500000.0,0,0,0,0,1,0,0,0,0,0,0,0,0,1
 House for Sale,House,"Imadol, Lalitpur",19000000.0,0,0,0,0,1,0,0,0,0,0,0,0,0,1
4 BHK House for Sale,House,"Satdobato, Lalitpur",31000000.0,0,0,0,0,1,0,0,0,1,0,0,0,0,1
4 BHK House for Sale,House,"Bhaisepati, Lalitpur",43500000.0,0,0,0,0,1,0,0,0,1,0,0,0,0,1
 House for Sale,House,"Gwarko, Lalitpur",22000000.0,0,0,0,0,1,0,0,0,0,0,0,0,0,1
 House for Sale,House,"Sitapaila, Kathmandu",55000000.0,0,0,0,0,1,0,0,0,0,0,0,0,0,1
 House for Sale,House,"Gongabu, Kathmandu",60000000.0,0,0,0,0,1,0,0,0,0,0,0,0,0,1
 House for Sale,House,"Imadol, Lalitpur",28000000.0,0,0,0,0,1,0,0,0,0,0,0,0,0,1
 House for Sale,House,"Ochu Height, Lalitpur",27500000.0,0,0,0,0,1,0,0,0,0,0,0,0,0,1
 House for Sale,House,"Gwarko, Lalitpur",29500000.0,0,0,0,0,1,0,0,0,0,0,0,0,0,1
 House for Sale,House,"Lubhu, Lalitpur",19500000.0,0,0,0,0,1,0,0,0,0,0,0,0,0,1
 House for Sale,House,"Lalitpur, Lalitpur",27000000.0,0,0,0,0,1,0,0,0,0,0,0,0,0,1
 House for Sale,House,"Bhaisepati, Lalitpur",45000000.0,0,0,0,0,1,0,0,0,0,0,0,0,0,1
4 BHK House for Sale,House,"Dhapasi, Kathmandu",22500000.0,0,0,0,0,1,0,0,0,1,0,0,0,0,1
Bungalow House for Sale,House,"Golfutar, Kathmandu",26000000.0,1,0,0,0,1,0,0,0,0,0,0,0,0,1
House for Sale,House,"Dadhikot, Bhaktapur",33000000.0,0,0,0,0,1,0,0,0,0,0,0,0,0,1
3 BHK House for Sale,House,"Harisiddhi, Lalitpur",27000000.0,0,0,0,0,1,0,0,0,1,0,0,0,0,1
 House for Sale,House,"Imadol, Lalitpur",22500000.0,0,0,0,0,1,0,0,0,0,0,0,0,0,1
 House for Sale,House,"Mulpani, Kathmandu",16000000.0,0,0,0,0,1,0,0,0,0,0,0,0,0,1
 House for Sale,House,"Bafal, Kathmandu",47000000.0,0,0,0,0,1,0,0,0,0,0,0,0,0,1
 House for Sale,House,"Sanepa, Lalitpur",90000000.0,0,0,0,0,1,0,0,0,0,0,0,0,0,1
 House for Sale,House,"Khumaltar, Lalitpur",65000000.0,0,0,0,0,1,0,0,0,0,0,0,0,0,1
 House for Sale,House,"Sitapaila, Kathmandu",23000000.0,0,0,0,0,1,0,0,0,0,0,0,0,0,1
 House for Sale,House,"Lainchaur, Kathmandu",35000000.0,0,0,0,0,1,0,0,0,0,0,0,0,0,1
 House for Sale,House,"Greenhill City, Kathmandu",27000000.0,0,0,0,0,1,0,0,0,0,0,0,0,0,1
Villa House for Sale,House,"Sunakothi, Lalitpur",85000000.0,0,1,0,0,1,0,0,0,0,0,0,0,0,1
Villa House for Sale,House,"Hattiban, Lalitpur",70000000.0,0,1,0,0,1,0,0,0,0,0,0,0,0,1
 House for Sale,House,"Hattiban, Lalitpur",35000000.0,0,0,0,0,1,0,0,0,0,0,0,0,0,1
 Commercial House for Sale,House,"Kamalpokhari, Kathmandu",180000000.0,0,0,0,0,1,0,0,0,0,0,0,0,1,1
 Flat system house for Sale,House,"Lolang, Kathmandu",18000000.0,0,0,1,0,1,0,0,0,0,0,0,0,0,1
 House for Sale,House,"Dhapakhel, Lalitpur",25000000.0,0,0,0,0,1,0,0,0,0,0,0,0,0,1
 House for Sale,House,"Shantinagar, Kathmandu",45000000.0,0,0,0,0,1,0,0,0,0,0,0,0,0,1
Bungalow House for Sale,House,"Dakshindhoka, Kathmandu",26000000.0,1,0,0,0,1,0,0,0,0,0,0,0,0,1
 House for Sale,House,"Budhanilkantha, Kathmandu",34500000.0,0,0,0,0,1,0,0,0,0,0,0,0,0,1
 House for Sale,House,"Budhanilkantha, Kathmandu",37500000.0,0,0,0,0,1,0,0,0,0,0,0,0,0,1
 House for Sale,House,"Mhaipi, Kathmandu",42500000.0,0,0,0,0,1,0,0,0,0,0,0,0,0,1
 House for Sale,House,"Dadhikot, Bhaktapur",30000000.0,0,0,0,0,1,0,0,0,0,0,0,0,0,1
 House for Sale,House,"Mandikhatar, Kathmandu",65000000.0,0,0,0,0,1,0,0,0,0,0,0,0,0,1
 House for Sale,House,"Pasikot, Kathmandu",30000000.0,0,0,0,0,1,0,0,0,0,0,0,0,0,1
 House for Sale,House,"Lolang, Kathmandu",17500000.0,0,0,0,0,1,0,0,0,0,0,0,0,0,1
 House for Sale,House,"Satungal, Kathmandu",29500000.0,0,0,0,0,1,0,0,0,0,0,0,0,0,1
 House for Sale,House,"Dhapakhel, Lalitpur",43000000.0,0,0,0,0,1,0,0,0,0,0,0,0,0,1
 House for Sale,House,"Imadol, Lalitpur",45000000.0,0,0,0,0,1,0,0,0,0,0,0,0,0,1
 House for Sale,House,"Imadol, Lalitpur",26500000.0,0,0,0,0,1,0,0,0,0,0,0,0,0,1
Bungalow House for Sale,House,"Greenland Chowk, Kathmandu",37500000.0,1,0,0,0,1,0,0,0,0,0,0,0,0,1
Bungalow House for Sale,House,"Bhaisepati, Lalitpur",150000000.0,1,0,0,0,1,0,0,0,0,0,0,0,0,1
 Modern house for Sale,House,"Italitar, Kathmandu",105000000.0,0,0,0,0,1,0,0,0,0,0,1,0,0,1
4 BHK House for Sale,House,"Tikathali, Lalitpur",25500000.0,0,0,0,0,1,0,0,0,1,0,0,0,0,1
 House for Sale,House,"Sanagaun, Lalitpur",22500000.0,0,0,0,0,1,0,0,0,0,0,0,0,0,1
5 BHK house for Sale at Balkumari,House,"Balkumari, Lalitpur",105000000.0,0,0,0,0,1,0,0,0,1,0,0,0,0,1
4 BHK House for Sale,House,"Maharajgunj, Kathmandu",125000000.0,0,0,0,0,1,0,0,0,1,0,0,0,0,1
 House for Sale,House,"Deuwa Chowk, Kathmandu",60000000.0,0,0,0,0,1,0,0,0,0,0,0,0,0,1
 House for Sale,House,"Kageshwori, Kathmandu",16500000.0,0,0,0,0,1,0,0,0,0,0,0,0,0,1
 House for Sale,House,"Budhanilkantha, Kathmandu",33500000.0,0,0,0,0,1,0,0,0,0,0,0,0,0,1
 House for Sale in Suryadarshan Height,House,"SuryadaRs.han Height, Kathmandu",35000000.0,0,0,0,0,1,0,0,0,0,0,0,0,0,1
 House for Sale,House,"Wasik, Kathmandu",27500000.0,0,0,0,0,1,0,0,0,0,0,0,0,0,1
 House for Sale,House,"Bojepokhari, Lalitpur",22500000.0,0,0,0,0,1,0,0,0,0,0,0,0,0,1
4 BHK House for Sale,House,"Sanagaun, Lalitpur",28000000.0,0,0,0,0,1,0,0,0,1,0,0,0,0,1
 House for Sale,House,"Imadol, Lalitpur",26000000.0,0,0,0,0,1,0,0,0,0,0,0,0,0,1
4 BHK House for Sale,House,"Imadol, Lalitpur",28000000.0,0,0,0,0,1,0,0,0,1,0,0,0,0,1
 House for Sale,House,"Old Baneshwor, Kathmandu",29000000.0,0,0,0,0,1,0,0,0,0,0,0,0,0,1
4 BHK House for Sale,House,"Deuwa chowk, Kathmandu",65000000.0,0,0,0,0,1,0,0,0,1,0,0,0,0,1
 Flat system house for Sale,House,"Thamel, Kathmandu",23000000.0,0,0,1,0,1,0,0,0,0,0,0,0,0,1
Bungalow House for Sale,House,"Budhanilkantha, Kathmandu",57500000.0,1,0,0,0,1,0,0,0,0,0,0,0,0,1
 House for Sale,House,"Sitapaila, Kathmandu",50000000.0,0,0,0,0,1,0,0,0,0,0,0,0,0,1
 House for Sale in land price ,House,"Mid Baneshwor, Kathmandu",17500000.0,0,0,0,0,1,1,0,0,0,0,0,0,0,1
House on sale at Budhanilkantha ,House,"Narayanthan , Kathmandu",55000000.0,0,0,0,0,1,0,0,0,0,0,0,0,0,1
 House for Sale,House,"Hepali Height, Kathmandu",46500000.0,0,0,0,0,1,0,0,0,0,0,0,0,0,1
 House for Sale,House,"Sanepa, Lalitpur",35000000.0,0,0,0,0,1,0,0,0,0,0,0,0,0,1
 Flat system House for Sale,House,"Old Baneshwor, Kathmandu",28000000.0,0,0,1,0,1,0,0,0,0,0,0,0,0,1
 House for Sale,House,"Baluwatar, Kathmandu",76000000.0,0,0,0,0,1,0,0,0,0,0,0,0,0,1
Bungalow House for Sale,House,"Manamaiju, Kathmandu",73500000.0,1,0,0,0,1,0,0,0,0,0,0,0,0,1
Newly built house on sale ,House,"Greenhill City, Kathmandu",23000000.0,0,0,0,0,1,0,0,0,0,0,1,0,0,1
Bungalow  for Sale,House,"Budhanilkantha, Kathmandu",39000000.0,1,0,0,0,0,0,0,0,0,0,0,0,0,1
 House for Sale,House,"Sainbu, Lalitpur",35000000.0,0,0,0,0,1,0,0,0,0,0,0,0,0,1
 House for Sale,House,"Thali, Kathmandu",16000000.0,0,0,0,0,1,0,0,0,0,0,0,0,0,1
Bungalow House for Sale,House,"Balkot, Bhaktapur",28000000.0,1,0,0,0,1,0,0,0,0,0,0,0,0,1
 House for Sale,House,"Pasikot, Kathmandu",22500000.0,0,0,0,0,1,0,0,0,0,0,0,0,0,1
4 BHK House for Sale,House,"Bhaisepati, Lalitpur",29000000.0,0,0,0,0,1,0,0,0,1,0,0,0,0,1
 House for Sale,House,"Jyotinagar, Kathmandu",26500000.0,0,0,0,0,1,0,0,0,0,0,0,0,0,1
Flat system house for sale in land price at Bagdurbar,House,"Bagdurbar, Kathmandu",30000000.0,0,0,1,0,1,1,0,0,0,0,0,0,0,1
 House for Sale in Pepsicola ,House,"Pepsicola, Kathmandu",55500000.0,0,0,0,0,1,0,0,0,0,0,0,0,0,1
House for Sale in Babarmahal,House,"Bijulibajar, Kathmandu",85000000.0,0,0,0,0,1,0,0,0,0,0,0,0,0,1
 House for Sale,House,"Sundarbasti, Kathmandu",33800000.0,0,0,0,0,1,0,0,0,0,0,0,0,0,1
 House for Sale,House,"Pepsicola, Kathmandu",29000000.0,0,0,0,0,1,0,0,0,0,0,0,0,0,1
 House for Sale,House,"Harisiddhi, Lalitpur",26000000.0,0,0,0,0,1,0,0,0,0,0,0,0,0,1
 House for Sale,House,"Ghattekulo, Kathmandu",32500000.0,0,0,0,0,1,0,0,0,0,0,0,0,0,1
 House for Sale,House,"Bhangal , Kathmandu",45000000.0,0,0,0,0,1,0,0,0,0,0,0,0,0,1
4 BHK House for Sale,House,"Nakhudole, Lalitpur",15500000.0,0,0,0,0,1,0,0,0,1,0,0,0,0,1
 House for Sale,House,"Baluwakhani, Kathmandu",27500000.0,0,0,0,0,1,0,0,0,0,0,0,0,0,1
4 BHK House for Sale,House,"Lele, Lalitpur",73000000.0,0,0,0,0,1,0,0,0,1,0,0,0,0,1
4 BHK House for Sale,House,"Syuchatar, Kathmandu",25000000.0,0,0,0,0,1,0,0,0,1,0,0,0,0,1
 House for Sale,House,"Kapan, Kathmandu",32000000.0,0,0,0,0,1,0,0,0,0,0,0,0,0,1
Commercial flat system House for Sale,House,"Khusibu Town Planning, Kathmandu",39000000.0,0,0,1,0,1,0,0,0,0,0,0,0,1,1
 House for Sale,House,"Imadol, Lalitpur",60000000.0,0,0,0,0,1,0,0,0,0,0,0,0,0,1
 House for Sale,House,"Nakhipot, Lalitpur",46000000.0,0,0,0,0,1,0,0,0,0,0,0,0,0,1
 House for Sale,House,"Sitapaila, Kathmandu",49500000.0,0,0,0,0,1,0,0,0,0,0,0,0,0,1
House on sale,House,"Pasikot, Kathmandu",28000000.0,0,0,0,0,1,0,0,0,0,0,0,0,0,1
House for Sale,House,"Imadol, Lalitpur",21500000.0,0,0,0,0,1,0,0,0,0,0,0,0,0,1
4 BHK House for Sale,House,"Baluwakhani, Kathmandu",21500000.0,0,0,0,0,1,0,0,0,1,0,0,0,0,1
House for Sale,House,"Sampang Chowk, Lalitpur",38000000.0,0,0,0,0,1,0,0,0,0,0,0,0,0,1
House for Sale,House,"Balambu, Kathmandu",27500000.0,0,0,0,0,1,0,0,0,0,0,0,0,0,1
House on sale ,House,"Ganesh Chowk, Kathmandu",58000000.0,0,0,0,0,1,0,0,0,0,0,0,0,0,1
4 BHK House for Sale,House,"Makalbari, Kathmandu",27500000.0,0,0,0,0,1,0,0,0,1,0,0,0,0,1
4 BHK House for Sale,House,"Thaiba, Lalitpur",50000000.0,0,0,0,0,1,0,0,0,1,0,0,0,0,1
House for Sale,House,"Icimod, Lalitpur",39000000.0,0,0,0,0,1,0,0,0,0,0,0,0,0,1
Beautiful House for Sale,House,"Imadol, Lalitpur",42500000.0,0,0,0,0,1,0,0,0,0,0,0,0,0,1
4 BHK House for Sale,House,"Tahachal, Kathmandu",56500000.0,0,0,0,0,1,0,0,0,1,0,0,0,0,1
 House for Sale,House,"Lasuntar, Kathmandu",31000000.0,0,0,0,0,1,0,0,0,0,0,0,0,0,1
Attractive house on sale ,House,"Imadol, Lalitpur",22500000.0,0,0,0,0,1,0,0,0,0,0,0,0,0,1
4 BHK House for Sale,House,"Imadol, Lalitpur",45000000.0,0,0,0,0,1,0,0,0,1,0,0,0,0,1
5 BHK House for Sale,House,"Lubhu, Lalitpur",22000000.0,0,0,0,0,1,0,0,0,1,0,0,0,0,1
Under construction  House for Sale,House,"Thecho, Lalitpur",85000000.0,0,0,0,0,1,0,0,0,0,0,0,0,0,1
4 BHK House for Sale,House,"Nakhipot, Lalitpur",20000000.0,0,0,0,0,1,0,0,0,1,0,0,0,0,1
Beautiful House for Sale,House,"Naxal, Kathmandu",55000000.0,0,0,0,0,1,0,0,0,0,0,0,0,0,1
Villa House for Sale,House,"Dhaksi, Kathmandu",36000000.0,0,1,0,0,1,0,0,0,0,0,0,0,0,1
4 BHK House for Sale,House,"Bafal, Kathmandu",37000000.0,0,0,0,0,1,0,0,0,1,0,0,0,0,1
6 BHK House for Sale,House,"Banasthali, Kathmandu",34000000.0,0,0,0,0,1,0,0,0,1,0,0,0,0,1
4 BHK House for Sale,House,"Budhanilkantha, Kathmandu",57500000.0,0,0,0,0,1,0,0,0,1,0,0,0,0,1
Bungalow House for Sale,House,"Chundevi, Kathmandu",67500000.0,1,0,0,0,1,0,0,0,0,0,0,0,0,1
Villa House for Sale,House,"Chabahil, Kathmandu",120000000.0,0,1,0,0,1,0,0,0,0,0,0,0,0,1
6 BHK House for Sale,House,"Thankot, Kathmandu",22000000.0,0,0,0,0,1,0,0,0,1,0,0,0,0,1
5 BHK House for Sale,House,"Sampang Chowk, Lalitpur",23000000.0,0,0,0,0,1,0,0,0,1,0,0,0,0,1
Single Storey House for Sale,House,"Danchhi, Kathmandu",15000000.0,0,0,0,0,1,0,0,0,0,0,0,0,0,1
House for Sale in New Baneswor ,House,"New Baneshwor, Kathmandu",16800000.0,0,0,0,0,1,0,0,0,0,0,1,0,0,1
House on sale at Kadaghari,House,"Kadaghari, Kathmandu",17300000.0,0,0,0,0,1,0,0,0,0,0,0,0,0,1
4BHK  Bungalow for SALE ,House,"Hattigaunda, Kathmandu",77000000.0,1,0,0,0,0,0,0,0,1,0,0,0,0,1
Villa House for Sale,House,"Mahadevsthan, Kathmandu",22000000.0,0,1,0,0,1,0,0,0,0,0,0,0,0,1
5 BHK House for Sale,House,"Pasikot, Kathmandu",31000000.0,0,0,0,0,1,0,0,0,1,0,0,0,0,1
Brand new House for Sale,House,"Pasikot, Kathmandu",29900000.000000004,0,0,0,0,1,0,0,0,0,0,1,0,0,1
"Amazing Bungalow for Sale , Bhaisepati ",House,"Bhaisepati, Lalitpur",135000000.0,1,0,0,0,0,0,0,0,0,0,0,0,0,1
Beautiful House for Sale,House,"Gothatar, Kathmandu",21000000.0,0,0,0,0,1,0,0,0,0,0,0,0,0,1
2 BHK House for Sale,House,"Dharmasthali, Kathmandu",13000000.0,0,0,0,0,1,0,0,0,1,0,0,0,0,1
House for Sale,House,"Dulal Gaun, Kathmandu",18500000.0,0,0,0,0,1,0,0,0,0,0,0,0,0,1
Single storied House for Sale,House,"Narayanthan , Kathmandu",17000000.0,0,0,0,0,1,0,0,0,0,0,0,0,0,1
2 BHK House for Sale,House,"Kalanki, Kathmandu",60000000.0,0,0,0,0,1,0,0,0,1,0,0,0,0,1
"House on sale at Dhalmal, Tokha",House,"Dhalmal, Kathmandu",26500000.0,0,0,0,0,1,0,0,0,0,0,0,0,0,1
Bungalow House for Sale,House,"Imadol, Lalitpur",19500000.0,1,0,0,0,1,0,0,0,0,0,0,0,0,1
House for Sale,House,"Sainbu, Lalitpur",85000000.0,0,0,0,0,1,0,0,0,0,0,0,0,0,1
Commercial House for Sale,House,"Saraswotinagar, Kathmandu",23000000.0,0,0,0,0,1,0,0,0,0,0,0,0,1,1
 House for Sale in Land price ,House,"Mid Baneshwor, Kathmandu",104000000.0,0,0,0,0,1,1,0,0,0,0,0,0,0,1
5 BHK House for Sale,House,"Thecho, Lalitpur",32500000.0,0,0,0,0,1,0,0,0,1,0,0,0,0,1
4 BHK House for Sale,House,"Thecho, Lalitpur",26000000.0,0,0,0,0,1,0,0,0,1,0,0,0,0,1
"House on sale near Kist Hospital, Imadol",House,"Imadol, Lalitpur",29500000.0,0,0,0,0,1,0,0,0,0,0,0,0,0,1
House for Sale,House, Lalitpur,19000000.0,0,0,0,0,1,0,0,0,0,0,0,0,0,1
"House for sale at Baluwatar, Kathmandu",House,"Baluwatar, Kathmandu",68000000.0,0,0,0,0,1,0,0,0,0,0,0,0,0,1
House for Sale,House,"Dhapasi, Kathmandu",15500000.0,0,0,0,0,1,0,0,0,0,0,0,0,0,1
Duplex House for Sale,House,"Tikathali, Lalitpur",22000000.0,0,0,0,1,1,0,0,0,0,0,0,0,0,1
"5 BHK house on sale at Gamcha, Bhaktapur",House,"Gamcha, Bhaktapur",43000000.0,0,0,0,0,1,0,0,0,1,0,0,0,0,1
6 BHK residential house for sale in Budhanilkantha,House,"Budhanilkantha, Kathmandu",34500000.0,0,0,0,0,1,0,0,0,1,0,0,0,0,1
"House on sale at Hattidanda, Kageshwori",House,"Hattidanda, Kathmandu",25000000.0,0,0,0,0,1,0,0,0,0,0,0,0,0,1
Residential house on sale at Sainbu ,House,"Sainbu, Lalitpur",36500000.0,0,0,0,0,1,0,0,0,0,0,0,0,0,1
5 BHK house on sale at Golfutar,House,"Golfutar, Kathmandu",54900000.0,0,0,0,0,1,0,0,0,1,0,0,0,0,1
"Attractive house on sale at Dhapasi, Tokha",House,"Dhapasi, Kathmandu",75000000.0,0,0,0,0,1,0,0,0,0,0,0,0,0,1
"House for sale in Chhauni, Kathmandu",House,"Chhauni, Kathmandu",37000000.0,0,0,0,0,1,0,0,0,0,0,0,0,0,1
"Beautiful house for sale in Dhapakhel, Lalitpur",House,"Dhapakhel, Lalitpur",38000000.0,0,0,0,0,1,0,0,0,0,0,0,0,0,1
House on sale at Mid Baneshwor,House,"Mid Baneshwor, Kathmandu",67500000.0,0,0,0,0,1,0,0,0,0,0,0,0,0,1
"Beautiful house on sale at Cozy Homes, Lalitpur",House,"Lalitpur, Lalitpur",31000000.0,0,0,0,0,1,0,0,0,0,0,0,0,0,1
"House on Sale at Gatthaghar, Bhaktapur-built on 2075 BS",House,"Gatthaghar, Bhaktapur",40000000.0,0,0,0,0,1,0,0,0,0,0,0,0,0,1
"Attractive house on sale at Hepali Height, Budhanilkantha",House,"Hepali Height, Kathmandu",55000000.0,0,0,0,0,1,0,0,0,0,0,0,0,0,1
"Beautiful house for sale near Karuna Hospital, Kapan",House,"Kapan, Kathmandu",31000000.0,0,0,0,0,1,0,0,0,0,0,0,0,0,1
"Flat system house on sale at Thulo Bharyang, Gairigaun",House,"Thulobharyang, Kathmandu",22000000.0,0,0,1,0,1,0,0,0,0,0,0,0,0,1
"House for sale at Shanti Chowk, Nakhipot",House,"Nakhipot, Lalitpur",33000000.0,0,0,0,0,1,0,0,0,0,0,0,0,0,1
"House on sale at Shanti Chowk, Nakhipot",House,"Nakhipot, Lalitpur",29000000.0,0,0,0,0,1,0,0,0,0,0,0,0,0,1
House on sale in Satdobato,House,"Satdobato, Lalitpur",52500000.0,0,0,0,0,1,0,0,0,0,0,0,0,0,1
"Beautiful 6 bhk house on sale at Imadol, Lalitpur",House,"Imadol, Lalitpur",39900000.0,0,0,0,0,1,0,0,0,1,0,0,0,0,1
"Beautiful house for sale in Hattiban, Lalitpur",House,"Hattiban, Lalitpur",55000000.0,0,0,0,0,1,0,0,0,0,0,0,0,0,1
"Duplex house on sale at Imadol, Lalitpur",House,"Imadol, Lalitpur",27500000.0,0,0,0,1,1,0,0,0,0,0,0,0,0,1
"House on sale at Nayabasti, Boudha",House,"Naya Basti, Kathmandu",35000000.0,0,0,0,0,1,0,0,0,0,0,0,0,0,1
Flat system house for sale in Basundhara,House,"Basundhara, Kathmandu",38000000.0,0,0,1,0,1,0,0,0,0,0,0,0,0,1
House on sale at Bharatpur,House,"Bharatpur, Chitwan",20000000.0,0,0,0,0,1,0,0,0,0,0,0,0,0,1
Residential house for sale in Sukedhara,House,"Sukedhara, Kathmandu",38500000.0,0,0,0,0,1,0,0,0,0,0,0,0,0,1
"House for sale in Kapan, Budhanilkantha",House,"Kapan, Kathmandu",25000000.0,0,0,0,0,1,0,0,0,0,0,0,0,0,1
"Beautiful house on sale at Aakasedhara, Budhanilkantha",House,"Aakasedhara, Kathmandu",28000000.0,0,0,0,0,1,0,0,0,0,0,0,0,0,1
"Beautiful house on sale at Aadeshwor, Sitapaila",House,"Nagarjun, Kathmandu",40000000.0,0,0,0,0,1,0,0,0,0,0,0,0,0,1
Attractive villa on sale at Mandikhatar,House,"Mandikhatar, Kathmandu",27500000.0,0,1,0,0,0,0,0,0,0,0,0,0,0,1
"House on sale at Grande Villa, Tokha",House,"Grande Villa, Kathmandu",32500000.0,0,1,0,0,1,0,0,0,0,0,0,1,0,1
"House for sale in Matatirtha, Nagsthan",House,"Matatirtha, Kathmandu",12000000.0,0,0,0,0,1,0,0,0,0,0,0,0,0,1
House for sale in Tokha Kathmandu,House,"Grande Hospital, Kathmandu",19000000.0,0,0,0,0,1,0,0,0,0,0,0,0,0,1
"Villa on sale at Bhaisepati, Lalitpur",House,"Bhaisepati, Lalitpur",100000000.0,0,1,0,0,0,0,0,0,0,0,0,0,0,1
"Bungalow on sale at Ishan Colony, Budhanilkantha",House,"Budhanilkantha, Kathmandu",55000000.0,1,0,0,0,0,0,0,0,0,0,0,0,0,1
"House on sale in Lambagar, Tarkeshwor",House,"Lambagar, Kathmandu",16000000.0,0,0,0,0,1,0,0,0,0,0,0,0,0,1
"House on sale at Swargadwari Colony, Budhanilkantha",House,"Budhanilkantha, Kathmandu",24500000.0,0,0,0,0,1,0,0,0,0,0,0,0,0,1
"Residential house on sale at Satungal, Chandragiri",House,"Satungal, Kathmandu",21000000.0,0,0,0,0,1,0,0,0,0,0,0,0,0,1
"House on sale at Kapan, Budhanilkantha ",House,"Kapan, Kathmandu",39000000.0,0,0,0,0,1,0,0,0,0,0,0,0,0,1
"Modern House on Sale at Bhaisepati, Lalitpur",House,"Bhaisepati, Lalitpur",45000000.0,0,0,0,0,1,0,0,0,0,0,1,0,0,1
Beautiful house on sale at Kupondole,House,"Kupandole, Lalitpur",100000000.0,0,0,0,0,1,0,0,0,0,0,0,0,0,1
"House for sale in Kapan, Ekatabasti",House,"Ekatabasti, Kathmandu",31000000.0,0,0,0,0,1,0,0,0,0,0,0,0,0,1
House on sale at Handigaun,House,"Handigaun, Kathmandu",160000000.0,0,0,0,0,1,0,0,0,0,0,0,0,0,1
"House for sale at Adeshwor Height, Nagarjun",House,"Sitapaila, Kathmandu",23500000.0,0,0,0,0,1,0,0,0,0,0,0,0,0,1
"House for sale in Bindhyabasini, Pokhara",House,"Pokhara, Kaski",20000000.0,0,0,0,0,1,0,0,0,0,0,0,0,0,1
"House on sale behind Namaste Petrol Pump, Balkumari",House,"Balkumari, Lalitpur",47000000.0,0,0,0,0,1,0,0,0,0,0,0,0,0,1
"Residential house for sale near Birendra Chowk, Kadaghari",House,"Birendra Chowk, Kathmandu",30500000.0,0,0,0,0,1,0,0,0,0,0,0,0,0,1
"Residential house on sale at Dhaneshwor, Tokha",House,"Dhaneshwor, Kathmandu",20000000.0,0,0,0,0,1,0,0,0,0,0,0,0,0,1
Residential house for sale at Kausaltar,House,"Kaushaltar, Bhaktapur",30000000.0,0,0,0,0,1,0,0,0,0,0,0,0,0,1
"House for sale near Buddha Party Palace, Imadol",House,"Imadol, Lalitpur",28000000.0,0,0,0,0,1,0,0,0,0,0,0,0,0,1
"House for sale in Nakkhu, Lalitpur",House,"Nakkhu, Lalitpur",36000000.0,0,0,0,0,1,0,0,0,0,0,0,0,0,1
House for Sale in Pokhara,House,"Lakeside, Kaski",85000000.0,0,0,0,0,1,0,0,0,0,0,0,0,0,1
"Attractive house for sale at Pasikot, Budhanilkantha",House,"Pasikot, Kathmandu",28500000.0,0,0,0,0,1,0,0,0,0,0,0,0,0,1
Semi Commercial house for sale at Imadol,House,"Imadol, Lalitpur",25000000.0,0,0,0,0,1,0,0,0,0,0,0,0,1,1
"House on sale at Tundaldevi, Baluwatar",House,"Tundaldevi, Kathmandu",75000000.0,0,0,0,0,1,0,0,0,0,0,0,0,0,1
Modern house for sale in Pokhara,House,"Pokhara, Kaski",37500000.0,0,0,0,0,1,0,0,0,0,0,1,0,0,1
"House for sale at Prithvi Highway, Gajuri",House,"Gajuri, Dhading",17800000.0,0,0,0,0,1,0,0,0,0,0,0,0,0,1
"House on sale at Gairigaun, Thulobharyang",House,"Gairi Gaun, Kathmandu",22000000.0,0,0,0,0,1,0,0,0,0,0,0,0,0,1
Semi Commercial house for sale in Shankhamul,House,"Shankhamul, Kathmandu",45000000.0,0,0,0,0,1,0,0,0,0,0,0,0,1,1
"House on sale at Dhalmal Chowk, Tokha",House,"Dhalmal, Kathmandu",22000000.0,0,0,0,0,1,0,0,0,0,0,0,0,0,1
"House on sale at Sanagaun, Imadol",House,"Sanagaun, Lalitpur",19000000.0,0,0,0,0,1,0,0,0,0,0,0,0,0,1
"House on sale at Gurjudhara, Chandragiri",House,"Gurjudhara, Kathmandu",30000000.0,0,0,0,0,1,0,0,0,0,0,0,0,0,1
"Beautiful house for sale in Bansbari, Dakshinkali",House,"Bansbari, Kathmandu",10000000.0,0,0,0,0,1,0,0,0,0,0,0,0,0,1
"House for sale near Samiti Bhawan, Hattiban",House,"Hattiban, Lalitpur",20000000.0,0,0,0,0,1,0,0,0,0,0,0,0,0,1
"Attractive house on sale at Aarubari, Gokarneshwor",House,"Aarubari, Kathmandu",35000000.0,0,0,0,0,1,0,0,0,0,0,0,0,0,1
"Residential house for sale on Imadol, Lalitpur",House,"Imadol, Lalitpur",24000000.0,0,0,0,0,1,0,0,0,0,0,0,0,0,1
"Residential house on sale at Tokha, Kathmandu",House,"Tokha, Kathmandu",26500000.0,0,0,0,0,1,0,0,0,0,0,0,0,0,1
Residential house is on sale at Budhanilkantha,House,"Budhanilkantha, Kathmandu",30000000.0,0,0,0,0,1,0,0,0,0,0,0,0,0,1
Brand new semi Bungalow for sale in Imadol,House,"Imadol, Lalitpur",26000000.0,1,0,0,0,0,0,0,0,0,0,1,0,0,1
"Flat system house on sale at Ghattekulo, Kathmandu",House,"Ghattekulo, Kathmandu",37500000.0,0,0,1,0,1,0,0,0,0,0,0,0,0,1
"House for sale in Bhangal, Budanilakantha ",House,"Bhangal , Kathmandu",40000000.0,0,0,0,0,1,0,0,0,0,0,0,0,0,1
"House on sale at Gairidhara, Lazimpat",House,"Lazimpat, Kathmandu",40000000.0,0,0,0,0,1,0,0,0,0,0,0,0,0,1
"House on urgent sale at Rudreshwor, Budhanilkantha",House,"Rudreshwor, Kathmandu",35000000.0,0,0,0,0,1,0,0,0,0,0,0,0,0,1
"Beautiful house on Sale at Matatirtha, Chandragiri",House,"Matatirtha, Kathmandu",29000000.0,0,0,0,0,1,0,0,0,0,0,0,0,0,1
"House for sale in Tarkeshwor 6, Dharmasthali",House,"Dharmasthali, Kathmandu",13000000.0,0,0,0,0,1,0,0,0,0,0,0,0,0,1
"House for Sale in Ganeshthan, Gongabu ",House,"Gongabu, Kathmandu",35000000.0,0,0,0,0,1,0,0,0,0,0,0,0,0,1
"House on sale at Kapan, Budhanilkatha",House,"Kapan, Kathmandu",35500000.0,0,0,0,0,1,0,0,0,0,0,0,0,0,1
"Bungalow for sale in Dhapasi, Tokha",House,"Dhapasi, Kathmandu",115000000.0,1,0,0,0,0,0,0,0,0,0,0,0,0,1
"Beautiful house for sale at Hattiban, Lalitpur",House,"Hattiban, Lalitpur",55000000.0,0,0,0,0,1,0,0,0,0,0,0,0,0,1
"House on sale at Naxal, Kathmandu",House,"Naxal, Kathmandu",140000000.0,0,0,0,0,1,0,0,0,0,0,0,0,0,1
"Residential House on sale at Lalitpur, Imadol",House,"Imadol, Lalitpur",36000000.0,0,0,0,0,1,0,0,0,0,0,0,0,0,1
"Residential house on sale at Goldhunga, Tarakeshwor",House,"Goldhunga, Kathmandu",12000000.0,0,0,0,0,1,0,0,0,0,0,0,0,0,1
"House on sale at Sundarbasti, Lubhu",House,"Lubhu, Lalitpur",17000000.0,0,0,0,0,1,0,0,0,0,0,0,0,0,1
"House on sale at Thaiba, Godawari",House,"Thaiba, Lalitpur",28500000.0,0,0,0,0,1,0,0,0,0,0,0,0,0,1
Bungalow for sale,House,"Hattiban, Lalitpur",65000000.0,1,0,0,0,0,0,0,0,0,0,0,0,0,1
4 BHK Semi Furnished house for sale in Bhaisepati,House,"Bhaisepati, Lalitpur",59000000.0,0,0,0,0,1,0,0,0,1,1,0,0,0,1
Newly built house for sale in Budhanilkantha,House,"Budhanilkantha, Kathmandu",36500000.0,0,0,0,0,1,0,0,0,0,0,1,0,0,1
"Brand new house for sale in Nayabazar, Kirtipur",House,"Nayabazar, Kathmandu",27500000.0,0,0,0,0,1,0,0,0,0,0,1,0,0,1
"House on sale at Chardhara, Kirtipur",House,"Chardhara, Kathmandu",16000000.0,0,0,0,0,1,0,0,0,0,0,0,0,0,1
"House on sale at Nagaun, Kirtipur",House,"Nagaun, Kathmandu",25000000.0,0,0,0,0,1,0,0,0,0,0,0,0,0,1
"House on sale in Sankata Homes, Nagarjun",House,"Nagarjun, Kathmandu",38700000.0,0,0,0,0,1,0,0,0,0,0,0,0,0,1
"Newly built house on sale in Shree Tole, Tokha",House,"Tokha, Kathmandu",45000000.0,0,0,0,0,1,0,0,0,0,0,1,0,0,1
House on sale in Mulpani,House,"Mulpani, Kathmandu",24500000.0,0,0,0,0,1,0,0,0,0,0,0,0,0,1
"Modern House for sale at Hattigauda, Budhanilkantha",House,"Hattigaunda, Kathmandu",30000000.0,0,0,0,0,1,0,0,0,0,0,1,0,0,1
"Residential house on sale at Kalopul, Kathmandu",House,"Kalopool, Kathmandu",22000000.0,0,0,0,0,1,0,0,0,0,0,0,0,0,1
"Attractive house on sale at Sitapaila, Nagarjun",House,"Sitapaila, Kathmandu",26500000.0,0,0,0,0,1,0,0,0,0,0,0,0,0,1
Brand new house for sale in Kapan,House,"Kapan, Kathmandu",16500000.0,0,0,0,0,1,0,0,0,0,0,1,0,0,1
"Beautiful 7 bhk house on sale at Bhaisepati, Lalitpur",House,"Bhaisepati, Lalitpur",36000000.0,0,0,0,0,1,0,0,0,1,0,0,0,0,1
"Residential house for sale at Pasikot, Budhanilkantha",House,"Pasikot, Kathmandu",23000000.0,0,0,0,0,1,0,0,0,0,0,0,0,0,1
"Residential house for sale at Kapan, Chunikhel",House,"Chunikhel, Kathmandu",16000000.0,0,0,0,0,1,0,0,0,0,0,0,0,0,1
"Beautiful house on sale at Naikap, Chandragiri",House,"Naikap, Kathmandu",47500000.0,0,0,0,0,1,0,0,0,0,0,0,0,0,1
"House on sale at Thulobharyang, Nagarjun",House,"Thulobharyang, Kathmandu",29000000.0,0,0,0,0,1,0,0,0,0,0,0,0,0,1
"Residential house for sale in Khusibu, Kathmandu",House,"Khusibu, Kathmandu",34000000.0,0,0,0,0,1,0,0,0,0,0,0,0,0,1
"2.5 Story Beautiful House Behind GreenHill CIty VIP Housing in Narayantar, Shiva Chowk on Sale",House,"Narayantar, Kathmandu",24500000.0,0,0,0,0,1,0,0,0,0,0,0,0,0,1
"Attractive houses on sale at Thulo Bharyang, Swoyambhu",House,"Thulobharyang, Kathmandu",140000000.0,0,0,0,0,1,0,0,0,0,0,0,0,0,1
"House on sale at Italitar, Budhanilkantha",House,"Italitar, Kathmandu",100000000.0,0,0,0,0,1,0,0,0,0,0,0,0,0,1
"House on sale at Bafal, Nagarjun",House,"Bafal, Kathmandu",37500000.0,0,0,0,0,1,0,0,0,0,0,0,0,0,1
Furnished house for sale in Khumaltar,House,"Khumaltar, Lalitpur",42500000.0,0,0,0,0,1,0,0,0,0,1,0,0,0,1
"House on sale at Nayabasti, Imadol ",House,"Imadol, Lalitpur",21500000.0,0,0,0,0,1,0,0,0,0,0,0,0,0,1
"Attractive 5 BHK house for sale at Imadol, Lalitpur",House,"Imadol, Lalitpur",37500000.0,0,0,0,0,1,0,0,0,1,0,0,0,0,1
"Residential 7 BHK house on sale at Imadol, Lalitpur",House,"Gwarko, Lalitpur",47500000.0,0,0,0,0,1,0,0,0,1,0,0,0,0,1
"Beautiful house on sale at Kamalpokhari, Imadol",House,"Imadol, Lalitpur",23500000.0,0,0,0,0,1,0,0,0,0,0,0,0,0,1
Semi Commercial house for sale in Koteshwor,House,"Koteshwor, Kathmandu",47000000.0,0,0,0,0,1,0,0,0,0,0,0,0,1,1
"Residential house on sale at Bafal, Kathmandu",House,"Bafal, Kathmandu",90000000.0,0,0,0,0,1,0,0,0,0,0,0,0,0,1
"Residential house on sale at Nepaltar, Tarakeshwor",House,"Nepaltar, Kathmandu",22400000.000000004,0,0,0,0,1,0,0,0,0,0,0,0,0,1
Beautiful house on sale at Kapan,House,"Kapan, Kathmandu",26500000.0,0,0,0,0,1,0,0,0,0,0,0,0,0,1
"House for sale near API School, Dhapasi",House,"Dhapasi, Kathmandu",39900000.0,0,0,0,0,1,0,0,0,0,0,0,0,0,1
Newly constructed house on sale at Kuleshwor,House,"Kuleshwor, Kathmandu",33500000.0,0,0,0,0,1,0,0,0,0,0,1,0,0,1
"Brand new House on sale at Sano Thimi, Bhaktapur",House,"Sano thimi, Bhaktapur",49000000.0,0,0,0,0,1,0,0,0,0,0,1,0,0,1
Residential house for sale in Makalbari,House,"Makalbari, Kathmandu",37000000.0,0,0,0,0,1,0,0,0,0,0,0,0,0,1
"Attractive 5 bhk house on sale at Imadol, Lalitpur",House,"Imadol, Lalitpur",27500000.0,0,0,0,0,1,0,0,0,1,0,0,0,0,1
Modern Villa for sale in Bhaisepati,House,"Bhaisepati, Lalitpur",64000000.0,0,1,0,0,0,0,0,0,0,0,1,0,0,1
"House on sale at Durbarmarg, Kathmandu",House,"Durbar Marga, Kathmandu",40000000.0,0,0,0,0,1,0,0,0,0,0,0,0,0,1
"House on sale at Taulung, Budhanilkantha",House,"Taulung, Kathmandu",40000000.0,0,0,0,0,1,0,0,0,0,0,0,0,0,1
"Residential house on sale at Phutung, Tarakeshwor",House,"Phutung, Kathmandu",29900000.000000004,0,0,0,0,1,0,0,0,0,0,0,0,0,1
Newly built house on sale at Budhanilkantha,House,"Budhanilkantha, Kathmandu",38500000.0,0,0,0,0,1,0,0,0,0,0,1,0,0,1
Residential house for sale in Duwakot,House,"Duwakot, Bhaktapur",32500000.0,0,0,0,0,1,0,0,0,0,0,0,0,0,1
"Semi furnished house for sale in Narayantar, Jorpati",House,"Narayantar, Kathmandu",37500000.0,0,0,0,0,1,0,0,0,0,1,0,0,0,1
Flat system house for sale in Imadol,House,"Imadol, Lalitpur",25000000.0,0,0,1,0,1,0,0,0,0,0,0,0,0,1
"Residential house on sale at near Sesmati Bridge, Nepaltar",House,"Nepaltar, Kathmandu",19600000.0,0,0,0,0,1,0,0,0,0,0,0,0,0,1
Luxurious cheapest bungalow for sale at Jarankhu,House,"Jarankhu, Kathmandu",28400000.0,1,0,0,0,0,0,0,0,0,0,0,1,0,1
"Beautiful house on sale at Sesmati, Nepaltar",House,"Nepaltar, Kathmandu",16200000.000000002,0,0,0,0,1,0,0,0,0,0,0,0,0,1
"Beautiful house on sale at Maitrinagar, Kirtipur",House,"Maitrinagar, Kathmandu",55000000.0,0,0,0,0,1,0,0,0,0,0,0,0,0,1
"Attractive bungalow on sale at Thimi, Bhaktapur ",House,"Thimi, Bhaktapur",50000000.0,1,0,0,0,0,0,0,0,0,0,0,0,0,1
Attractive house for sale in Imadol,House,"Imadol, Lalitpur",33000000.0,0,0,0,0,1,0,0,0,0,0,0,0,0,1
"Residential house for sale at Bhangal, Budhanilkantha",House,"Bhangal , Kathmandu",27500000.0,0,0,0,0,1,0,0,0,0,0,0,0,0,1
"Bungalow house for sale in Kharibot, Kapan",House,"Kharibot, Kathmandu",42500000.0,1,0,0,0,1,0,0,0,0,0,0,0,0,1
"House for sale in Dharmasthali, Tarakeshwor",House,"Dharmasthali, Kathmandu",21000000.0,0,0,0,0,1,0,0,0,0,0,0,0,0,1
"4 BHK house on sale at Shital Height, Imadol",House,"Imadol, Lalitpur",23000000.0,0,0,0,0,1,0,0,0,1,0,0,0,0,1
"5 BHK house for sale at Imadol, Lalitpur",House,"Imadol, Lalitpur",42500000.0,0,0,0,0,1,0,0,0,1,0,0,0,0,1
"Attractive house for sale at Setipakha, Hattiban",House,"Setipakha, Lalitpur",26500000.0,0,0,0,0,1,0,0,0,0,0,0,0,0,1
"Residential 4bhk house for sale at Bhaisepati, Lalitpur",House,"Bhaisepati, Lalitpur",70000000.0,0,0,0,0,1,0,0,0,1,0,0,0,0,1
House and land for sale in Nuwakot,House, Nuwakot,20000000.0,0,0,0,0,1,1,0,0,0,0,0,0,0,1
"Residential house on sale at Kapan, Budhanilkantha",House,"Kapan, Kathmandu",24000000.0,0,0,0,0,1,0,0,0,0,0,0,0,0,1
"Residential house on sale at Ochu Height, Imadol",House,"Ochu Height, Lalitpur",41000000.0,0,0,0,0,1,0,0,0,0,0,0,0,0,1
"Attractive house on sale at Thapathali, Kathmandu",House,"Thapathali, Kathmandu",44500000.0,0,0,0,0,1,0,0,0,0,0,0,0,0,1
"Beautiful house on sale at Kharibot, Kapan",House,"Kharibot, Kathmandu",45000000.0,0,0,0,0,1,0,0,0,0,0,0,0,0,1
"Residential house on sale at Manamaiju, Kathmandu",House,"Manamaiju, Kathmandu",27500000.0,0,0,0,0,1,0,0,0,0,0,0,0,0,1
"Beautiful house on sale at Downtown Housing, Imadol ",House,"Imadol, Lalitpur",45000000.0,0,0,0,0,1,0,0,0,0,0,0,0,0,1
"Attractive house on sale at Bagaicha Colony, Budhanilkantha",House,"Budhanilkantha, Kathmandu",68000000.0,0,0,0,0,1,0,0,0,0,0,0,0,0,1
"Newly built residential house on sale at Jyotinagar, Budhanilkantha",House,"Jyotinagar, Kathmandu",46500000.0,0,0,0,0,1,0,0,0,0,0,1,0,0,1
"House on sale at Hattigauda, Budhanilkantha",House,"Hattigaunda, Kathmandu",34500000.0,0,0,0,0,1,0,0,0,0,0,0,0,0,1
"House on sale at Pokhara Hemja, Kaski",House,"Hemja, Kaski",21000000.0,0,0,0,0,1,0,0,0,0,0,0,0,0,1
"House on sale at Basundhara, Kathmandu",House,"Basundhara, Kathmandu",42000000.0,0,0,0,0,1,0,0,0,0,0,0,0,0,1
"Beautiful 4 bhk house on sale at Imadol, Lalitpur",House,"Imadol, Lalitpur",43000000.0,0,0,0,0,1,0,0,0,1,0,0,0,0,1
"Beautiful house on sale near Krishna Mandir, Imadol",House,"Imadol, Lalitpur",25500000.0,0,0,0,0,1,0,0,0,0,0,0,0,0,1
"5 BHK house on sale at Greenhill City, Imadol",House,"Imadol, Lalitpur",27500000.0,0,0,0,0,1,0,0,0,1,0,0,0,0,1
"Attarctive house on sale at Harisiddhi, Lalitpur",House,"Harisiddhi, Lalitpur",27000000.0,0,0,0,0,1,0,0,0,0,0,0,0,0,1
"Residential house on sale at Thaiba, Lalitpur",House,"Thaiba, Lalitpur",24000000.0,0,0,0,0,1,0,0,0,0,0,0,0,0,1
"Beautiful house on sale at Grande, Dhapasi",House,"Dhapasi, Kathmandu",29000000.0,0,0,0,0,1,0,0,0,0,0,0,1,0,1
"Attractive house on sale at Chandol, Kathmadu",House,"Chandol, Kathmandu",36000000.0,0,0,0,0,1,0,0,0,0,0,0,0,0,1
"Beautiful house on sale at Tyanglaphat, Kirtipur",House,"Tyanglafat, Kathmandu",57000000.0,0,0,0,0,1,0,0,0,0,0,0,0,0,1
"Newly Built House for Sale at Ganesh Chowk, Budhanilkantha ",House,"Ganesh Chowk, Kathmandu",41700000.0,0,0,0,0,1,0,0,0,0,0,1,0,0,1
"Attractive house on sale at Mandikhatar, Budhanilkantha",House,"Budhanilkantha, Kathmandu",29900000.000000004,0,0,0,0,1,0,0,0,0,0,0,0,0,1
"House on urgent sale at Imadol, Lalitpur",House,"Imadol, Lalitpur",20000000.0,0,0,0,0,1,0,0,0,0,0,0,0,0,1
"Beautiful house on sale at Grande Villa Housing,Tokha ",House,"Grande Hospital, Kathmandu",33000000.0,0,1,0,0,1,0,0,0,0,0,0,1,0,1
"Beautiful 6 bhk house for sale at Nakhipot, Lalitpur",House,"Nakhipot, Lalitpur",39000000.0,0,0,0,0,1,0,0,0,1,0,0,0,0,1
"House for sale at Setipakha, Lalitpur",House,"Setipakha, Lalitpur",26500000.0,0,0,0,0,1,0,0,0,0,0,0,0,0,1
House on sale or rent at Budhanilkantha ,House,"Budhanilkantha, Kathmandu",55000000.0,0,0,0,0,1,0,0,0,0,0,0,0,0,1
"8 BHK attractive house on sale at Sanagaun, Lalitpur",House,"Sanagaun, Lalitpur",33500000.0,0,0,0,0,1,0,0,0,1,0,0,0,0,1
1 BHK residential house on sale at Imadol,House,"Imadol, Lalitpur",14000000.0,0,0,0,0,1,0,0,0,1,0,0,0,0,1
"House on sale at Krishna Mandir, Imadol",House,"Tikathali, Lalitpur",25500000.0,0,0,0,0,1,0,0,0,0,0,0,0,0,1
"Residential house for sale near Krishna Mandir, Imadol",House,"Imadol, Lalitpur",32500000.0,0,0,0,0,1,0,0,0,0,0,0,0,0,1
"Beautiful house on sale at Padma Colony, Sitapaila ",House,"Sitapaila, Kathmandu",22500000.0,0,0,0,0,1,0,0,0,0,0,0,0,0,1
7 BHK attractive house on sale at Tikathali ,House,"Tikathali, Lalitpur",23000000.0,0,0,0,0,1,0,0,0,1,0,0,0,0,1
"Beautiful house on sale at Pasikot, Budhanilkantha",House,"Pasikot, Kathmandu",35000000.0,0,0,0,0,1,0,0,0,0,0,0,0,0,1
"Residential house for sale at Imadol, Lalitpur",House,"Imadol, Lalitpur",26500000.0,0,0,0,0,1,0,0,0,0,0,0,0,0,1
"Attractive house on sale at Sanagaun, Lalitpur",House,"Sanagaun, Lalitpur",29500000.0,0,0,0,0,1,0,0,0,0,0,0,0,0,1
"2 BHK house for sale at Tikathali, Imadol",House,"Tikathali, Lalitpur",16000000.0,0,0,0,0,1,0,0,0,1,0,0,0,0,1
"Residential house for sale in Chapali, Budhanilkantha",House,"Chapali, Kathmandu",27000000.0,0,0,0,0,1,0,0,0,0,0,0,0,0,1
"Attractive house on sale at Tikathali, Imadol",House,"Tikathali, Lalitpur",23000000.0,0,0,0,0,1,0,0,0,0,0,0,0,0,1
"Attractive house on sale at Sundarbasti, Budhanilkantha",House,"Sundarbasti, Kathmandu",38800000.0,0,0,0,0,1,0,0,0,0,0,0,0,0,1
"Beautiful house for sale at Mandhkhatar, Budhanilkantha",House,"Mandikhatar, Kathmandu",39800000.0,0,0,0,0,1,0,0,0,0,0,0,0,0,1
5 BHK house for sale at Budhanilkantha,House,"Budhanilkantha, Kathmandu",43500000.0,0,0,0,0,1,0,0,0,1,0,0,0,0,1
"House for sale at Syuchatar, Kalanki",House,"Syuchatar, Kathmandu",23000000.0,0,0,0,0,1,0,0,0,0,0,0,0,0,1
"Residential house on sale at Syuchatar, Kalanki",House,"Kalanki, Kathmandu",23000000.0,0,0,0,0,1,0,0,0,0,0,0,0,0,1
Beautiful Residential house on sale in Pepsicola,House,"Pepsicola, Kathmandu",34000000.0,0,0,0,0,1,0,0,0,0,0,0,0,0,1
"House on sale at Satungal, Chandragiri",House,"Satungal, Kathmandu",15000000.0,0,0,0,0,1,0,0,0,0,0,0,0,0,1
"House on sale at Ghumti Marg, Bhimsengola, Old Baneshwor, Kathmandu",House,"Baneshwor, Kathmandu",38000000.0,0,0,0,0,1,0,0,0,0,0,0,0,0,1
"Beautiful house for sale at Kapan, Budhanilkantha",House,"Kapan, Kathmandu",35000000.0,0,0,0,0,1,0,0,0,0,0,0,0,0,1
"Brand new house on sale at Mandikhatar, Budhanilkantha",House,"Mandikhatar, Kathmandu",37500000.0,0,0,0,0,1,0,0,0,0,0,1,0,0,1
"Residential house for sale at Tikathali, Imadol",House,"Tikathali, Lalitpur",42500000.0,0,0,0,0,1,0,0,0,0,0,0,0,0,1
"Beautiful house for sale at Sital Height, Imadol",House,"Imadol, Lalitpur",34500000.0,0,0,0,0,1,0,0,0,0,0,0,0,0,1
"House for sale at Sital Height, Imadol",House,"Imadol, Lalitpur",26500000.0,0,0,0,0,1,0,0,0,0,0,0,0,0,1
"Attractive house on sale at Sital Height, Imadol",House,"Imadol, Lalitpur",31500000.0,0,0,0,0,1,0,0,0,0,0,0,0,0,1
"Beautiful house on sale at Tikathali, Mahalaxmi",House,"Tikathali, Lalitpur",37500000.0,0,0,0,0,1,0,0,0,0,0,0,0,0,1
"Residential house for sale at Kantipur Colony, Nakhipot",House,"Nakhipot, Lalitpur",27000000.0,0,0,0,0,1,0,0,0,0,0,0,0,0,1
"Residential house on sale at Buddhachowk, Thulobharyang",House,"Buddha Chowk, Kathmandu",39000000.0,0,0,0,0,1,0,0,0,0,0,0,0,0,1
"House for sale at Pabitranagar, New Buspark",House,"New Buspark, Kathmandu",40000000.0,0,0,0,0,1,0,0,0,0,0,1,0,0,1
"Beautiful house on sale at Chhauni, Kathmandu",House,"Chhauni, Kathmandu",35000000.0,0,0,0,0,1,0,0,0,0,0,0,0,0,1
"Premium Villas on Sale at CG Hills Premium, Bhaisepati ",House,"Bhaisepati, Lalitpur",58600000.0,0,1,0,0,0,0,0,0,0,0,0,1,0,1
"Residential house on sale at Balkot, Bhaktapur",House,"Balkot, Bhaktapur",45000000.0,0,0,0,0,1,0,0,0,0,0,0,0,0,1
Flat system house for sale in Dhumbarahi,House,"Dhumbarahi, Kathmandu",55000000.0,0,0,1,0,1,0,0,0,0,0,0,0,0,1
Under Construction bungalow house for sale at Bansbari,House,"Bansbari, Kathmandu",51000000.0,1,0,0,0,1,0,0,0,0,0,0,0,0,1
"Residential house on sale at Nayabasti, Jorpati",House,"Naya Basti, Kathmandu",26000000.0,0,0,0,0,1,0,0,0,0,0,0,0,0,1
"House on sale at Dhapasi, Tokha",House,"Dhapasi, Kathmandu",27000000.0,0,0,0,0,1,0,0,0,0,0,0,0,0,1
"Beautiful house on sale at Megha City, Tokha",House,"Megha City, Kathmandu",12000000.0,0,0,0,0,1,0,0,0,0,0,0,0,0,1
"Residential house on sale at Sital Height, Imadol",House,"Imadol, Lalitpur",38500000.0,0,0,0,0,1,0,0,0,0,0,0,0,0,1
Under Construction house for sale at Bansbari,House,"Bansbari, Kathmandu",52000000.0,0,0,0,0,1,0,0,0,0,0,0,0,0,1
"House on sale at Thaiba, Lalitpur",House,"Thaiba, Lalitpur",26000000.0,0,0,0,0,1,0,0,0,0,0,0,0,0,1
"Residential house for sale at Greenhiil City, Imadol",House,"Imadol, Lalitpur",31000000.0,0,0,0,0,1,0,0,0,0,0,0,0,0,1
"6 BHK house for sale at Imadol, Lalitpur",House,"Imadol, Lalitpur",25500000.0,0,0,0,0,1,0,0,0,1,0,0,0,0,1
"Beautiful house on sale at Bojepokhari, Imadol",House,"Bojepokhari, Lalitpur",28500000.0,0,0,0,0,1,0,0,0,0,0,0,0,0,1
"Commercial house on sale at Koteshwor, Kathmandu",House,"Koteshwor, Kathmandu",85000000.0,0,0,0,0,1,0,0,0,0,0,0,0,1,1
"Beautiful house on sale at Sunakothi, Lalitpur",House,"Sunakothi, Lalitpur",51500000.0,0,0,0,0,1,0,0,0,0,0,0,0,0,1
"Brand new house on sale at Sampang Chowk, Lalitpur",House,"Sampang Chowk, Lalitpur",22000000.0,0,0,0,0,1,0,0,0,0,0,1,0,0,1
"Residential house on sale at Baniyatar, Dhalmal",House,"Baniyatar, Kathmandu",27000000.0,0,0,0,0,1,0,0,0,0,0,0,0,0,1
"Beautiful house on sale near Karuna Hospital, Budhanilkantha",House,"Kapan, Kathmandu",29500000.0,0,0,0,0,1,0,0,0,0,0,0,0,0,1
"Residential house for sale at Budhanilkantha, Kathmandu",House,"Budhanilkantha, Kathmandu",28000000.0,0,0,0,0,1,0,0,0,0,0,0,0,0,1
Brand new bungalow for sale in Boharatar,House,"Boharatar, Kathmandu",57500000.0,1,0,0,0,0,0,0,0,0,0,1,0,0,1
Attractive house on sale at Banasthali. Kathmandu,House,"Banasthali, Kathmandu",35000000.0,0,0,0,0,1,0,0,0,0,0,0,0,0,1
"4 BHK house on sale at Bhaisepati, Lalitpur",House,"Bhaisepati, Lalitpur",140000000.0,0,0,0,0,1,0,0,0,1,0,0,0,0,1
"House on sale at Godawari, Lalitpur",House,"Godawari, Lalitpur",17500000.0,0,0,0,0,1,0,0,0,0,0,0,0,0,1
Attractive house for sale at Budhanilkantha,House,"Budhanilkantha, Kathmandu",28800000.0,0,0,0,0,1,0,0,0,0,0,0,0,0,1
"Semi commercial house for sale behind Tennis Court, Mandikhatar",House,"Mandikhatar, Kathmandu",43500000.0,0,0,0,0,1,0,0,0,0,0,0,0,1,1
Beautiful House for sale in Dhapakhel,House,"Dhapakhel, Lalitpur",27500000.0,0,0,0,0,1,0,0,0,0,0,0,0,0,1
"Beautiful house on sale at Syuchatar Height, Kalanki",House,"Kalanki, Kathmandu",23500000.0,0,0,0,0,1,0,0,0,0,0,0,0,0,1
"Attractive house on sale at Simaltar, Boudha",House,"Bouddha, Kathmandu",25000000.0,0,0,0,0,1,0,0,0,0,0,0,0,0,1
"Beautiful house on sale at Greenland, Dhapasi",House,"Dhapasi, Kathmandu",51000000.0,0,0,0,0,1,1,0,0,0,0,0,0,0,1
"Modern house on sale at Sanepa, Lalitpur",House,"Sanepa, Lalitpur",63500000.0,0,0,0,0,1,0,0,0,0,0,1,0,0,1
"Bungalow for sale in Shanta Colony, Hepali Height",House,"Hepali Height, Kathmandu",70000000.0,1,0,0,0,0,0,0,0,0,0,0,0,0,1
Luxurious Residential Bungalow for sale in Bhaisepati,House,"Bhaisepati, Lalitpur",78000000.0,1,0,0,0,0,0,0,0,0,0,0,1,0,1
Newly built bungalow on sale at Bhaisepati,House,"Bhaisepati, Lalitpur",85000000.0,1,0,0,0,0,0,0,0,0,0,1,0,0,1
Attractive 5 bhk house on sale at Imadol,House,"Imadol, Lalitpur",25000000.0,0,0,0,0,1,0,0,0,1,0,0,0,0,1
"2 BHK house on sale at Tikathali, Imadol",House,"Tikathali, Lalitpur",16500000.0,0,0,0,0,1,0,0,0,1,0,0,0,0,1
"6 BHK house on sale in Budhanilkantha, Kathmandu",House,"Budhanilkantha, Kathmandu",34500000.0,0,0,0,0,1,0,0,0,1,0,0,0,0,1
"Beautiful house on sale at Bafal, Kathmandu",House,"Bafal, Kathmandu",23500000.0,0,0,0,0,1,0,0,0,0,0,0,0,0,1
"House on sale at Kalanki, Kathmandu",House,"Kalanki, Kathmandu",38500000.0,0,0,0,0,1,0,0,0,0,0,0,0,0,1
"Bungalow for sale in Rudreshwor, Narayanthan",House,"Rudreshwor, Kathmandu",33500000.0,1,0,0,0,0,0,0,0,0,0,0,0,0,1
"Beautiful house on sale at Tikathali, Lalitpur",House,"Tikathali, Lalitpur",21500000.0,0,0,0,0,1,0,0,0,0,0,0,0,0,1
"House on sale at Kunwar Colony, Dhapasi",House,"Dhapasi, Kathmandu",39000000.0,0,0,0,0,1,0,0,0,0,0,0,0,0,1
"Beautiful house on sale at Mandikhatar, Budhanilkantha",House,"Mandikhatar, Kathmandu",29500000.0,0,0,0,0,1,0,0,0,0,0,0,0,0,1
Attractive house for sale at Chandragiri,House,"Chandragiri, Kathmandu",16000000.0,0,0,0,0,1,0,0,0,0,0,0,0,0,1
"Beautiful house on sale at Ganesh Basti, Maharajgunj",House,"Maharajgunj, Kathmandu",72500000.0,0,0,0,0,1,0,0,0,0,0,0,0,0,1
"Newly built house on sale at Sundarbasti, Budhanilkatha",House,"Sundarbasti, Kathmandu",38500000.0,0,0,0,0,1,0,0,0,0,0,1,0,0,1
Beautiful house on sale at Golfutar Basketball Court,House,"Golfutar, Kathmandu",29500000.0,0,0,0,0,1,0,0,0,0,0,0,0,0,1
"Attarctive house on sale at Dhapasi, Tokha",House,"Dhapasi, Kathmandu",25000000.0,0,0,0,0,1,0,0,0,0,0,0,0,0,1
"3 BHK house on sale at Nayabasti, Lalitpur",House,"Imadol, Lalitpur",26000000.0,0,0,0,0,1,0,0,0,1,0,0,0,0,1
"Residential house on sale at Nayabasti, Lalitpur",House,"Imadol, Lalitpur",32500000.0,0,0,0,0,1,0,0,0,0,0,0,0,0,1
"5 BHK house on sale at Imadol, Lalitpur",House,"Imadol, Lalitpur",22500000.0,0,0,0,0,1,0,0,0,1,0,0,0,0,1
Beautiful house on sale at Kamalpokhari,House,"Imadol, Lalitpur",40000000.0,0,0,0,0,1,0,0,0,0,0,0,0,0,1
Residential house on sale at Kamalpokhari,House,"Imadol, Lalitpur",31500000.0,0,0,0,0,1,0,0,0,0,0,0,0,0,1
Under construction house on sale at Kamalpokhari,House,"Imadol, Lalitpur",33000000.0,0,0,0,0,1,0,0,0,0,0,0,0,0,1
"Residential house on sale at Panitanki, Tikathali ",House,"Tikathali, Lalitpur",27000000.0,0,0,0,0,1,0,0,0,0,0,0,0,0,1
"Attractive house on sale at Setipakha, Hattiban",House,"Setipakha, Lalitpur",22500000.0,0,0,0,0,1,0,0,0,0,0,0,0,0,1
"Beautiful house on sale at Ochu Hight, Imadol",House,"Ochu Height, Lalitpur",33000000.0,0,0,0,0,1,0,0,0,0,0,0,0,0,1
"Beautiful house on sale at Raniban, Nagrajun (Kathmandu Metropolitan -16)",House,"Raniban, Kathmandu",36000000.0,0,0,0,0,1,0,0,0,0,0,0,0,0,1
"Brand new house for sale in Ochu Height, Imadol",House,"Ochu Height, Lalitpur",37500000.0,0,0,0,0,1,0,0,0,0,0,1,0,0,1
"Beautiful house for sale at Nakkhu, Lalitpur",House,"Nakkhu, Lalitpur",39900000.0,0,0,0,0,1,0,0,0,0,0,0,0,0,1
House on sale near Changathali Buspark,House,"Changathali, Lalitpur",17000000.0,0,0,0,0,1,0,0,0,0,0,0,0,0,1
"Brand new house on sale at Ochu Height, Imadol",House,"Ochu Height, Lalitpur",24500000.0,0,0,0,0,1,0,0,0,0,0,1,0,0,1
"House on sale at Timalsina Chowk, Imadol",House,"Imadol, Lalitpur",35000000.0,0,0,0,0,1,0,0,0,0,0,0,0,0,1
"Attractive villa house on sale at Pasikot, Budhanilkantha",House,"Pasikot, Kathmandu",32000000.0,0,1,0,0,1,0,0,0,0,0,0,0,0,1
"House for sale in Kwalakhu, Lalitpur",House,"Kwalakhu, Lalitpur",30000000.0,0,0,0,0,1,0,0,0,0,0,0,0,0,1
"Beautiful house on sale at Sitapaila, Nagarjun",House,"Sitapaila, Kathmandu",38000000.0,0,0,0,0,1,0,0,0,0,0,0,0,0,1
A modern house on sale at Pepsicola,House,"Pepsicola, Kathmandu",75000000.0,0,0,0,0,1,0,0,0,0,0,1,0,0,1
"Beautiful house on sale at Ichangunarayan, Nagarjun",House,"Ichangu Narayan, Kathmandu",31000000.0,0,0,0,0,1,0,0,0,0,0,0,0,0,1
Newly built house for sale in Sitapaila,House,"Sitapaila, Kathmandu",38000000.0,0,0,0,0,1,0,0,0,0,0,1,0,0,1
"House on sale near NIC Asia Bank, Pepsicola",House,"Pepsicola, Kathmandu",32500000.0,0,0,0,0,1,0,0,0,0,0,0,0,0,1
"Flat system house on sale at Pasikot, Budhanilkantha",House,"Pasikot, Kathmandu",32500000.0,0,0,1,0,1,0,0,0,0,0,0,0,0,1
Newly built house on sale at Kharibot. Kapan,House,"Kharibot, Kathmandu",29000000.0,0,0,0,0,1,0,0,0,0,0,1,0,0,1
"Residential house on sale at Pasikot, Budhanilkantha",House,"Pasikot, Kathmandu",28000000.0,0,0,0,0,1,0,0,0,0,0,0,0,0,1
"House For Sale in Balkumari, Lalitpur",House,"Balkumari, Lalitpur",66000000.0,0,0,0,0,1,0,0,0,0,0,0,0,0,1
Residential House For Sale in Nepaltar,House,"Nepaltar, Kathmandu",21900000.0,0,0,0,0,1,0,0,0,0,0,0,0,0,1
Brand new house on sale at Nakhipot,House,"Nakhipot, Lalitpur",28000000.0,0,0,0,0,1,0,0,0,0,0,1,0,0,1
"Beautiful house on sale at Ramkot, Nagarjun ",House,"Ramkot, Kathmandu",17500000.0,0,0,0,0,1,0,0,0,0,0,0,0,0,1
"Beautiful house for sale at Nakhipot, Lalitpur",House,"Nakhipot, Lalitpur",27000000.0,0,0,0,0,1,0,0,0,0,0,0,0,0,1
"Residential house on sale at Hattiban, Lalitpur",House,"Hattiban, Lalitpur",25500000.0,0,0,0,0,1,0,0,0,0,0,0,0,0,1
"Newly build house on sale at Tenzing Chowk, Kapan",House,"Tenzing Chowk, Kathmandu",36500000.0,0,0,0,0,1,0,0,0,0,0,1,0,0,1
Residential house on sale at Old Baneshwor,House,"Old Baneshwor, Kathmandu",45000000.0,0,0,0,0,1,0,0,0,0,0,0,0,0,1
"Full furnished house on sale at Dhobikhola, Kathmandu",House,"Dhobikhola, Kathmandu",46000000.0,0,0,0,0,1,0,0,0,0,1,0,0,0,1
"Residential house on sale at Bhangal, Budhanilkantha",House,"Bhangal , Kathmandu",17800000.0,0,0,0,0,1,0,0,0,0,0,0,0,0,1
"Beautiful house on sale at Hattigauda, Budhanilkantha",House,"Hattigaunda, Kathmandu",34500000.0,0,0,0,0,1,0,0,0,0,0,0,0,0,1
"House for sale near Kist Hospital, Imadol",House,"Imadol, Lalitpur",35000000.0,0,0,0,0,1,0,0,0,0,0,0,0,0,1
Attractive house on sale in Kapan,House,"Kapan, Kathmandu",18800000.0,0,0,0,0,1,0,0,0,0,0,0,0,0,1
"House on sale at Bhandari Road, Imadol",House,"Imadol, Lalitpur",27000000.0,0,0,0,0,1,0,0,0,0,0,0,0,0,1
"Residential house on sale at Phutung, Kathmandu",House,"Phutung, Kathmandu",15000000.0,0,0,0,0,1,0,0,0,0,0,0,0,0,1
Commercial house for sale in Kadaghari,House,"Kadaghari, Kathmandu",65000000.0,0,0,0,0,1,0,0,0,0,0,0,0,1,1
"Attractive house on sale at Lolang, Kathmandu",House,"Lolang, Kathmandu",25500000.0,0,0,0,0,1,0,0,0,0,0,0,0,0,1
"Residential house on sale at Tikathali, Imadol",House,"Tikathali, Lalitpur",25000000.0,0,0,0,0,1,0,0,0,0,0,0,0,0,1
"Commercial house on sale at Nakhipot, Lalitpur",House,"Nakhipot, Lalitpur",71000000.0,0,0,0,0,1,0,0,0,0,0,0,0,1,1
"6 BHK house on sale at Imadol, Lalitpur",House,"Imadol, Lalitpur",37000000.0,0,0,0,0,1,0,0,0,1,0,0,0,0,1
"Beautiful house on sale at Kusunti, Lalitpur",House,"Kusunti, Lalitpur",39500000.0,0,0,0,0,1,0,0,0,0,0,0,0,0,1
"Residential house on sale at Kharibot, Kapan",House,"Kharibot, Kathmandu",32500000.0,0,0,0,0,1,0,0,0,0,0,0,0,0,1
"Luxurious classic villa for sale at Dhapasi, Kathmandu",House,"Dhapasi, Kathmandu",135000000.0,0,1,0,0,0,0,0,0,0,0,0,1,0,1
"Brand New House for sale at Imadol, Shanti Colony",House,"Imadol, Lalitpur",22000000.0,0,0,0,0,1,0,0,0,0,0,1,0,0,1
"House on sale at Dhapasi, Kathmandu",House,"Dhapasi, Kathmandu",12000000.0,0,0,0,0,1,0,0,0,0,0,0,0,0,1
"Commercial house on sale at Bagbazar, Kathmandu",House,"Bagbazar, Kathmandu",70000000.0,0,0,0,0,1,0,0,0,0,0,0,0,1,1
Under construction house on sale at Sukedhara,House,"Sukedhara, Kathmandu",55000000.0,0,0,0,0,1,0,0,0,0,0,0,0,0,1
Single storied house for sale in Pasikot,House,"Pasikot, Kathmandu",28000000.0,0,0,0,0,1,0,0,0,0,0,0,0,0,1
A modern house on sale at Satdobato,House,"Satdobato, Lalitpur",45000000.0,0,0,0,0,1,0,0,0,0,0,1,0,0,1
"House on sale at Bistachhap, Godawari",House,"Bistachhap, Lalitpur",13500000.0,0,0,0,0,1,0,0,0,0,0,0,0,0,1
Brand new house for sale in Imadol,House,"Imadol, Lalitpur",32500000.0,0,0,0,0,1,0,0,0,0,0,1,0,0,1
Bungalow house for sale in Imadol,House,"Imadol, Lalitpur",37500000.0,1,0,0,0,1,0,0,0,0,0,0,0,0,1
"Beautiful house on sale at Checkpost,Thankot",House,"Thankot, Kathmandu",14500000.0,0,0,0,0,1,0,0,0,0,0,0,0,0,1
Attractive house on sale at Kalanki,House,"Kalanki, Kathmandu",26000000.0,0,0,0,0,1,0,0,0,0,0,0,0,0,1
"House on sale at Dhanus Galli, Maharajgunj",House,"Maharajgunj, Kathmandu",24000000.0,0,0,0,0,1,0,0,0,0,0,0,0,0,1
House for sale in Dhumbarahi,House,"Dhumbarahi, Kathmandu",38000000.0,0,0,0,0,1,0,0,0,0,0,0,0,0,1
"New house for sale at Kapan, Budhanilkantha",House,"Kapan, Kathmandu",29500000.0,0,0,0,0,1,0,0,0,0,0,1,0,0,1
Semi furnished house on sale at Kalanki,House,"Kalanki, Kathmandu",25500000.0,0,0,0,0,1,0,0,0,0,1,0,0,0,1
"Residential house on sale at Bibek Chowk, Kapan",House,"Kapan, Kathmandu",31000000.0,0,0,0,0,1,0,0,0,0,0,0,0,0,1
"House for sale in Lolang Height, Tarkeshwor",House,"Lolang, Kathmandu",24000000.0,0,0,0,0,1,0,0,0,0,0,0,0,0,1
"House for Sale at Downtown Residency, Imadol",House,"Imadol, Lalitpur",42500000.0,0,0,0,0,1,0,0,0,0,0,0,0,0,1
Neoclassic house on sale at Maharajgunj,House,"Maharajgunj, Kathmandu",30000000.0,0,0,0,0,1,0,0,0,0,0,0,0,0,1
Flat system house for sale in Ratopul,House,"Ratopool, Kathmandu",138000000.0,0,0,1,0,1,0,0,0,0,0,0,0,0,1
Beautiful house on sale at Sanobharyang,House,"Sanobharyang, Kathmandu",74000000.0,0,0,0,0,1,0,0,0,0,0,0,0,0,1
"Bungalow for sale at CG Villa, Sunakothi",House,"Sunakothi, Lalitpur",37500000.0,1,1,0,0,0,0,0,0,0,0,0,0,0,1
Brand new Lavish house for sale at Bhaisepati,House,"Bhaisepati, Lalitpur",85000000.0,0,0,0,0,1,0,0,0,0,0,1,0,0,1
Beautiful house on sale at Bhaktapur,House,"Bhaktapur, Bhaktapur",20000000.0,0,0,0,0,1,0,0,0,0,0,0,0,0,1
"House for sale at Hattigaunda, Budhanilkantha",House,"Hattigaunda, Kathmandu",34500000.0,0,0,0,0,1,0,0,0,0,0,0,0,0,1
Commercial house for sale in Panipokhari,House,"Panipokhari, Kathmandu",65000000.0,0,0,0,0,1,0,0,0,0,0,0,0,1,1
Semi Commercial house for sale at Gokarna,House,"Gokarna, Kathmandu",30000000.0,0,0,0,0,1,0,0,0,0,0,0,0,1,1
"House for sale in Budhanilkantha, Pasikot",House,"Pasikot, Kathmandu",34000000.0,0,0,0,0,1,0,0,0,0,0,0,0,0,1
"9BHK house on sale at Dhumbarahi, Kathmandu",House,"Dhumbarahi, Kathmandu",67500000.0,0,0,0,0,1,0,0,0,1,0,0,0,0,1
"Attractive house on sale at Budhanilkantha, Kathmandu",House,"Budhanilkantha, Kathmandu",47000000.0,0,0,0,0,1,0,0,0,0,0,0,0,0,1
Beautiful bungalow on sale at Chabahil,House,"Chabahil, Kathmandu",50000000.0,1,0,0,0,0,0,0,0,0,0,0,0,0,1
"Beautiful house on sale at Khadka Gaun, Kalanki",House,"Khadka Gaun, Kathmandu",33000000.0,0,0,0,0,1,0,0,0,0,0,0,0,0,1
Residential Bungalow for sale at Dhumbarahi,House,"Dhumbarahi, Kathmandu",140000000.0,1,0,0,0,0,0,0,0,0,0,0,0,0,1
"Newly built house for sale at Budhanilkantha, Kathmandu",House,"Budhanilkantha, Kathmandu",34000000.0,0,0,0,0,1,0,0,0,0,0,1,0,0,1
"House on sale at Khursanitar, Lazimpat",House,"Lazimpat, Kathmandu",42000000.0,0,0,0,0,1,0,0,0,0,0,0,0,0,1
"House for sale in CG Villa, Sunakothi",House,"Sunakothi, Lalitpur",37500000.0,0,1,0,0,1,0,0,0,0,0,0,0,0,1
"Bungalow for sale in Sangam Awas, Bhaisepati",House,"Bhaisepati, Lalitpur",78000000.0,1,0,0,0,0,0,0,0,0,0,0,0,0,1
"Beautiful house for sale in CG Hills, Hattigauda",House,"Hattigaunda, Kathmandu",77000000.0,0,0,0,0,1,0,0,0,0,0,0,0,0,1
Brand new house on sale at Syuchatar,House,"Syuchatar, Kathmandu",38000000.0,0,0,0,0,1,0,0,0,0,0,1,0,0,1
"Residential house for sale at Gwarko, Lalitpur",House,"Gwarko, Lalitpur",15500000.0,0,0,0,0,1,0,0,0,0,0,0,0,0,1
Furnished Bungalow for rent at Maharajgunj,House,"Maharajgunj, Kathmandu",105000000.0,1,0,0,0,0,0,0,0,0,1,0,0,0,0
"Commercial house for sale behind of Hotel Harati,�Chhetrapati",House,"Chhetrapati, Kathmandu",125000000.0,0,0,0,0,1,0,0,0,0,0,0,0,1,1
"4BHK beautiful house on sale at Imadol, Lalitpur",House,"Imadol, Lalitpur",23500000.0,0,0,0,0,1,0,0,0,1,0,0,0,0,1
"House on sale near European Bakery, Baluwatar",House,"Baluwatar, Kathmandu",35000000.0,0,0,0,0,1,0,0,0,0,0,0,0,0,1
Luxurious Bungalow for sale in Sitapaila,House,"Sitapaila, Kathmandu",62500000.0,1,0,0,0,0,0,0,0,0,0,0,1,0,1
"Residential house on sale at Thaiba, Godawari",House,"Thaiba, Lalitpur",18000000.0,0,0,0,0,1,0,0,0,0,0,0,0,0,1
"Beautiful house on sale at Ochu Height, Imadol",House,"Ochu Height, Lalitpur",27000000.0,0,0,0,0,1,0,0,0,0,0,0,0,0,1
Residential house on sale at Koteshwor ,House,"Koteshwor, Kathmandu",41500000.0,0,0,0,0,1,0,0,0,0,0,0,0,0,1
"New house on sale in Sanagaun, Lalitpur",House,"Sanagaun, Lalitpur",20400000.0,0,0,0,0,1,0,0,0,0,0,1,0,0,1
4BHK house on sale at Bhaisepati,House,"Bhaisepati, Lalitpur",78000000.0,0,0,0,0,1,0,0,0,1,0,0,0,0,1
"Residential house on sale at Madhyapur Thimi, Bhaktpur",House,"Chardobato, Bhaktapur",41000000.0,0,0,0,0,1,0,0,0,0,0,0,0,0,1
Attractive house on sale at Mandikhatar,House,"Mandikhatar, Kathmandu",40000000.0,0,0,0,0,1,0,0,0,0,0,0,0,0,1
Booking open for two bungalows in Budhanilakantha,House,"Deuwa chowk, Kathmandu",43500000.0,1,0,0,0,0,0,0,0,0,0,0,0,0,0
Beautiful house on sale at Dhapasi Height,House,"Dhapasi, Kathmandu",58000000.0,0,0,0,0,1,0,0,0,0,0,0,0,0,1
"House on sale in Gothatar, Kathmandu",House,"Gothatar, Kathmandu",38000000.0,0,0,0,0,1,0,0,0,0,0,0,0,0,1
House for sale in Tokha,House,"Grande Hospital, Kathmandu",30000000.0,0,0,0,0,1,0,0,0,0,0,0,0,0,1
"Residential house on sale at Danchhi, Kageshwori",House,"Danchhi, Kathmandu",15000000.0,0,0,0,0,1,0,0,0,0,0,0,0,0,1
"Beautiful house on sale at Sainbu, Lalitpur",House,"Sainbu, Lalitpur",30000000.0,0,0,0,0,1,0,0,0,0,0,0,0,0,1
House for Sale in Harisddhi,House,"Harisiddhi, Lalitpur",35000000.0,0,0,0,0,1,0,0,0,0,0,0,0,0,1
"Attractive house on sale at Thali, Kageshwori",House,"Thali, Kathmandu",15500000.0,0,0,0,0,1,0,0,0,0,0,0,0,0,1
"Beautiful house on sale at Kapan, Budhanilkantha",House,"Kapan, Kathmandu",29500000.0,0,0,0,0,1,0,0,0,0,0,0,0,0,1
"Under construction house on sale at Budhanilkantha, Kathmandu",House,"Budhanilkantha, Kathmandu",33500000.0,0,0,0,0,1,0,0,0,0,0,0,0,0,1
Beautiful house on sale at Nakhipot,House,"Nakhipot, Lalitpur",50000000.0,0,0,0,0,1,0,0,0,0,0,0,0,0,1
House for sale in Khumaltar ,House,"Khumaltar, Lalitpur",55000000.0,0,0,0,0,1,0,0,0,0,0,0,0,0,1
Commercial house for sale in Maharajgunj,House,"Maharajgunj, Kathmandu",75000000.0,0,0,0,0,1,0,0,0,0,0,0,0,1,1
"Under construction house on sale at Bhangal, Budhanilkantha",House,"Bhangal , Kathmandu",29500000.0,0,0,0,0,1,0,0,0,0,0,0,0,0,1
"House for sale at Shankhamul, Kathmandu",House,"Shankhamul, Kathmandu",68000000.0,0,0,0,0,1,0,0,0,0,0,0,0,0,1
"House for sale at Gaurighat, Kathmandu",House,"Gaurighat, Kathmandu",23000000.0,0,0,0,0,1,0,0,0,0,0,0,0,0,1
"Residential house on sale at Gwarko, Lalitpur",House,"Gwarko, Lalitpur",27000000.0,0,0,0,0,1,0,0,0,0,0,0,0,0,1
"Beautiful house on sale at Imadol, Mahalaxmi",House,"Imadol, Lalitpur",27500000.0,0,0,0,0,1,0,0,0,0,0,0,0,0,1
Newly built House for sale at Narayantar,House,"Narayantar, Kathmandu",35000000.0,0,0,0,0,1,0,0,0,0,0,1,0,0,1
"Beautiful house on sale at Thali, Kageshwori",House,"Thali, Kathmandu",13300000.0,0,0,0,0,1,0,0,0,0,0,0,0,0,1
"Attractive house on sale at Bhangal, Budhanilkantha",House,"Bhangal , Kathmandu",28500000.0,0,0,0,0,1,0,0,0,0,0,0,0,0,1
Beautiful house on sale at Dhapasi,House,"Dhapasi, Kathmandu",61000000.0,0,0,0,0,1,0,0,0,0,0,0,0,0,1
Residential house on sale at Suryabinayak ,House,"Suryabinayak, Bhaktapur",82000000.0,0,0,0,0,1,0,0,0,0,0,0,0,0,1
"Attractive house on sale in Budhanilkantha, Kathmandu",House,"Budhanilkantha, Kathmandu",46000000.0,0,0,0,0,1,0,0,0,0,0,0,0,0,1
"Residential house for sale near Mahalaxmi Temple, Lubhu",House,"Lubhu, Lalitpur",17000000.0,0,0,0,0,1,0,0,0,0,0,0,0,0,1
Full furnished house on sale at Golfutar,House,"Golfutar, Kathmandu",80000000.0,0,0,0,0,1,0,0,0,0,1,0,0,0,1
Fully furnished house on sale at Budhanilkantha,House,"Budhanilkantha, Kathmandu",39000000.0,0,0,0,0,1,0,0,0,0,1,0,0,0,1
"Residential house on sale at Jarankhu, Kathmandu",House,"Jarankhu, Kathmandu",16000000.0,0,0,0,0,1,0,0,0,0,0,0,0,0,1
"House on sale near Chirayu Hospital, Basundhara",House,"Basundhara, Kathmandu",75000000.0,0,0,0,0,1,0,0,0,0,0,0,0,0,1
"House on sale in Katunje, Bhaktpur",House,"Katunje, Bhaktapur",35000000.0,0,0,0,0,1,0,0,0,0,0,0,0,0,1
"Newly Built residential house for sale in Chyau Danda, Lalitpur",House,"Chyau Danda, Lalitpur",24000000.0,0,0,0,0,1,0,0,0,0,0,1,0,0,1
Under construction house for sale in Bansbari,House,"Bansbari, Kathmandu",65000000.0,0,0,0,0,1,0,0,0,0,0,0,0,0,1
House on urgent sale at Imadol,House,"Imadol, Lalitpur",26500000.0,0,0,0,0,1,0,0,0,0,0,0,0,0,1
"Residential house on sale at Nayabazar, Kathmandu",House,"Naya Bazar, Kathmandu",33000000.0,0,0,0,0,1,0,0,0,0,0,0,0,0,1
"Luxurious Houses available at Dhapakhel, Downtown Residency",House,"Nagdaha, Lalitpur",41500000.0,0,0,0,0,1,0,0,0,0,0,0,1,0,0
Brand new house for sale in Thecho,House,"Thecho, Lalitpur",19000000.0,0,0,0,0,1,0,0,0,0,0,1,0,0,1
Bungalow House for sale in Mandikhatar,House,"Mandikhatar, Kathmandu",65000000.0,1,0,0,0,1,0,0,0,0,0,0,0,0,1
"Residential house for sale in Icimod, Khumaltar",House,"Icimod, Lalitpur",30500000.0,0,0,0,0,1,0,0,0,0,0,0,0,0,1
Commercial house on sale in Imadol,House,"Imadol, Lalitpur",40000000.0,0,0,0,0,1,0,0,0,0,0,0,0,1,1
Under Construction Bungalow for sale in Chundevi,House,"Chundevi, Kathmandu",75000000.0,1,0,0,0,0,0,0,0,0,0,0,0,0,1
"Modern Houses for Sale at Godawari Valley, Taukhel",House,"Godawari, Lalitpur",41900000.00000001,0,0,0,0,1,0,0,0,0,0,1,0,0,1
"House on sale at Kapan, Chunikhel",House,"Chunikhel, Kathmandu",25000000.0,0,0,0,0,1,0,0,0,0,0,0,0,0,1
Residential house for sale in Gairidhara,House,"Gairidhara, Kathmandu",51000000.0,0,0,0,0,1,0,0,0,0,0,0,0,0,1
"Residential house for sale at Khursanitar, Lazimpat",House,"Lazimpat, Kathmandu",56000000.0,0,0,0,0,1,0,0,0,0,0,0,0,0,1
"House on sale at Lampokhari, Chabahil",House,"Chabahil, Kathmandu",35000000.0,0,0,0,0,1,0,0,0,0,0,0,0,0,1
Attractive house on sale at Chandragiri,House,"Matatirtha, Kathmandu",18000000.0,0,0,0,0,1,0,0,0,0,0,0,0,0,1
"Bungalow on sale at Basbari, Kathmandu",House,"Bansbari, Kathmandu",55000000.0,1,0,0,0,0,0,0,0,0,0,0,0,0,1
Brand new house on sale in Dahachowk,House,"Dahachowk, Kathmandu",29000000.0,0,0,0,0,1,0,0,0,0,0,1,0,0,1
 Full furnished house on sale at Bhaisepati,House,"Bhaisepati, Lalitpur",55000000.0,0,0,0,0,1,0,0,0,0,1,0,0,0,1
"House on sale in Swoyambhu, Nagarjun",House,"Swoyambhu, Kathmandu",27500000.0,0,0,0,0,1,0,0,0,0,0,0,0,0,1
"Residential house on sale in Bafal, Nagarjun",House,"Bafal, Kathmandu",36500000.0,0,0,0,0,1,0,0,0,0,0,0,0,0,1
"Beautiful house on sale at Chapali, Budhanilkantha",House,"Chapali, Kathmandu",61500000.0,0,0,0,0,1,0,0,0,0,0,0,0,0,1
House on sale at Chandragiri,House,"Chandragiri, Kathmandu",17000000.0,0,0,0,0,1,0,0,0,0,0,0,0,0,1
"4BHK house on sale at Imadol, Lalitpur",House,"Imadol, Lalitpur",25500000.0,0,0,0,0,1,0,0,0,1,0,0,0,0,1
"Residential house on sale in Imadol, Lalitpur",House,"Imadol, Lalitpur",32500000.0,0,0,0,0,1,0,0,0,0,0,0,0,0,1
Attractive house for sale at Imadol,House,"Imadol, Lalitpur",26500000.0,0,0,0,0,1,0,0,0,0,0,0,0,0,1
"Beautiful house on sale at Hattiban, Lalitpur",House,"Hattiban, Lalitpur",20500000.0,0,0,0,0,1,0,0,0,0,0,0,0,0,1
"House on sale at Manamaiju, Tarkeshwor",House,"Manamaiju, Kathmandu",25000000.0,0,0,0,0,1,0,0,0,0,0,0,0,0,1
"House for sale at Godamchaur, Godawari",House,"Godamchaur, Lalitpur",29000000.0,0,0,0,0,1,0,0,0,0,0,0,0,0,1
"Old house on sale at Tripureshwor, Kathmandu",House,"Tripureshwor, Kathmandu",32000000.0,0,0,0,0,1,0,0,0,0,0,0,0,0,1
Beautiful fully furnished bungalow for sale in Budhanilkantha,House,"Budhanilkantha, Kathmandu",51500000.0,1,0,0,0,0,0,0,0,0,1,0,0,0,1
"Residential house on sale in Dhapasi Height, Tokha",House,"Dhapasi, Kathmandu",58000000.0,0,0,0,0,1,0,0,0,0,0,0,0,0,1
"Beautiful house on sale at Banasthali, Kathmandu",House,"Banasthali, Kathmandu",23500000.0,0,0,0,0,1,0,0,0,0,0,0,0,0,1
"Residential house on sale in Kumaripati, Lalitpur",House,"Kumaripati, Lalitpur",45000000.0,0,0,0,0,1,0,0,0,0,0,0,0,0,1
"Residential house on sale at Swoyambhu, Nagarjun",House,"Swoyambhu, Kathmandu",31500000.0,0,0,0,0,1,0,0,0,0,0,0,0,0,1
"Beautiful house on sale in Tindhara, Swoyambhu",House,"Swoyambhu, Kathmandu",29500000.0,0,0,0,0,1,0,0,0,0,0,0,0,0,1
"Residential house on sale in Shantinagar, Kathmandu",House,"Shantinagar, Kathmandu",49800000.00000001,0,0,0,0,1,0,0,0,0,0,0,0,0,1
"Beautiful house on sale in Sundarbasti, Budhanilkantha",House,"Sundarbasti, Kathmandu",27000000.0,0,0,0,0,1,0,0,0,0,0,0,0,0,1
Modern Houses for Sale at Godawari Valley ,House,"Taukhel, Lalitpur",38000000.0,0,0,0,0,1,0,0,0,0,0,1,0,0,1
"House on sale in Tahachal, Kathmandu",House,"Tahachal, Kathmandu",13500000.0,0,0,0,0,1,0,0,0,0,0,0,0,0,1
"Residential house for sale at Sundarbasti, Budhanilkantha",House,"Sundarbasti, Kathmandu",39500000.0,0,0,0,0,1,0,0,0,0,0,0,0,0,1
Beautiful House on Sale at Pokhara ,House,"Gagangauda, Kaski",100000000.0,0,0,0,0,1,0,0,0,0,0,0,0,0,1
"Residential house for sale at Kapan, Budhanilkantha",House,"Kapan, Kathmandu",32500000.0,0,0,0,0,1,0,0,0,0,0,0,0,0,1
Residential house on sale at Imadol,House,"Imadol, Lalitpur",28500000.0,0,0,0,0,1,0,0,0,0,0,0,0,0,1
"6BHK beautiful house on sale in Imadol, Lalitpur",House,"Imadol, Lalitpur",25000000.0,0,0,0,0,1,0,0,0,1,0,0,0,0,1
"4BHK house on sale in Danchhi, Kageshwori Manohara",House,"Danchhi, Kathmandu",15000000.0,0,0,0,0,1,0,0,0,1,0,0,0,0,1
"8BHK beautiful house for sale at Bhaisepati, Lalitpur",House,"Bhaisepati, Lalitpur",67500000.0,0,0,0,0,1,0,0,0,1,0,0,0,0,1
"Beautiful house on sale in Bhangal, Budhanilkantha",House,"Bhangal , Kathmandu",29000000.0,0,0,0,0,1,0,0,0,0,0,0,0,0,1
"Residential house on sale in Sundarbasti, Budhanilkantha",House,"Sundarbasti, Kathmandu",29800000.0,0,0,0,0,1,0,0,0,0,0,0,0,0,1
"Newly built house on sale in Jhaukhel, Changunarayan",House,"Jhaukhel, Bhaktapur",14000000.0,0,0,0,0,1,0,0,0,0,0,1,0,0,1
"Beautiful houses on sale in Bhaisepati, Lalitpur",House,"Bhaisepati, Lalitpur",38000000.0,0,0,0,0,1,0,0,0,0,0,0,0,0,1
"Full furnished bungalow on sale in Budhanilkantha, Kathmandu",House,"Budhanilkantha, Kathmandu",67500000.0,1,0,0,0,0,0,0,0,0,1,0,0,0,1
"Beautiful house for sale at Budhanilkantha, Kathmandu",House,"Budhanilkantha, Kathmandu",65000000.0,0,0,0,0,1,0,0,0,0,0,0,0,0,1
" Residential house on sale at Sanagau, Imadol",House,"Imadol, Lalitpur",23500000.0,0,0,0,0,1,0,0,0,0,0,0,0,0,1
"5BHK Beautiful house for sale at Imadol, Lalitpur",House,"Imadol, Lalitpur",26000000.0,0,0,0,0,1,0,0,0,1,0,0,0,0,1
"Residential house for sale in Tyanglafat, Kirtipur",House,"Tyanglafat, Kathmandu",24500000.0,0,0,0,0,1,0,0,0,0,0,0,0,0,1
New house on sale in Kageshwori,House,"Kageshwori, Kathmandu",25500000.0,0,0,0,0,1,0,0,0,0,0,1,0,0,1
"Beautiful house for sale at Checkpost, Chandragiri",House,"Chandragiri, Kathmandu",13100000.0,0,0,0,0,1,0,0,0,0,0,0,0,0,1
"House on sale in Nayapati, Gokarneshwar",House,"Nayapati, Kathmandu",33000000.0,0,0,0,0,1,0,0,0,0,0,0,0,0,1
"House on sale in Thaiba, Godawari",House,"Thaiba, Lalitpur",22000000.0,0,0,0,0,1,0,0,0,0,0,0,0,0,1
"4BHK house on sale in Imadol, Lalitpur",House,"Imadol, Lalitpur",23500000.0,0,0,0,0,1,0,0,0,1,0,0,0,0,1
"Attractive house for sale at Imadol, Lalitpur",House,"Imadol, Lalitpur",42500000.0,0,0,0,0,1,0,0,0,0,0,0,0,0,1
"Beautiful house on sale at Checkpost, Chandragiri",House,"Chandragiri, Kathmandu",19000000.0,0,0,0,0,1,0,0,0,0,0,0,0,0,1
"New house on sale in Pasikot, Tokha",House,"Tokha, Kathmandu",23000000.0,0,0,0,0,1,0,0,0,0,0,1,0,0,1
Semi furnished beautiful house for sale in Budhanilkantha,House,"Budhanilkantha, Kathmandu",40000000.0,0,0,0,0,1,0,0,0,0,1,0,0,0,1
"House for sale at Thulobharayang, Nagarjun",House,"Thulobharyang, Kathmandu",30000000.0,0,0,0,0,1,0,0,0,0,0,0,0,0,1
House on sale in Chappalkarkhana,House,"Chappal karkhana, Kathmandu",62000000.0,0,0,0,0,1,0,0,0,0,0,0,0,0,1
"Semi furnished house on sale in Pasikot, Budhanilkantha",House,"Pasikot, Kathmandu",38000000.0,0,0,0,0,1,0,0,0,0,1,0,0,0,1
Beautiful house on sale in Nakhipot,House,"Nakhipot, Lalitpur",25500000.0,0,0,0,0,1,0,0,0,0,0,0,0,0,1
"Brand new residential house for sale in Sheetal Height, Imadol",House,"Imadol, Lalitpur",21000000.0,0,0,0,0,1,0,0,0,0,0,1,0,0,1
"Beautiful house on sale in Dhobighat, sanepa",House,"Dhobighat, Lalitpur",76500000.0,0,0,0,0,1,0,0,0,0,0,0,0,0,1
Under construction duplex house for sale in Budhanilkantha,House,"Budhanilkantha, Kathmandu",25000000.0,0,0,0,1,1,0,0,0,0,0,0,0,0,1
"House for sale at Gairi gaun, Ichangu Narayan",House,"Gairi Gaun, Kathmandu",25000000.0,0,0,0,0,1,0,0,0,0,0,0,0,0,1
"House on sale at Ichangunarayan, Nagarjun",House,"Ichangu Narayan, Kathmandu",25000000.0,0,0,0,0,1,0,0,0,0,0,0,0,0,1
"House on sale at Mitranagar, Gangabu",House,"Gongabu, Kathmandu",29000000.0,0,0,0,0,1,0,0,0,0,0,0,0,0,1
Semi furnished house on sale in Bhaisepati,House,"Bhaisepati, Lalitpur",31000000.0,0,0,0,0,1,0,0,0,0,1,0,0,0,1
"House on sale in Sukedhara, Kathmandu",House,"Sukedhara, Kathmandu",39800000.0,0,0,0,0,1,0,0,0,0,0,0,0,0,1
2 Beautiful houses on sale in Budhanilkantha,House,"Budhanilkantha, Kathmandu",45000000.0,0,0,0,0,1,0,0,0,0,0,0,0,0,1
Commercial house on sale in Goldhunga,House,"Goldhunga, Kathmandu",15000000.0,0,0,0,0,1,0,0,0,0,0,0,0,1,1
"Residential house on sale in Thapathali, Kathmandu",House,"Thapathali, Kathmandu",110000000.0,0,0,0,0,1,0,0,0,0,0,0,0,0,1
"Newly built house on sale at Bhaisepati, Lalitpur",House,"Bhaisepati, Lalitpur",55000000.0,0,0,0,0,1,0,0,0,0,0,1,0,0,1
"Semi bungalow house on sale in Gokul Awas, Bhaisepati",House,"Bhaisepati, Lalitpur",32500000.0,1,0,0,0,1,0,0,0,0,0,0,0,0,1
"Beautiful house for sale at Imadol, Lalitpur",House,"Imadol, Lalitpur",36000000.0,0,0,0,0,1,0,0,0,0,0,0,0,0,1
Commercial house on sale in Lolang Height,House,"Lolang, Kathmandu",25000000.0,0,0,0,0,1,0,0,0,0,0,0,0,1,1
"Residential house on sale in Lainchaur, kathmandu",House,"Lainchaur, Kathmandu",43000000.0,0,0,0,0,1,0,0,0,0,0,0,0,0,1
"House on sale in Bhaktpur, Balkot",House,"Balkot, Bhaktapur",29500000.0,0,0,0,0,1,0,0,0,0,0,0,0,0,1
"Residential house on sale in Thadodhunga, Sanepa",House,"Thado Dhunga, Lalitpur",77500000.0,0,0,0,0,1,0,0,0,0,0,0,0,0,1
"Beautiful house on sale in Sunakothi, Lalitpur",House,"Sunakothi, Lalitpur",42500000.0,0,0,0,0,1,0,0,0,0,0,0,0,0,1
"Residential house for sale at Bhaisepati, Lalitpur",House,"Bhaisepati, Lalitpur",35000000.0,0,0,0,0,1,0,0,0,0,0,0,0,0,1
"Attractive house on sale in Bagdol, Lalitpur",House,"Bagdol, Lalitpur",54000000.0,0,0,0,0,1,0,0,0,0,0,0,0,0,1
Semi furnished residential house for sale at Budhanilkantha,House,"Budhanilkantha, Kathmandu",45000000.0,0,0,0,0,1,0,0,0,0,1,0,0,0,1
"Bungalow on sale in Pasikot, Budhanilkantha",House,"Pasikot, Kathmandu",38000000.0,1,0,0,0,0,0,0,0,0,0,0,0,0,1
"Under construction house on sale in Bhangal, Budhanilkantha",House,"Bhangal , Kathmandu",29500000.0,0,0,0,0,1,0,0,0,0,0,0,0,0,1
"Brand new house on sale in Baluwakhani, Kapan",House,"Baluwakhani, Kathmandu",34500000.0,0,0,0,0,1,0,0,0,0,0,1,0,0,1
"Newly built house on sale in Aakasedhara, Kapan",House,"Aakasedhara, Kathmandu",28500000.0,0,0,0,0,1,0,0,0,0,0,1,0,0,1
"Newly built house on sale in Katunje, Suryabinayak ",House,"Katunje, Bhaktapur",20500000.0,0,0,0,0,1,0,0,0,0,0,1,0,0,1
"Beautiful house for sale at Rudreshwor, Budhanilkantha",House,"Rudreshwor, Kathmandu",50000000.0,0,0,0,0,1,0,0,0,0,0,0,0,0,1
Bungalow on sale in Golfutar Height,House,"Golfutar, Kathmandu",29000000.0,1,0,0,0,0,0,0,0,0,0,0,0,0,1
"Attractive house for sale in Bhaisepati, Lalitpur",House,"Bhaisepati, Lalitpur",31000000.0,0,0,0,0,1,0,0,0,0,0,0,0,0,1
"House on sale in Bauthali, Chandragiri",House,"Bauthali, Kathmandu",25000000.0,0,0,0,0,1,0,0,0,0,0,0,0,0,1
Beautiful house on sale in Raniban,House,"Raniban, Kathmandu",31000000.0,0,0,0,0,1,0,0,0,0,0,0,0,0,1
"Residential house on sale Goldhunga, Tarkeshwor",House,"Goldhunga, Kathmandu",29500000.0,0,0,0,0,1,0,0,0,0,0,0,0,0,1
"Duplex house on sale in Tikathali, Imadol",House,"Tikathali, Lalitpur",29500000.0,0,0,0,1,1,0,0,0,0,0,0,0,0,1
"House on sale in land price near Maya Nursery, Kalopool",House,"Kalopool, Kathmandu",30000000.0,0,0,0,0,1,1,0,0,0,0,0,0,0,1
"House on sale in Civil Homes, Bhaisepati ",House,"Bhaisepati, Lalitpur",62500000.0,0,0,0,0,1,0,0,0,0,0,0,0,0,1
Old house on sale land price in Mid Baneshwor Kathmandu,House,"Mid Baneshwor, Kathmandu",100000000.0,0,0,0,0,1,1,0,0,0,0,0,0,0,1
"Newly built houses on sale in Sitapaila, Kathmandu ",House,"Sitapaila, Kathmandu",31000000.0,0,0,0,0,1,0,0,0,0,0,1,0,0,1
"Residential house on sale in Nakhudole, Lalitpur",House,"Nakhudole, Lalitpur",29000000.0,0,0,0,0,1,0,0,0,0,0,0,0,0,1
"Beautiful house for sale in Imadol, Lalitpur",House,"Imadol, Lalitpur",26000000.0,0,0,0,0,1,0,0,0,0,0,0,0,0,1
"Duplex house on sale in Magargaun, Lalitpur",House,"Bhaisepati, Lalitpur",41000000.0,0,0,0,1,1,0,0,0,0,0,0,0,0,1
"Attractive house on sale in Mandikatar, Kathmandu",House,"Mandikatar, Kathmandu",44500000.0,0,0,0,0,1,0,0,0,0,0,0,0,0,1
"Beautiful house on sale in Ekatabasti, Jyotinagar",House,"Jyotinagar, Kathmandu",31500000.0,0,0,0,0,1,0,0,0,0,0,0,0,0,1
"Commercial house on sale in Tilingtar, Tokha",House,"Tilingtar, Kathmandu",45000000.0,0,0,0,0,1,0,0,0,0,0,0,0,1,1
"Commercial house on sale in Nayabazar, Kathmandu",House,"Naya Bazar, Kathmandu",50000000.0,0,0,0,0,1,0,0,0,0,0,0,0,1,1
"Beautiful house on sale in Checkpost, Chandragiri",House,"Chandragiri, Kathmandu",17500000.0,0,0,0,0,1,0,0,0,0,0,0,0,0,1
"Beautiful house on sale in High Vision Colony, Chandragiri",House,"High Vision Colony, Kathmandu",26000000.0,0,0,0,0,1,0,0,0,0,0,0,0,0,1
"Beautiful house on sale at Imadol, Lalitpur",House,"Imadol, Lalitpur",65000000.0,0,0,0,0,1,0,0,0,0,0,0,0,0,1
"3 BHK house on sale in Bhaisepati, Lalitpur",House,"Bhaisepati, Lalitpur",38500000.0,0,0,0,0,1,0,0,0,1,0,0,0,0,1
"House for sale in Sitapaila, Nagarjun",House,"Sitapaila, Kathmandu",37500000.0,0,0,0,0,1,0,0,0,0,0,0,0,0,1
Guthi house for sale in Nayabasti,House,"Naya Basti, Kathmandu",23500000.0,0,0,0,0,1,0,0,0,0,0,0,0,0,1
"Residential house on sale in Pasikot, Budhanilkantha",House,"Budhanilkantha, Kathmandu",55000000.0,0,0,0,0,1,0,0,0,0,0,0,0,0,1
"Beautiful house on sale in Upper Pasikot, Budhanilkantha",House,"Pasikot, Kathmandu",53500000.0,0,0,0,0,1,0,0,0,0,0,0,0,0,1
Newly built bungalow on sale in Bhaisepati,House,"Bhaisepati, Lalitpur",50000000.0,1,0,0,0,0,0,0,0,0,0,1,0,0,1
"Beautiful house for sale in Kusunti, Lalitpur",House,"Kusunti, Lalitpur",115000000.0,0,0,0,0,1,0,0,0,0,0,0,0,0,1
"House on sale in Syuchatar, Kathmandu",House,"Syuchatar, Kathmandu",32500000.0,0,0,0,0,1,0,0,0,0,0,0,0,0,1
Luxurious bungalow on sale in Bhaisepati Aawas,House,"Bhaisepati, Lalitpur",170000000.0,1,0,0,0,0,0,0,0,0,0,0,1,0,1
"Villas for Sale at CG Village, Panauti",House,"Panauti, Kavrepalanchok",19500000.0,0,1,0,0,0,0,0,0,0,0,0,0,0,1
"Premium Villas on Sale at CG Villas, Sunakothi",House,"Sunakothi, Lalitpur",35000000.0,0,1,0,0,0,0,0,0,0,0,0,1,0,1
"Ultra Luxurious Villas on Sale at Bhaisepati Heights, CG Properties ",House,"Bhaisepati, Lalitpur",41000000.0,0,1,0,0,0,0,0,0,0,0,0,1,0,1
"House for sale at Gahana Pokhari, Kathmandu",House,"Gahana Pokhari, Kathmandu",70000000.0,0,0,0,0,1,0,0,0,0,0,0,0,0,1
"Villa for sale at Hattiban, Lalitpur",House,"Hattiban, Lalitpur",85000000.0,0,1,0,0,0,0,0,0,0,0,0,0,0,1
"Luxurious house for sale in Tahachal, Chauni",House,"Tahachal, Kathmandu",190000000.0,0,0,0,0,1,0,0,0,0,0,0,1,0,1
"Residential house for sale at Bistachhap, Godawari",House,"Bistachhap, Lalitpur",22000000.0,0,0,0,0,1,0,0,0,0,0,0,0,0,1
"Bungalow for sale at Bhimsengola, Katyani Temple",House,"Bhimsengola, Kathmandu",102000000.0,1,0,0,0,0,0,0,0,0,0,0,0,0,1
"Bungalow for sale at Battisputali, Old Baneshwor",House,"Battisputali, Kathmandu",95000000.0,1,0,0,0,0,0,0,0,0,0,0,0,0,1
"House for Sale at Kapan, Near Bhangal ",House,"Sundarbasti, Kathmandu",39000000.0,0,0,0,0,1,0,0,0,0,0,0,0,0,1
"House on sale in Besigaun, Jorpati",House,"Besigaun, Kathmandu",27000000.0,0,0,0,0,1,0,0,0,0,0,0,0,0,1
House for sale in Gokarna,House,"Gorkarneshwor, Kathmandu",13000000.0,0,0,0,0,1,0,0,0,0,0,0,0,0,1
"Newly built bungalow for sale in Kusunti, Lalitpur",House,"Kusunti, Lalitpur",40500000.0,1,0,0,0,0,0,0,0,0,0,1,0,0,1
"House on sale at Khusibu, Nayabazar",House,"Khusibu, Kathmandu",32500000.0,0,0,0,0,1,0,0,0,0,0,0,0,0,1
Brand new residential bungalow for sale in Pasikot,House,"Pasikot, Kathmandu",33000000.0,1,0,0,0,0,0,0,0,0,0,1,0,0,1
Newly built Bungalow for sale in Budhanilkantha,House,"Budhanilkantha, Kathmandu",62500000.0,1,0,0,0,0,0,0,0,0,0,1,0,0,1
"Beautiful house on sale in Baniyatar, Kathmandu",House,"Baniyatar, Kathmandu",20500000.0,0,0,0,0,1,0,0,0,0,0,0,0,0,1
"Semi furnished house on sale in Bansbari, Kathmandu",House,"Bansbari, Kathmandu",50000000.0,0,0,0,0,1,0,0,0,0,1,0,0,0,1
"Semi furnished house on rent in Imadol, Lalitpur",House,"Imadol, Lalitpur",26000000.0,0,0,0,0,1,0,0,0,0,1,0,0,0,0
"Semi bungalow house on sale in Imadol, Lalitpur",House,"Imadol, Lalitpur",23500000.0,1,0,0,0,1,0,0,0,0,0,0,0,0,1
"Semi furnished house on sale in Satdobato, Lalitpur",House,"Satdobato, Lalitpur",70000000.0,0,0,0,0,1,0,0,0,0,1,0,0,0,1
"Beautiful house on sale in Samakhusi, Tokha",House,"Samakhushi chowk, Kathmandu",29500000.0,0,0,0,0,1,0,0,0,0,0,0,0,0,1
Attractive bungalow on sale in Budhanilkantha,House,"Budhanilkantha, Kathmandu",95000000.0,1,0,0,0,0,0,0,0,0,0,0,0,0,1
"Beautiful house on sale in Gausala, Kathmandu",House,"Gaushala, Kathmandu",32500000.0,0,0,0,0,1,0,0,0,0,0,0,0,0,1
"Residential house on sale in Bhimsengola, Kathmandu",House,"Bhimsengola, Kathmandu",73500000.0,0,0,0,0,1,0,0,0,0,0,0,0,0,1
Newly built house on sale in Goldhunga Housing,House,"Goldhunga, Kathmandu",32000000.0,0,0,0,0,1,0,0,0,0,0,1,0,0,1
"Residential house for rent in Dhumbarahi, Kathmandu",House,"Dhumbarahi, Kathmandu",25000000.0,0,0,0,0,1,0,0,0,0,0,0,0,0,0
"Beautiful bungalow on sale in Budhanilkantha, Kathmandu",House,"Budhanilkantha, Kathmandu",125000000.0,1,0,0,0,0,0,0,0,0,0,0,0,0,1
"Semi furnished house on sale in Ganeshchowk, Budhanilkantha",House,"Ganesh Chowk, Kathmandu",32500000.0,0,0,0,0,1,0,0,0,0,1,0,0,0,1
Commercial Property for sale at Samakhusi,House,"Samakhusi, Kathmandu",160000000.0,0,0,0,0,0,0,0,0,0,0,0,0,1,1
Residential house on sale at Ranibari,House,"Ranibari, Kathmandu",130000000.0,0,0,0,0,1,0,0,0,0,0,0,0,0,1
"Beautiful house for sale in Rato Gumba, Nagarjun",House,"Nagarjun, Kathmandu",25000000.0,0,0,0,0,1,0,0,0,0,0,0,0,0,1
"Commercial house on sale in Pepsicola, Kathmandu",House,"Pepsicola, Kathmandu",29000000.0,0,0,0,0,1,0,0,0,0,0,0,0,1,1
Residential Property for Sale in Sanepa,House,"Sanepa, Lalitpur",190000000.0,0,0,0,0,0,0,0,0,0,0,0,0,0,1
"Beautiful house for sale at Wasik, Budhanilkantha",House,"Wasik, Kathmandu",41000000.0,0,0,0,0,1,0,0,0,0,0,0,0,0,1
Modern house for sale in Sukedhara,House,"Sukedhara, Kathmandu",45000000.0,0,0,0,0,1,0,0,0,0,0,1,0,0,1
"House for sale at Southern Heights Colony, Thaiba",House,"Thaiba, Lalitpur",50000000.0,0,0,0,0,1,0,0,0,0,0,0,0,0,1
"Residential Bungalow for sale in Katunje, Bhaktapur",House,"Katunje, Bhaktapur",95000000.0,1,0,0,0,0,0,0,0,0,0,0,0,0,1
"Residential house for sale at Subha Homes, Tokha",House,"Dhapasi, Kathmandu",47500000.0,0,0,0,0,1,0,0,0,0,0,0,0,0,1
Commercial house for sale in Basundhara,House,"Basundhara, Kathmandu",87500000.0,0,0,0,0,1,0,0,0,0,0,0,0,1,1
Flat system house for sale in Bhaisepati,House,"Bhaisepati, Lalitpur",35000000.0,0,0,1,0,1,0,0,0,0,0,0,0,0,1
"House on sale at Narayantar, Jorpati",House,"Narayantar, Kathmandu",53500000.0,0,0,0,0,1,0,0,0,0,0,0,0,0,1
"Newly built house on sale in Sukedhara Chowk, Kathmandu",House,"Sukedhara, Kathmandu",39000000.0,0,0,0,0,1,0,0,0,0,0,1,0,0,1
Residential house for sale in Ranibari,House,"Ranibari, Kathmandu",35000000.0,0,0,0,0,1,0,0,0,0,0,0,0,0,1
"Beautiful house for sale in Goldhunga, Hariyali",House,"Goldhunga, Kathmandu",25000000.0,0,0,0,0,1,0,0,0,0,0,0,0,0,1
"Magnificent house on sale in Bhisepati, Lalitpur",House,"Bhaisepati, Lalitpur",75000000.0,0,0,0,0,1,0,0,0,0,0,0,0,0,1
"Under construction house for sale in Baluwakhani, Budhanilkantha",House,"Baluwakhani, Kathmandu",31500000.0,0,0,0,0,1,0,0,0,0,0,0,0,0,1
"Newly built house on sale in  Kapan, Tenzingchowk",House,"Tenzing Chowk, Kathmandu",26500000.0,0,0,0,0,1,0,0,0,0,0,1,0,0,1
"Beautiful house on sale in Sukedhara, Kathmandu",House,"Sukedhara, Kathmandu",35000000.0,0,0,0,0,1,0,0,0,0,0,0,0,0,1
Bungalow house for sale in Narayanthan,House,"Narayanthan , Kathmandu",55000000.0,1,0,0,0,1,0,0,0,0,0,0,0,0,1
Ful furnished house on sale at Rudreshwor Chowk,House,"Rudreshwor, Kathmandu",49000000.0,0,0,0,0,1,0,0,0,0,1,0,0,0,1
"Newly Built house on sale at Bafal, Kathmandu",House,"Bafal, Kathmandu",28500000.0,0,0,0,0,1,0,0,0,0,0,1,0,0,1
"Residential house for sale at Ichangunarayan, Nagarjun",House,"Ichangu Narayan, Kathmandu",21500000.0,0,0,0,0,1,0,0,0,0,0,0,0,0,1
"House for sale at Basanti Chowk, Nagarjun",House,"Basanti Chowk, Kathmandu",22000000.0,0,0,0,0,1,0,0,0,0,0,0,0,0,1
"Residential house for sale at Tindhara, Nagarjun",House,"Tindhara, Kathmandu",22000000.0,0,0,0,0,1,0,0,0,0,0,0,0,0,1
"House for sale at Buddha Chowk, Nagarjun",House,"Buddha Chowk, Kathmandu",24000000.0,0,0,0,0,1,0,0,0,0,0,0,0,0,1
Beautiful residential bungalow for sale in Bansbari,House,"Bansbari, Kathmandu",88000000.0,1,0,0,0,0,0,0,0,0,0,0,0,0,1
"Residential house for sale in Hattigauda, Budhanilkantha",House,"Hattigaunda, Kathmandu",36500000.0,0,0,0,0,1,0,0,0,0,0,0,0,0,1
Beautiful house on sale in Dholahiti Height,House,"Dhapakhel, Lalitpur",27000000.0,0,0,0,0,1,0,0,0,0,0,0,0,0,1
Semi furnished houses on sale in Dholahiti Height,House,"Dholahiti, Lalitpur",33000000.0,0,0,0,0,1,0,0,0,0,1,0,0,0,1
"House on sale in Gwarko, Lalitpur",House,"Gwarko, Lalitpur",27000000.0,0,0,0,0,1,0,0,0,0,0,0,0,0,1
"House for sale at Amarawati Awas, Chandragiri",House,"Matatirtha, Kathmandu",20000000.0,0,0,0,0,1,0,0,0,0,0,0,0,0,1
Residential Bungalow for sale in Imadol,House,"Imadol, Lalitpur",36000000.0,1,0,0,0,0,0,0,0,0,0,0,0,0,1
"House for sale in Sitapaila, Padma Colony",House,"Sitapaila, Kathmandu",27000000.0,0,0,0,0,1,0,0,0,0,0,0,0,0,1
"Beautiful house on sale in Lalitpur, Bhaisepati",House,"Bhaisepati, Lalitpur",30000000.0,0,0,0,0,1,0,0,0,0,0,0,0,0,1
"Attractive residential house on sale in Bhaisepati, Lalitpur",House,"Bhaisepati, Lalitpur",51000000.0,0,0,0,0,1,0,0,0,0,0,0,0,0,1
New built house on sale in Kapan,House,"Kapan, Kathmandu",29800000.0,0,0,0,0,1,0,0,0,0,0,1,0,0,1
Residential Bungalow for sale in Mahalaxmisthan,House,"Mahalaxmisthan, Lalitpur",130000000.0,1,0,0,0,0,0,0,0,0,0,0,0,0,1
"House on sale near Star Hotel, Budhanilkantha Height",House,"Budhanilkantha, Kathmandu",48000000.0,0,0,0,0,1,0,0,0,0,0,0,0,0,1
"Bungalow on sale in Bhaisepati, Lalitpur",House,"Bhaisepati, Lalitpur",210000000.0,1,0,0,0,0,0,0,0,0,0,0,0,0,1
Semi furnished house on sale in Imadol,House,"Imadol, Lalitpur",23500000.0,0,0,0,0,1,0,0,0,0,1,0,0,0,1
Flat system house for sale at Satdobato,House,"Satdobato, Lalitpur",70000000.0,0,0,1,0,1,0,0,0,0,0,0,0,0,1
"Residential house for sale at Syuchatar, Kathmandu",House,"Syuchatar, Kathmandu",25000000.0,0,0,0,0,1,0,0,0,0,0,0,0,0,1
Beautiful residential house on sale in Budhanilkantha,House,"Budhanilkantha, Kathmandu",115000000.0,0,0,0,0,1,0,0,0,0,0,0,0,0,1
"Residential house on sale in Bafal, Kathmandu",House,"Bafal, Kathmandu",28500000.0,0,0,0,0,1,0,0,0,0,0,0,0,0,1
"Newly built House for sale at Civil Homes, Sitapaila",House,"Sitapaila, Kathmandu",27500000.0,0,0,0,0,1,0,0,0,0,0,1,0,0,1
"Beautiful Bungalow House for sale at Padma Colony, Sitapaila",House,"Sitapaila, Kathmandu",29500000.0,1,0,0,0,1,0,0,0,0,0,0,0,0,1
House on sale at Purano Naikap,House,"Purano Naikap, Kathmandu",48000000.0,0,0,0,0,1,0,0,0,0,0,0,0,0,1
Newly built house on urgent sale at Battisputali,House,"Battisputali, Kathmandu",32000000.0,0,0,0,0,1,0,0,0,0,0,1,0,0,1
Beautiful house for sale in Sitapaila,House,"Sitapaila, Kathmandu",31500000.0,0,0,0,0,1,0,0,0,0,0,0,0,0,1
"House for sale at Buddha chowk, Thulobharyang",House,"Thulobharyang, Kathmandu",15000000.0,0,0,0,0,1,0,0,0,0,0,0,0,0,1
"House for sale at Jorpati, Gokarneshwor",House,"Jorpati, Kathmandu",23000000.0,0,0,0,0,1,0,0,0,0,0,0,0,0,1
"House for sale at Nilbarahi, Madhyapur Thimi",House,"Nil Barahi Mandir, Bhaktapur",20000000.0,0,0,0,0,1,0,0,0,0,0,0,0,0,1
House for sale at Balaju Height,House,"Balaju, Kathmandu",57500000.0,0,0,0,0,1,0,0,0,0,0,0,0,0,1
House for sale at Ramkot,House,"Sitapaila, Kathmandu",12000000.0,0,0,0,0,1,0,0,0,0,0,0,0,0,1
"Residential house on sale in Naikap, Kalanki",House,"Naikap, Kathmandu",20000000.0,0,0,0,0,1,0,0,0,0,0,0,0,0,1
"Attractive house for sale in Machhapokhari, Kathmandu",House,"Machhapokhari, Kathmandu",30000000.0,0,0,0,0,1,0,0,0,0,0,0,0,0,1
"Beautiful house on sale in Gothatar, Kathmandu",House,"Gothatar, Kathmandu",26800000.0,0,0,0,0,1,0,0,0,0,0,0,0,0,1
"Brand new duplex house is on sale at Dhapakhel, Height",House,"Dhapakhel, Lalitpur",30000000.0,0,0,0,1,1,0,0,0,0,0,1,0,0,1
"House on sale at Simaltar, Budhanilkantha",House,"Simaltar, Kathmandu",95000000.0,0,0,0,0,1,0,0,0,0,0,0,0,0,1
Commercial house on sale at Pepsicola,House,"Pepsicola, Kathmandu",50000000.0,0,0,0,0,1,0,0,0,0,0,0,0,1,1
Residential house on sale in Mandikatar Height,House,"Budhanilkantha, Kathmandu",53500000.0,0,0,0,0,1,0,0,0,0,0,0,0,0,1
Beautiful house for sale in Satdobato,House,"Satdobato, Lalitpur",26000000.0,0,0,0,0,1,0,0,0,0,0,0,0,0,1
"Newly built house on sale in Bafal, Kathmandu",House,"Bafal, Kathmandu",24000000.0,0,0,0,0,1,0,0,0,0,0,1,0,0,1
"Semi furnished house on rent in Maharajgunj, Losal",House,"Maharajgunj, Kathmandu",30000000.0,0,0,0,0,1,0,0,0,0,1,0,0,0,0
House for sale in land price at Budhanilkantha,House,"Budhanilkantha, Kathmandu",46500000.0,0,0,0,0,1,1,0,0,0,0,0,0,0,1
Beautiful residential house for sale in Budhanilkantha,House,"Budhanilkantha, Kathmandu",36000000.0,0,0,0,0,1,0,0,0,0,0,0,0,0,1
Residential house for sale at Manamaiju,House,"Manamaiju, Kathmandu",27500000.0,0,0,0,0,1,0,0,0,0,0,0,0,0,1
"Residential House for sale at Grande Housing, Dhapasi",House,"Dhapasi, Kathmandu",42500000.0,0,0,0,0,1,0,0,0,0,0,0,1,0,1
House for sale in Balkumari,House,"Balkumari, Lalitpur",42500000.0,0,0,0,0,1,0,0,0,0,0,0,0,0,1
Commercial house for rent at Maharajgunj,House,"Maharajgunj, Kathmandu",45000000.0,0,0,0,0,1,0,0,0,0,0,0,0,1,0
Residential House on sale in Kadaghari,House,"Kadaghari, Kathmandu",27000000.0,0,0,0,0,1,0,0,0,0,0,0,0,0,1
"Newly built house for sale near Grande Housing, Dhapasi",House,"Dhapasi, Kathmandu",28500000.0,0,0,0,0,1,0,0,0,0,0,1,1,0,1
"House on sale near Harmony Housing, Tokha",House,"Tokha, Kathmandu",29000000.0,0,0,0,0,1,0,0,0,0,0,0,0,0,1
"Beautiful house for sale in Kantipur Colony, Nakhipot",House,"Nakhipot, Lalitpur",32000000.0,0,0,0,0,1,0,0,0,0,0,0,0,0,1
Colony House for sale at Goldhunga Heights,House,"Goldhunga, Kathmandu",30000000.0,0,0,0,0,1,0,0,0,0,0,0,0,0,1
"Newly built house is on sale Italitar, Budhanilkantha",House,"Italitar, Kathmandu",77500000.0,0,0,0,0,1,0,0,0,0,0,1,0,0,1
"Beautiful house for sale in Macchegaun, Chandragiri",House,"Machhe Gaun, Kathmandu",14000000.0,0,0,0,0,1,0,0,0,0,0,0,0,0,1
"Beautiful house on sale in Imadol, Lalitpur",House,"Imadol, Lalitpur",16500000.0,0,0,0,0,1,0,0,0,0,0,0,0,0,1
"Beautiful house on sale at Nakhipot, Lalitpur",House,"Nakhipot, Lalitpur",24000000.0,0,0,0,0,1,0,0,0,0,0,0,0,0,1
"Residential house for sale in Chapali, Bhangal",House,"Chapali, Kathmandu",28000000.0,0,0,0,0,1,0,0,0,0,0,0,0,0,1
"Semi furnished house on sale at Fulbari Colony, Budhanilkantha",House,"Phulbari Colony, Kathmandu",92000000.0,0,0,0,0,1,0,0,0,0,1,0,0,0,1
"Beautiful house on sale at Jarankhu, Kathmandu",House,"Jarankhu, Kathmandu",35000000.0,0,0,0,0,1,0,0,0,0,0,0,0,0,1
"House for sale in land price at Koteshwor, Kathmandu",House,"Koteshwor, Kathmandu",27500000.0,0,0,0,0,1,1,0,0,0,0,0,0,0,1
"Bungalow house on sale at Hattigauda, Budhanilkantha",House,"Hattigaunda, Kathmandu",36500000.0,1,0,0,0,1,0,0,0,0,0,0,0,0,1
"Semi furnished house on sale in Hattigauda, Budhanilkantha",House,"Hattigaunda, Kathmandu",45000000.0,0,0,0,0,1,0,0,0,0,1,0,0,0,1
"House for sale in Matatirtha, Chandragiri",House,"Matatirtha, Kathmandu",20000000.0,0,0,0,0,1,0,0,0,0,0,0,0,0,1
"Attractive residential house on sale in Balkhu, Kathmandu",House,"Balkhu, Kathmandu",72000000.0,0,0,0,0,1,0,0,0,0,0,0,0,0,1
"Furnished House for rent near Basketball Court, Golfutar",House,"Golfutar, Kathmandu",25000000.0,0,0,0,0,1,0,0,0,0,1,0,0,0,0
"House in Sale at Taukhel, Godawari ",House,"Taukhel, Lalitpur",30000000.0,0,0,0,0,1,0,0,0,0,0,0,0,0,1
Fully furnished house for rent at Chhauni,House,"Chhauni, Kathmandu",26000000.0,0,0,0,0,1,0,0,0,0,1,0,0,0,0
House on sale in land price at Mandikhatar,House,"Mandikhatar, Kathmandu",18500000.0,0,0,0,0,1,1,0,0,0,0,0,0,0,1
"Bungalow For Sale At Deuba Chowk, Budhanilkantha",House,"Deuwa chowk, Kathmandu",45000000.0,1,0,0,0,0,0,0,0,0,0,0,0,0,1
"Semi Bungalow House On Sale At Hattigaunda, Budhanilkatha",House,"Hattigaunda, Kathmandu",45000000.0,1,0,0,0,1,0,0,0,0,0,0,0,0,1
"House for sale at Nakkhu, Bhaisepati",House,"Nakkhu, Lalitpur",39500000.0,0,0,0,0,1,0,0,0,0,0,0,0,0,1
"House On Sale In Shanta Colony, Hepali Height",House,"Hepali Height, Kathmandu",45000000.0,0,0,0,0,1,0,0,0,0,0,0,0,0,1
Residential house on sale at Bhadrabas,House,"Bhadrabas, Kathmandu",12500000.0,0,0,0,0,1,0,0,0,0,0,0,0,0,1
Bungalow For Sale At Dhapasi Tokha,House,"Dhapasi, Kathmandu",41000000.0,1,0,0,0,0,0,0,0,0,0,0,0,0,1
"House On Sale At Manjushree marga, Bhaisepati",House,"Bhaisepati, Lalitpur",38000000.0,0,0,0,0,1,0,0,0,0,0,0,0,0,1
Semi Bungalow House On Sale At Dhapasi,House,"Dhapasi, Kathmandu",37500000.0,1,0,0,0,1,0,0,0,0,0,0,0,0,1
"Bungalow On Sale At Hattigaunda, Budhanilkantha",House,"Hattigaunda, Kathmandu",65000000.0,1,0,0,0,0,0,0,0,0,0,0,0,0,1
"Beautiful bungalow for sale in Hattiban, Lalitpur",House,"Hattiban, Lalitpur",90000000.0,1,0,0,0,0,0,0,0,0,0,0,0,0,1
Colony House for sale at Balkhu,House,"Balkhu, Lalitpur",24900000.000000004,0,0,0,0,1,0,0,0,0,0,0,0,0,1
"Residential house for sale in Changunarayan, Bhaktapur",House,"Bhaktapur, Bhaktapur",14000000.0,0,0,0,0,1,0,0,0,0,0,0,0,0,1
"Residential House on sale in Rudreshwor, Budhanilkantha",House,"Rudreshwor, Kathmandu",59500000.0,0,0,0,0,1,0,0,0,0,0,0,0,0,1
House for sale at Jarankhu,House,"Jarankhu, Kathmandu",35000000.0,0,0,0,0,1,0,0,0,0,0,0,0,0,1
"House for sale at Kapan, Paiyutar",House,"Paiyuntar, Kathmandu",30000000.0,0,0,0,0,1,0,0,0,0,0,0,0,0,1
"Residential house for sale in Budhanilkantha, Kathmandu",House,"Budhanilkantha, Kathmandu",50000000.0,0,0,0,0,1,0,0,0,0,0,0,0,0,1
"Under construction house on sale at Ganesh Chowk, Budhanilkantha",House,"Ganesh Chowk, Kathmandu",45000000.0,0,0,0,0,1,0,0,0,0,0,0,0,0,1
"Beautiful house on sale at Kalimati, Kathmandu",House,"Kalimati, Kathmandu",82000000.0,0,0,0,0,1,0,0,0,0,0,0,0,0,1
House for sale at Kalikasthan,House,"Kalikasthan, Kathmandu",25000000.0,0,0,0,0,1,0,0,0,0,0,0,0,0,1
"Newly built house on sale near Karuna Hospital, Budhanilkantha",House,"Budhanilkantha, Kathmandu",29800000.0,0,0,0,0,1,0,0,0,0,0,1,0,0,1
"Beautiful house for sale in Gurjudhara, Kalanki",House,"Gurjudhara, Kathmandu",19000000.0,0,0,0,0,1,0,0,0,0,0,0,0,0,1
Flat system residential house on sale at Thulobharyang,House,"Thulobharyang, Kathmandu",29000000.0,0,0,1,0,1,0,0,0,0,0,0,0,0,1
"Beautiful house for sale in Bansbari, Kathmandu",House,"Bansbari, Kathmandu",96000000.0,0,0,0,0,1,0,0,0,0,0,0,0,0,1
"Semi bungalow house for sale at Dhapasi Height, Kathmandu",House,"Dhapasi, Kathmandu",23000000.0,1,0,0,0,1,0,0,0,0,0,0,0,0,1
Residential house for sale at Bhadrabas,House,"Bhadrabas, Kathmandu",12500000.0,0,0,0,0,1,0,0,0,0,0,0,0,0,1
"Residential house for sale at Bagdol, Lalitpur",House,"Bagdol, Lalitpur",55000000.0,0,0,0,0,1,0,0,0,0,0,0,0,0,1
Beautiful Bungalow for sale at Dhapasi Height,House,"Dhapasi, Kathmandu",125000000.0,1,0,0,0,0,0,0,0,0,0,0,0,0,1
"Bungalow house for sale at Ganesh Chowk, Budhanilkantha",House,"Ganesh Chowk, Kathmandu",67500000.0,1,0,0,0,1,0,0,0,0,0,0,0,0,1
"Fully furnished bungalow for sale in Bhaisepati, Lalitpur",House,"Bhaisepati, Lalitpur",150000000.0,1,0,0,0,0,0,0,0,0,1,0,0,0,1
"Beautiful house for sale at Kapan, Kathmandu ",House,"Kapan, Kathmandu",36000000.0,0,0,0,0,1,0,0,0,0,0,0,0,0,1
"Under construction house for sale in Siddhartha Colony, Budhanilkantha",House,"Siddhartha Colony, Kathmandu",35000000.0,0,0,0,0,1,0,0,0,0,0,0,0,0,1
"Semi furnished house on sale at Narayanthan, Budhanilkantha",House,"Narayanthan , Kathmandu",42500000.0,0,0,0,0,1,0,0,0,0,1,0,0,0,1
"House on sale at Nakkhu, Bhaisepati",House,"Nakkhu, Lalitpur",53000000.0,0,0,0,0,1,0,0,0,0,0,0,0,0,1
"House for sale in Mangal Colony, Bhaisepati",House,"Bhaisepati, Lalitpur",40000000.0,0,0,0,0,1,0,0,0,0,0,0,0,0,1
Luxurious Bungalow for sale in Bhaisepati,House,"Bhaisepati, Lalitpur",150000000.0,1,0,0,0,0,0,0,0,0,0,0,1,0,1
"Residential house for sale in Hattigauda Chowk, Budhanilkantha",House,"Hattigaunda, Kathmandu",36500000.0,0,0,0,0,1,0,0,0,0,0,0,0,0,1
"Residential house on sale Near Medicity, Bhaisepati",House,"Bhaisepati, Lalitpur",39900000.0,0,0,0,0,1,0,0,0,0,0,0,0,0,1
Newly built residential house for sale in Budhanilkantha,House,"Sundarbasti, Kathmandu",38500000.0,0,0,0,0,1,0,0,0,0,0,1,0,0,1
"Brand new semi bungalow house for sale in Sundarbasti, Budhanilkantha",House,"Sundarbasti, Kathmandu",38500000.0,1,0,0,0,1,0,0,0,0,0,1,0,0,1
"Premium Residential house for sale in Ramkot, Sitapaila",House,"Sitapaila, Kathmandu",67400000.0,0,0,0,0,1,0,0,0,0,0,0,1,0,1
"Beautiful house for sale in Kathmandu, Budhanilkantha",House,"Budhanilkantha, Kathmandu",110000000.0,0,0,0,0,1,0,0,0,0,0,0,0,0,1
"House for sale in Gothatar, Kathmandu",House,"Gothatar, Kathmandu",14000000.0,0,0,0,0,1,0,0,0,0,0,0,0,0,1
"Residential house for sale in Ganeshthan, Gongabhu",House,"Gongabu, Kathmandu",31500000.0,0,0,0,0,1,0,0,0,0,0,0,0,0,1
"Bungalow for sale near Wai Wai Factory, Bhaisepati",House,"Bhaisepati, Lalitpur",47500000.0,1,0,0,0,0,0,0,0,0,0,0,0,0,1
"House on sale in Jarankhu, Tarkeshwor",House,"Jarankhu, Kathmandu",25000000.0,0,0,0,0,1,0,0,0,0,0,0,0,0,1
Residential Bungalow for sale at Dhapakhel,House,"Dhapakhel, Lalitpur",18500000.0,1,0,0,0,0,0,0,0,0,0,0,0,0,1
"House for sale at Sudal, Changunarayan",House,"Sudal, Bhaktapur",21000000.0,0,0,0,0,1,0,0,0,0,0,0,0,0,1
"Residential house for sale in Khumaltar, Lalitpur",House,"Khumaltar, Lalitpur",35000000.0,0,0,0,0,1,0,0,0,0,0,0,0,0,1
"Three houses for sale at Kantipur Colony, Nakhipot",House,"Nakhipot, Lalitpur",27500000.0,0,0,0,0,1,0,0,0,0,0,0,0,0,1
"House for sale in Aarubari, Gokarneshwor",House,"Aarubari, Kathmandu",19000000.0,0,0,0,0,1,0,0,0,0,0,0,0,0,1
"House for sale in Baluwa, Gokarneshwar",House,"Baluwa, Kathmandu",19000000.0,0,0,0,0,1,0,0,0,0,0,0,0,0,1
"Brand new house on sale in Deuwa Chowk, Budhanilkantha",House,"Deuwa chowk, Kathmandu",52500000.0,0,0,0,0,1,0,0,0,0,0,1,0,0,1
"House for sale in Kalanki, Tinthana",House,"Tinthana, Kathmandu",19800000.0,0,0,0,0,1,0,0,0,0,0,0,0,0,1
"Brand new bungalow for sale in Machhegaun, Kritipur",House,"Machhegaun , Kathmandu",45000000.0,1,0,0,0,0,0,0,0,0,0,1,0,0,1
"House for sale at Imadol, Kamalpokhari",House,"Imadol, Lalitpur",26500000.0,0,0,0,0,1,0,0,0,0,0,0,0,0,1
House for sale behind Satdobato Swimming Pool,House,"Satdobato, Lalitpur",45000000.0,0,0,0,0,1,0,0,0,0,0,0,0,0,1
"Non furnished house for sale in Dhungedhara, Swoyambhu",House,"Swoyambhu, Kathmandu",110000000.0,0,0,0,0,1,0,0,0,0,1,0,0,0,1
"Under construction house for sale in Imadol, Lalitpur ",House,"Imadol, Lalitpur",27500000.0,0,0,0,0,1,0,0,0,0,0,0,0,0,1
Semi furnished house for sale at Sinamangal,House,"Sinamangal, Kathmandu",45000000.0,0,0,0,0,1,0,0,0,0,1,0,0,0,1
Semi furnished house for sale in Khumaltar,House,"Khumaltar, Lalitpur",42500000.0,0,0,0,0,1,0,0,0,0,1,0,0,0,1
"House for sale near Bhatbhateni, Radhe Radhe, Bhaktapur",House,"Radhe Radhe, Bhaktapur",62500000.0,0,0,0,0,1,0,0,0,0,0,0,0,0,1
"Attractive house for sale in Dhapakhel, Height",House,"Dhapakhel, Lalitpur",42000000.0,0,0,0,0,1,0,0,0,0,0,0,0,0,1
"Beautiful house for sale in Chunikhel, Budhanilkantha",House,"Chunikhel, Kathmandu",15500000.0,0,0,0,0,1,0,0,0,0,0,0,0,0,1
"Newly built house on sale in Kapan, Baluwakhani",House,"Kapan, Kathmandu",33500000.0,0,0,0,0,1,0,0,0,0,0,1,0,0,1
"Beautiful house for sale in Surya Darshan Height, Tokha ",House,"SuryadaRs.han Height, Kathmandu",32500000.0,0,0,0,0,1,0,0,0,0,0,0,0,0,1
"Beautiful house for sale in Khumaltar, Dhapakhel",House,"Dhapakhel, Lalitpur",29000000.0,0,0,0,0,1,0,0,0,0,0,0,0,0,1
Under construction house for sale in Budhanilkantha,House,"Budhanilkantha, Kathmandu",32000000.0,0,0,0,0,1,0,0,0,0,0,0,0,0,1
"Beautiful house for sale in Kathmandu,  Budhanilkantha",House,"Budhanilkantha, Kathmandu",32500000.0,0,0,0,0,1,0,0,0,0,0,0,0,0,1
"House on Sale in Sukedhara ,Only 300 meters from Ring Road",House,"Sukedhara, Kathmandu",49500000.0,0,0,0,0,1,0,0,0,0,0,0,0,0,1
Furnished House on sale at a gated colony of Bhaisepati,House,"Bhaisepati, Lalitpur",55000000.0,0,0,0,0,1,0,0,0,0,1,0,0,0,1
Booking open for newly built houses at Budhanilkantha,House,"Budhanilkantha, Kathmandu",42500000.0,0,0,0,0,1,0,0,0,0,0,1,0,0,0
Residential bungalow for sale at Sanepa,House,"Sanepa, Lalitpur",77500000.0,1,0,0,0,0,0,0,0,0,0,0,0,0,1
Residential house for sale in Boharatar,House,"Boharatar, Kathmandu",20000000.0,0,0,0,0,1,0,0,0,0,0,0,0,0,1
"Semi furnished house on sale in Budhanilkantha, Kathmandu",House,"Budhanilkantha, Kathmandu",48000000.0,0,0,0,0,1,0,0,0,0,1,0,0,0,1
"House on sale at Gundu, Bhaktapur",House,"Gundu, Bhaktapur",105000000.0,0,0,0,0,1,0,0,0,0,0,0,0,0,1
"Full furnished house for sale in Jhamsikhel, Lalitpur",House,"Jhamsikhel, Lalitpur",40000000.0,0,0,0,0,1,0,0,0,0,1,0,0,0,1
"House for sale in Kusunti, Ekantakuna",House,"Ekantakuna, Lalitpur",36000000.0,0,0,0,0,1,0,0,0,0,0,0,0,0,1
"Luxurious Villas available at Downtown Housing, Bhaisepati",House,"Bhaisepati, Lalitpur",36500000.0,0,1,0,0,0,0,0,0,0,0,0,1,0,0
"Bungalow house for sale at Grande Villa, Tokha",House,"Grande Villa, Kathmandu",53500000.0,1,1,0,0,1,0,0,0,0,0,0,1,0,1
Brand new residential bungalow house for sale at Budhanilkantha,House,"Budhanilkantha, Kathmandu",50000000.0,1,0,0,0,1,0,0,0,0,0,1,0,0,1
"Beautiful house for sale in Budhanilkantha, Kathmandu",House,"Budhanilkantha, Kathmandu",35000000.0,0,0,0,0,1,0,0,0,0,0,0,0,0,1
"Residential house for sale in Saibu, Bhaisepati",House,"Sainbu, Lalitpur",30000000.0,0,0,0,0,1,0,0,0,0,0,0,0,0,1
"Residential house for sale in Pepsicola, Kathmandu",House,"Pepsicola, Kathmandu",26000000.0,0,0,0,0,1,0,0,0,0,0,0,0,0,1
Booking open for under construction house at Thankot Checkpost,House,"Thankot, Kathmandu",19500000.0,0,0,0,0,1,0,0,0,0,0,0,0,0,0
Commercial property for sale at Thamel,House,"Thamel, Kathmandu",130000000.0,0,0,0,0,0,0,0,0,0,0,0,0,1,1
House on sale at Sanobharyang Housing,House,"Sanobharyang, Kathmandu",45000000.0,0,0,0,0,1,0,0,0,0,0,0,0,0,1
Bungalow house for sale in Khusibu Townplanning,House,"Khusibu, Kathmandu",105000000.0,1,0,0,0,1,0,0,0,0,0,0,0,0,1
Semi furnished bungalow for sale at Sukedhara,House,"Sukedhara, Kathmandu",70000000.0,1,0,0,0,0,0,0,0,0,1,0,0,0,1
"House on sale in Khadpu, Dhulikhel",House,"Khadpu, Kavrepalanchok",13500000.0,0,0,0,0,1,0,0,0,0,0,0,0,0,1
Under Construction house on sale at Thulobharyang,House,"Thulobharyang, Kathmandu",35000000.0,0,0,0,0,1,0,0,0,0,0,0,0,0,1
"Brand new house for sale in Imadol, Nayabasti",House,"Imadol, Lalitpur",20500000.0,0,0,0,0,1,0,0,0,0,0,1,0,0,1
Full furnished house for sale in Thankot,House,"Thankot, Kathmandu",30000000.0,0,0,0,0,1,0,0,0,0,1,0,0,0,1
"Residential house on sale in Lazimpat, Kathmandu",House,"Lazimpat, Kathmandu",22500000.0,0,0,0,0,1,0,0,0,0,0,0,0,0,1
"Beautiful house for sale in Tokha, Kathmandu",House,"Tokha, Kathmandu",24000000.0,0,0,0,0,1,0,0,0,0,0,0,0,0,1
"Residential house for sale at Ganesh Chowk, Budhanilkantha",House,"Ganesh Chowk, Kathmandu",65000000.0,0,0,0,0,1,0,0,0,0,0,0,0,0,1
"Beautiful house for sale in Checkpost, Chandragiri",House,"Chandragiri, Kathmandu",18500000.0,0,0,0,0,1,0,0,0,0,0,0,0,0,1
Full furnished house for sale in Maharajgunj,House,"Maharajgunj, Kathmandu",90000000.0,0,0,0,0,1,0,0,0,0,1,0,0,0,1
"Semi furnished house for sale in Khumaltar, Lalitpur",House,"Khumaltar, Lalitpur",40000000.0,0,0,0,0,1,0,0,0,0,1,0,0,0,1
"Beautiful house for sale in Kapan, Kathmandu",House,"Kapan, Kathmandu",16000000.0,0,0,0,0,1,0,0,0,0,0,0,0,0,1
"Newly built house on sale in Bhangal, Budhanilkantha",House,"Budhanilkantha, Kathmandu",39000000.0,0,0,0,0,1,0,0,0,0,0,1,0,0,1
Attractive house for sale at Bansbari,House,"Bansbari, Kathmandu",62500000.0,0,0,0,0,1,0,0,0,0,0,0,0,0,1
Beautiful old house for sale at Bansbari,House,"Bansbari, Kathmandu",62500000.0,0,0,0,0,1,0,0,0,0,0,0,0,0,1
"Residential house for sale at New Plaza Road, Putalisadak",House,"Putalisadak, Kathmandu",85000000.0,0,0,0,0,1,0,0,0,0,0,1,0,0,1
Residential house on sale in Kalanki,House,"Kalanki, Kathmandu",32000000.0,0,0,0,0,1,0,0,0,0,0,0,0,0,1
"Semi furnished house for sale in Fulbari, Budhanilkantha",House,"Budhanilkantha, Kathmandu",70000000.0,0,0,0,0,1,0,0,0,0,1,0,0,0,1
Bungalow house for sale at Golfutar,House,"Golfutar, Kathmandu",31500000.0,1,0,0,0,1,0,0,0,0,0,0,0,0,1
"House on urgent sale at Pasikot, Budhanilkantha",House,"Pasikot, Kathmandu",33000000.0,0,0,0,0,1,0,0,0,0,0,0,0,0,1
"Luxurious house for sale in Budhanilkantha, Rudreshwor",House,"Rudreshwor, Kathmandu",57500000.0,0,0,0,0,1,0,0,0,0,0,0,1,0,1
"House for sale near Milan Chowk, Kapan",House,"Kapan, Kathmandu",29500000.0,0,0,0,0,1,0,0,0,0,0,0,0,0,1
Residential house for sale near Sukedhara,House,"Sukedhara, Kathmandu",22500000.0,0,0,0,0,1,0,0,0,0,0,0,0,0,1
Bungalow for sale at Bishalnagar,House,"Bishalnagar, Kathmandu",100000000.0,1,0,0,0,0,0,0,0,0,0,0,0,0,1
Fully furnished house for sale in Budhanilkantha,House,"Budhanilkantha, Kathmandu",67500000.0,0,0,0,0,1,0,0,0,0,1,0,0,0,1
Modern house for sale at Pasikot,House,"Pasikot, Kathmandu",33500000.0,0,0,0,0,1,0,0,0,0,0,1,0,0,1
Brand new residential bungalow house on sale in Budhanilkantha,House,"Budhanilkantha, Kathmandu",175000000.0,1,0,0,0,1,0,0,0,0,0,1,0,0,1
"Booking open for luxurious house at Madhuban Homes, Budhanilkantha",House,"Deuwa Niwas, Kathmandu",41500000.0,0,0,0,0,1,0,0,0,0,0,0,1,0,0
Residential house on sale at Harishiddhi,House,"Harisiddhi, Lalitpur",30000000.0,0,0,0,0,1,0,0,0,0,0,0,0,0,1
Residential house for sale at Nepaltar,House,"Nepaltar, Kathmandu",21000000.0,0,0,0,0,1,0,0,0,0,0,0,0,0,1
"Brand new house on sale at Checkpost, Chandragiri",House,"Thankot, Kathmandu",26000000.0,0,0,0,0,1,0,0,0,0,0,1,0,0,1
House on sale at Setipakha,House,"Setipakha, Lalitpur",31000000.0,0,0,0,0,1,0,0,0,0,0,0,0,0,1
"Residential house for sale near Akasedhara Petrol Pump, Ekatabasti",House,"Ekatabasti, Kathmandu",16000000.0,0,0,0,0,1,0,0,0,0,0,0,0,0,1
"Residential house for sale in Budhanilkantha, Kathmandu",House,"Budhanilkantha, Kathmandu",33500000.0,0,0,0,0,1,0,0,0,0,0,0,0,0,1
Commercial house for sale at Sorhakhutte,House,"Sorhakhutte, Kathmandu",45000000.0,0,0,0,0,1,0,0,0,0,0,0,0,1,1
"Full furnished house on sale at Bhaisepati, Lalitpur",House,"Bhaisepati, Lalitpur",14000000.0,0,0,0,0,1,0,0,0,0,1,0,0,0,1
"Furnished bungalow for sale at Thado Dhunga, Lalitpur",House,"Thado Dhunga, Lalitpur",18000000.0,1,0,0,0,0,0,0,0,0,1,0,0,0,1
"Beautiful house for sale in Tempo Park, Imadol",House,"Imadol, Lalitpur",34500000.0,0,0,0,0,1,0,0,0,0,0,0,0,0,1
"Residential house for sale near Buddha Party Palace, Imadol",House,"Imadol, Lalitpur",14500000.0,0,0,0,0,1,0,0,0,0,0,0,0,0,1
"Residential house on sale in Budhanilkantha, Kathmandu",House,"Budhanilkantha, Kathmandu",18500000.0,0,0,0,0,1,0,0,0,0,0,0,0,0,1
"Beautiful house on sale in Nayabazar, Khusibu",House,"Naya Bazar, Kathmandu",77500000.0,0,0,0,0,1,0,0,0,0,0,0,0,0,1
Residential house for sale at Dahachowk,House,"Dahachowk, Kathmandu",17500000.0,0,0,0,0,1,0,0,0,0,0,0,0,0,1
"House on sale at Khadpu, Dhulikhel",House,"Khadpu, Kavrepalanchok",14500000.0,0,0,0,0,1,0,0,0,0,0,0,0,0,1
"Semi furnished house for sale in Bhaisepati, Lalitpur",House,"Bhaisepati, Lalitpur",44000000.0,0,0,0,0,1,0,0,0,0,1,0,0,0,1
"Brand new house on sale near Tempo Park, Imadol",House,"Imadol, Lalitpur",36000000.0,0,0,0,0,1,0,0,0,0,0,1,0,0,1
Attractive house on sale at Budhanilkantha,House,"Budhanilkantha, Kathmandu",75000000.0,0,0,0,0,1,0,0,0,0,0,0,0,0,1
"Attractive house on sale in Budhanilkantha, Kathmandu",House,"Budhanilkantha, Kathmandu",39500000.0,0,0,0,0,1,0,0,0,0,0,0,0,0,1
"Commercial house for sale in Khichapokhari, Newroad",House,"New Road, Kathmandu",45000000.0,0,0,0,0,1,0,0,0,0,0,1,0,1,1
"Beautiful house for sale in Dhaneshwor, Banepa",House,"Banepa, Kavrepalanchok",20000000.0,0,0,0,0,1,0,0,0,0,0,0,0,0,1
"Commercial house for sale at Khichapokhari, Newroad",House,"New Road, Kathmandu",22500000.0,0,0,0,0,1,0,0,0,0,0,1,0,1,1
Semi furnished house for sale in Sitapaila,House,"Sitapaila, Kathmandu",30000000.0,0,0,0,0,1,0,0,0,0,1,0,0,0,1
"Beautiful house for sale in Kapan, Budhanilkantha",House,"Kapan, Kathmandu",33800000.0,0,0,0,0,1,0,0,0,0,0,0,0,0,1
Brand new house for sale in Kapan Budhanilkantha,House,"Kapan, Kathmandu",18500000.0,0,0,0,0,1,0,0,0,0,0,1,0,0,1
"House for rent in Man Bhawan, Lalitpur",House,"Manbhawan, Lalitpur",20000000.0,0,0,0,0,1,0,0,0,0,0,0,0,0,0
Single storey house for sale at Kapan,House,"Kapan, Kathmandu",14000000.0,0,0,0,0,1,0,0,0,0,0,0,0,0,1
"Beautiful house on sale in Kathmandu, Budhanilkantha",House,"Budhanilkantha, Kathmandu",26000000.0,0,0,0,0,1,0,0,0,0,0,0,0,0,1
"Beautiful house for sale in Gopikrishna, Chabahil",House,"Gopikrishna Hall, Kathmandu",28500000.0,0,0,0,0,1,0,0,0,0,0,0,0,0,1
"Colony House for sale at Grande Villa, Tokha",House,"Grande Villa, Kathmandu",39000000.0,0,1,0,0,1,0,0,0,0,0,0,1,0,1
Booking open for residential house at Nakhipot,House,"Nakhipot, Lalitpur",29000000.0,0,0,0,0,1,0,0,0,0,0,0,0,0,0
"Residential house on sale near West Wing School, Lubhu",House,"Lubhu, Lalitpur",17500000.0,0,0,0,0,1,0,0,0,0,0,0,0,0,1
"Beauitiful house for sale in Budhanilkantha, Kathmandu",House,"Budhanilkantha, Kathmandu",33500000.0,0,0,0,0,1,0,0,0,0,0,0,0,0,1
"House for sale in Sirutar, Bhaktapur",House,"Sirutar, Bhaktapur",26500000.0,0,0,0,0,1,0,0,0,0,0,0,0,0,1
"House on sale in Panga, Kirtipur",House,"Panga, Kathmandu",27500000.0,0,0,0,0,1,0,0,0,0,0,0,0,0,1
"Attractive house for sale in Budhanilkantha, Kathmandu",House,"Budhanilkantha, Kathmandu",60000000.0,0,0,0,0,1,0,0,0,0,0,0,0,0,1
"House on sale behind of Civil Homes, Khumaltar",House,"Khumaltar, Lalitpur",28500000.0,0,0,0,0,1,0,0,0,0,0,0,0,0,1
"House on sale near Madan Bhandari College, Anamnagar",House,"Anamnagar, Kathmandu",13000000.0,0,0,0,0,1,0,0,0,0,0,0,0,0,1
"Beautiful house on sale near Greenhill City Housing, Kageshwori",House,"Greenhill City, Kathmandu",25500000.0,0,0,0,0,1,0,0,0,0,0,0,0,0,1
"House for sale in Golfutar, Budhanilkantha",House,"Golfutar, Kathmandu",39000000.0,0,0,0,0,1,0,0,0,0,0,0,0,0,1
"Beautiful house for sale in Budhanilkantha, Kathmandu",House,"Budhanilkantha, Kathmandu",42500000.0,0,0,0,0,1,0,0,0,0,0,0,0,0,1
"Brand New House On Sale At Birendra Chowk, Kadaghari",House,"Birendra Chowk, Kathmandu",40000000.0,0,0,0,0,1,0,0,0,0,0,1,0,0,1
"Beautiful house for sale in Budhanilkantha, Kathmandu",House,"Budhanilkantha, Kathmandu",75000000.0,0,0,0,0,1,0,0,0,0,0,0,0,0,1
"Residential house for sale at Civil Homes, Khumaltar",House,"Khumaltar, Lalitpur",36500000.0,0,0,0,0,1,0,0,0,0,0,0,0,0,1
"House for Sale at Jawalakhel, Lalitpur",House,"Jawalakhel, Lalitpur",110000000.0,0,0,0,0,1,0,0,0,0,0,0,0,0,1
"House for sale in Jyotinagar, Budhanilkantha",House,"Jyotinagar, Kathmandu",38800000.0,0,0,0,0,1,0,0,0,0,0,0,0,0,1
"House for sale at Southern Heights Housing, Thaiba",House,"Thaiba, Lalitpur",45000000.0,0,0,0,0,1,0,0,0,0,0,0,0,0,1
"House on sale near Balkumari, Lalitpur",House,"Balkumari, Lalitpur",35000000.0,0,0,0,0,1,0,0,0,0,0,0,0,0,1
"House for sale beside LRI School, Kalanki",House,"Kalanki, Kathmandu",24000000.0,0,0,0,0,1,0,0,0,0,0,0,0,0,1
"Semi furnished house for sale in Gokul Aawash, Bhaisepati",House,"Bhaisepati, Lalitpur",59500000.0,0,0,0,0,1,0,0,0,0,1,0,0,0,1
"Beautiful house for sale in Bhaisepati, Lalitpur",House,"Bhaisepati, Lalitpur",41000000.0,0,0,0,0,1,0,0,0,0,0,0,0,0,1
"House on sale near Venus Hospital, Mid Baneshwor",House,"Mid Baneshwor, Kathmandu",70000000.0,0,0,0,0,1,0,0,0,0,0,0,0,0,1
Residential bungalow for sale in Hattigauda,House,"Hattigaunda, Kathmandu",59000000.0,1,0,0,0,0,0,0,0,0,0,0,0,0,1
"Brand new bungalow for sale in Hepali Height, Budhanilkantha",House,"Hepali Height, Kathmandu",45500000.0,1,0,0,0,0,0,0,0,0,0,1,0,0,1
"House for sale at Nayabasti, Gokarneshwor",House,"Naya Basti, Kathmandu",20500000.0,0,0,0,0,1,0,0,0,0,0,0,0,0,1
"House for sale in Tokha Road, Gongabu",House,"Gongabu, Kathmandu",37500000.0,0,0,0,0,1,0,0,0,0,0,0,0,0,1
"House on sale in Santa Colony, Golfutar",House,"Golfutar, Kathmandu",43500000.0,0,0,0,0,1,0,0,0,0,0,0,0,0,1
House on Sale at Manamaiju,House,"Manamaiju, Kathmandu",32500000.0,0,0,0,0,1,0,0,0,0,0,0,0,0,1
"House on sale in Grande, Dhapasi Kathmandu",House,"Dhapasi, Kathmandu",31000000.0,0,0,0,0,1,0,0,0,0,0,0,1,0,1
"House on sale at Banasthali, Kharibot",House,"Banasthali, Kathmandu",31000000.0,0,0,0,0,1,0,0,0,0,0,0,0,0,1
Brand new residential bungalow house for sale in Budhanilkantha,House,"Budhanilkantha, Kathmandu",47500000.0,1,0,0,0,1,0,0,0,0,0,1,0,0,1
"House on sale in Manjushree Marga, Bhaisepati",House,"Manjushree Marga, Lalitpur",27500000.0,0,0,0,0,1,0,0,0,0,0,0,0,0,1
"Semi furnished house for sale in Budhanilkantha, Kathmandu",House,"Budhanilkantha, Kathmandu",32000000.0,0,0,0,0,1,0,0,0,0,1,0,0,0,1
Beautiful house for sale in Handigaun,House,"Handigaun, Kathmandu",52500000.0,0,0,0,0,1,0,0,0,0,0,0,0,0,1
Comfort house on sale at Chakupat,House,"Chakupat, Lalitpur",60000000.0,0,0,0,0,1,0,0,0,0,0,0,0,0,1
"Brand new house for sale at Sundarbasti, Budhanilkantha",House,"Sundarbasti, Kathmandu",24500000.0,0,0,0,0,1,0,0,0,0,0,1,0,0,1
"Newly built house for sale near Deuba Chowk, Budhanilkantha",House,"Deuwa chowk, Kathmandu",70000000.0,0,0,0,0,1,0,0,0,0,0,1,0,0,1
"House on sale at Dhaulagiri Aawas, Satungal",House,"Satungal, Kathmandu",21500000.0,0,0,0,0,1,0,0,0,0,0,0,0,0,1
Semi furnished bungalow on sale at Hattigauda,House,"Hattigaunda, Kathmandu",57500000.0,1,0,0,0,0,0,0,0,0,1,0,0,0,1
"House on sale next to Alice Restaurant, Naxal",House,"Naxal, Kathmandu",82000000.0,0,0,0,0,1,0,0,0,0,0,0,0,0,1
"Atractive house for sale in Bansbari, Kathmandu",House,"Bansbari, Kathmandu",55000000.0,0,0,0,0,1,0,0,0,0,0,0,0,0,1
"Beautiful house for sale in Ram Mandir, Kapan",House,"Kapan, Kathmandu",19500000.0,0,0,0,0,1,0,0,0,0,0,0,0,0,1
Newly built house for sale in Mandikhatar Faat,House,"Mandikhatar, Kathmandu",28500000.0,0,0,0,0,1,0,0,0,0,0,1,0,0,1
Semi furnished bungalow for sale at Bhimsengola,House,"Bhimsengola, Kathmandu",150000000.0,1,0,0,0,0,0,0,0,0,1,0,0,0,1
"House on sale near Akshar Academy, Ghattekulo",House,"Ghattekulo, Kathmandu",35000000.0,0,0,0,0,1,0,0,0,0,0,0,0,0,1
"House for sale near Akshar Academy, Ghattekulo",House,"Ghattekulo, Kathmandu",65000000.0,0,0,0,0,1,0,0,0,0,0,0,0,0,1
"House for sale behind Civil Hospital, Minbhawan",House,"Minbhawan, Kathmandu",35000000.0,0,0,0,0,1,0,0,0,0,0,0,0,0,1
"House on sale in near Akasedhara, Kapan",House,"Kapan, Kathmandu",22500000.0,0,0,0,0,1,0,0,0,0,0,0,0,0,1
Newly built bungalow for sale at Hattigauda,House,"Hattigaunda, Kathmandu",67500000.0,1,0,0,0,0,0,0,0,0,0,1,0,0,1
House on sale at a gated colony of Bhaisepati,House,"Bhaisepati, Lalitpur",43000000.0,0,0,0,0,1,0,0,0,0,0,0,0,0,1
"House for sale in Prayashnagar, Samakhushi",House,"Samakhusi, Kathmandu",30500000.0,0,0,0,0,1,0,0,0,0,0,0,0,0,1
Luxurious house for sale at Budhanilkantha,House,"Budhanilkantha, Kathmandu",69000000.0,0,0,0,0,1,0,0,0,0,0,0,1,0,1
"Furnished house on sale at Bhaisepati, Lalitpur",House,"Bhaisepati, Lalitpur",40000000.0,0,0,0,0,1,0,0,0,0,1,0,0,0,1
Semi furnished beautiful house on sale in Budhanilkantha,House,"Budhanilkantha, Kathmandu",82000000.0,0,0,0,0,1,0,0,0,0,1,0,0,0,1
Brand new bungalow for sale at Budhanilkantha,House,"Budhanilkantha, Kathmandu",47000000.0,1,0,0,0,0,0,0,0,0,0,1,0,0,1
New built house for sale in Budhanilkantha,House,"Budhanilkantha, Kathmandu",19000000.0,0,0,0,0,1,0,0,0,0,0,1,0,0,1
"Beautiful house on sale in Panityanki, Mahankal",House,"Mahankal, Kathmandu",33500000.0,0,0,0,0,1,0,0,0,0,0,0,0,0,1
Residential house for sale at Dhumbarahi,House,"Dhumbarahi, Kathmandu",33000000.0,0,0,0,0,1,0,0,0,0,0,0,0,0,1
"House on sale near Rai School, Narayantar",House,"Narayantar, Kathmandu",30000000.0,0,0,0,0,1,0,0,0,0,0,0,0,0,1
"Semi furnished house for sale in Budhanilkantha, Kathmandu",House,"Budhanilkantha, Kathmandu",46500000.0,0,0,0,0,1,0,0,0,0,1,0,0,0,1
"House on sale in Narayantar, Kathmandu",House,"Narayantar, Kathmandu",24000000.0,0,0,0,0,1,0,0,0,0,0,0,0,0,1
"House on sale at Bhairabchaur, Gokarneshwor",House,"Bhairabchaur, Kathmandu",35000000.0,0,0,0,0,1,0,0,0,0,0,0,0,0,1
New built house on sale in Budhanilkantha,House,"Budhanilkantha, Kathmandu",32000000.0,0,0,0,0,1,0,0,0,0,0,1,0,0,1
"Luxurious Houses available at Downtown Residency, Dhapakhel",House,"Nagdaha, Lalitpur",33000000.0,0,0,0,0,1,0,0,0,0,0,0,1,0,0
House for sale at Sorhakhutte,House,"Sorhakhutte, Kathmandu",47500000.0,0,0,0,0,1,0,0,0,0,0,0,0,0,1
Beautiful house on sale at Raniban,House,"Raniban, Kathmandu",28000000.0,0,0,0,0,1,0,0,0,0,0,0,0,0,1
"House on sale in Dhapasi, Kathmandu",House,"Dhapasi, Kathmandu",37500000.0,0,0,0,0,1,0,0,0,0,0,0,0,0,1
"Beautiful house for sale in Budhanilkantha, Kathmandu",House,"Budhanilkantha, Kathmandu",29000000.0,0,0,0,0,1,0,0,0,0,0,0,0,0,1
"House on sale near Shemrock School, Gongabu",House,"Gongabu, Kathmandu",37000000.0,0,0,0,0,1,0,0,0,0,0,0,0,0,1
"House on sale at Sampang Chowk, Lalitpur",House,"Sampang Chowk, Lalitpur",38500000.0,0,0,0,0,1,0,0,0,0,0,0,0,0,1
Brand new bungalow house for sale at Budhanilkantha,House,"Budhanilkantha, Kathmandu",47500000.0,1,0,0,0,1,0,0,0,0,0,1,0,0,1
"House on sale near Panchakanya School, Baluwatar",House,"Baluwatar, Kathmandu",71500000.0,0,0,0,0,1,0,0,0,0,0,0,0,0,1
"House on sale in Ganeshchowk, Budhanilkantha",House,"Ganesh Chowk, Kathmandu",62000000.0,0,0,0,0,1,0,0,0,0,0,0,0,0,1
"Semi bungalow house for sale in Budhanilkantha, Kathmandu",House,"Budhanilkantha, Kathmandu",45000000.0,1,0,0,0,1,0,0,0,0,0,0,0,0,1
"Beautiful house on sale in Budhanilkantha, kathmandu",House,"Budhanilkantha, Kathmandu",37500000.0,0,0,0,0,1,0,0,0,0,0,0,0,0,1
"House for sale near Mediciti Hospital, Nakkhu",House,"Nakkhu, Lalitpur",31000000.0,0,0,0,0,1,0,0,0,0,0,0,0,0,1
"Brand new house for sale in Gwarko, Lalitpur",House,"Gwarko, Lalitpur",35500000.0,0,0,0,0,1,0,0,0,0,0,1,0,0,1
"House on sale near ward office, Gothatar",House,"Gothatar, Kathmandu",56000000.0,0,0,0,0,1,0,0,0,0,0,0,0,1,1
House on sale at Kalimati,House,"Kalimati, Kathmandu",92500000.0,0,0,0,0,1,0,0,0,0,0,0,0,0,1
"House for sale in Nalinchowk, Bhaktpur ",House,"Nalinchwok, Bhaktapur",11000000.0,0,0,0,0,1,0,0,0,0,0,0,0,0,1
"Bungalow for sale near Euro School, Ganesh Chowk",House,"Ganesh Chowk, Kathmandu",70000000.0,1,0,0,0,0,0,0,0,0,0,0,0,0,1
"Residential house for sale in Grande Villa, Tokha",House,"Grande Villa, Kathmandu",39000000.0,0,1,0,0,1,0,0,0,0,0,0,1,0,1
"Beautiful bungalow for sale in Thecho, Lalitpur",House,"Thecho, Lalitpur",79500000.0,1,0,0,0,0,0,0,0,0,0,0,0,0,1
"Beautiful house on sale in Kharibot, Samakhusi",House,"Samakhushi chowk, Kathmandu",33000000.0,0,0,0,0,1,0,0,0,0,0,0,0,0,1
"Attractive house on sale in Aakasedhara, Kapan",House,"Aakasedhara, Kathmandu",32000000.0,0,0,0,0,1,0,0,0,0,0,0,0,0,1
Brand new bungalow for sale in Dhumbarahi,House,"Dhumbarahi, Kathmandu",65000000.0,1,0,0,0,0,0,0,0,0,0,1,0,0,1
"Brand new house on sale in Kharibot, Kapan",House,"Kharibot, Kathmandu",23500000.0,0,0,0,0,1,0,0,0,0,0,1,0,0,1
Modern bungalow for sale in Lazimpat,House,"Lazimpat, Kathmandu",130000000.0,1,0,0,0,0,0,0,0,0,0,1,0,0,1
"Beautiful house for sale in Mandikhatar, Kathmandu",House,"Mandikhatar, Kathmandu",38800000.0,0,0,0,0,1,0,0,0,0,0,0,0,0,1
"House for sale in Ekatabasti, Jyotingar",House,"Sukedhara, Kathmandu",28500000.0,0,0,0,0,1,0,0,0,0,0,0,0,0,1
"House for sale near Medicity Hospital,Lalitpur",House,"Nakkhu, Lalitpur",36000000.0,0,0,0,0,1,0,0,0,0,0,0,0,0,1
"Beautiful house for sale at Ochu Height, Imadol",House,"Ochu Height, Lalitpur",22500000.0,0,0,0,0,1,0,0,0,0,0,0,0,0,1
Brand new house on sale at Tikathali,House,"Tikathali, Lalitpur",23000000.0,0,0,0,0,1,0,0,0,0,0,1,0,0,1
Single storey house on sale at Tikathali,House,"Tikathali, Lalitpur",15000000.0,0,0,0,0,1,0,0,0,0,0,0,0,0,1
Attractive house on sale at Imadol,House,"Imadol, Lalitpur",30000000.0,0,0,0,0,1,0,0,0,0,0,0,0,0,1
"House on sale at Mount View Residency, Hattiban",House,"Hattiban, Lalitpur",35000000.0,0,0,0,0,1,0,0,0,0,0,0,0,0,1
Residential house for sale at Hattiban,House,"Hattiban, Lalitpur",25000000.0,0,0,0,0,1,0,0,0,0,0,0,0,0,1
Residential house on sale at Tikathali,House,"Tikathali, Lalitpur",19500000.0,0,0,0,0,1,0,0,0,0,0,0,0,0,1
Residential house for sale at Tikathali,House,"Tikathali, Lalitpur",19500000.0,0,0,0,0,1,0,0,0,0,0,0,0,0,1
"Beautiful house for sale in Tenzing Chowk, Kapan",House,"Kapan, Kathmandu",38500000.0,0,0,0,0,1,0,0,0,0,0,0,0,0,1
"House on sale in Bulbule, Chabahil",House,"Chabahil, Kathmandu",21500000.0,0,0,0,0,1,0,0,0,0,0,0,0,0,1
"Semi furnished house on sale in Chapali Height, Budhanilkantha",House,"Chapali, Kathmandu",33500000.0,0,0,0,0,1,0,0,0,0,1,0,0,0,1
Fully furnished bungalow for sale in Hattigauda,House,"Hattigaunda, Kathmandu",37800000.0,1,0,0,0,0,0,0,0,0,1,0,0,0,1
Semi furnished house on sale in Budhanilkantha,House,"Budhanilkantha, Kathmandu",26500000.0,0,0,0,0,1,0,0,0,0,1,0,0,0,1
Beautiful house on sale in Budhanilkantha,House,"Budhanilkantha, Kathmandu",37000000.0,0,0,0,0,1,0,0,0,0,0,0,0,0,1
Newly built house on sale at Lamatar,House,"Lamatar, Lalitpur",12000000.0,0,0,0,0,1,0,0,0,0,0,1,0,0,1
Beautiful bungalow on sale at Bafal,House,"Bafal, Kathmandu",60000000.0,1,0,0,0,0,0,0,0,0,0,0,0,0,1
Semi furnished house on sale at Kadaghari,House,"Kadaghari, Kathmandu",29000000.0,0,0,0,0,1,0,0,0,0,1,0,0,0,1
Newly built bungalow on sale at Hattigauda,House,"Hattigaunda, Kathmandu",47000000.0,1,0,0,0,0,0,0,0,0,0,1,0,0,1
Residential bungalow for sale at Budhanilkantha,House,"Budhanilkantha, Kathmandu",82000000.0,1,0,0,0,0,0,0,0,0,0,0,0,0,1
Brand new residential house for sale in Hattigauda,House,"Hattigaunda, Kathmandu",44000000.0,0,0,0,0,1,0,0,0,0,0,1,0,0,1
"New duplex house on sale in Hattiban, Lalitpur",House,"Hattiban, Lalitpur",39500000.0,0,0,0,1,1,0,0,0,0,0,1,0,0,1
"House on sale in Karyabinayak, Lalitpur",House,"Karyabinayak, Lalitpur",35000000.0,0,0,0,0,1,0,0,0,0,0,0,0,0,1
"Semi furnished house on sale in Gwarko, Lalitpur",House,"Gwarko, Lalitpur",25000000.0,0,0,0,0,1,0,0,0,0,1,0,0,0,1
House on sale in affordable price at Mulpani Chaur,House,"Mulpani, Kathmandu",15500000.0,0,0,0,0,1,0,0,0,0,0,0,0,0,1
Residential house for sale at Sanobharyang,House,"Sanobharyang, Kathmandu",39500000.0,0,0,0,0,1,0,0,0,0,0,0,0,0,1
"Semi furnished bungalow for sale in Mahatomarg, Bhaisepati",House,"Bhaisepati, Lalitpur",62500000.0,1,0,0,0,0,0,0,0,0,1,0,0,0,1
"House on sale in Sipadol, Bhaktapur",House,"Sipadol, Bhaktapur",15000000.0,0,0,0,0,1,0,0,0,0,0,0,0,0,1
"Beautiful house on sale in Kapan, Budhanilkantha",House,"Kapan, Kathmandu",24000000.0,0,0,0,0,1,0,0,0,0,0,0,0,0,1
"Duplex house for sale in Deuwa Chowk, Budhanilkantha",House,"Deuwa chowk, Kathmandu",49500000.0,0,0,0,1,1,0,0,0,0,0,0,0,0,1
"Under construction house is on sale at Taudaha, Kirtipur",House,"Taudaha, Kathmandu",18000000.0,0,0,0,0,1,0,0,0,0,0,0,0,0,1
Beautiful bungalow on sale in Budhanilkantha,House,"Budhanilkantha, Kathmandu",45000000.0,1,0,0,0,0,0,0,0,0,0,0,0,0,1
Brand new bungalow for sale in Mandikhatar,House,"Mandikhatar, Kathmandu",87500000.0,1,0,0,0,0,0,0,0,0,0,1,0,0,1
Brand new duplex house for sale in Dholahiti,House,"Dholahiti, Lalitpur",41000000.0,0,0,0,1,1,0,0,0,0,0,1,0,0,1
"Attractive house for sale in Milan Chowk, Mulpani",House,"Mulpani, Kathmandu",19500000.0,0,0,0,0,1,0,0,0,0,0,0,0,0,1
"Bungalow on sale near Buddha Colony, Pasikot",House,"Pasikot, Kathmandu",34000000.0,1,0,0,0,0,0,0,0,0,0,0,0,0,1
"House for sale in Budhanilkantha, Kathmandu",House, undefined,34000000.0,0,0,0,0,1,0,0,0,0,0,0,0,0,1
"House for sale in Golfutar, Hepali Height",House,"Golfutar, Kathmandu",44500000.0,0,0,0,0,1,0,0,0,0,0,0,0,0,1
"House on sale in Gurjudhara, Chandragiri",House,"Gurjudhara, Kathmandu",22000000.0,0,0,0,0,1,0,0,0,0,0,0,0,0,1
"Brand new house on sale near Karuna Hospital, Chunikhel",House,"Chunikhel, Kathmandu",28500000.0,0,0,0,0,1,0,0,0,0,0,1,0,0,1
"Semi furnished house on sale in Manjushreemarg, Bhaisepati",House,"Bhaisepati, Lalitpur",27500000.0,0,0,0,0,1,0,0,0,0,1,0,0,0,1
"Single storey house on sale in Baluwakhani, Kapan",House,"Baluwakhani, Kathmandu",17000000.0,0,0,0,0,1,0,0,0,0,0,0,0,0,1
"Semi furnished house for sale in Hasantar, Nagarjun",House,"Hasantar, Kathmandu",48500000.0,0,0,0,0,1,0,0,0,0,1,0,0,0,1
Brand new bungalow house for sale in Golfutar,House,"Golfutar, Kathmandu",65000000.0,1,0,0,0,1,0,0,0,0,0,1,0,0,1
"Furnished bungalow for sale at Mahatomarg, Bhaisepati",House,"Bhaisepati, Lalitpur",49500000.0,1,0,0,0,0,0,0,0,0,1,0,0,0,1
"Beautiful house on sale in Jyotinagar, Budhanilkantha",House,"Jyotinagar, Kathmandu",35000000.0,0,0,0,0,1,0,0,0,0,0,0,0,0,1
"House on sale at Baluwakhani, Kapan",House,"Baluwakhani, Kathmandu",24500000.0,0,0,0,0,1,0,0,0,0,0,0,0,0,1
"Residential house for sale in Goldhunga, Kathmandu",House,"Goldhunga, Kathmandu",17000000.0,0,0,0,0,1,0,0,0,0,0,0,0,0,1
"Beautiful house for sale in Changathali, Lalitpur",House,"Changathali, Lalitpur",18500000.0,0,0,0,0,1,0,0,0,0,0,0,0,0,1
"Modern house for sale inside Manjushree Colony, Bhaisepati",House,"Bhaisepati, Lalitpur",25000000.0,0,0,0,0,1,0,0,0,0,0,1,0,0,1
Residential bungalow for sale at Baluwatar,House,"Baluwatar, Kathmandu",80000000.0,1,0,0,0,0,0,0,0,0,0,0,0,0,1
"House on sale in Nayabasti, Banepa",House,"Nayabasti, Kavrepalanchok",18900000.0,0,0,0,0,1,0,0,0,0,0,0,0,0,1
"House for sale in Panauti, Kavre",House,"Panauti, Kavrepalanchok",10000000.0,0,0,0,0,1,0,0,0,0,0,0,0,0,1
"Beautiful bungalow for sale in Bhangal, Budhanilkantha",House,"Bhangal , Kathmandu",35000000.0,1,0,0,0,0,0,0,0,0,0,0,0,0,1
"Bungalow for sale near Thapa Chowk, Sitapaila",House,"Sitapaila, Kathmandu",30000000.0,1,0,0,0,0,0,0,0,0,0,0,0,0,1
"House for sale in Pingalasthan, Gaushala",House,"Pingalasthan, Kathmandu",45000000.0,0,0,0,0,1,0,0,0,0,0,0,0,0,1
"House on sale Budhanilkantha, Kathmandu",House,"Budhanilkantha, Kathmandu",44800000.00000001,0,0,0,0,1,0,0,0,0,0,0,0,0,1
"Modern house for sale at Rudreshwor, Budhanilkantha",House,"Rudreshwor, Kathmandu",35000000.0,0,0,0,0,1,0,0,0,0,0,1,0,0,1
Beautiful residential house on sale at Budhanilkantha,House,"Budhanilkantha, Kathmandu",60000000.0,0,0,0,0,1,0,0,0,0,0,0,0,0,1
"Commercial house on sale in Sitapaila, Kathmandu",House,"Sitapaila, Kathmandu",22000000.0,0,0,0,0,1,0,0,0,0,0,0,0,1,1
"Full furnished house on sale at Syuchatar, Kathmandu",House,"Syuchatar, Kathmandu",85000000.0,0,0,0,0,1,0,0,0,0,1,0,0,0,1
"House on sale at Sundarbasti, Budhanilkantha",House,"Sundarbasti, Kathmandu",24900000.000000004,0,0,0,0,1,0,0,0,0,0,0,0,0,1
Brand new house for sale in Nikhileshwor,House,"Nikhileshwor, Kathmandu",27500000.0,0,0,0,0,1,0,0,0,0,0,1,0,0,1
"Attractive house on sale near Karuna Hospital, Chunikhel",House,"Chunikhel, Kathmandu",31500000.0,0,0,0,0,1,0,0,0,0,0,0,0,0,1
"House on sale in Bhatkeko Pul, Tokha",House,"Tokha, Kathmandu",19000000.0,0,0,0,0,1,0,0,0,0,0,0,0,0,1
"Bungalow house for sale near Grande Hospital, Tokha",House,"Grande Hospital, Kathmandu",26000000.0,1,0,0,0,1,0,0,0,0,0,0,1,0,1
"House on sale in Jyotinagar, Ektabasti",House,"Jyotinagar, Kathmandu",22500000.0,0,0,0,0,1,0,0,0,0,0,0,0,0,1
Brand new house on sale at Mandikhatar,House,"Mandikhatar, Kathmandu",145000000.0,0,0,0,0,1,0,0,0,0,0,1,0,0,1
House on sale at Yetkha,House,"Yetkha, Kathmandu",25000000.0,0,0,0,0,1,0,0,0,0,0,0,0,0,1
"Newly built house for Sale at Bafal, Kathmandu",House,"Bafal, Kathmandu",27500000.0,0,0,0,0,1,0,0,0,0,0,1,0,0,1
Beautiful house on sale in Suryabinayak,House,"Suryabinayak, Bhaktapur",32200000.000000004,0,0,0,0,1,0,0,0,0,0,0,0,0,1
"House on sale in Mhepi, Kathmandu",House,"Mhaipi, Kathmandu",35000000.0,0,0,0,0,1,0,0,0,0,0,0,0,0,1
"House for sale at Vinayek Colony, Bhaisepati",House,"Vinayak Colony, Lalitpur",51000000.0,0,0,0,0,1,0,0,0,0,0,0,0,0,1
"Attractive house on sale at Bhaisepati, Lalitpur",House,"Bhaisepati, Lalitpur",27500000.0,0,0,0,0,1,0,0,0,0,0,0,0,0,1
"Residential bungalow on sale at Dhapakhel, Kathmandu",House,"Dhapakhel, Lalitpur",40000000.0,1,0,0,0,0,0,0,0,0,0,0,0,0,1
Beautiful residential house for sale at Budhanilkantha,House,"Budhanilkantha, Kathmandu",61000000.0,0,0,0,0,1,0,0,0,0,0,0,0,0,1
Brand new house for sale at Kadaghari,House,"Kadaghari, Kathmandu",26000000.0,0,0,0,0,1,0,0,0,0,0,1,0,0,1
"Semi furnished house for sale in Syuchatar, Kalanki",House,"Syuchatar, Kathmandu",39000000.0,0,0,0,0,1,0,0,0,0,1,0,0,0,1
"House on sale at Bafal, Kathmandu",House,"Bafal, Kathmandu",28500000.0,0,0,0,0,1,0,0,0,0,0,0,0,0,1
House for sale at Makalbari,House,"Makalbari, Kathmandu",19500000.0,0,0,0,0,1,0,0,0,0,0,0,0,0,1
"Residential house on sale at Imadol, Lalitpur",House,"Imadol, Lalitpur",32500000.0,0,0,0,0,1,0,0,0,0,0,0,0,0,1
"Residential house on sale at Budhanilkantha, Kathmandu",House,"Budhanilkantha, Kathmandu",15500000.0,0,0,0,0,1,0,0,0,0,0,0,0,0,1
"Beautiful house on sale near Karuna Hospital, Kapan",House,"Kapan, Kathmandu",28500000.0,0,0,0,0,1,0,0,0,0,0,0,0,0,1
"Newly built bungalow on sale at Tenzing Chowk, Kapan",House,"Tenzing Chowk, Kathmandu",65500000.0,1,0,0,0,0,0,0,0,0,0,1,0,0,1
"Attractive house on sale in Magargaun, Lalitpur",House,"Bhaisepati, Lalitpur",32000000.0,0,0,0,0,1,0,0,0,0,0,0,0,0,1
"Bungalow for sale at Siddhartha Colony, Budhanilkantha",House,"Siddhartha Colony, Kathmandu",125000000.0,1,0,0,0,0,0,0,0,0,0,0,0,0,1
"Attractive house on sale at Grande, Dhapasi",House,"Dhapasi, Kathmandu",36000000.0,0,0,0,0,1,0,0,0,0,0,0,1,0,1
"House on sale at Nardevi, Kathmandu",House,"Nardevi, Kathmandu",18000000.0,0,0,0,0,1,0,0,0,0,0,0,0,0,1
Semi commercial house on sale at Budhanilkantha,House,"Budhanilkantha, Kathmandu",18000000.0,0,0,0,0,1,0,0,0,0,0,0,0,1,1
"House for sale in Paiyutar, Kapan",House,"Paiyuntar, Kathmandu",18500000.0,0,0,0,0,1,0,0,0,0,0,0,0,0,1
"Residential house on sale at Maitidevi, Kathmandu",House,"Maitidevi, Kathmandu",100000000.0,0,0,0,0,1,0,0,0,0,0,0,0,0,1
Under construction house on sale at Dhapakhel ,House,"Dhapakhel, Lalitpur",27000000.0,0,0,0,0,1,0,0,0,0,0,0,0,0,1
"House on sale in Changathali, Lalitpur",House,"Changathali, Lalitpur",28500000.0,0,0,0,0,1,0,0,0,0,0,0,0,0,1
"Bungalow for sale near Kist Hospital, Imadol",House,"Imadol, Lalitpur",33000000.0,1,0,0,0,0,0,0,0,0,0,0,0,0,1
Beautiful house on sale at Imadol,House,"Imadol, Lalitpur",36500000.0,0,0,0,0,1,0,0,0,0,0,0,0,0,1
Under construction house is on sale at Imadol,House,"Imadol, Lalitpur",36500000.0,0,0,0,0,1,0,0,0,0,0,0,0,0,1
" Full furnished house for sale at Vinayak Colony, Bhaisepati",House,"Vinayak Colony, Lalitpur",51000000.0,0,0,0,0,1,0,0,0,0,1,0,0,0,1
Brand new bungalow on sale in Balkot,House,"Balkot, Bhaktapur",25000000.0,1,0,0,0,0,0,0,0,0,0,1,0,0,1
Brand new house for sale at Tikathali,House,"Tikathali, Lalitpur",22000000.0,0,0,0,0,1,0,0,0,0,0,1,0,0,1
Beautiful bungalow for sale at Mandikhatar,House,"Mandikhatar, Kathmandu",120000000.0,1,0,0,0,0,0,0,0,0,0,0,0,0,1
"House for sale near Krishna Mandir, Imadol",House,"Imadol, Lalitpur",23000000.0,0,0,0,0,1,0,0,0,0,0,0,0,0,1
Residential house on sale in Sanagaun,House,"Sanagaun, Lalitpur",22000000.0,0,0,0,0,1,0,0,0,0,0,0,0,0,1
"Attractive house for sale in Imadol, Sheetal Height",House,"Imadol, Lalitpur",25000000.0,0,0,0,0,1,0,0,0,0,0,0,0,0,1
"House on sale at Cozy Homes, Imadol",House,"Imadol, Lalitpur",35000000.0,0,0,0,0,1,0,0,0,0,0,0,0,0,1
"House on sale in Cozy Homes, Imadol",House,"Imadol, Lalitpur",35000000.0,0,0,0,0,1,0,0,0,0,0,0,0,0,1
"Beautiful house for sale in Imadol, Sheetal Height",House,"Imadol, Lalitpur",22000000.0,0,0,0,0,1,0,0,0,0,0,0,0,0,1
"House on sale at Imadol, Sheetal Height",House,"Imadol, Lalitpur",23000000.0,0,0,0,0,1,0,0,0,0,0,0,0,0,1
"House for sale at Imadol, Sheetal Height",House,"Imadol, Lalitpur",28500000.0,0,0,0,0,1,0,0,0,0,0,0,0,0,1
"House for sale in Imadol, Sheetal Height",House,"Imadol, Lalitpur",26000000.0,0,0,0,0,1,0,0,0,0,0,0,0,0,1
"House on sale at Balkhu, Kathmandu",House,"Balkhu, Kathmandu",42500000.0,0,0,0,0,1,0,0,0,0,0,0,0,0,1
Residential house on sale at Khumaltar,House,"Khumaltar, Lalitpur",24000000.0,0,0,0,0,1,0,0,0,0,0,0,0,0,1
Beautiful house on sale at Balkhu,House,"Balkhu, Kathmandu",22300000.0,0,0,0,0,1,0,0,0,0,0,0,0,0,1
"House on sale in Thulo Bharyang, Kathmandu",House,"Thulobharyang, Kathmandu",100000000.0,0,0,0,0,1,0,0,0,0,0,0,0,0,1
Attractive bungalow house for sale in Mandikhatar,House,"Mandikhatar, Kathmandu",27500000.0,1,0,0,0,1,0,0,0,0,0,0,0,0,1
"Beautiful house for sale in Kapan, Kharibot",House,"Kharibot, Kathmandu",28800000.0,0,0,0,0,1,0,0,0,0,0,0,0,0,1
Residential house for sale at Ghattekulo,House,"Ghattekulo, Kathmandu",25500000.0,0,0,0,0,1,0,0,0,0,0,0,0,0,1
"Villa for rent in Maharajgunj, Chakrapath",House,"Maharajgunj, Kathmandu",25000000.0,0,1,0,0,0,0,0,0,0,0,0,0,0,0
Commercial house on sale in Pespicola,House,"Pepsicola, Kathmandu",50000000.0,0,0,0,0,1,0,0,0,0,0,0,0,1,1
House on sale in Pasikot Height,House,"Pasikot, Kathmandu",30000000.0,0,0,0,0,1,0,0,0,0,0,0,0,0,1
"House on sale at Goldhunga, Kathmandu",House,"Goldhunga, Kathmandu",29900000.000000004,0,0,0,0,1,0,0,0,0,0,0,0,0,1
"Commercial house for sale in Ranibari, Samakhusi",House,"Samakhushi chowk, Kathmandu",45000000.0,0,0,0,0,1,0,0,0,0,0,0,0,1,1
"Beautiful house on sale in Kaushaltar, Bhaktpur",House,"Kaushaltar, Bhaktapur",10000000.0,0,0,0,0,1,0,0,0,0,0,0,0,0,1
Residential house on urgent sale in Goldhunga,House,"Goldhunga, Kathmandu",29900000.000000004,0,0,0,0,1,0,0,0,0,0,0,0,0,1
"House on sale in Goldhunga, Purano Gujeswori",House,"Guheshwori, Kathmandu",35000000.0,0,0,0,0,1,0,0,0,0,0,0,0,0,1
Semi furnished bungalow for sale at Nakkhudole,House,"Nakhudole, Lalitpur",40000000.0,1,0,0,0,0,0,0,0,0,1,0,0,0,1
"House on sale near Karuna Hospital, Chunikhel",House,"Chunikhel, Kathmandu",13300000.0,0,0,0,0,1,0,0,0,0,0,0,0,0,1
"House on sale near Police Station, Imadol",House,"Imadol, Lalitpur",19000000.0,0,0,0,0,1,0,0,0,0,0,0,0,0,1
"House for Sale near Khushi Khushi Resort, Matatirtha",House,"Matatirtha, Kathmandu",40000000.0,0,0,0,0,1,0,0,0,0,0,0,0,0,1
"House on sale in Dhunchepakha, Thimi",House,"Dhunchepakha, Bhaktapur",70000000.0,0,0,0,0,1,0,0,0,0,0,0,0,0,1
"Commercial house on sale behind Patan Museum, Patan",House,"Patan, Lalitpur",18000000.0,0,0,0,0,1,0,0,0,0,0,0,0,1,1
"House for sale at Dhapasi, Grande",House,"Dhapasi, Kathmandu",32500000.0,0,0,0,0,1,0,0,0,0,0,0,1,0,1
Beautiful house on sale in Budhanilkantha,House,"Budhanilkantha, Kathmandu",45000000.0,0,0,0,0,1,0,0,0,0,0,0,0,0,1
Semi commercial house for sale at Hattigauda,House,"Hattigaunda, Kathmandu",37500000.0,0,0,0,0,1,0,0,0,0,0,0,0,1,1
"Beautiful house on sale in Baluwakhani, Kapan",House,"Baluwakhani, Kathmandu",34500000.0,0,0,0,0,1,0,0,0,0,0,0,0,0,1
"House on sale in Jambu Danda, Jorpati",House,"Jorpati, Kathmandu",14300000.0,0,0,0,0,1,0,0,0,0,0,0,0,0,1
"House on sale at Uttardhoka, Gairidhara",House,"Uttardhoka, Kathmandu",65000000.0,0,0,0,0,1,0,0,0,0,0,0,0,0,1
House on sale in land price at New Buspark,House,"New Buspark, Kathmandu",85000000.0,0,0,0,0,1,1,0,0,0,0,1,0,0,1
Residential house on sale at Mitrapark,House,"Mitrapark, Kathmandu",95000000.0,0,0,0,0,1,0,0,0,0,0,0,0,0,1
House on sale at Bohoratar,House,"Boharatar, Kathmandu",23000000.0,0,0,0,0,1,0,0,0,0,0,0,0,0,1
Bungalow house on sale at Chappal Karkhana,House,"Chappal karkhana, Kathmandu",75000000.0,1,0,0,0,1,0,0,0,0,0,0,0,0,1
Residential house on sale at Sitapaila,House,"Sitapaila, Kathmandu",27500000.0,0,0,0,0,1,0,0,0,0,0,0,0,0,1
"Semi furnished house on sale in Bhaisepati, Lalitpur",House,"Bhaisepati, Lalitpur",50000000.0,0,0,0,0,1,0,0,0,0,1,0,0,0,1
"House on sale in Ganeshbasti, Maharajgunj",House,"Maharajgunj, Kathmandu",120000000.0,0,0,0,0,1,0,0,0,0,0,0,0,0,1
"Residential house for sale at Imadol, Sheetal Height",House,"Imadol, Lalitpur",26000000.0,0,0,0,0,1,0,0,0,0,0,0,0,0,1
"Residential house on sale in Imadol, Sheetal Height",House,"Imadol, Lalitpur",17500000.0,0,0,0,0,1,0,0,0,0,0,0,0,0,1
"Residential house for sale in Imadol, Sheetal Height",House,"Imadol, Lalitpur",23500000.0,0,0,0,0,1,0,0,0,0,0,0,0,0,1
"House on sale in Kharibot, Dhapasi",House,"Dhapasi, Kathmandu",29500000.0,0,0,0,0,1,0,0,0,0,0,0,0,0,1
New bungalow for sale in Dholahiti Heights,House,"Dholahiti, Lalitpur",40000000.0,1,0,0,0,0,0,0,0,0,0,1,0,0,1
Newly built furnished house for sale in Jyotinagar,House,"Jyotinagar, Kathmandu",35000000.0,0,0,0,0,1,0,0,0,0,1,1,0,0,1
"Residential house for sale in Sheetal Height, Imadol",House,"Imadol, Lalitpur",22500000.0,0,0,0,0,1,0,0,0,0,0,0,0,0,1
"Residential house for sale at Sheetal Height, Imadol",House,"Imadol, Lalitpur",21000000.0,0,0,0,0,1,0,0,0,0,0,0,0,0,1
"House for sale at Ochu Height, Imadol",House,"Ochu Height, Lalitpur",22500000.0,0,0,0,0,1,0,0,0,0,0,0,0,0,1
"Residential house on sale at Sheetal Height, Imadol",House,"Imadol, Lalitpur",25500000.0,0,0,0,0,1,0,0,0,0,0,0,0,0,1
"Attractive house on sale at Sundarbasti, Bhangal",House,"Bhangal , Kathmandu",27000000.0,0,0,0,0,1,0,0,0,0,0,0,0,0,1
"Duplex house for sale in Padma Colony, Sitapaila",House,"Sitapaila, Kathmandu",29500000.0,0,0,0,1,1,0,0,0,0,0,0,0,0,1
"Bungalow for sale in Padma Colony, Sitapaila",House,"Sitapaila, Kathmandu",37500000.0,1,0,0,0,0,0,0,0,0,0,0,0,0,1
Beautiful residential house for sale in Goldhunga,House,"Goldhunga, Kathmandu",20500000.0,0,0,0,0,1,0,0,0,0,0,0,0,0,1
"House on sale at Mandikhatar,Ekatabasti",House,"Mandikhatar, Kathmandu",25000000.0,0,0,0,0,1,0,0,0,0,0,0,0,0,1
Attractive house on sale in Bhaisepati,House,"Bhaisepati, Lalitpur",38000000.0,0,0,0,0,1,0,0,0,0,0,0,0,0,1
Attractive house on sale at Sitapaila,House,"Sitapaila, Kathmandu",47000000.0,0,0,0,0,1,0,0,0,0,0,0,0,0,1
Duplex house on sale at Imadol ,House,"Imadol, Lalitpur",34000000.0,0,0,0,1,1,0,0,0,0,0,0,0,0,1
"House on sale near Medical college, Attarkhel",House,"Attarkhel, Kathmandu",30000000.0,0,0,0,0,1,0,0,0,0,0,0,0,0,1
Attractive house on sale in Syuchatar,House,"Syuchatar, Kathmandu",22000000.0,0,0,0,0,1,0,0,0,0,0,0,0,0,1
Newly built house for sale in Kapan,House,"Kapan, Kathmandu",22500000.0,0,0,0,0,1,0,0,0,0,0,1,0,0,1
"Bungalow for sale at Grande Villa, Tokha",House,"Grande Villa, Kathmandu",60000000.0,1,1,0,0,0,0,0,0,0,0,0,1,0,1
"House for sale in Miteri Marg, Baneshwor",House,"Baneshwor, Kathmandu",49900000.0,0,0,0,0,1,0,0,0,0,0,0,0,0,1
"Semi furnished bungalow for sale at Bhaisepati, Lalitpur",House,"Bhaisepati, Lalitpur",50000000.0,1,0,0,0,0,0,0,0,0,1,0,0,0,1
"Bungalow for sale in Khursanitar, Lazimpat",House,"Lazimpat, Kathmandu",60000000.0,1,0,0,0,0,0,0,0,0,0,0,0,0,1
Beautiful house for sale at Budhanilkantha ,House,"Budhanilkantha, Kathmandu",62000000.0,0,0,0,0,1,0,0,0,0,0,0,0,0,1
"House on sale in Lambagar shantitol, Tarakeshwar",House,"Lambagar, Kathmandu",26000000.0,0,0,0,0,1,0,0,0,0,0,0,0,0,1
"Beautiful house on sale in Golfutar, Budhanilkantha",House, Kathmandu,27000000.0,0,0,0,0,1,0,0,0,0,0,0,0,0,1
"Beautiful residential house on sale in Baluwakhani, Kapan",House,"Baluwakhani, Kathmandu",27500000.0,0,0,0,0,1,0,0,0,0,0,0,0,0,1
Residential house on sale in Mandikhatar,House,"Mandikhatar, Kathmandu",42500000.0,0,0,0,0,1,0,0,0,0,0,0,0,0,1
"House for sale near Suncity, Pepsicola",House,"Pepsicola, Kathmandu",32500000.0,0,0,0,0,1,0,0,0,0,0,0,0,0,1
"House on sale near Durga Mandir, Kapan",House,"Kapan, Kathmandu",18500000.0,0,0,0,0,1,0,0,0,0,0,0,0,0,1
"Newly built house for sale at Nikhileshwor, Budhanilkantha",House,"Nikhileshwor, Kathmandu",27500000.0,0,0,0,0,1,0,0,0,0,0,1,0,0,1
"New house on sale in Danchhi, Thali",House,"Danchhi, Kathmandu",12000000.0,0,0,0,0,1,0,0,0,0,0,1,0,0,1
"House For Sale At Kapan, Ram Mandir",House,"Kapan, Kathmandu",45500000.0,0,0,0,0,1,0,0,0,0,0,0,0,0,1
Beautiful house on sale in Dhapasi,House,"Dhapasi, Kathmandu",47000000.0,0,0,0,0,1,0,0,0,0,0,0,0,0,1
"Residential house for sale in Bhaisepati, Lalitpur",House,"Bhaisepati, Lalitpur",90000000.0,0,0,0,0,1,0,0,0,0,0,0,0,0,1
"New bungalow on sale in Bhaisepati, Lalitpur",House,"Bhaisepati, Lalitpur",45000000.0,1,0,0,0,0,0,0,0,0,0,1,0,0,1
"Beautiful house on sale in Mandikhatar, Kapan",House,"Mandikhatar, Kathmandu",26500000.0,0,0,0,0,1,0,0,0,0,0,0,0,0,1
"House on sale in Mandikhatar, Kathmandu",House,"Mandikhatar, Kathmandu",38500000.0,0,0,0,0,1,0,0,0,0,0,0,0,0,1
Newly built house for sale in Imadol,House,"Imadol, Lalitpur",24500000.0,0,0,0,0,1,0,0,0,0,0,1,0,0,1
"House on sale in Hepali height, Budhanilkantha",House,"Hepali Height, Kathmandu",33500000.0,0,0,0,0,1,0,0,0,0,0,0,0,0,1
House on sale at Pepsicola Townplanning,House,"Pepsicola, Kathmandu",67500000.0,0,0,0,0,1,0,0,0,0,0,0,0,0,1
"Brand new house for sale in Gokul Awas, Bhaisepati",House,"Bhaisepati, Lalitpur",40000000.0,0,0,0,0,1,0,0,0,0,0,1,0,0,1
Beautiful bungalow for sale in Khumaltar,House,"Khumaltar, Lalitpur",39000000.0,1,0,0,0,0,0,0,0,0,0,0,0,0,1
"House on sale in Raniban, Tindhara",House,"Raniban, Kathmandu",31000000.0,0,0,0,0,1,0,0,0,0,0,0,0,0,1
"Beautiful house on sale in Kusunti, Lalitpur",House,"Kusunti, Lalitpur",40000000.0,0,0,0,0,1,0,0,0,0,0,0,0,0,1
Bungalow for sale at Golfutar Height,House,"Golfutar, Kathmandu",125000000.0,1,0,0,0,0,0,0,0,0,0,0,0,0,1
Brand new house on sale in Sanobharyang,House,"Sanobharyang, Kathmandu",36000000.0,0,0,0,0,1,0,0,0,0,0,1,0,0,1
"House for sale in Akashedhara, Kapan",House,"Aakasedhara, Kathmandu",31500000.0,0,0,0,0,1,0,0,0,0,0,0,0,0,1
Brand new Duplex house for sale in Hattiban,House,"Hattiban, Lalitpur",40000000.0,0,0,0,1,1,0,0,0,0,0,1,0,0,1
Brand new full furnished bungalow for sale in Bhangal,House,"Bhangal , Kathmandu",32000000.0,1,0,0,0,0,0,0,0,0,1,1,0,0,1
"House on sale near Sherpa Petrol Pump, Tokha",House,"Tokha, Kathmandu",10000000.0,0,0,0,0,1,0,0,0,0,0,0,0,0,1
"House on sale in Dharmasthali, Chisapani",House,"Dharmasthali, Kathmandu",26500000.0,0,0,0,0,1,0,0,0,0,0,0,0,0,1
"Beautiful house on sale in Bhaisepati, Lalitpur",House,"Bhaisepati, Lalitpur",45000000.0,0,0,0,0,1,0,0,0,0,0,0,0,0,1
"House on sale in Golfutar, Budhanilkantha",House,"Golfutar, Kathmandu",32500000.0,0,0,0,0,1,0,0,0,0,0,0,0,0,1
Full furnished house for sale in Sitapaila,House,"Sitapaila, Kathmandu",14000000.0,0,0,0,0,1,0,0,0,0,1,0,0,0,1
Residential house for sale at Manbhawan,House,"Manbhawan, Lalitpur",62000000.0,0,0,0,0,1,0,0,0,0,0,0,0,0,1
New house on sale at kapan,House,"Kapan, Kathmandu",13500000.0,0,0,0,0,1,0,0,0,0,0,1,0,0,1
"House on sale at Budhanilkantha, kathamandu",House,"Budhanilkantha, Kathmandu",36000000.0,0,0,0,0,1,0,0,0,0,0,0,0,0,1
"Commercial house on sale at Macchapokhari, Gunastarphat",House,"Machhapokhari, Kathmandu",33500000.0,0,0,0,0,1,0,0,0,0,0,0,0,1,1
"House for sale at Basantapur, Yetkha",House,"Yetkha, Kathmandu",32000000.0,0,0,0,0,1,0,0,0,0,0,0,0,0,1
Luxurious bungalow for sale at Sitapaila,House,"Sitapaila, Kathmandu",65000000.0,1,0,0,0,0,0,0,0,0,0,0,1,0,1
"Bungalow for sale in Budhanilkantha, Pasikot",House,"Pasikot, Kathmandu",45000000.0,1,0,0,0,0,0,0,0,0,0,0,0,0,1
"House for sale at Dhapasi, Tokha",House,"Dhapasi, Kathmandu",58000000.0,0,0,0,0,1,0,0,0,0,0,0,0,0,1
Brand new house on sale at Gothatar Height,House,"Gothatar, Kathmandu",24000000.0,0,0,0,0,1,0,0,0,0,0,1,0,0,1
"House on sale at Gaurighat,Chabahil",House,"Gaurighat, Kathmandu",50000000.0,0,0,0,0,1,0,0,0,0,0,0,0,0,1
"Bungalow house on sale in Bhangal, Budhanilkantha",House,"Bhangal , Kathmandu",65000000.0,1,0,0,0,1,0,0,0,0,0,0,0,0,1
Newly built house for sale at Nakhipot,House,"Nakhipot, Lalitpur",36000000.0,0,0,0,0,1,0,0,0,0,0,1,0,0,1
"Newly built house on sale in Baluwakhani, Kapan",House,"Baluwakhani, Kathmandu",22500000.0,0,0,0,0,1,0,0,0,0,0,1,0,0,1
Commercial house for sale in Galkopakha,House,"Galkopakha, Kathmandu",11000000.0,0,0,0,0,1,0,0,0,0,0,0,0,1,1
"House on sale at Imadol, Shikhar Tole",House,"Imadol, Lalitpur",21000000.0,0,0,0,0,1,0,0,0,0,0,0,0,0,1
Luxurious bungalow house for sale at Budhanilkantha,House,"Budhanilkantha, Kathmandu",105000000.0,1,0,0,0,1,0,0,0,0,0,0,1,0,1
"Newly built house for sale near Park Village Resort, Budhanilkantha",House,"Budhanilkantha, Kathmandu",46000000.0,0,1,0,0,1,0,0,0,0,0,1,0,0,1
Bungalow house for sale in Ekatabasti,House,"Ekatabasti, Kathmandu",36000000.0,1,0,0,0,1,0,0,0,0,0,0,0,0,1
"Semi bungalow for sale in Budhanilkantha,Mandikhatar faat",House,"Mandikhatar, Kathmandu",34500000.0,1,0,0,0,0,0,0,0,0,0,0,0,0,1
Beautiful house for sale in Dhapasi,House,"Dhapasi, Kathmandu",44000000.0,0,0,0,0,1,0,0,0,0,0,0,0,0,1
Residential house for sale in Lolang,House,"Lolang, Kathmandu",13799999.999999998,0,0,0,0,1,0,0,0,0,0,0,0,0,1
Modern house for sale at Ekatabasti,House,"Ekatabasti, Kathmandu",18500000.0,0,0,0,0,1,0,0,0,0,0,1,0,0,1
"Bungalow for sale near Nepal Rastra Bank, Baluwatar",House,"Baluwatar, Kathmandu",80000000.0,1,0,0,0,0,0,0,0,0,0,0,0,0,1
"House for sale at Radhe Radhe, Bhaktapur",House,"Radhe Radhe, Bhaktapur",24000000.0,0,0,0,0,1,0,0,0,0,0,0,0,0,1
"Beautiful house for sale at Deuba Chowk, Budhanilkantha",House,"Deuwa chowk, Kathmandu",24000000.0,0,0,0,0,1,0,0,0,0,0,0,0,0,1
"Brand new bungalow for sale at Sundarbasti, Bhangal",House,"Bhangal , Kathmandu",37500000.0,1,0,0,0,0,0,0,0,0,0,1,0,0,1
Newly built house for sale in Bhangal,House,"Bhangal , Kathmandu",29500000.0,0,0,0,0,1,0,0,0,0,0,1,0,0,1
Brand new furnished house for sale near Mandikhatar,House,"Mandikhatar, Kathmandu",37800000.0,0,0,0,0,1,0,0,0,0,1,1,0,0,1
"Brand new house for sale near Harhar Mahadev, Kandaghari",House,"Pepsicola, Kathmandu",24000000.0,0,0,0,0,1,0,0,0,0,0,1,0,0,1
Residential house for sale at Kapan Height,House,"Kapan, Kathmandu",26500000.0,0,0,0,0,1,0,0,0,0,0,0,0,0,1
"House on sale at near Karuna�Hospital,  Kapan",House,"Kapan, Kathmandu",16800000.0,0,0,0,0,1,0,0,0,0,0,0,0,0,1
Beautiful residential house for sale in Sitapaila,House,"Sitapaila, Kathmandu",15000000.0,0,0,0,0,1,0,0,0,0,0,0,0,0,1
"New house for sale near HAMS Hospital, Mandikhatar",House,"Mandikhatar, Kathmandu",27500000.0,0,0,0,0,1,0,0,0,0,0,1,0,0,1
Newly built house for sale in Balkot,House,"Balkot, Bhaktapur",28000000.0,0,0,0,0,1,0,0,0,0,0,1,0,0,1
Residential house for sale at Gothatar,House,"Gothatar, Kathmandu",22500000.0,0,0,0,0,1,0,0,0,0,0,0,0,0,1
"House for sale in Narephant, Koteshwor",House,"Narephat, Kathmandu",31500000.0,0,0,0,0,1,0,0,0,0,0,0,0,0,1
House for sale in Thamel,House,"Thamel, Kathmandu",55000000.0,0,0,0,0,1,0,0,0,0,0,0,0,0,1
Modern house for sale at Kusunti,House,"Kusunti, Lalitpur",110000000.0,0,0,0,0,1,0,0,0,0,0,1,0,0,1
"House for sale near Real Banquet, Bafal",House,"Bafal, Kathmandu",36500000.0,0,0,0,0,1,0,0,0,0,0,0,0,0,1
"House for sale at Sipadol, Bhaktapur",House,"Sipadol, Bhaktapur",15000000.0,0,0,0,0,1,0,0,0,0,0,0,0,0,1
Brand new bungalow on sale at Budhanilkantha,House,"Budhanilkantha, Kathmandu",50000000.0,1,0,0,0,0,0,0,0,0,0,1,0,0,1
"Newly built house for sale at Ganesh Chowk, Hattigauda",House,"Ganesh Chowk, Kathmandu",35000000.0,0,0,0,0,1,0,0,0,0,0,1,0,0,1
"Brand new house for sale near Chunikhel, Kapan",House,"Chunikhel, Kathmandu",28000000.0,0,0,0,0,1,0,0,0,0,0,1,0,0,1
Residential house for sale in Baluwatar,House,"Baluwatar, Kathmandu",35000000.0,0,0,0,0,1,0,0,0,0,0,0,0,0,1
"House on sale at Mhaipi, Kathmandu",House,"Mhaipi, Kathmandu",33000000.0,0,0,0,0,1,0,0,0,0,0,0,0,0,1
"House on sale in Tikathali, Mahalaxmi",House,"Tikathali, Lalitpur",22000000.0,0,0,0,0,1,0,0,0,0,0,0,0,0,1
"New house on sale at Imadol, Lalitpur",House,"Imadol, Lalitpur",28500000.0,0,0,0,0,1,0,0,0,0,0,1,0,0,1
"Beautiful house for sale in Ekatabasti, Kapan",House,"Ekatabasti, Kathmandu",17000000.0,0,0,0,0,1,0,0,0,0,0,0,0,0,1
"Newly built house for sale near Buddha Colony, Budhanilkantha",House,"Budhanilkantha, Kathmandu",36000000.0,0,0,0,0,1,0,0,0,0,0,1,0,0,1
"House for sale in Grande, Dhapasi",House,"Dhapasi, Kathmandu",21000000.0,0,0,0,0,1,0,0,0,0,0,0,1,0,1
"Brand new house for sale in Harisiddhi, Lalitpur ",House,"Harisiddhi, Lalitpur",23500000.0,0,0,0,0,1,0,0,0,0,0,1,0,0,1
"House for sale in Budhanilkantha, Rudreshwor",House,"Rudreshwor, Kathmandu",68000000.0,0,0,0,0,1,0,0,0,0,0,0,0,0,1
Beautiful house for sale in Nakkhu,House,"Nakkhu, Lalitpur",64000000.0,0,0,0,0,1,0,0,0,0,0,0,0,0,1
"House on sale at Thapathali, Kathmandu",House,"Thapathali, Kathmandu",60000000.0,0,0,0,0,1,0,0,0,0,0,0,0,0,1
"House for sale in Maijubahal, Chabahil",House,"Maijubahal, Kathmandu",35000000.0,0,0,0,0,1,0,0,0,0,0,0,0,0,1
Fully furnished bungalow for sale in Samakhusi,House,"Samakhusi, Kathmandu",32500000.0,1,0,0,0,0,0,0,0,0,1,0,0,0,1
Brand new bungalow for sale in Budhanilkantha,House,"Budhanilkantha, Kathmandu",40000000.0,1,0,0,0,0,0,0,0,0,0,1,0,0,1
"House for sale at Budhanilkantha, Kathmandu",House,"Budhanilkantha, Kathmandu",105000000.0,0,0,0,0,1,0,0,0,0,0,0,0,0,1
"New House on sale at Kantipur Colony, Kunsunti",House,"Kusunti, Lalitpur",24000000.0,0,0,0,0,1,0,0,0,0,0,1,0,0,1
Brand new house for sale in Dhapakhel,House,"Dhapakhel, Lalitpur",19000000.0,0,0,0,0,1,0,0,0,0,0,1,0,0,1
"House on sale in Sundarbasti, Bhangal",House,"Sundarbasti, Kathmandu",25500000.0,0,0,0,0,1,0,0,0,0,0,0,0,0,1
Beautiful house for sale near Chandragiri Cable Car,House,"Chandragiri, Kathmandu",40000000.0,0,0,0,0,1,0,0,0,0,0,0,0,0,1
"House on sale at Kapan, Baluwakhani",House,"Baluwakhani, Kathmandu",19500000.0,0,0,0,0,1,0,0,0,0,0,0,0,0,1
"House for sale in Bashundhara, Kathmandu",House,"Basundhara, Kathmandu",35000000.0,0,0,0,0,1,0,0,0,0,0,0,0,0,1
Brand new residential house for sale near Thankot Checkpost,House,"Thankot, Kathmandu",16000000.0,0,0,0,0,1,0,0,0,0,0,1,0,0,1
"House on sale at Sital height, Imadol",House,"Imadol, Lalitpur",27500000.0,0,0,0,0,1,0,0,0,0,0,0,0,0,1
"Bungalow for sale in Wasik, Budhanilkantha",House,"Wasik, Kathmandu",37500000.0,1,0,0,0,0,0,0,0,0,0,0,0,0,1
"House for sale in Khumaltar, Icimod",House,"Khumaltar, Lalitpur",31000000.0,0,0,0,0,1,0,0,0,0,0,0,0,0,1
Duplex system house for sale in Koteshwor,House,"Koteshwor, Kathmandu",45000000.0,0,0,0,1,1,0,0,0,0,0,0,0,0,1
"House for sale near Gautam Buddha International Cricket Stadium, Bharatpur, Chitwan",House,"Bharatpur, Chitwan",17000000.0,0,0,0,0,1,0,0,0,0,0,0,0,0,1
"House for sale inside Singapore Colony, Gongabu",House,"Gongabu, Kathmandu",51500000.0,0,0,0,0,1,0,0,0,0,0,0,0,0,1
Bungalow house for sale near Budhanilkantha Chowk,House,"Budhanilkantha, Kathmandu",35000000.0,1,0,0,0,1,0,0,0,0,0,0,0,0,1
Beautiful house on sale at Budhanilkantha ,House,"Budhanilkantha, Kathmandu",37500000.0,0,0,0,0,1,0,0,0,0,0,0,0,0,1
"Brand new house for sale at Ochu Height, Imadol",House,"Ochu Height, Lalitpur",23000000.0,0,0,0,0,1,0,0,0,0,0,1,0,0,1
"Brand new house for sale near HAMS Hosptal, Mandikhatar",House,"Mandikhatar, Kathmandu",39500000.0,0,0,0,0,1,0,0,0,0,0,1,0,0,1
Brand new house for sale in Thankot,House,"Thankot, Kathmandu",21000000.0,0,0,0,0,1,0,0,0,0,0,1,0,0,1
Beautiful house for sale in Imadol,House,"Imadol, Lalitpur",70000000.0,0,0,0,0,1,0,0,0,0,0,0,0,0,1
" Residential house on sale at Bhaisepati, Lalitpur",House,"Bhaisepati, Lalitpur",38000000.0,0,0,0,0,1,0,0,0,0,0,0,0,0,1
"House for sale in Makalbari, Gokarneshwor",House,"Makalbari, Kathmandu",31000000.0,0,0,0,0,1,0,0,0,0,0,0,0,0,1
House for sale at Imadol,House,"Imadol, Lalitpur",24000000.0,0,0,0,0,1,0,0,0,0,0,0,0,0,1
"Residential house for sale in Changathali, Lalitpur",House,"Changathali, Lalitpur",15000000.0,0,0,0,0,1,0,0,0,0,0,0,0,0,1
House for sale at Pepsicola Townplanning,House,"Pepsicola, Kathmandu",24000000.0,0,0,0,0,1,0,0,0,0,0,0,0,0,1
Fully furnished bungalow for sale in Banasthali,House,"Banasthali, Kathmandu",70000000.0,1,0,0,0,0,0,0,0,0,1,0,0,0,1
"House on sale at Kantipur Colony, Lalitpur",House,"Kusunti, Lalitpur",27500000.0,0,0,0,0,1,0,0,0,0,0,0,0,0,1
House on Sale at Soltidobato,House,"Soltidobato, Kathmandu",30000000.0,0,0,0,0,1,0,0,0,0,0,0,0,0,1
Bungalow for sale in Boharatar,House,"Boharatar, Kathmandu",48500000.0,1,0,0,0,0,0,0,0,0,0,0,0,0,1
"House on sale in Kapan, Ekatabasti",House,"Ekatabasti, Kathmandu",36500000.0,0,0,0,0,1,0,0,0,0,0,0,0,0,1
Bungalow for sale at Hepali Height,House,"Hepali Height, Kathmandu",30000000.0,1,0,0,0,0,0,0,0,0,0,0,0,0,1
Residential house for sale in Baniyatar,House,"Baniyatar, Kathmandu",37500000.0,0,0,0,0,1,0,0,0,0,0,0,0,0,1
"House on sale in Machhegaun, Chandragiri",House,"Machhe Gaun, Kathmandu",12000000.0,0,0,0,0,1,0,0,0,0,0,0,0,0,1
"House for sale at Thapagaun, New Baneshwor",House,"Thapagaun, Kathmandu",43000000.0,0,0,0,0,1,0,0,0,0,0,1,0,0,1
"House for sale near Ekatabasti, Kapan",House,"Ekatabasti, Kathmandu",29500000.0,0,0,0,0,1,0,0,0,0,0,0,0,0,1
"Brand new house for sale in Kapan, Kharibot",House,"Kharibot, Kathmandu",30500000.0,0,0,0,0,1,0,0,0,0,0,1,0,0,1
"House on sale at Shankhamul, Kathmandu",House,"Shankhamul, Kathmandu",45000000.0,0,0,0,0,1,0,0,0,0,0,0,0,0,1
"House for sale in Bhaisepati, Lalitpur",House,"Bhaisepati, Lalitpur",26500000.0,0,0,0,0,1,0,0,0,0,0,0,0,0,1
"House on sale at Golfutar, Budhanilkantha",House,"Golfutar, Kathmandu",37500000.0,0,0,0,0,1,0,0,0,0,0,0,0,0,1
"House for sale in Jharuwarasi, Godawari",House,"Jharuwarasi, Lalitpur",13000000.0,0,0,0,0,1,0,0,0,0,0,0,0,0,1
"House for sale in Paknajol, Thamel",House,"Paknajol, Kathmandu",72500000.0,0,0,0,0,1,0,0,0,0,0,0,0,0,1
"House for sale at Pasikot, Budhanilkantha",House,"Pasikot, Kathmandu",35000000.0,0,0,0,0,1,0,0,0,0,0,0,0,0,1
"New house on sale at Manbahadur Marg, Budhanilkantha",House,"Manabahadur Marga, Kathmandu",31000000.0,0,0,0,0,1,0,0,0,0,0,1,0,0,1
Brand New house for sale at Sinamangal,House,"Sinamangal, Kathmandu",49000000.0,0,0,0,0,1,0,0,0,0,0,1,0,0,1
"House on sale at Manbahadur Marg, Budhanilkantha",House,"Manabahadur Marga, Kathmandu",33000000.0,0,0,0,0,1,0,0,0,0,0,0,0,0,1
"New house for sale at Imadol, Lalitpur",House,"Imadol, Lalitpur",26500000.0,0,0,0,0,1,0,0,0,0,0,1,0,0,1
"House for sale in Machhapokhari, Balaju",House,"Machhapokhari, Kathmandu",55000000.0,0,0,0,0,1,0,0,0,0,0,0,0,0,1
House for sale at Manamaiju,House,"Manamaiju, Kathmandu",58500000.0,0,0,0,0,1,0,0,0,0,0,0,0,0,1
"House on sale at Nakkhu, Lalitpur",House,"Nakkhu, Lalitpur",28000000.0,0,0,0,0,1,0,0,0,0,0,0,0,0,1
"House on sale at Imadol, Lalitpur",House,"Imadol, Lalitpur",19500000.0,0,0,0,0,1,0,0,0,0,0,0,0,0,1
"House on sale in Dhapasi Height, Tokha",House,"Dhapasi, Kathmandu",10000000.0,0,0,0,0,1,0,0,0,0,0,0,0,0,1
Brand new bungalow house on sale in Bhangal,House,"Bhangal , Kathmandu",31000000.0,1,0,0,0,1,0,0,0,0,0,1,0,0,1
"House on sale at Sinamangal, Bhimsengola",House,"Bhimsengola, Kathmandu",75000000.0,0,0,0,0,1,0,0,0,0,0,0,0,0,1
"House on sale at Deuba Chowk, Budhanilkantha",House, Kathmandu,76500000.0,0,0,0,0,1,0,0,0,0,0,0,0,0,1
"Furnished house for sale in Man Bahadur Marg, Bhangal",House,"Manabahadur Marga, Kathmandu",35000000.0,0,0,0,0,1,0,0,0,0,1,0,0,0,1
"House on sale at Bhangal, Budhanilkantha",House,"Bhangal , Kathmandu",29500000.0,0,0,0,0,1,0,0,0,0,0,0,0,0,1
"House on sale in Chunikhel, Budhanilkantha",House,"Chunikhel, Kathmandu",22000000.0,0,0,0,0,1,0,0,0,0,0,0,0,0,1
"Brand new house for sale in Darjeeling Height, Suryabinayak",House,"Darjeeling Height, Bhaktapur",17500000.0,0,0,0,0,1,0,0,0,0,0,1,0,0,1
"House for sale near Rudreshwor Chowk, Budhanilkantha",House,"Rudreshwor, Kathmandu",145000000.0,0,0,0,0,1,0,0,0,0,0,0,0,0,1
"House on sale in Sanchal, Sanepa",House,"Sanepa, Lalitpur",45000000.0,0,0,0,0,1,0,0,0,0,0,0,0,0,1
"Newly built house for sale in Grande, Dhapasi",House,"Dhapasi, Kathmandu",21000000.0,0,0,0,0,1,0,0,0,0,0,1,1,0,1
Luxurious house for sale near Budhanilkantha School,House,"Narayanthan , Kathmandu",105000000.0,0,0,0,0,1,0,0,0,0,0,0,1,0,1
"House on sale in Bhelpa, Satdobato",House,"Bhelpa, Lalitpur",26500000.0,0,0,0,0,1,0,0,0,0,0,0,0,0,1
Bungalow for sale in Sanepa,House,"Sanepa, Lalitpur",65000000.0,1,0,0,0,0,0,0,0,0,0,0,0,0,1
House for sale at Manamaiju,House,"Manamaiju, Kathmandu",38000000.0,0,0,0,0,1,0,0,0,0,0,0,0,0,1
House for sale in Maitidevi,House,"Maitidevi, Kathmandu",105000000.0,0,0,0,0,1,0,0,0,0,0,0,0,0,1
"House for sale at Sukedhara, Kathmandu",House,"Sukedhara, Kathmandu",29500000.0,0,0,0,0,1,0,0,0,0,0,0,0,0,1
Bungalow house on sale at Hattigauda,House,"Hattigaunda, Kathmandu",39000000.0,1,0,0,0,1,0,0,0,0,0,0,0,0,1
"House for sale at Thaiba, Lalitpur",House,"Thaiba, Lalitpur",12500000.0,0,0,0,0,1,0,0,0,0,0,0,0,0,1
"House for sale at Gokul Awas,Bhaisepati",House,"Bhaisepati, Lalitpur",45000000.0,0,0,0,0,1,0,0,0,0,0,0,0,0,1
"House on sale at Gokul Awas, Bhaisepati",House,"Bhaisepati, Lalitpur",45000000.0,0,0,0,0,1,0,0,0,0,0,0,0,0,1
Residential house for sale at Basundhara,House,"Basundhara, Kathmandu",40000000.0,0,0,0,0,1,0,0,0,0,0,0,0,0,1
Fully furnished house for sale in Golfutar,House,"Golfutar, Kathmandu",37500000.0,0,0,0,0,1,0,0,0,0,1,0,0,0,1
"House for sale near Karuna Hospital, Chunikhel",House,"Chunikhel, Kathmandu",20500000.0,0,0,0,0,1,0,0,0,0,0,0,0,0,1
Modern house for sale in Mandikhatar,House,"Mandikhatar, Kathmandu",22200000.000000004,0,0,0,0,1,0,0,0,0,0,1,0,0,1
"House on sale at Sanagaun, Lubhu",House,"Sanagaun, Lalitpur",30500000.0,0,0,0,0,1,0,0,0,0,0,0,0,0,1
"New house on sale in Chyasindol, Tokha",House,"Chyasindol, Kathmandu",27000000.0,0,0,0,0,1,0,0,0,0,0,1,0,0,1
Commercial house for sale in Dallu,House,"Dallu, Kathmandu",45000000.0,0,0,0,0,1,0,0,0,0,0,0,0,1,1
"Bungalow on sale at Hattigauda, Budhanilkantha",House,"Budhanilkantha, Kathmandu",52000000.0,1,0,0,0,0,0,0,0,0,0,0,0,0,1
Bungalow on sale at Budhanilkantha,House,"Budhanilkantha, Kathmandu",48000000.0,1,0,0,0,0,0,0,0,0,0,0,0,0,1
Semi commercial house for sale at Dhumbarahi,House,"Dhumbarahi, Kathmandu",69000000.0,0,0,0,0,1,0,0,0,0,0,0,0,1,1
Luxurious house on sale at Budhanilkantha,House,"Budhanilkantha, Kathmandu",165000000.0,0,0,0,0,1,0,0,0,0,0,0,1,0,1
"House for sale at Nakkhudole, Bhaisepati",House,"Nakhudole, Lalitpur",29000000.0,0,0,0,0,1,0,0,0,0,0,0,0,0,1
Duplex house for sale at Bhaisepati Height,House,"Bhaisepati, Lalitpur",38000000.0,0,0,0,1,1,0,0,0,0,0,0,0,0,1
"Bungalow house for sale at Subhakamana Marg, Koteshwor",House,"Koteshwor, Kathmandu",45000000.0,1,0,0,0,1,0,0,0,0,0,0,0,0,1
Semi furnished house for sale in Budhanilkantha,House,"Budhanilkantha, Kathmandu",55000000.0,0,0,0,0,1,0,0,0,0,1,0,0,0,1
"House on sale at Bhainsepati, Lalitpur",House,"Bhaisepati, Lalitpur",36000000.0,0,0,0,0,1,0,0,0,0,0,0,0,0,1
House for sale in Anamnagar,House,"Anamnagar, Kathmandu",42500000.0,0,0,0,0,1,0,0,0,0,0,0,0,0,1
"Bungalow house for sale at Bhangal, Budhanilkantha",House,"Bhangal , Kathmandu",33500000.0,1,0,0,0,1,0,0,0,0,0,0,0,0,1
"New house for sale at Suryadaya Awas,Thapa Gaun, 07 Tarakeshor",House,"Phutung, Kathmandu",26000000.0,0,0,0,0,1,0,0,0,0,0,1,0,0,1
"Brand new house for sale at Bhaisepati, Lalitpur",House,"Bhaisepati, Lalitpur",29500000.0,0,0,0,0,1,0,0,0,0,0,1,0,0,1
House for sale at Narayanthan,House,"Narayanthan , Kathmandu",65000000.0,0,0,0,0,1,0,0,0,0,0,0,0,0,1
Brand new bungalow for sale at Nakkhu,House,"Nakkhu, Lalitpur",38000000.0,1,0,0,0,0,0,0,0,0,0,1,0,0,1
"Bungalow for sale in Akasedhara, Kapan",House,"Aakasedhara, Kathmandu",45000000.0,1,0,0,0,0,0,0,0,0,0,0,0,0,1
House for sale near Gokarneshwor Temple,House,"Gokarna, Kathmandu",13000000.0,0,0,0,0,1,0,0,0,0,0,0,0,0,1
"Bungalow for sale at Hattiban, Lalitpur",House,"Hattiban, Lalitpur",75000000.0,1,0,0,0,0,0,0,0,0,0,0,0,0,1
House on sale at Kapan near Karuna Hospital ,House,"Kapan, Kathmandu",15500000.0,0,0,0,0,1,0,0,0,0,0,0,0,0,1
House on sale at Banasthali,House,"Banasthali, Kathmandu",70000000.0,0,0,0,0,1,0,0,0,0,0,0,0,0,1
Brand new house for sale in Baluwakhani,House,"Baluwakhani, Kathmandu",38000000.0,0,0,0,0,1,0,0,0,0,0,1,0,0,1
"Bungalow house for sale in Bhangal, Budhanilkantha",House,"Bhangal , Kathmandu",29000000.0,1,0,0,0,1,0,0,0,0,0,0,0,0,1
Commercial house for sale in Mandikhatar,House,"Mandikhatar, Kathmandu",27500000.0,0,0,0,0,1,0,0,0,0,0,0,0,1,1
"House on sale in Madigaun, Sunakothi",House,"Sunakothi, Lalitpur",16000000.0,0,0,0,0,1,0,0,0,0,0,0,0,0,1
"New house for sale in Sunakothi, Lalitpur",House,"Sunakothi, Lalitpur",12500000.0,0,0,0,0,1,0,0,0,0,0,1,0,0,1
"House for sale in Panga, Kirtipur",House,"Panga, Kathmandu",35000000.0,0,0,0,0,1,0,0,0,0,0,0,0,0,1
House for sale in Mandikhatar,House,"Mandikhatar, Kathmandu",75000000.0,0,0,0,0,1,0,0,0,0,0,0,0,0,1
Full furnished brand new bungalow on sale in Golfutar,House,"Golfutar, Kathmandu",80000000.0,1,0,0,0,0,0,0,0,0,1,1,0,0,1
Newly built house on sale at Thankot Checkpost,House,"Thankot, Kathmandu",16000000.0,0,0,0,0,1,0,0,0,0,0,1,0,0,1
Residential house for sale in Budhanilkantha,House,"Budhanilkantha, Kathmandu",36000000.0,0,0,0,0,1,0,0,0,0,0,0,0,0,1
"House for sale at Jyotinagar, Kapan",House,"Jyotinagar, Kathmandu",22500000.0,0,0,0,0,1,0,0,0,0,0,0,0,0,1
Bungalow for sale at Bhaisepati,House,"Bhaisepati, Lalitpur",38000000.0,1,0,0,0,0,0,0,0,0,0,0,0,0,1
"House for sale at Machhegaun, Kirtipur",House,"Machhegaun , Kathmandu",10500000.0,0,0,0,0,1,0,0,0,0,0,0,0,0,1
"Newly built house on sale in Sundarbasti, Budhanilkantha",House,"Sundarbasti, Kathmandu",27500000.0,0,0,0,0,1,0,0,0,0,0,1,0,0,1
House for sale in Thulobharyang,House,"Thulobharyang, Kathmandu",25000000.0,0,0,0,0,1,0,0,0,0,0,0,0,0,1
"House for sale at Chyasal, Lalitpur",House,"Chyasal, Lalitpur",22500000.0,0,0,0,0,1,0,0,0,0,0,0,0,0,1
"Bungalow on sale at Hattiban, Lalitpur",House,"Hattiban, Lalitpur",46000000.0,1,0,0,0,0,0,0,0,0,0,0,0,0,1
House on sale in Kavresthali,House,"Kavresthali, Kathmandu",18500000.0,0,0,0,0,1,0,0,0,0,0,0,0,0,1
House on sale at Imadol,House,"Imadol, Lalitpur",22500000.0,0,0,0,0,1,0,0,0,0,0,0,0,0,1
Semi furnished House for sale at Budhanilkantha ,House,"Budhanilkantha, Kathmandu",32500000.0,0,0,0,0,1,0,0,0,0,1,0,0,0,1
Commercial house on sale in Hattiban,House,"Hattiban, Lalitpur",16000000.0,0,0,0,0,1,0,0,0,0,0,0,0,1,1
"House for sale in Nayabasti, Boudha",House,"Naya Basti, Kathmandu",25000000.0,0,0,0,0,1,0,0,0,0,0,0,0,0,1
"Residental house on sale at Lampati, Kalanki",House,"Kalanki, Kathmandu",45000000.0,0,0,0,0,1,0,0,0,0,0,0,0,0,1
"Urgent House on Sale at Taukhel, Godawari, Lalitpur",House,"Taukhel, Lalitpur",35000000.0,0,0,0,0,1,0,0,0,0,0,0,0,0,1
"House on sale at Bhaisepati, Lalitpur ",House,"Bhaisepati, Lalitpur",26500000.0,0,0,0,0,1,0,0,0,0,0,0,0,0,1
"House on sale in Gagangauda, Pokhara",House,"Gagangauda, Kaski",23500000.0,0,0,0,0,1,0,0,0,0,0,0,0,0,1
Brand new house for sale in Kapan,House,"Kapan, Kathmandu",24000000.0,0,0,0,0,1,0,0,0,0,0,1,0,0,1
"House on sale at Khanepani Height, Bhaisepati",House,"Bhaisepati, Lalitpur",37000000.0,0,0,0,0,1,0,0,0,0,0,0,0,0,1
"Beautiful house for sale in Rose Village, Balkot",House,"Balkot, Bhaktapur",42500000.0,0,1,0,0,1,0,0,0,0,0,0,0,0,1
"Newly built house for sale In Green Hill City, Mulpani",House,"Mulpani, Kathmandu",31500000.0,0,0,0,0,1,0,0,0,0,0,1,0,0,1
"Bungalow house for sale at Nakhudol, Bhaisepati",House,"Nakhudole, Lalitpur",27500000.0,1,0,0,0,1,0,0,0,0,0,0,0,0,1
"Residential house on sale in Shree Tole, Basundhara",House,"Basundhara, Kathmandu",47500000.0,0,0,0,0,1,0,0,0,0,0,0,0,0,1
"House for sale near Thankot Checkpost, Chandragiri",House, undefined,18500000.0,0,0,0,0,1,0,0,0,0,0,0,0,0,1
Newly built house for sale in Tikathali,House,"Tikathali, Lalitpur",19000000.0,0,0,0,0,1,0,0,0,0,0,1,0,0,1
House on sale in Khumaltar ,House,"Khumaltar, Lalitpur",70000000.0,0,0,0,0,1,0,0,0,0,0,0,0,0,1
Brand new house for sale in Tikathali,House,"Tikathali, Lalitpur",18500000.0,0,0,0,0,1,0,0,0,0,0,1,0,0,1
"Brand new duplex house for sale in Kalikasthan, Dillibazar",House,"Kalikasthan, Kathmandu",60000000.0,0,0,0,1,1,0,0,0,0,0,1,0,0,1
"Brand new furnished house on sale in Manjushree Colony, Sainbu ",House,"Sainbu, Lalitpur",35000000.0,0,0,0,0,1,0,0,0,0,1,1,0,0,1
House on sale at Bansbari,House,"Bansbari, Kathmandu",62000000.0,0,0,0,0,1,0,0,0,0,0,0,0,0,1
"Residential house for sale at Bhairabchaur, Gokarneshwor",House,"Bhairabchaur, Kathmandu",25000000.0,0,0,0,0,1,0,0,0,0,0,0,0,0,1
"Residential house for sale inside Padma Colony, Nagarjun",House,"Padma Colony, Kathmandu",20000000.0,0,0,0,0,1,0,0,0,0,0,0,0,0,1
House for sale in Dallu,House,"Dallu, Kathmandu",70000000.0,0,0,0,0,1,0,0,0,0,0,0,0,0,1
"Brand new house on sale near Buddha Colony, Budhanilkantha",House,"Buddha Colony, Kathmandu",36000000.0,0,0,0,0,1,0,0,0,0,0,1,0,0,1
"Beautiful house for sale at Mahadevtar, Tokha",House,"Mahadevtar, Kathmandu",46500000.0,0,0,0,0,1,0,0,0,0,0,0,0,0,1
Brand new bungalow on sale at Budhanilkantha,House,"Budhanilkantha, Kathmandu",69000000.0,1,0,0,0,0,0,0,0,0,0,1,0,0,1
Beautiful bungalow on sale in Bhangal,House,"Bhangal , Kathmandu",34000000.0,1,0,0,0,0,0,0,0,0,0,0,0,0,1
Full furnished house for sale in Mandikhatar,House,"Mandikhatar, Kathmandu",35000000.0,0,0,0,0,1,0,0,0,0,1,0,0,0,1
"Furnished house for sale in Dhungedhara, Nursery Chowk",House,"Dhungedhara, Kathmandu",65000000.0,0,0,0,0,1,0,0,0,0,1,0,0,0,1
House for urgent sale in kapan,House,"Kapan, Kathmandu",37500000.0,0,0,0,0,1,0,0,0,0,0,0,0,0,1
"House for sale at Chandragiri, near Checkpost",House,"Thankot, Kathmandu",12500000.0,0,0,0,0,1,0,0,0,0,0,0,0,0,1
"House on sale in Gausala, Pingalasthan",House,"Gaushala, Kathmandu",62000000.0,0,0,0,0,1,0,0,0,0,0,0,0,0,1
"House for sale at Mahadevtar, Tokha",House,"Mahadevtar, Kathmandu",46500000.0,0,0,0,0,1,0,0,0,0,0,0,0,0,1
Semi Commercial house for sale in Maharajgunj,House,"Maharajgunj, Kathmandu",41000000.0,0,0,0,0,1,0,0,0,0,0,0,0,1,1
Residential house for sale in Hattiban lalitpur,House,"Hattiban, Lalitpur",34000000.0,0,0,0,0,1,0,0,0,0,0,0,0,0,1
Brand new bungalow on sale in Budhanilkantha,House,"Budhanilkantha, Kathmandu",28500000.0,1,0,0,0,0,0,0,0,0,0,1,0,0,1
Residential house on sale in Sitapaila,House,"Sitapaila, Kathmandu",18500000.0,0,0,0,0,1,0,0,0,0,0,0,0,0,1
House for sale in Mid Baneshwor,House,"Mid Baneshwor, Kathmandu",100000000.0,0,0,0,0,1,0,0,0,0,0,0,0,0,1
House for sale in Teku,House,"Teku, Kathmandu",77500000.0,0,0,0,0,1,0,0,0,0,0,0,0,0,1
"House for sale near Harmony Housing, Tokha",House,"Bhutkhel , Kathmandu",26700000.0,0,0,0,0,1,0,0,0,0,0,0,0,0,1
"House on sale near LRI School, Khadka Gaun",House,"Khadka Gaun, Kathmandu",21900000.0,0,0,0,0,1,0,0,0,0,0,0,0,0,1
Newly built house on sale in Syuchatar,House,"Syuchatar, Kathmandu",22500000.0,0,0,0,0,1,0,0,0,0,0,1,0,0,1
House on sale near Goldhunga VDC Office,House,"Goldhunga, Kathmandu",13000000.0,0,0,0,0,1,0,0,0,0,0,0,0,1,1
Brand new house for sale in Boudha,House,"Bouddha, Kathmandu",29500000.0,0,0,0,0,1,0,0,0,0,0,1,0,0,1
Residential house for sale at Sanothimi,House,"Sano thimi, Bhaktapur",21500000.0,0,0,0,0,1,0,0,0,0,0,0,0,0,1
Bungalow house for sale at Dhumbarahi,House,"Dhumbarahi, Kathmandu",95000000.0,1,0,0,0,1,0,0,0,0,0,0,0,0,1
House for sale in Satungal,House,"Satungal, Kathmandu",18500000.0,0,0,0,0,1,0,0,0,0,0,0,0,0,1
Beautiful house for sale in Gurjudhara ,House,"Gurjudhara, Kathmandu",16500000.0,0,0,0,0,1,0,0,0,0,0,0,0,0,1
Brand new house for sale in Naikap,House,"Naikap, Kathmandu",21000000.0,0,0,0,0,1,0,0,0,0,0,1,0,0,1
Beautiful house for sale in Dhungeadda,House,"Dhungeadda, Kathmandu",33000000.0,0,0,0,0,1,0,0,0,0,0,0,0,0,1
Brand new house for sale in Golfutar,House,"Golfutar, Kathmandu",29500000.0,0,0,0,0,1,0,0,0,0,0,1,0,0,1
House for sale at Sukedhara,House,"Sukedhara, Kathmandu",30000000.0,0,0,0,0,1,0,0,0,0,0,0,0,0,1
Brand new house for sale in Chandol,House,"Chandol, Kathmandu",90000000.0,0,0,0,0,1,0,0,0,0,0,1,0,0,1
Residential House on Sale at Gatthaghar,House,"Gatthaghar, Bhaktapur",30000000.0,0,0,0,0,1,0,0,0,0,0,0,0,0,1
"New house for sale at Pasikot, Budhanilkantha",House,"Pasikot, Kathmandu",36000000.0,0,0,0,0,1,0,0,0,0,0,1,0,0,1
"Duplex house on sale in Magargaun, Bhaisepati",House,"Bhaisepati, Lalitpur",49500000.0,0,0,0,1,1,0,0,0,0,0,0,0,0,1
"House on sale in Suryakot Marga, Koteshwor",House,"Koteshwor, Kathmandu",60000000.0,0,0,0,0,1,0,0,0,0,0,0,0,0,1
"House on sale in Jyotinagar, Kapan",House,"Jyotinagar, Kathmandu",28800000.0,0,0,0,0,1,0,0,0,0,0,0,0,0,1
Brand new full furnished house on sale in Mahankal,House,"Panitanki, Kathmandu",37000000.0,0,0,0,0,1,0,0,0,0,1,1,0,0,1
"House for sale at Bhangal, Kapan",House,"Bhangal , Kathmandu",21000000.0,0,0,0,0,1,0,0,0,0,0,0,0,0,1
Brand new house for sale at Baluwakhani,House,"Baluwakhani, Kathmandu",33500000.0,0,0,0,0,1,0,0,0,0,0,1,0,0,1
"Brand new house on sale in Nikhileshwor Colony, Baluwakhani",House,"Nikhileshwor, Kathmandu",24000000.0,0,0,0,0,1,0,0,0,0,0,1,0,0,1
"House on sale near Transport Office, Gurjudhara",House,"Gurjudhara, Kathmandu",29000000.0,0,0,0,0,1,0,0,0,0,0,0,0,1,1
House for sale at Baniyatar,House,"Baniyatar, Kathmandu",19500000.0,0,0,0,0,1,0,0,0,0,0,0,0,0,1
"New house on sale in Kapan, Paiyutar",House,"Paiyuntar, Kathmandu",13500000.0,0,0,0,0,1,0,0,0,0,0,1,0,0,1
"Brand new full furnished house for sale in Padamsal, Tarkeshwor",House,"Padamsal, Kathmandu",24000000.0,0,0,0,0,1,0,0,0,0,1,1,0,0,1
Home for sale at Imadol,House,"Imadol, Lalitpur",17000000.0,0,0,0,0,1,0,0,0,0,0,0,0,0,1
House for sale in Dhalko,House,"Khichapokhari, Kathmandu",35500000.0,0,0,0,0,1,0,0,0,0,0,0,0,0,1
"House on Sale at 2km from Machapokhari, Balaju",House,"Paiyatar, Kathmandu",17500000.0,0,0,0,0,1,0,0,0,0,0,0,0,0,1
House for sale in Boudha,House,"Bouddha, Kathmandu",67500000.0,0,0,0,0,1,0,0,0,0,0,0,0,0,1
"House on sale near American Embassy, Maharajgunj",House,"Maharajgunj, Kathmandu",75000000.0,0,0,0,0,1,0,0,0,0,0,0,0,0,1
Beautiful house on sale in Lubhu,House,"Lubhu, Lalitpur",29000000.0,0,0,0,0,1,0,0,0,0,0,0,0,0,1
"Brand new house on sale near Karuna Hospital, Bhangal",House,"Bhangal , Kathmandu",17500000.0,0,0,0,0,1,0,0,0,0,0,1,0,0,1
Full furnished house on sale in Bhangal,House,"Bhangal , Kathmandu",21000000.0,0,0,0,0,1,0,0,0,0,1,0,0,0,1
Brand new house on sale in Jyotinagar,House,"Jyotinagar, Kathmandu",33500000.0,0,0,0,0,1,0,0,0,0,0,1,0,0,1
Residential house for sale at Dhapasi,House,"Dhapasi, Kathmandu",19500000.0,0,0,0,0,1,0,0,0,0,0,0,0,0,1
Full furnished house for sale in Hattiban,House,"Hattiban, Lalitpur",50000000.0,0,0,0,0,1,0,0,0,0,1,0,0,0,1
Beautiful bungalow on sale in Nakhipot,House,"Nakhipot, Lalitpur",60000000.0,1,0,0,0,0,0,0,0,0,0,0,0,0,1
"Modern designed house on sale in Megha City, Tokha",House,"Megha City, Kathmandu",29900000.000000004,0,0,0,0,1,0,0,0,0,0,1,0,0,1
Residential house for sale in Sitapaila,House,"Sitapaila, Kathmandu",20000000.0,0,0,0,0,1,0,0,0,0,0,0,0,0,1
"House on sale in Setipakha, Imadol",House,"Setipakha, Lalitpur",22500000.0,0,0,0,0,1,0,0,0,0,0,0,0,0,1
Bungalow house on sale in Jarankhu,House,"Jarankhu, Kathmandu",65000000.0,1,0,0,0,1,0,0,0,0,0,0,0,0,1
Exclusive property for sale in Boudha,House,"Bouddha, Kathmandu",200000000.0,0,0,0,0,0,0,0,0,0,0,0,0,0,1
Full furnished residential house for sale at Jaya Bageshwori,House,"Jaya Bageshwori, Kathmandu",38500000.0,0,0,0,0,1,0,0,0,0,1,0,0,0,1
Beautiful house on sale in Sallaghari,House,"Sallaghari, Bhaktapur",37500000.0,0,0,0,0,1,0,0,0,0,0,0,0,0,1
Bungalow house on sale in Golfutar height,House,"Golfutar, Kathmandu",110000000.0,1,0,0,0,1,0,0,0,0,0,0,0,0,1
Brand new bungalow house on sale in Dhungedhara,House,"Dhungedhara, Kathmandu",55000000.0,1,0,0,0,1,0,0,0,0,0,1,0,0,1
Beautiful house for sale at Kapan,House,"Kapan, Kathmandu",25000000.0,0,0,0,0,1,0,0,0,0,0,0,0,0,1
"Beautiful house on sale at Dhaneshwor, Tokha",House,"Dhaneshwor, Kathmandu",13500000.0,0,0,0,0,1,0,0,0,0,0,0,0,0,1
Full furnished house for sale at Bafal,House,"Bafal, Kathmandu",70000000.0,0,0,0,0,1,0,0,0,0,1,0,0,0,1
Residential house for sale at Baluwatar,House,"Baluwatar, Kathmandu",40000000.0,0,0,0,0,1,0,0,0,0,0,0,0,0,1
"House for sale at Srijananagar, Bhaktapur",House,"Srijananagar, Bhaktapur",22500000.0,0,0,0,0,1,0,0,0,0,0,0,0,0,1
Houses for sale at Baniyatar,House,"Baniyatar, Kathmandu",65000000.0,0,0,0,0,1,0,0,0,0,0,0,0,0,1
House for sale in Bagdol,House,"Bagdol, Lalitpur",29000000.0,0,0,0,0,1,0,0,0,0,0,0,0,0,1
Brand new house on sale in Baluwakhani,House,"Baluwakhani, Kathmandu",26000000.0,0,0,0,0,1,0,0,0,0,0,1,0,0,1
Brand new house on sale at Ekatabasti,House,"Ekatabasti, Kathmandu",33000000.0,0,0,0,0,1,0,0,0,0,0,1,0,0,1
House on sale in Mandikhatar Phaat,House,"Mandikhatar, Kathmandu",21000000.0,0,0,0,0,1,0,0,0,0,0,0,0,0,1
"House for sale at Bhangal, Budhanilkantha",House,"Bhangal , Kathmandu",23500000.0,0,0,0,0,1,0,0,0,0,0,0,0,0,1
"House for sale near Karuna Hospital, Kapan",House,"Kapan, Kathmandu",11200000.000000002,0,0,0,0,1,0,0,0,0,0,0,0,0,1
"House on sale at Bhangal, Budhanilkantha",House,"Bhangal , Kathmandu",13500000.0,0,0,0,0,1,0,0,0,0,0,0,0,0,1
"House for sale near Ekatabasti road, Sukedhara",House,"Sukedhara, Kathmandu",17000000.0,0,0,0,0,1,0,0,0,0,0,0,0,0,1
Residential house for sale in Lubhu,House,"Lubhu, Lalitpur",15000000.0,0,0,0,0,1,0,0,0,0,0,0,0,0,1
"House on sale at Ram Mandir, Kapan",House,"Ram Mandir, Kathmandu",37500000.0,0,0,0,0,1,0,0,0,0,0,0,0,0,1
Villa on sale in Chapali Budhanilkantha,House,"Chapali, Kathmandu",39000000.0,0,1,0,0,0,0,0,0,0,0,0,0,0,1
"House on sale in Aakasedhara, Kapan",House,"Aakasedhara, Kathmandu",19000000.0,0,0,0,0,1,0,0,0,0,0,0,0,0,1
"House on sale in Paiyatar, Tarkeshwor",House,"Paiyatar, Kathmandu",22000000.0,0,0,0,0,1,0,0,0,0,0,0,0,0,1
"Bungalow house for sale at Ganesh Chowk, Budhanilkantha",House,"Ganesh Chowk, Kathmandu",32500000.0,1,0,0,0,1,0,0,0,0,0,0,0,0,1
"House on sale near Gothatar Bridge, Nayabasti",House,"Naya Basti, Kathmandu",28000000.0,0,0,0,0,1,0,0,0,0,0,0,0,0,1
House for sale near Thankot Highway,House,"Thankot, Kathmandu",16500000.0,0,0,0,0,1,0,0,0,0,0,0,0,0,1
House for rent or sale in Hattiban,House,"Hattiban, Lalitpur",38000000.0,0,0,0,0,1,0,0,0,0,0,0,0,0,1
Full furnished house on sale in Hattiban,House,"Hattiban, Lalitpur",32500000.0,0,0,0,0,1,0,0,0,0,1,0,0,0,1
House for sale in Gaurighat,House,"Gaurighat, Kathmandu",60000000.0,0,0,0,0,1,0,0,0,0,0,0,0,0,1
Residential house on sale in Lolang Height,House,"Lolang, Kathmandu",15500000.0,0,0,0,0,1,0,0,0,0,0,0,0,0,1
Brand new residential house for sale in Goldhunga,House,"Goldhunga, Kathmandu",15000000.0,0,0,0,0,1,0,0,0,0,0,1,0,0,1
Bungalow house on sale at Pasikot,House,"Pasikot, Kathmandu",75000000.0,1,0,0,0,1,0,0,0,0,0,0,0,0,1
Bungalow house for sale at Pasikot,House,"Pasikot, Kathmandu",60000000.0,1,0,0,0,1,0,0,0,0,0,0,0,0,1
"House on sale at Sahayoginagar, Koteshwor",House,"Koteshwor, Kathmandu",27500000.0,0,0,0,0,1,0,0,0,0,0,0,0,0,1
Residential house for sale at Bhangal,House,"Bhangal , Kathmandu",22000000.0,0,0,0,0,1,0,0,0,0,0,0,0,0,1
"House on sale near Saibaba Chowk, Tokha",House,"Sai Baba chowk, Kathmandu",25000000.0,0,0,0,0,1,0,0,0,0,0,0,0,0,1
"House on sale located at Dhapasi, Greenland",House,"Greenland Chowk, Kathmandu",45000000.0,0,0,0,0,1,1,0,0,0,0,0,0,0,1
"House on sale near Fresh Farms, Sundarbasti",House,"Sundarbasti, Kathmandu",20000000.0,0,0,0,0,1,0,0,0,0,0,0,0,0,1
"House for sale near Sheetal Height, Imadol",House,"Imadol, Lalitpur",21000000.0,0,0,0,0,1,0,0,0,0,0,0,0,0,1
"House for sale in Chapali, Budhanilkantha",House,"Chapali, Kathmandu",44000000.0,0,0,0,0,1,0,0,0,0,0,0,0,0,1
"House on sale near Awas Marga, Bhaisepati",House,"Bhaisepati, Lalitpur",36000000.0,0,0,0,0,1,0,0,0,0,0,0,0,0,1
"House on sale near Chundevi Temple, Katunje",House,"Katunje, Bhaktapur",25000000.0,0,0,0,0,1,0,0,0,0,0,0,0,0,1
"House for sale near Downtown Residency, Imadol",House,"Imadol, Lalitpur",18000000.0,0,0,0,0,1,0,0,0,0,0,0,0,0,1
House for sale in Saraswotinagar,House,"Saraswotinagar, Kathmandu",40000000.0,0,0,0,0,1,0,0,0,0,0,0,0,0,1
Brand new house on sale in Imadol,House,"Imadol, Lalitpur",23500000.0,0,0,0,0,1,0,0,0,0,0,1,0,0,1
Bungalow house for sale in Banasthali,House,"Banasthali, Kathmandu",70000000.0,1,0,0,0,1,0,0,0,0,0,0,0,0,1
Bungalow on sale in Bhimsengola,House,"Bhimsengola, Kathmandu",65000000.0,1,0,0,0,0,0,0,0,0,0,0,0,0,1
"Bungalow on sale in Special Chowk, Budhanilkantha",House,"Special chowk, Kathmandu",62500000.0,1,0,0,0,0,0,0,0,0,0,0,0,0,1
Brand new house on sale in Chandol,House,"Chandol, Kathmandu",34000000.0,0,0,0,0,1,0,0,0,0,0,1,0,0,1
"House for sale near SBI Bank, Bhaisepati",House,"Bhaisepati, Lalitpur",24500000.0,0,0,0,0,1,0,0,0,0,0,0,0,0,1
House on sale at Hattiban,House,"Hattiban, Lalitpur",26000000.0,0,0,0,0,1,0,0,0,0,0,0,0,0,1
Brand new house for sale in Kadaghari,House,"Kadaghari, Kathmandu",24000000.0,0,0,0,0,1,0,0,0,0,0,1,0,0,1
House for sale at Machhapokhari,House,"Machhapokhari, Kathmandu",49000000.0,0,0,0,0,1,0,0,0,0,0,0,0,0,1
"House for sale at Sundarbasti, Bhangal",House,"Bhangal , Kathmandu",18500000.0,0,0,0,0,1,0,0,0,0,0,0,0,0,1
"House for sale in Sundarbasti, Bhangal",House,"Sundarbasti, Kathmandu",20000000.0,0,0,0,0,1,0,0,0,0,0,0,0,0,1
Bungalow for sale in Dhobighat,House,"Dhobighat, Lalitpur",35000000.0,1,0,0,0,0,0,0,0,0,0,0,0,0,1
House for sale in Sipadol,House,"Sipadol, Bhaktapur",22000000.0,0,0,0,0,1,0,0,0,0,0,0,0,0,1
House for sale in Bansbari,House,"Bansbari, Kathmandu",52000000.0,0,0,0,0,1,0,0,0,0,0,0,0,0,1
"House for sale in Gursingal, Kupandol",House,"Kupandole, Lalitpur",80000000.0,0,0,0,0,1,0,0,0,0,0,0,0,0,1
House with business on sale at Kalopool,House,"Kalopool, Kathmandu",60000000.0,0,0,0,0,1,0,0,0,0,0,0,0,0,1
"House on sale in Tathali, Bhaktapur",House,"Tathali, Bhaktapur",19000000.0,0,0,0,0,1,0,0,0,0,0,0,0,0,1
"House for sale in Bhatkepati, Kirtipur",House,"Bhatkepati, Kathmandu",25000000.0,0,0,0,0,1,0,0,0,0,0,0,0,0,1
"House for sale in Dadhikot, Bhaktapur",House,"Dadhikot, Bhaktapur",25000000.0,0,0,0,0,1,0,0,0,0,0,0,0,0,1
"House on sale in RKD Colony, Dhungeadda",House,"Dhungeadda, Kathmandu",29800000.0,0,0,0,0,1,0,0,0,0,0,0,0,0,1
"Brand new house on sale in Kantipur Colony, Kusunti",House,"Kusunti, Lalitpur",31000000.0,0,0,0,0,1,0,0,0,0,0,1,0,0,1
"House on sale near Malpot Office, Chabahil",House,"Chabahil, Kathmandu",32000000.0,0,0,0,0,1,0,0,0,0,0,0,0,1,1
"Full furnished house on sale in Padma Colony, Sitapaila",House,"Sitapaila, Kathmandu",27000000.0,0,0,0,0,1,0,0,0,0,1,0,0,0,1
"Bungalow house for sale in Radhe Radhe, Bhaktapur",House,"Radhe Radhe, Bhaktapur",27000000.0,1,0,0,0,1,0,0,0,0,0,0,0,0,1
House for sale in Imadol,House,"Imadol, Lalitpur",23000000.0,0,0,0,0,1,0,0,0,0,0,0,0,0,1
"House on sale at Pasikot, Budhanilkantha",House,"Pasikot, Kathmandu",38000000.0,0,0,0,0,1,0,0,0,0,0,0,0,0,1
"House for sale in Phulbari Marga, Nakhu",House,"Nakkhu, Lalitpur",23000000.0,0,0,0,0,1,0,0,0,0,0,0,0,0,1
Brand new house on sale in Golfutar,House,"Golfutar, Kathmandu",16000000.0,0,0,0,0,1,0,0,0,0,0,1,0,0,1
"House for sale in Nakhudole, Lalitpur",House,"Nakkhu, Lalitpur",30000000.0,0,0,0,0,1,0,0,0,0,0,0,0,0,1
Bungalow on sale in Jarankhu,House,"Jarankhu, Kathmandu",65000000.0,1,0,0,0,0,0,0,0,0,0,0,0,0,1
"House on sale in Sundarbasti, Golfutar",House,"Sundarbasti, Kathmandu",25000000.0,0,0,0,0,1,0,0,0,0,0,0,0,0,1
Residential bungalow on sale at Bhaisepati,House,"Bhaisepati, Lalitpur",42500000.0,1,0,0,0,0,0,0,0,0,0,0,0,0,1
Brand new house on sale at Kusunti,House,"Kusunti, Lalitpur",27500000.0,0,0,0,0,1,0,0,0,0,0,1,0,0,1
"House for sale near Civil Homes, Dhapakhel",House,"Dhapakhel, Lalitpur",29000000.0,0,0,0,0,1,0,0,0,0,0,0,0,0,1
Residential house for sale in Thankot,House,"Thankot, Kathmandu",13500000.0,0,0,0,0,1,0,0,0,0,0,0,0,0,1
Residential house for sale at Imadol,House,"Imadol, Lalitpur",25000000.0,0,0,0,0,1,0,0,0,0,0,0,0,0,1
"House for sale in Ranibari, Samakhusi",House,"Samakhusi, Kathmandu",34000000.0,0,0,0,0,1,0,0,0,0,0,0,0,0,1
House on sale at Sukedhara,House,"Sukedhara, Kathmandu",28000000.0,0,0,0,0,1,0,0,0,0,0,0,0,0,1
Residential house for sale in Imadol,House,"Imadol, Lalitpur",29500000.0,0,0,0,0,1,0,0,0,0,0,0,0,0,1
"House on sale in Nayabazar, Bhaisepati",House,"Bhaisepati, Lalitpur",33500000.0,0,0,0,0,1,0,0,0,0,0,0,0,0,1
"Residential house on sale in Ganesh Chowk, Budhanilkantha",House,"Ganesh Chowk, Kathmandu",22500000.0,0,0,0,0,1,0,0,0,0,0,0,0,0,1
"Brand new house for sale near Grande Hospital, Dhapasi",House,"Dhapasi, Kathmandu",37500000.0,0,0,0,0,1,0,0,0,0,0,1,1,0,1
Bungalow house for sale at Sukedhara,House,"Sukedhara, Kathmandu",45000000.0,1,0,0,0,1,0,0,0,0,0,0,0,0,1
"Brand new house on sale in Lubhu, Changathali",House,"Lubhu, Lalitpur",19500000.0,0,0,0,0,1,0,0,0,0,0,1,0,0,1
"Brand new house on sale in Sallaghari, Bhaktapur",House,"Sallaghari, Bhaktapur",25000000.0,0,0,0,0,1,0,0,0,0,0,1,0,0,1
"House for sale in Chandragiri - 1, Srijana Chowk",House,"Srijana Chowk, Kathmandu",16000000.0,0,0,0,0,1,0,0,0,0,0,0,0,0,1
Residential house on sale in Dhungedhara,House,"Dhungedhara, Kathmandu",27500000.0,0,0,0,0,1,0,0,0,0,0,0,0,0,1
Residential house for sale in Sukedhara,House,"Sukedhara, Kathmandu",16000000.0,0,0,0,0,1,0,0,0,0,0,0,0,0,1
"House on sale in Kapan, near Karuna Hospital",House,"Kapan, Kathmandu",11800000.0,0,0,0,0,1,0,0,0,0,0,0,0,0,1
"Residential house for sale in Aryal Gaun, Mulpani",House,"Mulpani, Kathmandu",14000000.0,0,0,0,0,1,0,0,0,0,0,0,0,0,1
"Bungalow on sale near American Embassy, Maharajgunj",House,"Maharajgunj, Kathmandu",60000000.0,1,0,0,0,0,0,0,0,0,0,0,0,0,1
"Bungalow on sale in Mandikhatar, CRD Colony",House,"Mandikhatar, Kathmandu",57500000.0,1,0,0,0,0,0,0,0,0,0,0,0,0,1
"Residential house for sale in Sukedhara, near Ekatabasti road",House,"Sukedhara, Kathmandu",27000000.0,0,0,0,0,1,0,0,0,0,0,0,0,0,1
"Brand new house on sale in Dahachowk, Chandragiri",House,"Dahachowk, Kathmandu",18000000.0,0,0,0,0,1,0,0,0,0,0,1,0,0,1
Brand new house on sale in Kapan,House,"Kapan, Kathmandu",31000000.0,0,0,0,0,1,0,0,0,0,0,1,0,0,1
"House for sale in Vinayak Colony, Bhaisepati",House,"Bhaisepati, Lalitpur",57500000.0,0,0,0,0,1,0,0,0,0,0,0,0,0,1
"House for sale in Thecho, Godawari",House,"Thecho, Lalitpur",27500000.0,0,0,0,0,1,0,0,0,0,0,0,0,0,1
Brand new house on sale in Nakhipot,House,"Nakhipot, Lalitpur",23500000.0,0,0,0,0,1,0,0,0,0,0,1,0,0,1
"Brand new bungalow house for sale in Shuva Homes, Tokha",House,"Tokha, Kathmandu",32500000.0,1,0,0,0,1,0,0,0,0,0,1,0,0,1
Brand new house on sale in Sitapaila,House,"Sitapaila, Kathmandu",21500000.0,0,0,0,0,1,0,0,0,0,0,1,0,0,1
Residential house on sale in Sukedhara,House,"Sukedhara, Kathmandu",40000000.0,0,0,0,0,1,0,0,0,0,0,0,0,0,1
Residential house for sale in Dhapasi,House,"Dhapasi, Kathmandu",30000000.0,0,0,0,0,1,0,0,0,0,0,0,0,0,1
"Bungalow for sale in Deuba Chowk, Budhanilkantha",House,"Deuwa chowk, Kathmandu",47000000.0,1,0,0,0,0,0,0,0,0,0,0,0,0,1
Commercial house on sale in Shankhamul,House,"Shankhamul, Kathmandu",51000000.0,0,0,0,0,1,0,0,0,0,0,0,0,1,1
"Traditionally designed heritage home for sale at Kamalbinayak Town Planning, Bhaktapur ",House,"Kamalbinayak, Bhaktapur",39900000.0,0,0,0,0,1,0,0,0,0,0,0,0,0,1
"House on sale in Mahadevtar, Tokha",House,"Mahadevtar, Kathmandu",42500000.0,0,0,0,0,1,0,0,0,0,0,0,0,0,1
Residential house on sale in Khumaltar,House,"Khumaltar, Lalitpur",28500000.0,0,0,0,0,1,0,0,0,0,0,0,0,0,1
"House on sale at Rudreshwor, Budhanilkantha",House,"Rudreshwor, Kathmandu",26000000.0,0,0,0,0,1,0,0,0,0,0,0,0,0,1
"Brand new house for sale in Kapan, Ram Mandir",House,"Ram Mandir, Kathmandu",28500000.0,0,0,0,0,1,0,0,0,0,0,1,0,0,1
Commercial house on sale in Bagbazar,House,"Bagbazar, Kathmandu",26000000.0,0,0,0,0,1,0,0,0,0,0,0,0,1,1
House on sale in Khusibu Townplanning,House,"Khusibu, Kathmandu",22500000.0,0,0,0,0,1,0,0,0,0,0,0,0,0,1
House for sale in Chhauni,House,"Chhauni, Kathmandu",31000000.0,0,0,0,0,1,0,0,0,0,0,0,0,0,1
"House on sale in Chhauni, Kimdol",House,"Chhauni, Kathmandu",85000000.0,0,0,0,0,1,0,0,0,0,0,0,0,0,1
"House for sale in Setipakha, Imadol",House,"Setipakha, Lalitpur",22500000.0,0,0,0,0,1,0,0,0,0,0,0,0,0,1
"Brand new house on sale in High Vision Colony, Gurjudhara",House,"Gurjudhara, Kathmandu",15500000.0,0,0,0,0,1,0,0,0,0,0,1,0,0,1
"Luxurious bungalow on sale in Hattigauda, Budhanilkantha",House,"Hattigaunda, Kathmandu",32500000.0,1,0,0,0,0,0,0,0,0,0,0,1,0,1
Luxurious bungalow for sale in Budhanilkantha,House,"Budhanilkantha, Kathmandu",100000000.0,1,0,0,0,0,0,0,0,0,0,0,1,0,1
House on sale near Tinkune,House,"Tinkune, Kathmandu",45000000.0,0,0,0,0,1,0,0,0,0,0,0,0,0,1
House and land on sale in Kirtipur,House,"Kirtipur, Kathmandu",28500000.0,0,0,0,0,1,1,0,0,0,0,0,0,0,1
Residential house on sale in Sanepa,House,"Sanepa, Lalitpur",68000000.0,0,0,0,0,1,0,0,0,0,0,0,0,0,1
Brand new house on sale in Ekatabasti,House,"Ekatabasti, Kathmandu",29700000.000000004,0,0,0,0,1,0,0,0,0,0,1,0,0,1
Residential house on sale in Dhungeadda,House,"Dhungeadda, Kathmandu",72500000.0,0,0,0,0,1,0,0,0,0,0,0,0,0,1
"Brand new house for sale in Hattiban, Kharibot, Lalitpur ",House,"Hattiban, Lalitpur",28700000.0,0,0,0,0,1,0,0,0,0,0,1,0,0,1
Residential house on sale in Basundhara,House,"Basundhara, Kathmandu",92000000.0,0,0,0,0,1,0,0,0,0,0,0,0,0,1
"Luxurious bungalow on sale in Bhangal, Budhanilkantha",House,"Bhangal , Kathmandu",69000000.0,1,0,0,0,0,0,0,0,0,0,0,1,0,1
"Commercial house on sale in Sundarbasti, Budhanilkantha",House,"Sundarbasti, Kathmandu",15800000.0,0,0,0,0,1,0,0,0,0,0,0,0,1,1
Brand new house on sale in Bhangal,House,"Bhangal , Kathmandu",29800000.0,0,0,0,0,1,0,0,0,0,0,1,0,0,1
"Brand new house on sale in Hattigauda, Ganesh Chowk",House,"Ganesh Chowk, Kathmandu",32000000.0,0,0,0,0,1,0,0,0,0,0,1,0,0,1
"Bungalow for sale in Grande Villa Housing, Tokha",House,"Grande Villa, Kathmandu",24500000.0,1,1,0,0,0,0,0,0,0,0,0,1,0,1
"House for sale at Ganesh Chowk, Budhanilkantha",House,"Ganesh Chowk, Kathmandu",35000000.0,0,0,0,0,1,0,0,0,0,0,0,0,0,1
Luxurious bungalow on sale in Budhanilkantha,House,"Budhanilkantha, Kathmandu",59000000.0,1,0,0,0,0,0,0,0,0,0,0,1,0,1
"Full furnished house for sale in Manjushree Colony, Nakkhu",House,"Nakkhu, Lalitpur",33000000.0,0,0,0,0,1,0,0,0,0,1,0,0,0,1
Brand new house for sale in Kusunti,House,"Kusunti, Lalitpur",27000000.0,0,0,0,0,1,0,0,0,0,0,1,0,0,1
"Brand new house for sale in Kusunti, Lalitpur",House,"Kusunti, Lalitpur",24000000.0,0,0,0,0,1,0,0,0,0,0,1,0,0,1
"House for sale at Baluwakhani, Kapan",House,"Baluwakhani, Kathmandu",23500000.0,0,0,0,0,1,0,0,0,0,0,0,0,0,1
Bungalow house for sale in Sukedhara,House,"Sukedhara, Kathmandu",35000000.0,1,0,0,0,1,0,0,0,0,0,0,0,0,1
"House on sale near Greenhill City, Mulpani",House,"Mulpani, Kathmandu",29500000.0,0,0,0,0,1,0,0,0,0,0,0,0,0,1
House on sale in Gokarneshwor,House,"Gorkarneshwor, Kathmandu",27000000.0,0,0,0,0,1,0,0,0,0,0,0,0,0,1
Residential house for sale at Golfutar,House,"Golfutar, Kathmandu",28000000.0,0,0,0,0,1,0,0,0,0,0,0,0,0,1
"Brand new house on sale in Magar Gaun, Bhaisepati",House,"Bhaisepati, Lalitpur",19900000.0,0,0,0,0,1,0,0,0,0,0,1,0,0,1
"Bungalow house for sale in Ganesh Chowk, Budhanilkantha",House,"Ganesh Chowk, Kathmandu",35000000.0,1,0,0,0,1,0,0,0,0,0,0,0,0,1
"House for sale in Ganesh Chowk, Budhanilkantha",House,"Ganesh Chowk, Kathmandu",32000000.0,0,0,0,0,1,0,0,0,0,0,0,0,0,1
"Bungalow for sale in Man Bahadur Marga, Budhanilkantha",House,"Manabahadur Marga, Kathmandu",23000000.0,1,0,0,0,0,0,0,0,0,0,0,0,0,1
"Bungalow on sale in Narayanthan, Budhanilkantha",House,"Narayanthan , Kathmandu",55000000.0,1,0,0,0,0,0,0,0,0,0,0,0,0,1
"Brand new bungalow house for sale in Narayanthan, Budhanilkantha",House,"Narayanthan , Kathmandu",35000000.0,1,0,0,0,1,0,0,0,0,0,1,0,0,1
"Brand new house for sale near Mediciti Hospital, Nakkhu",House,"Nakkhu, Lalitpur",23500000.0,0,0,0,0,1,0,0,0,0,0,1,0,0,1
"Brand new house on sale in Nakkhu, near Mediciti Hospital",House,"Nakkhu, Lalitpur",23000000.0,0,0,0,0,1,0,0,0,0,0,1,0,0,1
"House on sale at Imadol, Shital Height",House,"Imadol, Lalitpur",19500000.0,0,0,0,0,1,0,0,0,0,0,0,0,0,1
"House for sale in Reliable Colony, Bhaisepati",House,"Bhaisepati, Lalitpur",28000000.0,0,0,0,0,1,0,0,0,0,0,0,0,0,1
"Brand new house on sale in Kusunti, Lalitpur",House,"Kusunti, Lalitpur",23500000.0,0,0,0,0,1,0,0,0,0,0,1,0,0,1
House for sale at Shankhamul ,House,"Shankhamul, Kathmandu",40000000.0,0,0,0,0,1,0,0,0,0,0,0,0,0,1
Brand new house for sale in Dhapasi,House,"Dhapasi, Kathmandu",28000000.0,0,0,0,0,1,0,0,0,0,0,1,0,0,1
"House for sale in Tokha, near Grande Housing",House,"Tokha Height, Kathmandu",23000000.0,0,0,0,0,1,0,0,0,0,0,0,1,0,1
House for sale at Hattiban,House,"Hattiban, Lalitpur",21500000.0,0,0,0,0,1,0,0,0,0,0,0,0,0,1
Brand new house for sale in Gothatar,House,"Gothatar, Kathmandu",40000000.0,0,0,0,0,1,0,0,0,0,0,1,0,0,1
"House on sale at Imadol, near Kist Hospital",House,"Imadol, Lalitpur",21000000.0,0,0,0,0,1,0,0,0,0,0,0,0,0,1
House for sale in Syuchatar,House,"Syuchatar, Kathmandu",20500000.0,0,0,0,0,1,0,0,0,0,0,0,0,0,1
Semi furnished bungalow on sale in Budhanilkantha,House,"Budhanilkantha, Kathmandu",45000000.0,1,0,0,0,0,0,0,0,0,1,0,0,0,1
"House for sale in Khadkagaun, near LRI School",House,"Khadka Gaun, Kathmandu",23000000.0,0,0,0,0,1,0,0,0,0,0,0,0,0,1
Bungalow for sale in Mandikhatar,House,"Mandikhatar, Kathmandu",45000000.0,1,0,0,0,0,0,0,0,0,0,0,0,0,1
"Brand new house on sale in Bhaisepati, Lalitpur",House,"Bhaisepati, Lalitpur",24000000.0,0,0,0,0,1,0,0,0,0,0,1,0,0,1
"House on sale in Nakhu, near Mediciti Hospital",House,"Nakkhu, Lalitpur",32500000.0,0,0,0,0,1,0,0,0,0,0,0,0,0,1
"Bungalow on sale in Nakhipot, near Kantipur Colony",House,"Nakhipot, Lalitpur",80000000.0,1,0,0,0,0,0,0,0,0,0,0,0,0,1
"House on sale in Mahadevsthan, Chandragiri",House,"Mahadevsthan, Kathmandu",10500000.0,0,0,0,0,1,0,0,0,0,0,0,0,0,1
"house on sale in Hattiban, Lalitpur",House,"Hattiban, Lalitpur",21100000.0,0,0,0,0,1,0,0,0,0,0,0,0,0,1
House for Sale at Kapan,House,"Kapan Gumba, Kathmandu",14000000.0,0,0,0,0,1,0,0,0,0,0,0,0,0,1
House for sale in Narayantar,House,"Narayantar, Kathmandu",27500000.0,0,0,0,0,1,0,0,0,0,0,0,0,0,1
"House for sale in Southern Heights Colony, Thaiba",House,"Thaiba, Lalitpur",48500000.0,0,0,0,0,1,0,0,0,0,0,0,0,0,1
Bungalow on sale at Dhumbarahi Height,House,"Dhumbarahi, Kathmandu",130000000.0,1,0,0,0,0,0,0,0,0,0,0,0,0,1
"House on sale in Narephat, Koteshwor",House,"Narephat, Kathmandu",38500000.0,0,0,0,0,1,0,0,0,0,0,0,0,0,1
House on sale only in land price in Sanobharyang,House,"Sanobharyang, Kathmandu",18500000.0,0,0,0,0,1,1,0,0,0,0,0,0,0,1
"Bungalow house on sale at Shristy Colony, Nagarjun",House,"Sitapaila, Kathmandu",70000000.0,1,0,0,0,1,0,0,0,0,0,0,0,0,1
Bungalow for sale at Chandol,House,"Chandol, Kathmandu",46000000.0,1,0,0,0,0,0,0,0,0,0,0,0,0,1
Bungalow house for sale in Budhanilkantha,House,"Budhanilkantha, Kathmandu",115000000.0,1,0,0,0,1,0,0,0,0,0,0,0,0,1
Brand new bungalow on sale in Bhaisepati,House,"Bhaisepati, Lalitpur",37500000.0,1,0,0,0,0,0,0,0,0,0,1,0,0,1
"House on sale in Imadol, opposite of Green Hill City",House,"Imadol, Lalitpur",24000000.0,0,0,0,0,1,0,0,0,0,0,0,0,0,1
Bungalow on sale in Narayanthan,House,"Narayanthan , Kathmandu",80000000.0,1,0,0,0,0,0,0,0,0,0,0,0,0,1
Bungalow for sale at Naxal,House,"Naxal, Kathmandu",135000000.0,1,0,0,0,0,0,0,0,0,0,0,0,0,1
House for sale at Dhapasi,House,"Dhapasi, Kathmandu",33000000.0,0,0,0,0,1,0,0,0,0,0,0,0,0,1
Bungalow on sale at Hepali Height,House,"Hepali Height, Kathmandu",33000000.0,1,0,0,0,0,0,0,0,0,0,0,0,0,1
"House on sale in Sankata Colony, Sitapaila",House,"Sitapaila, Kathmandu",24000000.0,0,0,0,0,1,0,0,0,0,0,0,0,0,1
House for sale at Bafal,House,"Bafal, Kathmandu",46000000.0,0,0,0,0,1,0,0,0,0,0,0,0,0,1
House on sale at Makalbari Buspark,House,"Makalbari, Kathmandu",17000000.0,0,0,0,0,1,0,0,0,0,0,0,0,0,1
"House on sale in Nakkhu, near Mediciti Hospital",House,"Karyabinayak, Lalitpur",32500000.0,0,0,0,0,1,0,0,0,0,0,0,0,0,1
"House on sale in Bojepokhari, Lalitpur",House,"Bojepokhari, Lalitpur",30000000.0,0,0,0,0,1,0,0,0,0,0,0,0,0,1
Brand new house on sale in Syuchatar,House,"Syuchatar, Kathmandu",29500000.0,0,0,0,0,1,0,0,0,0,0,1,0,0,1
"House on sale at Hattiban, Lalitpur",House,"Hattiban, Lalitpur",26500000.0,0,0,0,0,1,0,0,0,0,0,0,0,0,1
"House on sale in Mulpani, Tiwari Tole",House,"Mulpani, Kathmandu",22500000.0,0,0,0,0,1,0,0,0,0,0,0,0,0,1
"Bungalow house for sale in Narayanthan, Budhanilkantha",House,"Narayanthan , Kathmandu",45000000.0,1,0,0,0,1,0,0,0,0,0,0,0,0,1
"Brand new house on sale in Phulbari Marga, Bhaisepati",House,"Bhaisepati, Lalitpur",28500000.0,0,0,0,0,1,0,0,0,0,0,1,0,0,1
"Brand new house on sale inside Colony, Bhaisepati",House,"Bhaisepati, Lalitpur",25000000.0,0,0,0,0,1,0,0,0,0,0,1,0,0,1
Bungalow for sale in Budhanilkantha,House,"Budhanilkantha, Kathmandu",80000000.0,1,0,0,0,0,0,0,0,0,0,0,0,0,1
Brand new house for sale at Budhanilkantha,House,"Budhanilkantha, Kathmandu",47000000.0,0,0,0,0,1,0,0,0,0,0,1,0,0,1
"House on sale at Kapan, Ram Mandir",House,"Ram Mandir, Kathmandu",27200000.000000004,0,0,0,0,1,0,0,0,0,0,0,0,0,1
House on sale at Chandol,House,"Chandol, Kathmandu",35000000.0,0,0,0,0,1,0,0,0,0,0,0,0,0,1
New bungalow house on sale in Sukedhara,House,"Sukedhara, Kathmandu",40000000.0,1,0,0,0,1,0,0,0,0,0,1,0,0,1
New house on sale in Dhumbarahi,House,"Dhumbarahi, Kathmandu",62500000.0,0,0,0,0,1,0,0,0,0,0,1,0,0,1
House on sale at Dhungedhara,House,"Dhungedhara, Kathmandu",26000000.0,0,0,0,0,1,0,0,0,0,0,0,0,0,1
House on sale in Kuleshwor,House,"Kuleshwor, Kathmandu",22500000.0,0,0,0,0,1,0,0,0,0,0,0,0,0,1
House on sale at Thankot,House,"Thankot, Kathmandu",16000000.0,0,0,0,0,1,0,0,0,0,0,0,0,0,1
New house on sale in Lolang Height,House,"Lolang, Kathmandu",16500000.0,0,0,0,0,1,0,0,0,0,0,1,0,0,1
"Brand new house on sale in Ochu Height, Imadol",House,"Imadol, Lalitpur",17000000.0,0,0,0,0,1,0,0,0,0,0,1,0,0,1
"Brand new bungalow on sale in Golfutar, Hepali Height",House,"Golfutar, Kathmandu",40000000.0,1,0,0,0,0,0,0,0,0,0,1,0,0,1
"Brand new house on sale in Imadol, Lalitpur",House,"Gwarko, Lalitpur",19500000.0,0,0,0,0,1,0,0,0,0,0,1,0,0,1
"House on sale at Golfutar, Budhanilkantha",House,"Golfutar, Kathmandu",37000000.0,0,0,0,0,1,0,0,0,0,0,0,0,0,1
House for sale in Thankot,House,"Thankot, Kathmandu",15000000.0,0,0,0,0,1,0,0,0,0,0,0,0,0,1
New house on sale in Dhapasi,House,"Dhapasi, Kathmandu",28500000.0,0,0,0,0,1,0,0,0,0,0,1,0,0,1
House on sale at Imadol,House,"Imadol, Lalitpur",19000000.0,0,0,0,0,1,0,0,0,0,0,0,0,0,1
House on sale in Dhapasi Height,House,"Dhapasi, Kathmandu",32000000.0,0,0,0,0,1,0,0,0,0,0,0,0,0,1
"House on sale in Rudreshwor, Budhanilkantha",House,"Rudreshwor, Kathmandu",42000000.0,0,0,0,0,1,0,0,0,0,0,0,0,0,1
House on sale in Narayanthan,House,"Narayanthan , Kathmandu",47500000.0,0,0,0,0,1,0,0,0,0,0,0,0,0,1
"House for sale in Deuba Chowk, Budhanilkantha",House,"Deuwa chowk, Kathmandu",32500000.0,0,0,0,0,1,0,0,0,0,0,0,0,0,1
House on sale in Pepsicola,House,"Pepsicola, Kathmandu",33000000.0,0,0,0,0,1,0,0,0,0,0,0,0,0,1
House on sale in Baluwatar,House,"Baluwatar, Kathmandu",55000000.0,0,0,0,0,1,0,0,0,0,0,0,0,0,1
"Semi bungalow on sale in Rudreshwor Chowk, Budhanilkantha",House,"Rudreshwor, Kathmandu",37500000.0,1,0,0,0,0,0,0,0,0,0,0,0,0,1
Brand new house for sale in Bhaisepati,House,"Bhaisepati, Lalitpur",38000000.0,0,0,0,0,1,0,0,0,0,0,1,0,0,1
"House on sale in Gothatar, Tejbinayak Chowk",House,"Gothatar, Kathmandu",18500000.0,0,0,0,0,1,0,0,0,0,0,0,0,0,1
"New house on sale in Golfutar, Special Chowk",House,"Golfutar, Kathmandu",27000000.0,0,0,0,0,1,0,0,0,0,0,1,0,0,1
"House for sale near Khwopa Engineering college, Bhaktapur",House,"Liwali, Bhaktapur",35000000.0,0,0,0,0,1,0,0,0,0,0,0,0,0,1
"House on sale in Imadol, Ochu Height",House,"Imadol, Lalitpur",18500000.0,0,0,0,0,1,0,0,0,0,0,0,0,0,1
House on sale in Nakhu near by Mediciti Hospital,House,"Nakkhu, Lalitpur",26500000.0,0,0,0,0,1,0,0,0,0,0,0,0,0,1
"House on sale in Imadol, Nayabasti",House,"Imadol, Lalitpur",16000000.0,0,0,0,0,1,0,0,0,0,0,0,0,0,1
"Bungalow house for sale in Hattigauda, Ganesh Chowk",House,"Hattigaunda, Kathmandu",23000000.0,1,0,0,0,1,0,0,0,0,0,0,0,0,1
"Commercial house on sale in Patitar, Guheshwori Townplanning",House,"Patitar, Kathmandu",67000000.0,0,0,0,0,1,0,0,0,0,0,0,0,1,1
House on sale at Kusunti,House,"Kusunti, Lalitpur",26500000.0,0,0,0,0,1,0,0,0,0,0,0,0,0,1
"House on sale in Hattidanda, Pepsicola",House,"Hattidanda, Kathmandu",26500000.0,0,0,0,0,1,0,0,0,0,0,0,0,0,1
"House on sale in Dholahiti, Lalitpur",House,"Dholahiti, Lalitpur",27500000.0,0,0,0,0,1,0,0,0,0,0,0,0,0,1
"Newly built house on sale in Imadol, Shital Height",House,"Imadol, Lalitpur",19000000.0,0,0,0,0,1,0,0,0,0,0,1,0,0,1
House on sale in Shantinagar,House,"Shantinagar, Kathmandu",39000000.0,0,0,0,0,1,0,0,0,0,0,0,0,0,1
House for sale in Bafal,House,"Bafal, Kathmandu",25500000.0,0,0,0,0,1,0,0,0,0,0,0,0,0,1
House on sale in Dhungedhara,House,"Dhungedhara, Kathmandu",28000000.0,0,0,0,0,1,0,0,0,0,0,0,0,0,1
House on sale in Thankot Checkpost,House,"Thankot, Kathmandu",10500000.0,0,0,0,0,1,0,0,0,0,0,0,0,0,1
"House on sale in Thankot, Chandragiri",House,"Thankot, Kathmandu",11500000.0,0,0,0,0,1,0,0,0,0,0,0,0,0,1
"House on sale in Baniyatar, Suryadarshan Height",House,"Baniyatar, Kathmandu",18500000.0,0,0,0,0,1,0,0,0,0,0,0,0,0,1
House for sale in Kalanki,House,"Kalanki, Kathmandu",42500000.0,0,0,0,0,1,0,0,0,0,0,0,0,0,1
Mini bungalow house on sale at Bafal,House,"Bafal, Kathmandu",30000000.0,1,0,0,0,1,0,0,0,0,0,0,0,0,1
House on sale in Banasthali,House,"Banasthali, Kathmandu",30000000.0,0,0,0,0,1,0,0,0,0,0,0,0,0,1
"House for sale in Green Village Society, Ramkot",House,"Ramkot, Kathmandu",15500000.0,0,1,0,0,1,0,0,0,0,0,0,0,0,1
House on sale in Ramkot,House,"Ramkot, Kathmandu",17500000.0,0,0,0,0,1,0,0,0,0,0,0,0,0,1
House For Sale at Khusibu Townplanning,House,"Khusibu, Kathmandu",41000000.0,0,0,0,0,1,0,0,0,0,0,0,0,0,1
House on sale in Hattiiban,House,"Hattiban, Lalitpur",21000000.0,0,0,0,0,1,0,0,0,0,0,0,0,0,1
Brand new house on sale in Bhaisepati,House,"Bhaisepati, Lalitpur",35000000.0,0,0,0,0,1,0,0,0,0,0,1,0,0,1
"House on sale in Shovahiti, Lalitpur",House,"Shovahiti, Lalitpur",25000000.0,0,0,0,0,1,0,0,0,0,0,0,0,0,1
"House on sale in Basantanagar, Tarkeshwor",House,"Basantanagar, Kathmandu",13000000.0,0,0,0,0,1,0,0,0,0,0,0,0,0,1
House for sale in Budhanilkantha,House,"Budhanilkantha, Kathmandu",41500000.0,0,0,0,0,1,0,0,0,0,0,0,0,0,1
House on sale in Mandikhatar Height,House,"Mandikhatar, Kathmandu",70000000.0,0,0,0,0,1,0,0,0,0,0,0,0,0,1
"House for sale in Grande, Tokha",House,"Grande Villa, Kathmandu",26000000.0,0,0,0,0,1,0,0,0,0,0,0,1,0,1
"House on sale at Grande, Tokha",House,"Grande Villa, Kathmandu",28000000.0,0,0,0,0,1,0,0,0,0,0,0,1,0,1
"House on sale in Grande, Tokha",House,"Grande Villa, Kathmandu",19000000.0,0,0,0,0,1,0,0,0,0,0,0,1,0,1
"House on sale in Deuba Chowk, Budhanilkantha",House,"Deuwa chowk, Kathmandu",36000000.0,0,0,0,0,1,0,0,0,0,0,0,0,0,1
House for sale in Hattigauda,House,"Hattigaunda, Kathmandu",34500000.0,0,0,0,0,1,0,0,0,0,0,0,0,0,1
"House on sale in Gwarko, Bafal",House,"Gwarko, Lalitpur",30000000.0,0,0,0,0,1,0,0,0,0,0,0,0,0,1
"House for sale in Indrapuri, Dhapasi",House,"Dhapasi, Kathmandu",50000000.0,0,0,0,0,1,0,0,0,0,0,0,0,0,1
House for sale or rent in Tokha,House,"Tokha, Kathmandu",38000000.0,0,0,0,0,1,0,0,0,0,0,0,0,0,1
House on sale at Hattigauda,House,"Hattigaunda, Kathmandu",31000000.0,0,0,0,0,1,0,0,0,0,0,0,0,0,1
"House on sale in Narayanthan Height, Budhanilkantha",House,"Narayanthan , Kathmandu",67500000.0,0,0,0,0,1,0,0,0,0,0,0,0,0,1
Beautiful house on sale at Kalanki,House,"Kalanki, Kathmandu",29000000.0,0,0,0,0,1,0,0,0,0,0,0,0,0,1
House on Sale near Grande Hospital,House,"Grande Hospital, Kathmandu",28000000.0,0,0,0,0,1,0,0,0,0,0,0,1,0,1
2.5 storeyed house for sale at Budhanilkantha,House,"Budhanilkantha, Kathmandu",55000000.0,0,0,0,0,1,0,0,0,0,0,0,0,0,1
House on sale in Hattigauda,House,"Hattigaunda, Kathmandu",32500000.0,0,0,0,0,1,0,0,0,0,0,0,0,0,1
"House on sale in Thulobharyang, Swoyambhu",House,"Thulobharyang, Kathmandu",39500000.0,0,0,0,0,1,0,0,0,0,0,0,0,0,1
House on sale at Golfutar,House,"Golfutar, Kathmandu",35000000.0,0,0,0,0,1,0,0,0,0,0,0,0,0,1
House on sale or rent in Chandol,House,"Chandol, Kathmandu",47500000.0,0,0,0,0,1,0,0,0,0,0,0,0,0,1
House on sale in Gongabu,House,"New Buspark, Kathmandu",26000000.0,0,0,0,0,1,0,0,0,0,0,0,0,0,1
House on sale at Hepali height,House,"Hepali Height, Kathmandu",22500000.0,0,0,0,0,1,0,0,0,0,0,0,0,0,1
Brand new bungalow on sale in Nakkhu,House,"Nakkhu, Lalitpur",28000000.0,1,0,0,0,0,0,0,0,0,0,1,0,0,1
"Commercial house on sale in Basantanagar, Balaju",House,"Basantanagar, Kathmandu",100000000.0,0,0,0,0,1,0,0,0,0,0,0,0,1,1
"House on rent in Civil Home Colony, Bhaisepati",House,"Karyabinayak, Lalitpur",35000000.0,0,0,0,0,1,0,0,0,0,0,0,0,0,0
Under construction house is on sale in Sitapaila,House,"Sitapaila, Kathmandu",25000000.0,0,0,0,0,1,0,0,0,0,0,0,0,0,1
House For Sale in Kapan ,House,"Kapan, Kathmandu",36000000.0,0,0,0,0,1,0,0,0,0,0,0,0,0,1
House on Sale at Mulpani,House,"Mulpani, Kathmandu",12500000.0,0,0,0,0,1,0,0,0,0,0,0,0,0,1
"House on sale in Taukhel, Lalitpur",House,"Taukhel, Lalitpur",25000000.0,0,0,0,0,1,0,0,0,0,0,0,0,0,1
Newly built house on sale in Gothatar,House,"Gothatar, Kathmandu",23000000.0,0,0,0,0,1,0,0,0,0,0,1,0,0,1
"House on sale in Balambu, Chundevi",House,"Balambu, Kathmandu",18000000.0,0,0,0,0,1,0,0,0,0,0,0,0,0,1
New house on sale in Kalanki,House,"Kalanki, Kathmandu",21800000.0,0,0,0,0,1,0,0,0,0,0,1,0,0,1
Duplex house on urgent sale in Bhaisepati,House,"Bhaisepati, Lalitpur",25000000.0,0,0,0,1,1,0,0,0,0,0,0,0,0,1
"House on sale in Kalanki, Khadka Gaun",House,"Khadka Gaun, Kathmandu",21500000.0,0,0,0,0,1,0,0,0,0,0,0,0,0,1
House on sale in Tokha,House,"Bhutkhel , Kathmandu",18000000.0,0,0,0,0,1,0,0,0,0,0,0,0,0,1
House on sale at Chyasal,House,"Chyasal, Lalitpur",24000000.0,0,0,0,0,1,0,0,0,0,0,0,0,0,1
House on sale in Thulobharyang,House,"Thulobharyang, Kathmandu",24000000.0,0,0,0,0,1,0,0,0,0,0,0,0,0,1
House on sale at Dhapakhel,House,"Dhapakhel, Lalitpur",14500000.0,0,0,0,0,1,0,0,0,0,0,0,0,0,1
Bungalow on sale at Hattigauda,House,"Hattigaunda, Kathmandu",31500000.0,1,0,0,0,0,0,0,0,0,0,0,0,0,1
Bungalow on sale at Panipokhari,House,"Panipokhari, Kathmandu",54000000.0,1,0,0,0,0,0,0,0,0,0,0,0,0,1
House on sale at Kapan,House,"Kapan, Kathmandu",21000000.0,0,0,0,0,1,0,0,0,0,0,0,0,0,1
"House on sale at Budhanilkantha, Kamitar",House,"Kamitar, Kathmandu",17000000.0,0,0,0,0,1,0,0,0,0,0,0,0,0,1
Modern Bungalow for sale at Ichangu,House,"Ichangu Narayan, Kathmandu",29000000.0,1,0,0,0,0,0,0,0,0,0,1,0,0,1
House for sale at Budhanilkantha,House,"Budhanilkantha, Kathmandu",58000000.0,0,0,0,0,1,0,0,0,0,0,0,0,0,1
"House for sale at Manbahadur Marg, Bhangal",House,"Manabahadur Marga, Kathmandu",27000000.0,0,0,0,0,1,0,0,0,0,0,0,0,0,1
Villa on sale at Budhanilkantha,House,"Budhanilkantha, Kathmandu",57500000.0,0,1,0,0,0,0,0,0,0,0,0,0,0,1
"House for sale at Hepali Height, Budhanilkantha",House,"Hepali Height, Kathmandu",27000000.0,0,0,0,0,1,0,0,0,0,0,0,0,0,1
"House for sale at Hattigauda, Ganesh Chowk",House,"Budhanilkantha, Kathmandu",44500000.0,0,0,0,0,1,0,0,0,0,0,0,0,0,1
"House for sale at Maharajgunj, Bansbari",House,"Bansbari, Kathmandu",45000000.0,0,0,0,0,1,0,0,0,0,0,0,0,0,1
House on sale at Kavresthali,House,"Kavresthali, Kathmandu",15500000.0,0,0,0,0,1,0,0,0,0,0,0,0,0,1
"House for urgent sale at Balaju, Goldhunga",House,"Goldhunga, Kathmandu",18500000.0,0,0,0,0,1,0,0,0,0,0,0,0,0,1
House for sale at Thankot Checkpost,House,"Thankot, Kathmandu",30000000.0,0,0,0,0,1,0,0,0,0,0,0,0,0,1
"House for sale at Buddhamarg, Nakhipot",House,"Nakhipot, Lalitpur",25000000.0,0,0,0,0,1,0,0,0,0,0,0,0,0,1
Commercial house for sale at Thankot Checkpost,House,"Thankot, Kathmandu",19000000.0,0,0,0,0,1,0,0,0,0,0,0,0,1,1
"Commercial house for sale at Gongabu, New Buspark",House,"Gongabu, Kathmandu",35000000.0,0,0,0,0,1,0,0,0,0,0,1,0,1,1
"House on sale at Imadol, Shital height Cozyhomes",House,"Imadol, Lalitpur",32500000.0,0,0,0,0,1,0,0,0,0,0,0,0,0,1
House on sale at Gyaneshwor,House,"Gyaneshwor, Kathmandu",35000000.0,0,0,0,0,1,0,0,0,0,0,0,0,0,1
"House on sale at Kalanki, Syuchatar",House,"Syuchatar, Kathmandu",24500000.0,0,0,0,0,1,0,0,0,0,0,0,0,0,1
"House on sale at Kalanki, Syuchatar",House,"Syuchatar, Kathmandu",22000000.0,0,0,0,0,1,0,0,0,0,0,0,0,0,1
"House for sale at Baneshwor, Shankamul",House,"Shankhamul, Kathmandu",55500000.0,0,0,0,0,1,0,0,0,0,0,0,0,0,1
Bungalow for sale at Jawalakhel,House,"Jawalakhel, Lalitpur",90000000.0,1,0,0,0,0,0,0,0,0,0,0,0,0,1
"Semi Bungalow on sale at Manbahadur Marga, Hattigauda",House,"Manabahadur Marga, Kathmandu",27000000.0,1,0,0,0,0,0,0,0,0,0,0,0,0,1
Bungalow for sale/rent at CG Hills Colony,House,"Hattigaunda, Kathmandu",50000000.0,1,0,0,0,0,0,0,0,0,0,0,0,0,1
Luxury bungalow on sale at Bansbari,House,"Bansbari, Kathmandu",38000000.0,1,0,0,0,0,0,0,0,0,0,0,1,0,1
"House on sale at Kapurdhara, Samakhusi",House, undefined,24500000.0,0,0,0,0,1,0,0,0,0,0,0,0,0,1
"Newly built house for sale at Banasthali, Kharibot ",House,"Banasthali, Kathmandu",20000000.0,0,0,0,0,1,0,0,0,0,0,1,0,0,1
"Bungalow on rent or sale in Balkumari, Lalitpur",House,"Balkumari, Lalitpur",50000000.0,1,0,0,0,0,0,0,0,0,0,0,0,0,1
House on sale in Tikathali,House,"Tikathali, Lalitpur",16000000.0,0,0,0,0,1,0,0,0,0,0,0,0,0,1
House on sale in Thankot,House,"Thankot, Kathmandu",32500000.0,0,0,0,0,1,0,0,0,0,0,0,0,0,1
House for sale near Thankot Checkpost,House,"Thankot, Kathmandu",16000000.0,0,0,0,0,1,0,0,0,0,0,0,0,0,1
House for sale at Thankot Check post,House,"Thankot, Kathmandu",16000000.0,0,0,0,0,1,0,0,0,0,0,0,0,0,1
Under construction house for sale at Siddhartha Colony,House,"Siddhartha Colony, Kathmandu",70000000.0,0,0,0,0,1,0,0,0,0,0,0,0,0,1
Premium House on Sale at Budhanilkantha,House,"Chapali, Kathmandu",29500000.0,0,0,0,0,1,0,0,0,0,0,0,1,0,1
"House on sale at Kalanki, Khadka Gau",House,"Kalanki, Kathmandu",22000000.0,0,0,0,0,1,0,0,0,0,0,0,0,0,1
House on sale in Bafal,House,"Bafal, Kathmandu",31000000.0,0,0,0,0,1,0,0,0,0,0,0,0,0,1
"House on sale in Lubhu, Lalitpur",House,"Lubhu, Lalitpur",18500000.0,0,0,0,0,1,0,0,0,0,0,0,0,0,1
House on sale in Nagarjun,House,"Nagarjun, Kathmandu",22500000.0,0,0,0,0,1,0,0,0,0,0,0,0,0,1
House on sale in Kumarigal,House,"Kumarigal, Kathmandu",35000000.0,0,0,0,0,1,0,0,0,0,0,0,0,0,1
"Modern house on sale in Tenzing Chowk , Kapan",House,"Tenzing Chowk, Kathmandu",29000000.0,0,0,0,0,1,0,0,0,0,0,1,0,0,1
House on sale in Nayabasti,House,"Naya Basti, Kathmandu",19000000.0,0,0,0,0,1,0,0,0,0,0,0,0,0,1
"House on sale in Bhaisepati, Magal Colony",House,"Bhaisepati, Lalitpur",22000000.0,0,0,0,0,1,0,0,0,0,0,0,0,0,1
House on sale in Bhaisepati,House,"Bhaisepati, Lalitpur",21000000.0,0,0,0,0,1,0,0,0,0,0,0,0,0,1
"House on sale in Saranpur Height, Sitapaila",House,"Sitapaila, Kathmandu",34500000.0,0,0,0,0,1,0,0,0,0,0,0,0,0,1
"Bungalow on sale in Bhangal, Budhanilkantha",House,"Bhangal , Kathmandu",35000000.0,1,0,0,0,0,0,0,0,0,0,0,0,0,1
"House on sale in Katyani Chowk, Baneshwor",House,"Katyani Chowk, Kathmandu",33000000.0,0,0,0,0,1,0,0,0,0,0,0,0,0,1
"House on sale in Jarankhu, Basanta Colony",House,"Jarankhu, Kathmandu",12000000.0,0,0,0,0,1,0,0,0,0,0,0,0,0,1
House on sale in Mulpani Chaur,House,"Mulpani, Kathmandu",12000000.0,0,0,0,0,1,0,0,0,0,0,0,0,0,1
"House on sale in Setipakha, Lalitpur",House,"Setipakha, Lalitpur",21000000.0,0,0,0,0,1,0,0,0,0,0,0,0,0,1
"House on sale in Lasuntar, Kapan",House,"Rudreshwor, Kathmandu",10500000.0,0,0,0,0,1,0,0,0,0,0,0,0,0,1
House on sale at Shital Height Imadol,House,"Imadol, Lalitpur",16500000.0,0,0,0,0,1,0,0,0,0,0,0,0,0,1
House for sale at Imadol,House,"Imadol, Lalitpur",25000000.0,0,0,0,0,1,0,0,0,0,0,0,0,0,1
"Modern design house on sale at Shital Height, Imadol",House,"Imadol, Lalitpur",22000000.0,0,0,0,0,1,0,0,0,0,0,1,0,0,1
"House on sale at Nayabasti, Imadol",House,"Imadol, Lalitpur",21500000.0,0,0,0,0,1,0,0,0,0,0,0,0,0,1
"House on sale at Sheetal height, Imadol",House,"Imadol, Lalitpur",24500000.0,0,0,0,0,1,0,0,0,0,0,0,0,0,1
House on sale in Syuchatar Height,House,"Syuchatar, Kathmandu",20700000.0,0,0,0,0,1,0,0,0,0,0,0,0,0,1
House on sale in Syuchatar,House,"Syuchatar, Kathmandu",22000000.0,0,0,0,0,1,0,0,0,0,0,0,0,0,1
House on sale in Lolang Height,House,"Lolang, Kathmandu",15500000.0,0,0,0,0,1,0,0,0,0,0,0,0,0,1
"House on sale in Thankot, near by High Vision Colony",House,"Thankot, Kathmandu",11500000.0,0,0,0,0,1,0,0,0,0,0,0,0,0,1
"Commercial house on sale at Panga, Kirtipur",House,"Panga, Kathmandu",52000000.0,0,0,0,0,1,0,0,0,0,0,0,0,1,1
House for sale at Imadol,House,"Imadol, Lalitpur",21500000.0,0,0,0,0,1,0,0,0,0,0,0,0,0,1
House on sale at Imadol,House,"Imadol, Lalitpur",17500000.0,0,0,0,0,1,0,0,0,0,0,0,0,0,1
House on sale at Imadol,House,"Imadol, Lalitpur",18500000.0,0,0,0,0,1,0,0,0,0,0,0,0,0,1
"House on sale at Imadol, Shital Height",House,"Imadol, Lalitpur",19800000.0,0,0,0,0,1,0,0,0,0,0,0,0,0,1
"House on sale at Bhatkyapati, Kirtipur",House,"Bhatkepati, Kathmandu",17500000.0,0,0,0,0,1,0,0,0,0,0,0,0,0,1
Semi bungalow on sale in Dhapasi,House,"Dhapasi, Kathmandu",32500000.0,1,0,0,0,0,0,0,0,0,0,0,0,0,1
"Semi bungalow on sale at Milan Chowk, New Baneshwor",House,"New Baneshwor, Kathmandu",42500000.0,1,0,0,0,0,0,0,0,0,0,1,0,0,1
"Bungalow on sale in Tinkune, Subidha Marg",House,"Tinkune, Kathmandu",50000000.0,1,0,0,0,0,0,0,0,0,0,0,0,0,1
House on sale in Kadaghari,House,"Kadaghari, Kathmandu",12000000.0,0,0,0,0,1,0,0,0,0,0,0,0,0,1
House on sale in Kalanki,House,"Kalanki, Kathmandu",28000000.0,0,0,0,0,1,0,0,0,0,0,0,0,0,1
House on sale in Dharmasthali,House,"Dharmasthali, Kathmandu",24000000.0,0,0,0,0,1,0,0,0,0,0,0,0,0,1
"Bungalow on sale in Taulung, Budhanilkantha",House,"Taulung, Kathmandu",42500000.0,1,0,0,0,0,0,0,0,0,0,0,0,0,1
House on sale in Matatirtha,House,"Matatirtha, Kathmandu",33000000.0,0,0,0,0,1,0,0,0,0,0,0,0,0,1
House on sale in Imadol,House,"Imadol, Lalitpur",20700000.0,0,0,0,0,1,0,0,0,0,0,0,0,0,1
House on sale in Imadol,House,"Imadol, Lalitpur",18200000.0,0,0,0,0,1,0,0,0,0,0,0,0,0,1
Brand new house on sale in Syuchatar Height,House,"Syuchatar, Kathmandu",22400000.000000004,0,0,0,0,1,0,0,0,0,0,1,0,0,1
Brand new house on sale in Syuchatar,House,"Syuchatar, Kathmandu",24500000.0,0,0,0,0,1,0,0,0,0,0,1,0,0,1
House on sale in Budhanilkantha,House,"Budhanilkantha, Kathmandu",29900000.000000004,0,0,0,0,1,0,0,0,0,0,0,0,0,1
"Brand new house on sale in Kapan, Ram Mandir",House,"Ram Mandir, Kathmandu",26500000.0,0,0,0,0,1,0,0,0,0,0,1,0,0,1
"House on sale in Thankot, Check Post",House,"Thankot, Kathmandu",11500000.0,0,0,0,0,1,0,0,0,0,0,0,0,0,1
House on sale in Mahadevsthan,House,"Mahadevsthan, Kathmandu",11000000.0,0,0,0,0,1,0,0,0,0,0,0,0,0,1
"House on sale in Mahadevsthan, Thankot",House,"Mahadevsthan, Kathmandu",11500000.0,0,0,0,0,1,0,0,0,0,0,0,0,0,1
House on sale in Thankot,House,"Thankot, Kathmandu",12000000.0,0,0,0,0,1,0,0,0,0,0,0,0,0,1
"House on sale in Katunje, Bhaktapur",House,"Katunje, Bhaktapur",14000000.0,0,0,0,0,1,0,0,0,0,0,0,0,0,1
"House on sale in Katunje, Bhaktapur",House,"Katunje, Bhaktapur",13500000.0,0,0,0,0,1,0,0,0,0,0,0,0,0,1
"House on sale in Balkot, Bhaktapur",House,"Balkot, Bhaktapur",25000000.0,0,0,0,0,1,0,0,0,0,0,0,0,0,1
House on sale in Khumaltar,House,"Khumaltar, Lalitpur",21000000.0,0,0,0,0,1,0,0,0,0,0,0,0,0,1
"House on sale in Chamati, Swoyambhu",House,"Chamati, Kathmandu",30000000.0,0,0,0,0,1,0,0,0,0,0,0,0,0,1
Commercial house on sale in Kalimati,House,"Kalimati, Kathmandu",50000000.0,0,0,0,0,1,0,0,0,0,0,0,0,1,1
Commercial house on sale in Kalimati,House,"Kalimati, Kathmandu",22500000.0,0,0,0,0,1,0,0,0,0,0,0,0,1,1
Bungalow on sale in Ichangunarayan,House,"Ichangu Narayan, Kathmandu",29000000.0,1,0,0,0,0,0,0,0,0,0,0,0,0,1
House on sale in Sanobharyang,House,"Syuchatar, Kathmandu",28500000.0,0,0,0,0,1,0,0,0,0,0,0,0,0,1
House on sale in Maitidevi,House,"Maitidevi, Kathmandu",46500000.0,0,0,0,0,1,0,0,0,0,0,0,0,0,1
Brand new house on sale in Sitapaila,House,"Sitapaila, Kathmandu",27000000.0,0,0,0,0,1,0,0,0,0,0,1,0,0,1
Bungalow on sale in Hattigauda,House,"Hattigaunda, Kathmandu",31500000.0,1,0,0,0,0,0,0,0,0,0,0,0,0,1
Bungalow on sale in Budhanilkantha,House,"Budhanilkantha, Kathmandu",110000000.0,1,0,0,0,0,0,0,0,0,0,0,0,0,1
House on sale in Tokha,House,"Grande Hospital, Kathmandu",24500000.0,0,0,0,0,1,0,0,0,0,0,0,0,0,1
House on sale in Nepaltar,House,"Manamaiju, Kathmandu",22500000.0,0,0,0,0,1,0,0,0,0,0,0,0,0,1
House on sale in Basundhara,House,"Basundhara, Kathmandu",28500000.0,0,0,0,0,1,0,0,0,0,0,0,0,0,1
House on sale in Samakhusi,House,"Samakhusi, Kathmandu",25000000.0,0,0,0,0,1,0,0,0,0,0,0,0,0,1
House on sale in Tokha,House,"Panchetar, Kathmandu",15500000.0,0,0,0,0,1,0,0,0,0,0,0,0,0,1
"House on sale at Baluwakhani, Kapan",House,"Baluwakhani, Kathmandu",17000000.0,0,0,0,0,1,0,0,0,0,0,0,0,0,1
"House on sale at Dhungeadda, Chandagiri",House,"Dhungeadda, Kathmandu",16000000.0,0,0,0,0,1,0,0,0,0,0,0,0,0,1
"House on sale at Dhungeadda, Chandragiri",House,"Dhungeadda, Kathmandu",15500000.0,0,0,0,0,1,0,0,0,0,0,0,0,0,1
"House on sale at Dhungeadda, Chandragiri",House,"Dhungeadda, Kathmandu",16500000.0,0,0,0,0,1,0,0,0,0,0,0,0,0,1
"House on sale in Tinthana, Chandragiri",House,"Tinthana, Kathmandu",18000000.0,0,0,0,0,1,0,0,0,0,0,0,0,0,1
"House on sale in Dhungeadda, Chandragiri",House,"Dawadi Gaun, Kathmandu",19000000.0,0,0,0,0,1,0,0,0,0,0,0,0,0,1
Brand new house on sale in Bafal,House,"Bafal, Kathmandu",22500000.0,0,0,0,0,1,0,0,0,0,0,1,0,0,1
House on sale at Putalisadak,House,"Putalisadak, Kathmandu",50000000.0,0,0,0,0,1,0,0,0,0,0,0,0,0,1
"House on sale in Thankot, Chandragiri",House,"Thankot, Kathmandu",12800000.0,0,0,0,0,1,0,0,0,0,0,0,0,0,1
"House on sale in Mahadevsthan, Chandragiri",House,"Mahadevsthan, Kathmandu",12000000.0,0,0,0,0,1,0,0,0,0,0,0,0,0,1
House on sale in Thankot,House,"Thankot, Kathmandu",9800000.0,0,0,0,0,1,0,0,0,0,0,0,0,0,1
"House on sale in Thankot, Chandragiri",House,"Thankot, Kathmandu",17000000.0,0,0,0,0,1,0,0,0,0,0,0,0,0,1
Bungalow on sale in Naxal,House,"Naxal, Kathmandu",100000000.0,1,0,0,0,0,0,0,0,0,0,0,0,0,1
Commercial house on sale in Balaju,House,"Balaju, Kathmandu",260000000.0,0,0,0,0,1,0,0,0,0,0,0,0,1,1
"Commercial house on sale in Ratopool, Gaushala",House,"Ratopool, Kathmandu",150000000.0,0,0,0,0,1,0,0,0,0,0,0,0,1,1
"House on sale in Manjushree Marga, Lalitpur",House,"Bungamati, Lalitpur",25000000.0,0,0,0,0,1,0,0,0,0,0,0,0,0,1
Brand new bungalow on urgent sale at Gothatar,House,"Gothatar, Kathmandu",62500000.0,1,0,0,0,0,0,0,0,0,0,1,0,0,1
"House on urgent sale in Bhaisepati, Lalitpur",House,"Bhaisepati, Lalitpur",25500000.0,0,0,0,0,1,0,0,0,0,0,0,0,0,1
House on sale in Naxal,House,"Naxal, Kathmandu",38000000.0,0,0,0,0,1,0,0,0,0,0,0,0,0,1
"House on sale in Pasikot, Budhanilkantha",House,"Pasikot, Kathmandu",55000000.0,0,0,0,0,1,0,0,0,0,0,0,0,0,1
"Bungalow on sale at Sanepa, Lalitpur",House,"Sanepa, Lalitpur",97500000.0,1,0,0,0,0,0,0,0,0,0,0,0,0,1
House on sale in Golfutar,House,"Golfutar, Kathmandu",43000000.0,0,0,0,0,1,0,0,0,0,0,0,0,0,1
"House on urgent sale in Samakhusi, Sarkari Dhara",House,"Samakhusi, Kathmandu",30000000.0,0,0,0,0,1,0,0,0,0,0,0,0,0,1
"House on sale in Mangal Colony, Bhaisepati",House,"Bhaisepati, Lalitpur",27500000.0,0,0,0,0,1,0,0,0,0,0,0,0,0,1
"House on sale at Pasikot, Budhanilkantha",House,"Pasikot, Kathmandu",30000000.0,0,0,0,0,1,0,0,0,0,0,0,0,0,1
"House on sale in Nilopool, Sukedhara",House,"Nilopool, Kathmandu",26000000.0,0,0,0,0,1,0,0,0,0,0,0,0,0,1
House for sale at Pasikot,House,"Pasikot, Kathmandu",32000000.0,0,0,0,0,1,0,0,0,0,0,0,0,0,1
"Luxurious house on sale in Shantinagar, Baneshwor",House,"Shantinagar, Kathmandu",90000000.0,0,0,0,0,1,0,0,0,0,0,0,1,0,1
"House on sale in Budhanilkantha, Hepali height",House,"Hepali Height, Kathmandu",41000000.0,0,0,0,0,1,0,0,0,0,0,0,0,0,1
"House on sale at Baluwatar, Kathmandu",House,"Baluwatar, Kathmandu",130000000.0,0,0,0,0,1,0,0,0,0,0,0,0,0,1
House on sale in Budhanilkantha,House,"Budhanilkantha, Kathmandu",31000000.0,0,0,0,0,1,0,0,0,0,0,0,0,0,1
House on sale at Dhapasi Height,House,"Dhapasi, Kathmandu",25000000.0,0,0,0,0,1,0,0,0,0,0,0,0,0,1
2 houses are on sale sale in Baluwatar,House,"Baluwatar, Kathmandu",70000000.0,0,0,0,0,1,0,0,0,0,0,0,0,0,1
"House on urgent sale in Hepali height, Golfutar",House,"Golfutar, Kathmandu",22000000.0,0,0,0,0,1,0,0,0,0,0,0,0,0,1
Bungalow on sale in Budhanilkantha,House,"Rudreshwor, Kathmandu",140000000.0,1,0,0,0,0,0,0,0,0,0,0,0,0,1
House for sale at Bhangal,House,"Bhangal , Kathmandu",19000000.0,0,0,0,0,1,0,0,0,0,0,0,0,0,1
House on sale at Chunikhel,House,"Chunikhel, Kathmandu",13000000.0,0,0,0,0,1,0,0,0,0,0,0,0,0,1
House for sale at Akashedhara,House,"Kapan, Kathmandu",20000000.0,0,0,0,0,1,0,0,0,0,0,0,0,0,1
House for sale at Gongabu,House,"Gongabu, Kathmandu",18500000.0,0,0,0,0,1,0,0,0,0,0,0,0,0,1
House on sale at Kapan,House,"Kapan, Kathmandu",12500000.0,0,0,0,0,1,0,0,0,0,0,0,0,0,1
"House for sale at Kapan, Bhangal",House,"Bhangal , Kathmandu",18000000.0,0,0,0,0,1,0,0,0,0,0,0,0,0,1
Bungalow on sale at Dhumbarahi ,House,"Chappal karkhana, Kathmandu",38500000.0,1,0,0,0,0,0,0,0,0,0,0,0,0,1
House on sale at Sukedhara,House,"Sukedhara, Kathmandu",45000000.0,0,0,0,0,1,0,0,0,0,0,0,0,0,1
House on sale at Greenland Chowk,House,"Dhapasi, Kathmandu",33000000.0,0,0,0,0,1,1,0,0,0,0,0,0,0,1
House on sale at Karyabinayak Housing Colony,House,"Bhaisepati, Lalitpur",28000000.0,0,0,0,0,1,0,0,0,0,0,0,0,0,1
House on sale at Gopikrishna,House,"Jaya Bageshwori, Kathmandu",57500000.0,0,0,0,0,1,0,0,0,0,0,0,0,0,1
House on sale at Sundarbasti,House,"Bhangal , Kathmandu",32000000.0,0,0,0,0,1,0,0,0,0,0,0,0,0,1
House on sale Sundarbasti,House,"Bhangal , Kathmandu",19000000.0,0,0,0,0,1,0,0,0,0,0,0,0,0,1
House on sale at Thulo Bharyang ,House,"Swoyambhu, Kathmandu",24500000.0,0,0,0,0,1,0,0,0,0,0,0,0,0,1
"House on sale at Narayanthan, Taulung",House,"Taulung, Kathmandu",38000000.0,0,0,0,0,1,0,0,0,0,0,0,0,0,1
House on sale at Kapan,House,"Kapan, Kathmandu",27500000.0,0,0,0,0,1,0,0,0,0,0,0,0,0,1
House on sale at Greenland,House,"Dhapasi, Kathmandu",47500000.0,0,0,0,0,1,1,0,0,0,0,0,0,0,1
House on sale at Grande Housing,House,"Dhapasi, Kathmandu",28000000.0,0,0,0,0,1,0,0,0,0,0,0,1,0,1
"Bungalow on rent/sale in Maharajgunj, near by American Emabssy",House,"Maharajgunj, Kathmandu",49000000.0,1,0,0,0,0,0,0,0,0,0,0,0,0,1
House on sale at Tokha,House,"Tokha Saraswoti, Kathmandu",13500000.0,0,0,0,0,1,0,0,0,0,0,0,0,0,1
Bungalow on sale at Bhaisepati,House,"Bhaisepati, Lalitpur",29000000.0,1,0,0,0,0,0,0,0,0,0,0,0,0,1
Bungalow on sale in Dhapasi height,House,"Dhapasi, Kathmandu",32000000.0,1,0,0,0,0,0,0,0,0,0,0,0,0,1
House on sale at Sundarbasti,House,"Bhangal , Kathmandu",23800000.0,0,0,0,0,1,0,0,0,0,0,0,0,0,1
"House on sale in Golfutar, Budhanilkantha",House,"Golfutar, Kathmandu",34000000.0,0,0,0,0,1,0,0,0,0,0,0,0,0,1
Bungalow for sale at Baluwatar,House,"Baluwatar, Kathmandu",22500000.0,1,0,0,0,0,0,0,0,0,0,0,0,0,1
"House for sale in Greenland, Grande, Tokha",House,"Grande Hospital, Kathmandu",32800000.0,0,0,0,0,1,1,0,0,0,0,0,1,0,1
House on sale at Sundarbasti,House,"Bhangal , Kathmandu",20500000.0,0,0,0,0,1,0,0,0,0,0,0,0,0,1
Semi commercial house on sale at Bhangal,House,"Bhangal , Kathmandu",26500000.0,0,0,0,0,1,0,0,0,0,0,0,0,1,1
House on sale at Raniban,House,"Banasthali, Kathmandu",29000000.0,0,0,0,0,1,0,0,0,0,0,0,0,0,1
House on sale at Sundarbasti,House,"Mandikatar, Kathmandu",27500000.0,0,0,0,0,1,0,0,0,0,0,0,0,0,1
House on sale at Golfutar height,House,"Golfutar, Kathmandu",36500000.0,0,0,0,0,1,0,0,0,0,0,0,0,0,1
Bungalow for sale at Ganeshchowk,House,"Budhanilkantha, Kathmandu",28500000.0,1,0,0,0,0,0,0,0,0,0,0,0,0,1
House on sale at Baluwatar,House,"Baluwatar, Kathmandu",50000000.0,0,0,0,0,1,0,0,0,0,0,0,0,0,1
House on sale at Budhanilkantha,House,"Budhanilkantha, Kathmandu",65000000.0,0,0,0,0,1,0,0,0,0,0,0,0,0,1
Bungalow on sale at Narayanthan,House,"Narayanthan , Kathmandu",133000000.0,1,0,0,0,0,0,0,0,0,0,0,0,0,1
House on sale at Budhanilkantha,House,"Budhanilkantha, Kathmandu",45000000.0,0,0,0,0,1,0,0,0,0,0,0,0,0,1
House on sale at Kapan Chunikhel,House,"Chunikhel, Kathmandu",23000000.0,0,0,0,0,1,0,0,0,0,0,0,0,0,1
House on sale at sundarbasti,House,"Mandikatar, Kathmandu",25000000.0,0,0,0,0,1,0,0,0,0,0,0,0,0,1
House on sale at Dhapasi,House,"Dhapasi, Kathmandu",40000000.0,0,0,0,0,1,0,0,0,0,0,0,0,0,1
House on sale at Icimod Dhapakhel,House,"Satdobato, Lalitpur",25000000.0,0,0,0,0,1,0,0,0,0,0,0,0,0,1
House on sale at Sitapaila,House,"Sitapaila, Kathmandu",55000000.0,0,0,0,0,1,0,0,0,0,0,0,0,0,1
House on sale near Grande Hospital,House,"Tokha Saraswoti, Kathmandu",21500000.0,0,0,0,0,1,0,0,0,0,0,0,1,0,1
Residential house on sale at Baniyatar,House,"Baniyatar, Kathmandu",26000000.0,0,0,0,0,1,0,0,0,0,0,0,0,0,1
House on sale at Mandikhatar,House,"Mandikatar, Kathmandu",26000000.0,0,0,0,0,1,0,0,0,0,0,0,0,0,1
House on sale at Dhapakhel,House,"Dhapakhel, Lalitpur",26500000.0,0,0,0,0,1,0,0,0,0,0,0,0,0,1
House on sale at Dhapasi,House,"Dhapasi, Kathmandu",28000000.0,0,0,0,0,1,0,0,0,0,0,0,0,0,1
"House on sale at Hepali, Golfutar",House,"Hepali Height, Kathmandu",34500000.0,0,0,0,0,1,0,0,0,0,0,0,0,0,1
Bungalow on sale at Ganeshchowk,House,"Budhanilkantha, Kathmandu",32500000.0,1,0,0,0,0,0,0,0,0,0,0,0,0,1
House on sale at Golfutar,House,"Golfutar, Kathmandu",34500000.0,0,0,0,0,1,0,0,0,0,0,0,0,0,1
House on sale at Shankhamul,House,"Shankhamul, Kathmandu",32500000.0,0,0,0,0,1,0,0,0,0,0,0,0,0,1
House on sale at Sano Bharyang,House,"Banasthali, Kathmandu",29500000.0,0,0,0,0,1,0,0,0,0,0,0,0,0,1
House on sale Tokha,House,"Tokha Saraswoti, Kathmandu",24500000.0,0,0,0,0,1,0,0,0,0,0,0,0,0,1
"House on sale at Mandikhatar, Kapan",House,"Mandikatar, Kathmandu",65000000.0,0,0,0,0,1,0,0,0,0,0,0,0,0,1
House on sale at Budhanilkantha,House,"Budhanilkantha, Kathmandu",67500000.0,0,0,0,0,1,0,0,0,0,0,0,0,0,1
House for sale at Dhapasi,House,"Dhapasi, Kathmandu",21500000.0,0,0,0,0,1,0,0,0,0,0,0,0,0,1
House on sale at Kapan-Paiyutar,House,"Paiyuntar, Kathmandu",19000000.0,0,0,0,0,1,0,0,0,0,0,0,0,0,1
House on sale at Nakhipot,House,"Nakhipot, Lalitpur",55000000.0,0,0,0,0,1,0,0,0,0,0,0,0,0,1
House on sale at Dhungedhara,House,"Banasthali, Kathmandu",49500000.0,0,0,0,0,1,0,0,0,0,0,0,0,0,1
House on urgent sale at Chandragiri,House,"Thankot, Kathmandu",18000000.0,0,0,0,0,1,0,0,0,0,0,0,0,0,1
"House for sale in Thankot, Chandragiri",House,"Thankot, Kathmandu",11500000.0,0,0,0,0,1,0,0,0,0,0,0,0,0,1
House for sale in Kalanki,House,"Kalanki, Kathmandu",13000000.0,0,0,0,0,1,0,0,0,0,0,0,0,0,1
House for sale at Thankot,House,"Thankot, Kathmandu",21000000.0,0,0,0,0,1,0,0,0,0,0,0,0,0,1
"House for sale in Matatirtha, Chandragiri",House,"Thankot, Kathmandu",13500000.0,0,0,0,0,1,0,0,0,0,0,0,0,0,1
"House for sale in Matatirtha, Chandragiri",House,"Thankot, Kathmandu",17500000.0,0,0,0,0,1,0,0,0,0,0,0,0,0,1
"House on sale at Chandragiri, High Vision Colony",House,"Thankot, Kathmandu",19000000.0,0,0,0,0,1,0,0,0,0,0,0,0,0,1
"House on sale at Thankot, Chandragiri",House,"Thankot, Kathmandu",12000000.0,0,0,0,0,1,0,0,0,0,0,0,0,0,1
House on sale in Thankot,House,"Thankot, Kathmandu",14000000.0,0,0,0,0,1,0,0,0,0,0,0,0,0,1
House on sale in Chandragiri,House,"Thankot, Kathmandu",13000000.0,0,0,0,0,1,0,0,0,0,0,0,0,0,1
House on urgent sale at Bansbari,House,"Bansbari, Kathmandu",36000000.0,0,0,0,0,1,0,0,0,0,0,0,0,0,1
House on sale in Thankot,House,"Thankot, Kathmandu",16500000.0,0,0,0,0,1,0,0,0,0,0,0,0,0,1
House on sale in Thankot,House,"Thankot, Kathmandu",13500000.0,0,0,0,0,1,0,0,0,0,0,0,0,0,1
"House on sale in Chandragiri, Mahadevsthan",House,"Thankot, Kathmandu",11500000.0,0,0,0,0,1,0,0,0,0,0,0,0,0,1
Bungalow on rent at Chundevi,House,"Chandol, Kathmandu",40000000.0,1,0,0,0,0,0,0,0,0,0,0,0,0,0
Semi commercial house for sale at Boudha ,House,"Bouddha, Kathmandu",80000000.0,0,0,0,0,1,0,0,0,0,0,0,0,1,1
Bungalow on sale in Sitapaila Colony,House,"Sitapaila, Kathmandu",26500000.0,1,0,0,0,0,0,0,0,0,0,0,0,0,1
"Semi-Bungalow on sale at Bansbari, Budhanilkantha",House,"Bansbari, Kathmandu",37000000.0,1,0,0,0,0,0,0,0,0,0,0,0,0,1
House on sale in Bafal,House,"Bafal, Kathmandu",20300000.0,0,0,0,0,1,0,0,0,0,0,0,0,0,1
House for rent at Chappalkarkhana,House,"Chappal karkhana, Kathmandu",35000000.0,0,0,0,0,1,0,0,0,0,0,0,0,0,0
"House on sale at Hepali, Golfutar",House,"Hepali Height, Kathmandu",43000000.0,0,0,0,0,1,0,0,0,0,0,0,0,0,1
House on sale at Hepali Height,House,"Dhapasi, Kathmandu",22000000.0,0,0,0,0,1,0,0,0,0,0,0,0,0,1
Semi-Bungalow on sale at Bhaisepati,House,"Bhaisepati, Lalitpur",29000000.0,1,0,0,0,0,0,0,0,0,0,0,0,0,1
"Bungalow on sale at Sitapaila, Ramkot",House,"Ramkot, Kathmandu",23000000.0,1,0,0,0,0,0,0,0,0,0,0,0,0,1
Commercial house on sale at Samakhusi,House,"Samakhusi, Kathmandu",52000000.0,0,0,0,0,1,0,0,0,0,0,0,0,1,1
Semi-Bungalow on sale at Lainchaur,House,"Lainchaur, Kathmandu",55000000.0,1,0,0,0,0,0,0,0,0,0,0,0,0,1
Semi-Bungalow on sale at Naxal,House,"Naxal, Kathmandu",76000000.0,1,0,0,0,0,0,0,0,0,0,0,0,0,1
Semi-Bungalow on sale at Naxal,House,"Naxal, Kathmandu",38000000.0,1,0,0,0,0,0,0,0,0,0,0,0,0,1
"House on sale at Kalanki, Syuchatar",House,"Syuchatar, Kathmandu",32000000.0,0,0,0,0,1,0,0,0,0,0,0,0,0,1
Bungalow on sale at Dhapasi,House,"Dhapasi, Kathmandu",32000000.0,1,0,0,0,0,0,0,0,0,0,0,0,0,1
Villa on sale at Swoyambhu,House,"Ichangu Narayan, Kathmandu",29000000.0,0,1,0,0,0,0,0,0,0,0,0,0,0,1
Bungalow on sale at Kupandol,House,"Kupandole, Lalitpur",150000000.0,1,0,0,0,0,0,0,0,0,0,0,0,0,1
"House on sale at Nakhipot, Lalitpur",House,"Nakhipot, Lalitpur",21500000.0,0,0,0,0,1,0,0,0,0,0,0,0,0,1
"House on sale at Sanepa, Lalitpur",House,"Sanepa, Lalitpur",58000000.0,0,0,0,0,1,0,0,0,0,0,0,0,0,1
House on sale at Dhapasi,House,"Dhapasi, Kathmandu",31000000.0,0,0,0,0,1,0,0,0,0,0,0,0,0,1
House on sale in Battisputali,House,"Battisputali, Kathmandu",51000000.0,0,0,0,0,1,0,0,0,0,0,0,0,0,1
House for sale in Budhanilkantha,House,"Budhanilkantha, Kathmandu",23500000.0,0,0,0,0,1,0,0,0,0,0,0,0,0,1
House on sale at Maitidevi,House,"Maitidevi, Kathmandu",46500000.0,0,0,0,0,1,0,0,0,0,0,0,0,0,1
"House on sale at Kalanki, Bafal",House,"Bafal, Kathmandu",28000000.0,0,0,0,0,1,0,0,0,0,0,0,0,0,1
"House on sale at Kalanki, Syuchatar",House,"Kalanki, Kathmandu",25000000.0,0,0,0,0,1,0,0,0,0,0,0,0,0,1
"House on sale at Chappal Karkhana, Chakrapath",House,"Chappal karkhana, Kathmandu",32000000.0,0,0,0,0,1,0,0,0,0,0,0,0,0,1
"House on sale at Chandol, Baluwatar",House,"Chandol, Kathmandu",34000000.0,0,0,0,0,1,0,0,0,0,0,0,0,0,1
House on sale at Samakhusi,House,"Samakhusi, Kathmandu",32000000.0,0,0,0,0,1,0,0,0,0,0,0,0,0,1
"A new house for sale in Golfutar, Budhanilkantha ",House,"Golfutar, Kathmandu",32500000.0,0,0,0,0,1,0,0,0,0,0,1,0,0,1
Bungalow for sale at Budhanilkantha,House,"Budhanilkantha, Kathmandu",48000000.0,1,0,0,0,0,0,0,0,0,0,0,0,0,1
"Bungalow on sale Mahadevtar height, Samakhusi",House,"Samakhusi, Kathmandu",25000000.0,1,0,0,0,0,0,0,0,0,0,0,0,0,1
House for sale at Sukedhara,House,"Sukedhara, Kathmandu",42500000.0,0,0,0,0,1,0,0,0,0,0,0,0,0,1
House for sale at Budhanilkantha,House,"Budhanilkantha, Kathmandu",67500000.0,0,0,0,0,1,0,0,0,0,0,0,0,0,1
House for rent/sale at Hattigauda,House,"Hattigaunda, Kathmandu",54000000.0,0,0,0,0,1,0,0,0,0,0,0,0,0,1
Bungalow on sale Budhanilkantha,House,"Budhanilkantha, Kathmandu",95000000.0,1,0,0,0,0,0,0,0,0,0,0,0,0,1
House for sale at Chappalkarkhana,House,"Chappal karkhana, Kathmandu",32000000.0,0,0,0,0,1,0,0,0,0,0,0,0,0,1
House for sale at Samakhusi,House,"Samakhusi, Kathmandu",32000000.0,0,0,0,0,1,0,0,0,0,0,0,0,0,1
"House on sale at Thapathali, Kathmandu",House,"Thapathali, Kathmandu",69000000.0,0,0,0,0,1,0,0,0,0,0,0,0,0,1
House on sale at Bhaisepati,House,"Bhaisepati, Lalitpur",28000000.0,0,0,0,0,1,0,0,0,0,0,0,0,0,1
"House for sale at Kantipur Colony, Nakhipot",House,"Nakhipot, Lalitpur",23000000.0,0,0,0,0,1,0,0,0,0,0,0,0,0,1
"House for sale at Banasthali, Ranibaan",House,"Banasthali, Kathmandu",45000000.0,0,0,0,0,1,0,0,0,0,0,0,0,0,1
House for sale at Khumaltar,House,"Satdobato, Lalitpur",45000000.0,0,0,0,0,1,0,0,0,0,0,0,0,0,1
Bungalow for sale at Sanepa,House,"Sanepa, Lalitpur",120000000.0,1,0,0,0,0,0,0,0,0,0,0,0,0,1
House for sale at Sanepa ,House,"Sanepa, Lalitpur",75000000.0,0,0,0,0,1,0,0,0,0,0,0,0,0,1
House for sale at Hattiban,House,"Hattiban, Lalitpur",100000000.0,0,0,0,0,1,0,0,0,0,0,0,0,0,1
House for sale at Jawalakhel,House,"Jawalakhel, Lalitpur",36000000.0,0,0,0,0,1,0,0,0,0,0,0,0,0,1
House for sale at Khumaltar,House,"Hattiban, Lalitpur",30000000.0,0,0,0,0,1,0,0,0,0,0,0,0,0,1
House on sale near Deuba Niwas,House,"Budhanilkantha, Kathmandu",45000000.0,0,0,0,0,1,0,0,0,0,0,0,0,0,1
House on sale at Dhapasi,House,"Dhapasi, Kathmandu",32000000.0,0,0,0,0,1,0,0,0,0,0,0,0,0,1
"House on sale at Naxal, Bhatbhateni",House,"Naxal, Kathmandu",95000000.0,0,0,0,0,1,0,0,0,0,0,0,0,0,1
"House on sale at Golfutar, Hepali",House,"Hepali Height, Kathmandu",34000000.0,0,0,0,0,1,0,0,0,0,0,0,0,0,1
"House for sale at Naxal, Bhatbhateni",House,"Naxal, Kathmandu",38000000.0,0,0,0,0,1,0,0,0,0,0,0,0,0,1
Bungalow on sale at Budhanilkantha height,House,"Budhanilkantha, Kathmandu",45000000.0,1,0,0,0,0,0,0,0,0,0,0,0,0,1
"House on sale at Gongabu, Ranibari",House,"Gongabu, Kathmandu",80000000.0,0,0,0,0,1,0,0,0,0,0,0,0,0,1
House on sale at Sukedhara Chowk,House,"Sukedhara, Kathmandu",105000000.0,0,0,0,0,1,0,0,0,0,0,0,0,0,1
"House on sale at Golfutar, Hepali",House,"Hepali Height, Kathmandu",32000000.0,0,0,0,0,1,0,0,0,0,0,0,0,0,1
House for sale at Budhanilkantha,House,"Budhanilkantha, Kathmandu",105000000.0,0,0,0,0,1,0,0,0,0,0,0,0,0,1
House on sale at Pasikot,House,"Pasikot, Kathmandu",55000000.0,0,0,0,0,1,0,0,0,0,0,0,0,0,1
House for sale at Budhanilkantha,House,"Budhanilkantha, Kathmandu",70000000.0,0,0,0,0,1,0,0,0,0,0,0,0,0,1
"House for sale at Budhanilkantha, Rudreshwor",House,"Budhanilkantha, Kathmandu",57000000.0,0,0,0,0,1,0,0,0,0,0,0,0,0,1
"House on rent at Kupondole, Lalitpur",House,"Kupandole, Lalitpur",52000000.0,0,0,0,0,1,0,0,0,0,0,0,0,0,0
"House for sale at Nakhu, Lalitpur",House,"Nakkhu, Lalitpur",25000000.0,0,0,0,0,1,0,0,0,0,0,0,0,0,1
House for rent in Bakhundole(Kupondole),House,"Kupandole, Lalitpur",25000000.0,0,0,0,0,1,0,0,0,0,0,0,0,0,0
"House for sale at Hattiban, Lalitpur",House,"Hattiban, Lalitpur",35000000.0,0,0,0,0,1,0,0,0,0,0,0,0,0,1
"House on sale at Nakhudole, Bhaisepati",House,"Bhaisepati, Lalitpur",25000000.0,0,0,0,0,1,0,0,0,0,0,0,0,0,1
Bungalow on sale at Bhaisepati,House,"Bhaisepati, Lalitpur",24500000.0,1,0,0,0,0,0,0,0,0,0,0,0,0,1
"House on sale at Lalitpur, Nakhipot",House,"Nakhipot, Lalitpur",21500000.0,0,0,0,0,1,0,0,0,0,0,0,0,0,1
"House on sale at Sorhakhutte, Manang gate",House,"Sorhakhutte, Kathmandu",37000000.0,0,0,0,0,1,0,0,0,0,0,0,0,0,1
Modern style bungalow on sale at Bhaisepati,House,"Bhaisepati, Lalitpur",37500000.0,1,0,0,0,0,0,0,0,0,0,1,0,0,1
"House on sale at Bhaisepati, near Vinayak colony",House,"Bhaisepati, Lalitpur",27500000.0,0,0,0,0,1,0,0,0,0,0,0,0,0,1
"House on sale at Hattiban, Lalitpur",House,"Hattiban, Lalitpur",28000000.0,0,0,0,0,1,0,0,0,0,0,0,0,0,1
"3 storey house at Gurjudhara, Matatirtha is up for sale",House,"Kalanki, Kathmandu",18000000.0,0,0,0,0,1,0,0,0,0,0,0,0,0,1
3.5 storey house at Dhapasi for sale,House,"Basundhara, Kathmandu",37000000.0,0,0,0,0,1,0,0,0,0,0,0,0,0,1
New House near (1KM) Gwarko height ,House,"Imadol, Lalitpur",21500000.0,0,0,0,0,1,0,0,0,0,0,1,0,0,0
A 14 Ropani Villa on Rent at Budhanilkantha,House,"Budhanilkantha, Kathmandu",77000000.0,0,1,0,0,0,0,0,0,0,0,0,0,0,0
Flat system house for sale at Samakhushi Kathmandu!,House,"Samakhushi chowk, Kathmandu",35000000.0,0,0,1,0,1,0,0,0,0,0,0,0,0,1
Modern House For Sale @ Maligaun Kathmandu,House,"Maligaon, Kathmandu",65000000.0,0,0,0,0,1,0,0,0,0,0,1,0,0,1
 A Bungalow on sale at Banasthali Kathmandu,House,"Banasthali, Kathmandu",100000000.0,1,0,0,0,0,0,0,0,0,0,0,0,0,1
"House for SALE at Kusunti, Lalitpur",House,"Kusunti, Lalitpur",42500000.0,0,0,0,0,1,0,0,0,0,0,0,0,0,1
Sitapaila House Is On Sale,House,"Sitapaila,  Kathmandu",22000000.0,0,0,0,0,1,0,0,0,0,0,0,0,0,1
"Chandragiri,Balambu House Is On Sale",House," Balambu,  Kathmandu",22500000.0,0,0,0,0,1,0,0,0,0,0,0,0,0,1
Rai Chowk House on Sale,House,"Rai Chowk,  Kathmandu",25000000.0,0,0,0,0,1,0,0,0,0,0,0,0,0,1
"Lalitpur,Sainbu House Is On Sale",House,"Sainbu,  Lalitpur",35000000.0,0,0,0,0,1,0,0,0,0,0,0,0,0,1
Aadheshwor House Is On Sale,House,"Sitapaila,  Kathmandu",30000000.0,0,0,0,0,1,0,0,0,0,0,0,0,0,1
Ramkot Near Padma Colony House Is On Sale,House," Ramkot,  Kathmandu",26000000.0,0,0,0,0,1,0,0,0,0,0,0,0,0,1
"Swoyambhu , Karkhana Chowk House Is On Salw",House," Karkhana Chowk,  Swoyambhu ",38000000.0,0,0,0,0,1,0,0,0,0,0,0,0,0,0
"Sitapaila, 2 Crore House",House," Sitapaila,  Kathmandu",22000000.0,0,0,0,0,1,0,0,0,0,0,0,0,0,0
Towkhel House On Sale,House," Sitapaila,  Kathmandu",20000000.0,0,0,0,0,1,0,0,0,0,0,0,0,0,1
Sitapaila Near Civil Home House Is On Sale,House,"Civil Home,  Sitapaila",27500000.0,0,0,0,0,1,0,0,0,0,0,0,0,0,1
"Sitapaila , Banglamukhi House Is On Sale",House," Sitapaila,  Kathmandu",35000000.0,0,0,0,0,1,0,0,0,0,0,0,0,0,1
Thankot House,House," Thankot,  Kathmandu",22000000.0,0,0,0,0,1,0,0,0,0,0,0,0,0,0
Thankot Near To High Vision Colony House On Sale,House," Thankot,  Kathmandu",18500000.0,0,0,0,0,1,0,0,0,0,0,0,0,0,1
Thankot Near To High Vision Colony House On Sale,House," Thankot,  Kathmandu",11500000.0,0,0,0,0,1,0,0,0,0,0,0,0,0,1
Thankot Near To High Vision Colony House On Sale,House," Thankot,  Kathmandu",17000000.0,0,0,0,0,1,0,0,0,0,0,0,0,0,1
"Kathmandu,Sanobharyang Bungalow On Sale",House,"Sanobharyang,  Kathmandu ",31000000.0,1,0,0,0,0,0,0,0,0,0,0,0,0,1
"Sitapaila,Syuchatar House On Sale",House," Sitapaila,  Kathmandu",23500000.0,0,0,0,0,1,0,0,0,0,0,0,0,0,1
"Kathmandu,Budhanilkanta,Italitar House On Sale",House,"Budhanilkanta,  Kathmandu",120000000.0,0,0,0,0,1,0,0,0,0,0,0,0,0,1
Bafal House On Sale,House,"Bafal,  Kathmandu",45000000.0,0,0,0,0,1,0,0,0,0,0,0,0,0,1
"Imadol,Gwarkhu House On Sale",House," IMADOL,  LALITPUR",31500000.0,0,0,0,0,1,0,0,0,0,0,0,0,0,1
"Sitapaila,Sita Homes House On Sale",House,"Sitapaila,  Kathmandu",30000000.0,0,0,0,0,1,0,0,0,0,0,0,0,0,1
Baniyatar House On Sale,House," Baniyatar,  Kathmandu",60000000.0,0,0,0,0,1,0,0,0,0,0,0,0,0,1
Towkhel House On Sale,House,"Towkhel,  Kathmandu",25500000.0,0,0,0,0,1,0,0,0,0,0,0,0,0,1
Kimdol House On Sale,House," Kimdol,  Kathmandu",61500000.0,0,0,0,0,1,0,0,0,0,0,0,0,0,1
Dallu House On Sale,House," Dallu,  Kathmandu",50000000.0,0,0,0,0,1,0,0,0,0,0,0,0,0,1
"Sitapaila, Sita Home Colony House Is On Sale",House," Sitapaila,  Kathmandu",38500000.0,0,0,0,0,1,0,0,0,0,0,0,0,0,1
Sano Bharayang House on Sale,House," SANOBHARYANG,  KATHMANDU",36000000.0,0,0,0,0,1,0,0,0,0,0,0,0,0,1
Brand New Bafal House on Best Price,House," BAFAL,  KATHMANDU",28500000.0,0,0,0,0,1,0,0,0,0,0,1,0,0,0
Chamati New House on Sell,House," Chamati,  Kathmandu",35500000.0,0,0,0,0,1,0,0,0,0,0,1,0,0,0
Sitapaila Brand New House on Sale,House," Sitapaila,  Kathmandu",55000000.0,0,0,0,0,1,0,0,0,0,0,1,0,0,1
House on Sale on Sitapaila,House," Sitapaila,  Kathmandu",42500000.0,0,0,0,0,1,0,0,0,0,0,0,0,0,1
House for sale in Swayambhu,House," Swayambhu,  Kathmandu",27000000.0,0,0,0,0,1,0,0,0,0,0,0,0,0,1
Sitapaila Brand New Home on Sale,House," Sitapaila,  Kathmandu",22500000.0,0,0,0,0,1,0,0,0,0,0,1,0,0,1
Ramkot-Mahankal New House,House," Ramkot,  Kathmandu",28500000.0,0,0,0,0,1,0,0,0,0,0,1,0,0,0
"Kalimati, Tankeshwor House and Land Sale",House," Kalimati,  Kathmandu",38000000.0,0,0,0,0,1,1,0,0,0,0,0,0,0,1
Padma Colony House Sale,House," Ramkot,  Kathmandu",42000000.0,0,0,0,0,1,0,0,0,0,0,0,0,0,1
Gongabu House for Sale,House," Gongabu,  Kathmandu",24500000.0,0,0,0,0,1,0,0,0,0,0,0,0,0,1
Lalitpur/ Sangam Basti House On Sale,House," Sangam Basti,  Lalitpur",68000000.0,0,0,0,0,1,0,0,0,0,0,0,0,0,1
Residential House at Golfutar / Bansbari,House," Bansbari,  Kathmandu",45000000.0,0,0,0,0,1,0,0,0,0,0,0,0,0,0
Bansbari Semi-Bungalow,House," Budhanilkantha,  Kathmandu",80000000.0,1,0,0,0,0,0,0,0,0,0,0,0,0,0
Sanobharyang Brand New House,House," Nagarjung,  Kathmandu",29900000.0,0,0,0,0,1,0,0,0,0,0,1,0,0,0
Halchowk House,House," Nagarjung,  Kathmandu",37500000.0,0,0,0,0,1,0,0,0,0,0,0,0,0,0
Bafal House for Sale,House," Nagarjung,  Kathmandu",325000000.0,0,0,0,0,1,0,0,0,0,0,0,0,0,1
Dallu House On Sale,House," Dallu,  Kathmandu",28500000.0,0,0,0,0,1,0,0,0,0,0,0,0,0,1
RANIBAN HOUSE FOR SALE,House," NAGARJUNG,  KATHMANDU",60000000.0,0,0,0,0,1,0,0,0,0,0,0,0,0,1
Thulo Bharayang House on Sale,House," Thulo Bharayang,  Kathmandu",41500000.0,0,0,0,0,1,0,0,0,0,0,0,0,0,1
SANOBHARYANG HOUSE FOR SALE,House," NAGARJUNG,  KATHMANDU",31500000.0,0,0,0,0,1,0,0,0,0,0,0,0,0,1
RADHA KRISHNA MANDIR HOUSE ON SALE,House," RADHA KRISHNA,  KATHMANDU",26500000.0,0,0,0,0,1,0,0,0,0,0,0,0,0,1
Sano Bharayang House,House," Sano Bhanrayang,  Kathmandu",37500000.0,0,0,0,0,1,0,0,0,0,0,0,0,0,0
BUDDHA CHOWK PROPERTY,House,"BUDDHA CHOWK,  KATHMANDU",22500000.0,0,0,0,0,0,0,0,0,0,0,0,0,0,0
"Sano Bharayang, Tin Ghare House on Sale",House," Sano bharayang,  Kathmandu",26000000.0,0,0,0,0,1,0,0,0,0,0,0,0,0,1
CHAMATI PROPERTY FOR SALE,House," CHAMATI,  KATHMANDU",29500000.0,0,0,0,0,0,0,0,0,0,0,0,0,0,1
Swoyambhu House on Sale,House," Swoyambhu,  Kathmandu",33500000.0,0,0,0,0,1,0,0,0,0,0,0,0,0,1
RANIBAN SUNRISE PROPERTY,House," NAGARJUNG,  KATHMANDU",30000000.0,0,0,0,0,0,0,0,0,0,0,0,0,0,0
SITAPAILA-4 PROPERTY FOR SALE,House," SITAPAILA,  KATHMANDU",38500000.0,0,0,0,0,0,0,0,0,0,0,0,0,0,1
IMADOL PROPERTY FOR SALE,House," LALITPUR,  IMADOL",27500000.0,0,0,0,0,0,0,0,0,0,0,0,0,0,1
IMADOL HOUSE FOR SALE,House," IMADOL,  LALITPUR",27500000.0,0,0,0,0,1,0,0,0,0,0,0,0,0,1
IMADOL SHEETAL HEIGHT HOUSE,House," IMADOL,  LALITPUR",34500000.0,0,0,0,0,1,0,0,0,0,0,0,0,0,0
SANOBHARYANG HOUSE FOR SALE,House," SANOBHARYANG,  KATHMANDU",49000000.0,0,0,0,0,1,0,0,0,0,0,0,0,0,1
CHAMATI HOUSE FOR SALE,House," CHAMATI,  KATHMANDU",27000000.0,0,0,0,0,1,0,0,0,0,0,0,0,0,1
SORAKHUTTE-16 HOUSE ON SALE,House," SORAKHUTTE,  KATHMANDU",25000000.0,0,0,0,0,1,0,0,0,0,0,0,0,0,1
House for sale,House," Imadol,  lalitpur",27500000.0,0,0,0,0,1,0,0,0,0,0,0,0,0,1
"Bhaisepati, Wai Wai Chowk House on Sale",House," Bhaisepati,  Kathmandu",38000000.0,0,0,0,0,1,0,0,0,0,0,0,0,0,1
Sitapaila House on Sale,House," Sitapaila,  Kathmandu",39000000.0,0,0,0,0,1,0,0,0,0,0,0,0,0,1
LAZIMPAT PROPERTY ON SALE,House," LAZIMPAT,  KATHMANDU",15500000.0,0,0,0,0,0,0,0,0,0,0,0,0,0,1
BANESHWOR-10 HOUSE ON SALE,House," BANESHWOR,  KATHMANDU",33000000.0,0,0,0,0,1,0,0,0,0,0,0,0,0,1
"Chyasindol, Tokha House on Sale",House," Budhanilkantha,  Kathmandu",14500000.0,0,0,0,0,1,0,0,0,0,0,0,0,0,1
Dhapasi Height Bungalow,House," Dhapasi Height,  Kathmandu",127500000.0,1,0,0,0,0,0,0,0,0,0,0,0,0,0
Hattiban Tradtion Fusion Home,House," Hattiban,  Lalitpur",21500000.0,0,0,0,0,1,0,0,0,0,0,0,0,0,0
Sitapaila House Sale,House," Sitapaila,  Kathmandu",28500000.0,0,0,0,0,1,0,0,0,0,0,0,0,0,1
Tahachal Brand New Houses,House,"Bafal,  Kathmandu",41000000.0,0,0,0,0,1,0,0,0,0,0,1,0,0,0
Dallu House Sale,House," Dallu,  Kathmandu",47000000.0,0,0,0,0,1,0,0,0,0,0,0,0,0,1
Sano Bharayang Family House,House,"Nagarjung,  Kathmandu",25500000.0,0,0,0,0,1,0,0,0,0,0,0,0,0,0
Sano Bharayang House,House," Nagarjung,  Kathmandu",32000000.0,0,0,0,0,1,0,0,0,0,0,0,0,0,0
CHANDRAGIRI-6 / RADHAKRISHNA HOUSE ON SALE,House," CHANDRAGIRI,  KATHMANDU",26500000.0,0,0,0,0,1,0,0,0,0,0,0,0,0,1
CHANDRAGIRI-6 / RADHAKRISHNA HOUSE ON SALE,House," CHANDRAGIRI,  KATHMANDU",23500000.0,0,0,0,0,1,0,0,0,0,0,0,0,0,1
CHAMATI HOUSE ON SALE,House," CHAMATI,  KATHMANDU",26500000.0,0,0,0,0,1,0,0,0,0,0,0,0,0,1
SANOBHARYANG RESIDENTAL HOME FOR SALE,House," SANOBHARYANG,  KATHMANDU",39800000.0,0,0,0,0,1,0,0,0,0,0,0,0,0,1
DHAPAKHEL / GAURIGAUN HOUSE ON SALE,House," HATTIBAN,  LALITPUR",34000000.0,0,0,0,0,1,0,0,0,0,0,0,0,0,1
BHAKTAPUR/ KAUSHALTAR House On Sale,House," KAUSHALTAR,  BHAKTAPUR",32000000.0,0,0,0,0,1,0,0,0,0,0,0,0,0,1
Syuchatar Brand New Home,House," Syuchatar,  Kathmandu",39500000.0,0,0,0,0,1,0,0,0,0,0,1,0,0,0
New Adheshwor House On Sale,House," Sitapaila,  Kathmandu",28500000.0,0,0,0,0,1,0,0,0,0,0,1,0,0,1
"Sitapaila, Adheshwor House On Sale",House," Sitapaila,  Kathmandu",26000000.0,0,0,0,0,1,0,0,0,0,0,0,0,0,1
Dhungedhara/Sano-Bharyang House On Sale,House," Sano-Bharyang,  Kathmandu",30000000.0,0,0,0,0,1,0,0,0,0,0,0,0,0,1
Satungal House On Sale,House," Satungal,  Kathmandu",19500000.0,0,0,0,0,1,0,0,0,0,0,0,0,0,1
Satungal House On Sale,House," Satungal,  Kathmandu",18500000.0,0,0,0,0,1,0,0,0,0,0,0,0,0,1
Naikap House On Sale,House," Naicap,  Kathmandu",46500000.0,0,0,0,0,1,0,0,0,0,0,0,0,0,1
Nakhu House on Sale,House," Bhaisepati,  Lalitpur",29000000.0,0,0,0,0,1,0,0,0,0,0,0,0,0,1
House on sale,House,"Gokarneswhor,  Kathmandu",35000000.0,0,0,0,0,1,0,0,0,0,0,0,0,0,1
Hattiban House on Sale,House," Hattiban,  Lalitpur",21500000.0,0,0,0,0,1,0,0,0,0,0,0,0,0,1
"House for sale -Thaiba,Godamchaur(6.2kmFromSatdobato)",House," Godamchaur,  Lalitpur",29000000.0,0,0,0,0,1,0,0,0,0,0,0,0,0,1
Nagarjung House on Sale,House,"Sano Bharayang,  Kathmandu",22500000.0,0,0,0,0,1,0,0,0,0,0,0,0,0,1
Two Raniban House On Sale,House,"Raniban,  Kathmandu",32000000.0,0,0,0,0,1,0,0,0,0,0,0,0,0,1
Sitapaila House On Sale,House," Sitapaila,  Kathmandu",28500000.0,0,0,0,0,1,0,0,0,0,0,0,0,0,1
Saranpur House on Sale,House," Sitapaila,  Kathmandu",55000000.0,0,0,0,0,1,0,0,0,0,0,0,0,0,1
Kohinoor House for Sale,House," Bafal,  Kathmandu",40000000.0,0,0,0,0,1,0,0,0,0,0,0,0,0,1
Kuleshwor House& Land on Sale,House,"Kuleshwor,  Kathmandu",75000000.0,0,0,0,0,1,1,0,0,0,0,0,0,0,1
Dahachok House for Sale,House," Chandagiri,  Kathmandu",27000000.0,0,0,0,0,1,0,0,0,0,0,0,0,0,1
Bhaisepati House on Sale,House," Bhaisepati,  Lalitpur",60000000.0,0,0,0,0,1,0,0,0,0,0,0,0,0,1
Bhaisepati House for Sale,House," Bhaisepati,  Lalitpur",37500000.0,0,0,0,0,1,0,0,0,0,0,0,0,0,1
Imadol New House on Sale,House," Imadol,  Lalitpur",28500000.0,0,0,0,0,1,0,0,0,0,0,1,0,0,1
Sitapaila Bungalow on Sale,House," Sitapaila,  Kathmandu",60000000.0,1,0,0,0,0,0,0,0,0,0,0,0,0,1
Buddha Chowk House On Sale,House," Nagarjung,  Kathmandu",31000000.0,0,0,0,0,1,0,0,0,0,0,0,0,0,1
Rai Chowk House on Sale,House," Nagarjung,  Karhmandu",27500000.0,0,0,0,0,1,0,0,0,0,0,0,0,0,1
Bafal House for Sale,House," Bafal,  Kathmandu",28500000.0,0,0,0,0,1,0,0,0,0,0,0,0,0,1
SItapaila House on Sale,House," Sitapaila,  Kathmandu",22000000.0,0,0,0,0,1,0,0,0,0,0,0,0,0,1
Bafal Brand New House,House," Bafal,  Kathmandu",28500000.0,0,0,0,0,1,0,0,0,0,0,1,0,0,0
Bhimdhunga House,House," Nagarjung,  Kathmndu",20500000.0,0,0,0,0,1,0,0,0,0,0,0,0,0,0
Sitapaila House,House," Nagarjung,  Kathmandu",18000000.0,0,0,0,0,1,0,0,0,0,0,0,0,0,0
SItapaila 6 Plots House on sale,House," Sitapaila,  Kathmandu",35000000.0,0,0,0,0,1,1,0,0,0,0,0,0,0,1
Nakhu House,House," Nakhu,  Lalitpur",39000000.0,0,0,0,0,1,0,0,0,0,0,0,0,0,0
Ekdhara House,House," Nagarjung-3,  Kathmandu",47000000.0,0,0,0,0,1,0,0,0,0,0,0,0,0,0
Sitapaila Bungalow,House," Sitapaila,  Kathmandu",50000000.0,1,0,0,0,0,0,0,0,0,0,0,0,0,0
Banglow House for Sale,House," Sitapaila,  Kathmandu",37500000.0,0,0,0,0,1,0,0,0,0,0,0,0,0,1
Residential House For Sale.,House," Ramkot,  Kathmandu",24000000.0,0,0,0,0,1,0,0,0,0,0,0,0,0,1
Dallu House,House," Dallu,  Kathmandu",29500000.0,0,0,0,0,1,0,0,0,0,0,0,0,0,0
Upper Bhangal Bungalow,House," Budhanilkantha,  Kathmandu",125000000.0,1,0,0,0,0,0,0,0,0,0,0,0,0,0
Residential Bungalow For Sale.,House," Sita-paila,  Kathmandu",33500000.0,1,0,0,0,0,0,0,0,0,0,0,0,0,1
Brand New House For Sale.,House," Sitapaila-5,  Kathmandu",29000000.0,0,0,0,0,1,0,0,0,0,0,1,0,0,1
Brand New House For Sale.,House," Bafal,  Kathmandu",28500000.0,0,0,0,0,1,0,0,0,0,0,1,0,0,1
Residential House For Sale.,House," Lolang,  Kathmandu",18500000.0,0,0,0,0,1,0,0,0,0,0,0,0,0,1
Residential House For Sale.,House," Thulo bharyang,  Kathmandu",28000000.0,0,0,0,0,1,0,0,0,0,0,0,0,0,1
Thulo Bharayang House,House," Thulo Bharayang,  Kathmandu",32500000.0,0,0,0,0,1,0,0,0,0,0,0,0,0,0
Ramkot House,House," Ramkot,  Kathmandu",30500000.0,0,0,0,0,1,0,0,0,0,0,0,0,0,0
Sangam Semi-Commercial House,House," Tarkeshwor,  Kathmandu",36000000.0,0,0,0,0,1,0,0,0,0,0,0,0,1,0
Residential Bungalow For Sale.,House," Sitapaila,  Kathmandu",26500000.0,1,0,0,0,0,0,0,0,0,0,0,0,0,1
Sano Bharayang House,House," Sano bharyang,  Kathmandu",43000000.0,0,0,0,0,1,0,0,0,0,0,0,0,0,0
Adeshwor House,House," Sitapaila,  Kathmandu",30500000.0,0,0,0,0,1,0,0,0,0,0,0,0,0,0
Sitapaila House,House," Sitapaila,  Kathmandu",23500000.0,0,0,0,0,1,0,0,0,0,0,0,0,0,0
Dallu New House,House," Dallu,  Kathmandu",46500000.0,0,0,0,0,1,0,0,0,0,0,1,0,0,0
Syuchatar House,House," Syuchatar,  Kathmandu",22000000.0,0,0,0,0,1,0,0,0,0,0,0,0,0,0
Dallu House,House," dallu,  kathmandu",40000000.0,0,0,0,0,1,0,0,0,0,0,0,0,0,0
Banglamukhi House,House," Banglamukhi,  Kathmandu",29000000.0,0,0,0,0,1,0,0,0,0,0,0,0,0,0
Beautiful House On Sale.,House," Sano bharyang,  Rumba chowk",27500000.0,0,0,0,0,1,0,0,0,0,0,0,0,0,1
Raniban house For Sale,House," Nagarjung,  Kathmandu",20000000.0,0,0,0,0,1,0,0,0,0,0,0,0,0,1
Semi-commercial property in Raniban,House," Raniban,  Kathmandu",62000000.0,0,0,0,0,0,0,0,0,0,0,0,0,1,0
House on Magargaun,House," Magargaun,  Lalitpur",30000000.0,0,0,0,0,1,0,0,0,0,0,0,0,0,0
Raniban New House,House," Raniban,  Kathmandu",47500000.0,0,0,0,0,1,0,0,0,0,0,1,0,0,0
Hatti Gauda House,House,"Hatti Gauda,  Kathmandu",30000000.0,0,0,0,0,1,0,0,0,0,0,0,0,0,0
Hatigauda House,House," Hatigauda,  Kathmandu",26000000.0,0,0,0,0,1,0,0,0,0,0,0,0,0,0
Chandagiri House,House," Chandagiri,  Kathmandu",25500000.0,0,0,0,0,1,0,0,0,0,0,0,0,0,0
Ramkot House,House," Raamkot,  Kathmandu",18500000.0,0,0,0,0,1,0,0,0,0,0,0,0,0,0
KIMDOL HOUSE,House," Swoyambhu,  Kathmandu",25000000.0,0,0,0,0,1,0,0,0,0,0,0,0,0,0
Sano Bharayang New House,House," Sano Bhanrayang,  Kathmandu",25000000.0,0,0,0,0,1,0,0,0,0,0,1,0,0,0
Taukhel Land and house on sale,House," Sitapaila,  Kathmandu",35000000.0,0,0,0,0,1,1,0,0,0,0,0,0,0,1
Nakhipot House,House," Nakhipot,  Lalitpur",28500000.0,0,0,0,0,1,0,0,0,0,0,0,0,0,0
Gairigau House,House," Gairgaun,  Kathmandu",23500000.0,0,0,0,0,1,0,0,0,0,0,0,0,0,0
Grande Futsal House,House," Grande,  Kathmandu",37000000.0,0,0,0,0,1,0,0,0,0,0,0,1,0,0
KHUMALTAR House,House," Khumaltar,  Lalitpur",35000000.0,0,0,0,0,1,0,0,0,0,0,0,0,0,0
KHUMALTAR House,House," Khumaltar,  Lalitpur",25000000.0,0,0,0,0,1,0,0,0,0,0,0,0,0,0
Jharuwarashi House,House," Jharuwarasi,  Lalitpur",16000000.0,0,0,0,0,1,0,0,0,0,0,0,0,0,0
Bafal New House,House," Bafal,  Kathmandu",35000000.0,0,0,0,0,1,0,0,0,0,0,1,0,0,0
Rai Chowk New Home,House," Ichangunarayan,  Kathmandu",27500000.0,0,0,0,0,1,0,0,0,0,0,1,0,0,0
Bafal Duplex Home,House," Sitapaila,  Kathmandu",33000000.0,0,0,0,1,1,0,0,0,0,0,0,0,0,0
Home at Tarkeshwor,House," Tarkeshwor,  Kathmandu",23000000.0,0,0,0,0,1,0,0,0,0,0,0,0,0,0
Sano Bharayang Home,House," Sano Bharayang,  Kathmandu",50000000.0,0,0,0,0,1,0,0,0,0,0,0,0,0,0
Tusal Residential Home,House," Nepaltar,  Kathmandu",36500000.0,0,0,0,0,1,0,0,0,0,0,0,0,0,0
Brand New Home,House," Dahachowk,  Kathmandu",18500000.0,0,0,0,0,1,0,0,0,0,0,1,0,0,0
Sano Bharayang  Home,House," Sano Bhanrayang,  Kathmandu",31500000.0,0,0,0,0,1,0,0,0,0,0,0,0,0,0
Sano Bharayang  Home,House," Sano Bhanrayang,  Kathmandu",27000000.0,0,0,0,0,1,0,0,0,0,0,0,0,0,0
Sitapaila Home,House," Sitapaila,  Kathmandu",28000000.0,0,0,0,0,1,0,0,0,0,0,0,0,0,0
Sitapaila New HOME,House," Sitapaila,  Kathmandu",23000000.0,0,0,0,0,1,0,0,0,0,0,1,0,0,0
Kusunti Home For Sale,House," Kusunti,  Lalitpur",36500000.0,0,0,0,0,1,0,0,0,0,0,0,0,0,1
Ramkot Home,House," Mahankal ,  Kathmandu",23000000.0,0,0,0,0,1,0,0,0,0,0,0,0,0,0
Sankata Home for Sale,House," Sitapaila,  Kathmandu",24000000.0,0,0,0,0,1,0,0,0,0,0,0,0,0,1
Narayanthan Home On Sale,House," Budhanikantha,  Kathmandu",45000000.0,0,0,0,0,1,0,0,0,0,0,0,0,0,1
Sano Bharayang  Home,House," Sano Bhanrayang,  Kathmandu",30000000.0,0,0,0,0,1,0,0,0,0,0,0,0,0,0
Property On Ganeshthan On Sale,House," Gongabu,  Kathmandu",90000000.0,0,0,0,0,0,0,0,0,0,0,0,0,0,1
Boudhanath Property On Sale,House," Boudha,  Kathmandu",185000000.0,0,0,0,0,0,0,0,0,0,0,0,0,0,1
Padma Colony New Home,House," Sitapaila,  Kathmandu",31500000.0,0,0,0,0,1,0,0,0,0,0,1,0,0,0
Dhapasi Height Home,House," Dhapasi,  Kathmandu",25000000.0,0,0,0,0,1,0,0,0,0,0,0,0,0,0
Sano Bharayang  Home,House," Sano Bhanrayang,  Kathmandu",34000000.0,0,0,0,0,1,0,0,0,0,0,0,0,0,0
Chauni Home,House," Chauni,  Kathmandu",27000000.0,0,0,0,0,1,0,0,0,0,0,0,0,0,0
EXCLUSIVE PROPERTY ON SALE,House," Raniban,  Kathmandu",30000000.0,0,0,0,0,0,0,0,0,0,0,0,0,0,1
Balambu New Home,House," Satungal,  Kathmandu",18000000.0,0,0,0,0,1,0,0,0,0,0,1,0,0,0
Thankot Home,House," Thankot,  Kathmandu",14000000.0,0,0,0,0,1,0,0,0,0,0,0,0,0,0
Pachdhara Home at Sale,House," Halchowk,  Kathmandu",26000000.0,0,0,0,0,1,0,0,0,0,0,0,0,0,1
Kimdol Resident Home On Sale,House," Swoyambhu,  Kathmandu",34000000.0,0,0,0,0,1,0,0,0,0,0,0,0,0,1
Tahachal New Home,House,"Tahachal,  Kathmandu",55000000.0,0,0,0,0,1,0,0,0,0,0,1,0,0,0
Tahachal New Home,House,"Tahachal,  Kathmandu",52500000.0,0,0,0,0,1,0,0,0,0,0,1,0,0,0
"3 Ghare, Raniban  Home",House," Raniban,  Kathmandu",30000000.0,0,0,0,0,1,0,0,0,0,0,0,0,0,0
Jarankhu Home At Sale,House," Tarkeshwor,  Kathmandhu",21000000.0,0,0,0,0,1,0,0,0,0,0,0,0,0,1
"Prime Land for Sale in Butwal, Rupandehi, Nepal",House,Butwal,2600000.0,0,0,0,0,0,1,0,0,0,0,0,0,0,1
Login or Register,House,Pokhara,3000000.0,0,0,0,0,0,0,0,0,0,0,0,0,0,0
Search Property,House,Pokhara,3000000.0,0,0,0,0,0,0,0,0,0,0,0,0,0,0
Pokhara(5),House,Pokhara,3000000.0,0,0,0,0,0,0,0,0,0,0,0,0,0,0
More info,House,Chitwan,12000000.0,0,0,0,0,0,0,0,0,0,0,0,0,0,0
More info,House,Chitwan,5000000.0,0,0,0,0,0,0,0,0,0,0,0,0,0,0
More info,House,Pokhara,6000000.0,0,0,0,0,0,0,0,0,0,0,0,0,0,0
More info,House,Pokhara,20000000.0,0,0,0,0,0,0,0,0,0,0,0,0,0,0
More info,House,Butwal,20475000.0,0,0,0,0,0,0,0,0,0,0,0,0,0,0
More info,House,Butwal,75000000.0,0,0,0,0,0,0,0,0,0,0,0,0,0,0
More info,House,Butwal,7500000.0,0,0,0,0,0,0,0,0,0,0,0,0,0,0
More info,House,Butwal,14500000.0,0,0,0,0,0,0,0,0,0,0,0,0,0,0
More info,House,Butwal,9700000.0,0,0,0,0,0,0,0,0,0,0,0,0,0,0
More info,House,Butwal,9900000.0,0,0,0,0,0,0,0,0,0,0,0,0,0,0
More info,House,Bhairahawa,10500000.0,0,0,0,0,0,0,0,0,0,0,0,0,0,0
More info,House,Bhairahawa,8800000.0,0,0,0,0,0,0,0,0,0,0,0,0,0,0
More info,House,Bhairahawa,25000000.0,0,0,0,0,0,0,0,0,0,0,0,0,0,0
More info,House,Bhairahawa,3000000.0,0,0,0,0,0,0,0,0,0,0,0,0,0,0
More info,House,Bhairahawa,24000000.0,0,0,0,0,0,0,0,0,0,0,0,0,0,0
More info,House,Bhairahawa,4650000.0,0,0,0,0,0,0,0,0,0,0,0,0,0,0
More info,House,Bhairahawa,2325000.0,0,0,0,0,0,0,0,0,0,0,0,0,0,0
More info,House,Bhairahawa,48000000.0,0,0,0,0,0,0,0,0,0,0,0,0,0,0
More info,House,Biratnagar,10900000.0,0,0,0,0,0,0,0,0,0,0,0,0,0,0
Land for Sale - Rs 3 Lakh Per Dhur,Land,"Shivaghat  Bharatpur, Chitwan",6600082.304526749,0,0,0,0,0,1,0,0,0,0,0,0,0,1
House for Sale - Rs 7 Lakh 50 Thousand 29,House,"Talkative changunarayan 5 Changunarayan, Bhaktapur",750000.0,0,0,0,0,1,0,0,0,0,0,0,0,0,1
Land for Sale - Rs 2 Crore 30 Lakh,Land,"Mulpani 07 Kageshwori Manohara, Kathmandu",23000000.0,0,0,0,0,0,1,0,0,0,0,0,0,0,1
Land for Sale - Rs 4 Crore 50 Lakh,Land,"Damside 17 Pokhara Metropolis, Kaski",45000000.0,0,0,0,0,0,1,0,0,0,0,0,0,0,1
Land for Sale - Rs 2 Crore 80 Lakh,Land,"Kadaghari, Force park durbar marga 07 Kageshwori Manohara, Kathmandu",28000000.0,0,0,0,0,0,1,0,0,0,0,0,0,0,1
Land for Sale - Rs 20 Lakh Per anna,Land,"Bistachhap 2 Godawari, Lalitpur",63818845.87289993,0,0,0,0,0,1,0,0,0,0,0,0,0,1
Land for Sale - Rs 65 Lakh,Land,"thankot 3 Chandragiri, Kathmandu",6500000.0,0,0,0,0,0,1,0,0,0,0,0,0,0,1
Land for Sale - Rs 4 Crore 10 Lakh,Land,"Bhaisepati 18 Lalitpur Metropolis, Lalitpur",41000000.0,0,0,0,0,0,1,0,0,0,0,0,0,0,1
Land for Sale - Rs 2 Crore 50 Lakh,Land,"fulbari 12 Pokhara Metropolis, Kaski",25000000.0,0,0,0,0,0,1,0,0,0,0,0,0,0,1
Land for Sale - Rs 4 Crore,Land,"Sunakothi, Thecho, Chapagaun  Lalitpur Metropolis, Lalitpur",40000000.0,0,0,0,0,0,1,0,0,0,0,0,0,0,1
Land for Sale - Rs 15 Lakh 1500000,Land,"Champi  Godawari, Lalitpur",1500000.0,0,0,0,0,0,1,0,0,0,0,0,0,0,1
Land for Sale - Rs 1 Crore 20 Lakh,Land,"Khajura ,  Birendranagar  10 Birendranagar, Surkhet",12000000.0,0,0,0,0,0,1,0,0,0,0,0,0,0,1
Land for Sale - Rs 2 Crore 7 Lakh,Land,"Imadol  Lalitpur Metropolis, Lalitpur",20700000.0,0,0,0,0,0,1,0,0,0,0,0,0,0,1
Land for Sale - Rs 3 Crore 75 Lakh,Land,"Imadol  Lalitpur Metropolis, Lalitpur",37500000.0,0,0,0,0,0,1,0,0,0,0,0,0,0,1
Land for Sale - Rs 2 Crore 10 Lakh,Land,"Lubhu  Lalitpur Metropolis, Lalitpur",21000000.0,0,0,0,0,0,1,0,0,0,0,0,0,0,1
Land for Sale - Rs 2 Crore 50 Lakh,Land,"Thecho  Godawari, Lalitpur",25000000.0,0,0,0,0,0,1,0,0,0,0,0,0,0,1
Land for Sale - Rs 2 Crore 40 Lakh,Land,"Harisiddhi  Lalitpur Metropolis, Lalitpur",24000000.0,0,0,0,0,0,1,0,0,0,0,0,0,0,1
Land for Sale - Rs 2 Crore 25 Lakh,Land,"Tikathali 5 Lalitpur Metropolis, Lalitpur",22500000.0,0,0,0,0,0,1,0,0,0,0,0,0,0,1
Land for Sale - Rs 2 Crore 80 Lakh,Land,"Tikathali 5 Lalitpur Metropolis, Lalitpur",28000000.0,0,0,0,0,0,1,0,0,0,0,0,0,0,1
Land for Sale - Rs 2 Crore 50 Lakh Per Ropani,Land,"gagangauda  Pokhara Metropolis, Kaski",50284664.83011937,0,0,0,0,0,1,0,0,0,0,0,0,0,1
Land for Sale - Rs 50 Lakh Per Aana,Land,"Shallagari 5 Suryabinayak, Bhaktapur",30000000.0,0,0,0,0,0,1,0,0,0,0,0,0,0,1
Land for Sale - Rs 90 Lakh 31 lakhs,Land,"Ravivawan lampati  14 Kathmandu Metropolis, Kathmandu",9000000.0,0,0,0,0,0,1,0,0,0,0,0,0,0,1
Land for Sale - Rs 5 Crore 25 Lakh,Land,"g 8 Budhanilkantha, Kathmandu",52500000.0,0,0,0,0,0,1,0,0,0,0,0,0,0,1
Land for Sale - Rs 35 Lakh Per Aana,Land,"Tokha near Villi Chowk  Tokha, Kathmandu",14000000.0,0,0,0,0,0,1,0,0,0,0,0,0,0,1
Land for Sale - Rs 2 Crore 30 Lakh,Land,"Mulpani 7 Kageshwori Manohara, Kathmandu",23000000.0,0,0,0,0,0,1,0,0,0,0,0,0,0,1
Land for Sale - Rs 3 Crore 30 Lakh 5500000,Land,"Basundhara  Tokha, Kathmandu",33000000.0,0,0,0,0,0,1,0,0,0,0,0,0,0,1
Land for Sale - Rs 3 Crore 20 Lakh,Land,"Gatthaghar  Madhyapur Thimi, Bhaktapur",32000000.0,0,0,0,0,0,1,0,0,0,0,0,0,0,1
House for Sale - Rs 90 Lakh 2200000,House,"Badegaun - Lalitpur - Near Swetbarahi temple  Godawari, Lalitpur",9000000.0,0,0,0,0,1,0,0,0,0,0,0,0,0,1
House for Sale - Rs 2 Crore 45 Lakh,House,"Dhumbhari 4 Kathmandu Metropolis, Kathmandu",24500000.0,0,0,0,0,1,0,0,0,0,0,0,0,0,1
Land for Sale - Rs 10 Lakh Per Aana,Land,"Dahachowk 8 Chandragiri, Kathmandu",4000000.0,0,0,0,0,0,1,0,0,0,0,0,0,0,1
Land for Sale - Rs 20 Lakh Per Aana,Land,"Sipadol 8 Suryabinayak, Bhaktapur",7000029.218407597,0,0,0,0,0,1,0,0,0,0,0,0,0,1
Land for Sale - Rs 1 Crore 32 Lakh 1600000,Land,"Lele  6 Godawari, Lalitpur",13200000.0,0,0,0,0,0,1,0,0,0,0,0,0,0,1
House for Sale - Rs 3 Crore 25 Lakh,House,"Tikathali  Lalitpur Metropolis, Lalitpur",32500000.0,0,0,0,0,1,0,0,0,0,0,0,0,0,1
Land for Sale - Rs 2 Crore 30 Lakh 5000000,Land,"Gokarneshower  8 Gokarneshwor, Kathmandu",23000000.0,0,0,0,0,0,1,0,0,0,0,0,0,0,1
Land for Sale - Rs 2 Crore 70 Lakh Per Aana,Land,"Bhangal 8 Budhanilkantha, Kathmandu",81000000.0,0,0,0,0,0,1,0,0,0,0,0,0,0,1
Land for Sale - Rs 35 Lakh Per Aana,Land,"Emadol-Balkot 7 Mahalaxmi, Lalitpur",14000000.0,0,0,0,0,0,1,0,0,0,0,0,0,0,1
Land for Sale - Rs 6 Crore 2 crore per kattha,Land,"Krishnapur 7 Bharatpur, Chitwan",180000000.0,0,0,0,0,0,1,0,0,0,0,0,0,0,1
Land for Sale - Rs 25 Lakh Per Aana,Land,"Dadhikot 01 Suryabinayak, Bhaktapur",13750036.523009498,0,0,0,0,0,1,0,0,0,0,0,0,0,1
Land for Sale - Rs 20 Lakh Per Aana,Land,"Sudal 8 Changunarayan, Bhaktapur",8999970.781592403,0,0,0,0,0,1,0,0,0,0,0,0,0,1
Land for Sale - Rs 3 Crore 30 Lakh,Land,"Dhapasi  Tokha, Kathmandu",33000000.0,0,0,0,0,0,1,0,0,0,0,0,0,0,1
Land for Sale - Rs 2 Crore 45 Lakh,Land,"Hattiban/ Dhapakhel  23 Lalitpur Metropolis, Lalitpur",24500000.0,0,0,0,0,0,1,0,0,0,0,0,0,0,1
Land for Sale - Rs 36 Lakh Per Aana,Land,"Harisiddhi  28 Lalitpur Metropolis, Lalitpur",10800000.0,0,0,0,0,0,1,0,0,0,0,0,0,0,1
Land for Sale - Rs 2 Crore 35 Lakh,Land,"Harisiddhi 28 Lalitpur Metropolis, Lalitpur",23500000.0,0,0,0,0,0,1,0,0,0,0,0,0,0,1
Land for Sale - Rs 1 Crore 60 Lakh,Land,"Thankot  4 Chandragiri, Kathmandu",16000000.0,0,0,0,0,0,1,0,0,0,0,0,0,0,1
Land for Sale - Rs 2 Crore,Land,"dhangadhi kailali 3 Dhangadhi, Kailali",20000000.0,0,0,0,0,0,1,0,0,0,0,0,0,0,1
Land for Sale - Rs 55 Lakh Per Aana,Land,"Pasikot  Budhanilkantha, Kathmandu",165000000.0,0,0,0,0,0,1,0,0,0,0,0,0,0,1
Land for Sale - Rs 4 Crore 40 Lakh,Land,"Baneshwor 8 Kathmandu Metropolis, Kathmandu",44000000.0,0,0,0,0,0,1,0,0,0,0,0,0,0,1
Land for Sale - Rs 26 Lakh 50 Thousand Per Aana,Land,"Hattiban  Lalitpur Metropolis, Lalitpur",14575038.714390067,0,0,0,0,0,1,0,0,0,0,0,0,0,1
Land for Sale - Rs 5 Crore 20 Lakh,Land,"Bansbari  Kathmandu Metropolis, Kathmandu",52000000.0,0,0,0,0,0,1,0,0,0,0,0,0,0,1
Land for Sale - Rs 20 Lakh Per Aana,Land,"Tathali 10 Suryabinayak, Bhaktapur",6000000.0,0,0,0,0,0,1,0,0,0,0,0,0,0,1
Land for Sale - Rs 25 Lakh Per Aana,Land,"Satungal 6 Chandragiri, Kathmandu",7500000.0,0,0,0,0,0,1,0,0,0,0,0,0,0,1
Land for Sale - Rs 11 Crore 75 Lakh,Land,"Jharuwarashi 13 Godawari, Lalitpur",117500000.0,0,0,0,0,0,1,0,0,0,0,0,0,0,1
Land for Sale - Rs 46 Lakh Per Aana,Land,"golfutar  Budhanilkantha, Kathmandu",18400000.0,0,0,0,0,0,1,0,0,0,0,0,0,0,1
Land for Sale - Rs 2 Crore 75 Lakh,Land,"Harisiddhi  28 Lalitpur Metropolis, Lalitpur",27500000.0,0,0,0,0,0,1,0,0,0,0,0,0,0,1
Land for Sale - Rs 1 Crore 43 Lakh 650000 Per aana,Land,"Lele Lalitpur  5 Godawari, Lalitpur",313304747.9912345,0,0,0,0,0,1,0,0,0,0,0,0,0,1
Land for Sale - Rs 40 Lakh Per Aana,Land,"Chunikhel 13 Budhanilkantha, Kathmandu",12999970.781592404,0,0,0,0,0,1,0,0,0,0,0,0,0,1
Land for Sale - Rs 24 Lakh Per Aana,Land,"Umagau 6 Nagarjun, Kathmandu",12000000.0,0,0,0,0,0,1,0,0,0,0,0,0,0,1
Land for Sale - Rs 3 Crore 50 Lakh,Land,"pokhara  Pokhara Metropolis, Kaski",35000000.0,0,0,0,0,0,1,0,0,0,0,0,0,0,1
Land for Sale - Rs 2 Crore 40 Lakh Per Aana,Land,"Kamalbinayak 10 Bhaktapur, Bhaktapur",192000000.0,0,0,0,0,0,1,0,0,0,0,0,0,0,1
Land for Sale - Rs 6 Crore 25 Lakh 25lakh per aana,Land,"Dadhikot 4 Suryabinayak, Bhaktapur",1556838933.528123,0,0,0,0,0,1,0,0,0,0,0,0,0,1
Land for Sale - Rs 1 Crore 30 Lakh,Land,"Gwarko 17 Lalitpur Metropolis, Lalitpur",13000000.0,0,0,0,0,0,1,0,0,0,0,0,0,0,1
Land for Sale - Rs 26 Lakh Per Aana,Land,"Chisapani 3 Tarakeshor, Kathmandu",13000000.0,0,0,0,0,0,1,0,0,0,0,0,0,0,1
Land for Sale - Rs 1 Crore 48 Lakh 50 Thousand 2700000,Land,"Hattiban  Lalitpur Metropolis, Lalitpur",14850000.0,0,0,0,0,0,1,0,0,0,0,0,0,0,1
Land for Sale - Rs 23 Lakh Per Aana,Land,"Kirtipur 6 Kirtipur, Kathmandu",14949966.398831263,0,0,0,0,0,1,0,0,0,0,0,0,0,1
Land for Sale - Rs 3 Crore 30 Lakh,Land,"Imadol  Lalitpur Metropolis, Lalitpur",33000000.0,0,0,0,0,0,1,0,0,0,0,0,0,0,1
Land for Sale - Rs 2 Crore 55 Lakh,Land,"Balkot  Madhyapur Thimi, Bhaktapur",25500000.0,0,0,0,0,0,1,0,0,0,0,0,0,0,1
Land for Sale - Rs 3 Crore 5 Lakh,Land,"Tikathali  Lalitpur Metropolis, Lalitpur",30500000.0,0,0,0,0,0,1,0,0,0,0,0,0,0,1
Land for Sale - Rs 3 Crore 25 Lakh Per Aana,Land,"Balkot  Madhyapur Thimi, Bhaktapur",130000000.0,0,0,0,0,0,1,0,0,0,0,0,0,0,1
Land for Sale - Rs 2 Crore 80 Lakh,Land,"Pepsicola  Kathmandu Metropolis, Kathmandu",28000000.0,0,0,0,0,0,1,0,0,0,0,0,0,0,1
Land for Sale - Rs 3 Crore 95 Lakh,Land,"Bhangal height  Budhanilkantha, Kathmandu",39500000.0,0,0,0,0,0,1,0,0,0,0,0,0,0,1
Land for Sale - Rs 45 Lakh Per Aana,Land,"Balkot  Madhyapur Thimi, Bhaktapur",20249934.258582905,0,0,0,0,0,1,0,0,0,0,0,0,0,1
Land for Sale - Rs 48 Lakh Per Aana,Land,"Kausaltar chowk  Lalitpur Metropolis, Lalitpur",16799929.875821766,0,0,0,0,0,1,0,0,0,0,0,0,0,1
Land for Sale - Rs 39 Lakh Per Aana,Land,"Lubhu  Lalitpur Metropolis, Lalitpur",18524914.53615778,0,0,0,0,0,1,0,0,0,0,0,0,0,1
Land for Sale - Rs 2 Crore 75 Lakh,Land,"Imadol  Lalitpur Metropolis, Lalitpur",27500000.0,0,0,0,0,0,1,0,0,0,0,0,0,0,1
Land for Sale - Rs 4 Crore 10 Lakh,Land,"Dibyeshwori  Madhyapur Thimi, Bhaktapur",41000000.0,0,0,0,0,0,1,0,0,0,0,0,0,0,1
Land for Sale - Rs 4 Crore 50 Lakh,Land,"Bhangal height  Budhanilkantha, Kathmandu",45000000.0,0,0,0,0,0,1,0,0,0,0,0,0,0,1
Land for Sale - Rs 45 Lakh Per Aana,Land,"Balkot  Madhyapur Thimi, Bhaktapur",22500000.0,0,0,0,0,0,1,0,0,0,0,0,0,0,1
Land for Sale - Rs 3 Crore 75 Lakh 15-16 lakhs per haath mohada,Land,"Nadipur  3 Pokhara Metropolis, Kaski",37500000.0,0,0,0,0,0,1,0,0,0,0,0,0,0,1
Land for Sale - Rs 2 Crore 68 Lakh,Land,"Imadol  Lalitpur Metropolis, Lalitpur",26800000.0,0,0,0,0,0,1,0,0,0,0,0,0,0,1
Land for Sale - Rs 3 Crore 85 Lakh,Land,"Baluwakhani  Budhanilkantha, Kathmandu",38500000.0,0,0,0,0,0,1,0,0,0,0,0,0,0,1
Land for Sale - Rs 38 Lakh Per Aana,Land,"Balkot 3 Madhyapur Thimi, Bhaktapur",16149972.242512785,0,0,0,0,0,1,0,0,0,0,0,0,0,1
Land for Sale - Rs 40 Lakh Per Aana,Land,"Setipakha  Lalitpur Metropolis, Lalitpur",21999941.563184805,0,0,0,0,0,1,0,0,0,0,0,0,0,1
Land for Sale - Rs 3 Crore 60 Lakh,Land,"Kausaltar  Madhyapur Thimi, Bhaktapur",36000000.0,0,0,0,0,0,1,0,0,0,0,0,0,0,1
Land for Sale - Rs 2 Crore 55 Lakh,Land,"Balkot  Suryabinayak, Bhaktapur",25500000.0,0,0,0,0,0,1,0,0,0,0,0,0,0,1
Land for Sale - Rs 2 Crore 50 Lakh,Land,"Imadol  Lalitpur Metropolis, Lalitpur",25000000.0,0,0,0,0,0,1,0,0,0,0,0,0,0,1
Land for Sale - Rs 53 Lakh Per Aana,Land,"Kirtipur  Kathmandu Metropolis, Kathmandu",27824961.285609934,0,0,0,0,0,1,0,0,0,0,0,0,0,1
Land for Sale - Rs 5 Crore 75 Lakh,Land,"tokha,laxmipur city height 3 Tokha, Kathmandu",57500000.0,0,0,0,0,0,1,0,0,0,0,0,0,0,1
Land for Sale - Rs 1 Crore 70 Lakh,Land,"Changathali  Lalitpur Metropolis, Lalitpur",17000000.0,0,0,0,0,0,1,0,0,0,0,0,0,0,1
Land for Sale - Rs 3 Crore 97 Lakh,Land,"Chunikhel  Budhanilkantha, Kathmandu",39700000.0,0,0,0,0,0,1,0,0,0,0,0,0,0,1
Land for Sale - Rs 46 Lakh Per Aana,Land,"Lubhu  Lalitpur Metropolis, Lalitpur",59800000.0,0,0,0,0,0,1,0,0,0,0,0,0,0,1
Land for Sale - Rs 41 Lakh Per Aana,Land,"Lubhu  Lalitpur Metropolis, Lalitpur",14350059.897735575,0,0,0,0,0,1,0,0,0,0,0,0,0,1
Land for Sale - Rs 3 Crore 65 Lakh,Land,"Lasuntar  Budhanilkantha, Kathmandu",36500000.0,0,0,0,0,0,1,0,0,0,0,0,0,0,1
Land for Sale - Rs 36 Lakh Per Aana,Land,"Lubhu  Lalitpur Metropolis, Lalitpur",12600052.593133677,0,0,0,0,0,1,0,0,0,0,0,0,0,1
Land for Sale - Rs 39 Lakh Per Aana,Land,"Lubhu  Lalitpur Metropolis, Lalitpur",19500000.0,0,0,0,0,0,1,0,0,0,0,0,0,0,1
Land for Sale - Rs 65 Lakh Per Aana,Land,"Imadol  Lalitpur Metropolis, Lalitpur",78000000.0,0,0,0,0,0,1,0,0,0,0,0,0,0,1
Land for Sale - Rs 2 Crore 80 Lakh,Land,"Dadhikot  Madhyapur Thimi, Bhaktapur",28000000.0,0,0,0,0,0,1,0,0,0,0,0,0,0,1
Land for Sale - Rs 3 Crore 20 Lakh,Land,"Thimi  Madhyapur Thimi, Bhaktapur",32000000.0,0,0,0,0,0,1,0,0,0,0,0,0,0,1
Land for Sale - Rs 41 Lakh Per Aana,Land,"Setipakha  Lalitpur Metropolis, Lalitpur",16400000.0,0,0,0,0,0,1,0,0,0,0,0,0,0,1
Land for Sale - Rs 4 Crore 60 Lakh,Land,"Imadol  Lalitpur Metropolis, Lalitpur",46000000.0,0,0,0,0,0,1,0,0,0,0,0,0,0,1
Land for Sale - Rs 45 Lakh Per Aana,Land,"Imadol  Lalitpur Metropolis, Lalitpur",31781241.78232286,0,0,0,0,0,1,0,0,0,0,0,0,0,1
Land for Sale - Rs 30 Lakh,Land,"bagmara 33 Pokhara Metropolis, Kaski",3000000.0,0,0,0,0,0,1,0,0,0,0,0,0,0,1
Land for Rent - Rs 75 Thousand Per Month,Land,"Bhaisepati  Lalitpur Metropolis, Lalitpur",75000.0,0,0,0,0,0,1,0,0,0,0,0,0,0,0
Land for Sale - Rs 4 Crore 50 Lakh 7500000,Land,"Balkhu  Kathmandu Metropolis, Kathmandu",45000000.0,0,0,0,0,0,1,0,0,0,0,0,0,0,1
Land for Sale - Rs 3 Crore 50 Lakh,Land,"Gtthaghar  Suryabinayak, Bhaktapur",35000000.0,0,0,0,0,0,1,0,0,0,0,0,0,0,1
Land for Sale - Rs 4 Crore,Land,"Hattigauda  Budhanilkantha, Kathmandu",40000000.0,0,0,0,0,0,1,0,0,0,0,0,0,0,1
Land for Sale - Rs 12 Crore,Land,"Budhanilkantha  Kathmandu Metropolis, Kathmandu",120000000.0,0,0,0,0,0,1,0,0,0,0,0,0,0,1
Land for Sale - Rs 4 Crore 60 Lakh,Land,"Imadol  Kathmandu Metropolis, Kathmandu",46000000.0,0,0,0,0,0,1,0,0,0,0,0,0,0,1
Land for Sale - Rs 72 Lakh Per Aana,Land,"Sunrise Chowk  Kathmandu Metropolis, Kathmandu",32399894.81373265,0,0,0,0,0,1,0,0,0,0,0,0,0,1
Land for Sale - Rs 38 Lakh Per Aana,Land,"Imadol tikathali  Lalitpur Metropolis, Lalitpur",12349972.242512785,0,0,0,0,0,1,0,0,0,0,0,0,0,1
Land for Sale - Rs 2 Crore 70 Lakh,Land,"Balkot  Madhyapur Thimi, Bhaktapur",27000000.0,0,0,0,0,0,1,0,0,0,0,0,0,0,1
Land for Sale - Rs 65 Lakh Per Aana,Land,"Pepsicola  Kathmandu Metropolis, Kathmandu",58500000.0,0,0,0,0,0,1,0,0,0,0,0,0,0,1
House for Sale - Rs 5 Crore 50 Lakh,House,"Mandikatar  10 Budhanilkantha, Kathmandu",55000000.0,0,0,0,0,1,0,0,0,0,0,0,0,0,1
Land for Sale - Rs 55 Lakh Per Aana,Land,"Kamerotar height  Suryabinayak, Bhaktapur",38500000.0,0,0,0,0,0,1,0,0,0,0,0,0,0,1
Land for Sale - Rs 32 Lakh Per Aana,Land,"Tikathali  Lalitpur Metropolis, Lalitpur",22400000.0,0,0,0,0,0,1,0,0,0,0,0,0,0,1
Land for Sale - Rs 2 Crore 50 Lakh,Land,"Balkot  Madhyapur Thimi, Bhaktapur",25000000.0,0,0,0,0,0,1,0,0,0,0,0,0,0,1
Land for Sale - Rs 47 Lakh Per Aana,Land,"Gothatar  Kathmandu Metropolis, Kathmandu",21149931.336742148,0,0,0,0,0,1,0,0,0,0,0,0,0,1
Land for Sale - Rs 3 Crore 50 Lakh Total Price35000000,Land,"Imadol  Lalitpur Metropolis, Lalitpur",35000000.0,0,0,0,0,0,1,0,0,0,0,0,0,0,1
Land for Sale - Rs 72 Lakh Per Aana,Land,"Pepsicola  Kathmandu Metropolis, Kathmandu",23399947.406866323,0,0,0,0,0,1,0,0,0,0,0,0,0,1
Land for Sale - Rs 55 Lakh Per Aana,Land,"Lubhu  Lalitpur Metropolis, Lalitpur",28874959.824689552,0,0,0,0,0,1,0,0,0,0,0,0,0,1
Land for Sale - Rs 3 Crore 90 Lakh,Land,"Bhaisepati  Lalitpur Metropolis, Lalitpur",39000000.0,0,0,0,0,0,1,0,0,0,0,0,0,0,1
Land for Sale - Rs 55 Lakh Per Aana,Land,"Pepsicola  Kathmandu Metropolis, Kathmandu",49500000.0,0,0,0,0,0,1,0,0,0,0,0,0,0,1
Land for Sale - Rs 5 Crore 80 Lakh,Land,"Bhaisepati  Lalitpur Metropolis, Lalitpur",58000000.0,0,0,0,0,0,1,0,0,0,0,0,0,0,1
Land for Sale - Rs 1 Crore 80 Lakh,Land,"Imadol  Lalitpur Metropolis, Lalitpur",18000000.0,0,0,0,0,0,1,0,0,0,0,0,0,0,1
Land for Sale - Rs 52 Lakh Per Aana,Land,"Kadaghari  Kathmandu Metropolis, Kathmandu",20800000.0,0,0,0,0,0,1,0,0,0,0,0,0,0,1
Land for Sale - Rs 3 Crore 20 Lakh,Land,"Imadol  Lalitpur Metropolis, Lalitpur",32000000.0,0,0,0,0,0,1,0,0,0,0,0,0,0,1
Land for Sale - Rs 3 Crore 25 Lakh,Land,"kitani 3 Godawari, Lalitpur",32500000.0,0,0,0,0,0,1,0,0,0,0,0,0,0,1
Land for Sale - Rs 3 Crore 75 Lakh,Land,"Dibyeshwori  Madhyapur Thimi, Bhaktapur",37500000.0,0,0,0,0,0,1,0,0,0,0,0,0,0,1
Land for Sale - Rs 26 Lakh Per Aana,Land,"Lamatar  Lalitpur Metropolis, Lalitpur",36400000.0,0,0,0,0,0,1,0,0,0,0,0,0,0,1
Land for Sale - Rs 35 Lakh Per Aana,Land,"Lubhu  Lalitpur Metropolis, Lalitpur",14000000.0,0,0,0,0,0,1,0,0,0,0,0,0,0,1
Land for Sale - Rs 4 Crore 35 Lakh,Land,"Bhaisepati  Lalitpur Metropolis, Lalitpur",43500000.0,0,0,0,0,0,1,0,0,0,0,0,0,0,1
Land for Sale - Rs 1 Crore 70 Lakh,Land,"Lubhu  Lalitpur Metropolis, Lalitpur",17000000.0,0,0,0,0,0,1,0,0,0,0,0,0,0,1
Land for Sale - Rs 9 Crore,Land,"Bhaisepati  Lalitpur Metropolis, Lalitpur",90000000.0,0,0,0,0,0,1,0,0,0,0,0,0,0,1
Land for Sale - Rs 5 Crore,Land,"Bhaisepati  Lalitpur Metropolis, Lalitpur",50000000.0,0,0,0,0,0,1,0,0,0,0,0,0,0,1
Land for Sale - Rs 75 Lakh Per Aana,Land,"Koteshwor  Kathmandu Metropolis, Kathmandu",30000000.0,0,0,0,0,0,1,0,0,0,0,0,0,0,1
Land for Sale - Rs 39 Lakh Per Aana,Land,"Imadol  Lalitpur Metropolis, Lalitpur",11700000.0,0,0,0,0,0,1,0,0,0,0,0,0,0,1
Land for Sale - Rs 4 Crore 30 Lakh,Land,"Bhaisepati  Lalitpur Metropolis, Lalitpur",43000000.0,0,0,0,0,0,1,0,0,0,0,0,0,0,1
Land for Sale - Rs 4 Crore 80 Lakh,Land,"Bhaisepati  Lalitpur Metropolis, Lalitpur",48000000.0,0,0,0,0,0,1,0,0,0,0,0,0,0,1
Land for Sale - Rs 3 Crore 15 Lakh,Land,"Imadol  Lalitpur Metropolis, Lalitpur",31500000.0,0,0,0,0,0,1,0,0,0,0,0,0,0,1
Land for Sale - Rs 39 Lakh Per Aana,Land,"Lubhu  Lalitpur Metropolis, Lalitpur",11700000.0,0,0,0,0,0,1,0,0,0,0,0,0,0,1
Land for Sale - Rs 3 Crore 60 Lakh,Land,"Imadol  Lalitpur Metropolis, Lalitpur",36000000.0,0,0,0,0,0,1,0,0,0,0,0,0,0,1
Land for Rent - Rs 65 Thousand Per Month,Land,"Sukedhara  Kathmandu Metropolis, Kathmandu",65000.0,0,0,0,0,0,1,0,0,0,0,0,0,0,0
Land for Sale - Rs 23 Lakh Per Aana,Land,"Lubhu 4 Mahalaxmi, Lalitpur",9487491.599707816,0,0,0,0,0,1,0,0,0,0,0,0,0,1
Land for Sale - Rs 45 Lakh Per Aana,Land,"Gothatar  Kathmandu Metropolis, Kathmandu",18000000.0,0,0,0,0,0,1,0,0,0,0,0,0,0,1
Land for Sale - Rs 65 Lakh Per Aana,Land,"Pepsicola  Kathmandu Metropolis, Kathmandu",26000000.0,0,0,0,0,0,1,0,0,0,0,0,0,0,1
Land for Sale - Rs 2 Crore 60 Lakh,Land,"Imadol  Lalitpur Metropolis, Lalitpur",26000000.0,0,0,0,0,0,1,0,0,0,0,0,0,0,1
Land for Sale - Rs 3 Crore,Land,"Chandol 4 Kathmandu Metropolis, Kathmandu",30000000.0,0,0,0,0,0,1,0,0,0,0,0,0,0,1
House for Sale - Rs 2 Crore 10 Lakh,House,"Mandikatar height  Budhanilkantha, Kathmandu",21000000.0,0,0,0,0,1,0,0,0,0,0,0,0,0,1
Land for Sale - Rs 2 Crore 80 Lakh 3500000,Land,"Kamalbinayak  Select Municipality, Bhaktapur",28000000.0,0,0,0,0,0,1,0,0,0,0,0,0,0,1
House for Sale - Rs 18 Lakh Perfect unit,House,"Tarkasy 5 Kathmandu Metropolis, Kathmandu",1800000.0,0,0,0,0,1,0,0,0,0,0,0,0,0,1
Land for Sale - Rs 7 Lakh 50 Thousand Per Aana,Land,"Sipadol  Suryabinayak, Bhaktapur",4500000.0,0,0,0,0,0,1,0,0,0,0,0,0,0,1
Land for Sale - Rs 35 Lakh Per Aana,Land,"Satungal  Chandragiri, Kathmandu",14000000.0,0,0,0,0,0,1,0,0,0,0,0,0,0,1
Land for Sale - Rs 2 Lakh 75 Thousand Per Dhur,Land,"alau 7 Birgunj, Parsa",2200000.0,0,0,0,0,0,1,0,0,0,0,0,0,0,1
Land for Sale - Rs 8 Lakh Per Aana,Land,"Nala-Sera 3 Banepa, Kavrepalanchowk",5600000.0,0,0,0,0,0,1,0,0,0,0,0,0,0,1
Land for Sale - Rs 2 Crore 50 Lakh,Land,"Radhe Radhe   Madhyapur Thimi, Bhaktapur",25000000.0,0,0,0,0,0,1,0,0,0,0,0,0,0,1
Land for Sale - Rs 2 Crore 99 Lakh,Land,"Pepsicola  Kathmandu Metropolis, Kathmandu",29900000.0,0,0,0,0,0,1,0,0,0,0,0,0,0,1
Land for Sale - Rs 75 Lakh Per Kathha,Land,"Nepalgunj 2 Nepalgunj, Banke",7500000.0,0,0,0,0,0,1,0,0,0,0,0,0,0,1
Land for Sale - Rs 3 Crore 50 Lakh,Land,"Kadaghari  Kathmandu Metropolis, Kathmandu",35000000.0,0,0,0,0,0,1,0,0,0,0,0,0,0,1
Land for Sale - Rs 2 Crore 90 Lakh,Land,"Balkot  Changunarayan, Bhaktapur",29000000.0,0,0,0,0,0,1,0,0,0,0,0,0,0,1
Land for Sale - Rs 35 Lakh Per Aana,Land,"Balkot  Changunarayan, Bhaktapur",10718743.60847334,0,0,0,0,0,1,0,0,0,0,0,0,0,1
Land for Sale - Rs 4 Crore 50 Lakh,Land,"Imadol  Lalitpur Metropolis, Lalitpur",45000000.0,0,0,0,0,0,1,0,0,0,0,0,0,0,1
Land for Sale - Rs 2 Crore 75 Lakh,Land,"Kausaltar  Madhyapur Thimi, Bhaktapur",27500000.0,0,0,0,0,0,1,0,0,0,0,0,0,0,1
Land for Sale - Rs 3 Crore,Land,"Pepsicola  Kathmandu Metropolis, Kathmandu",30000000.0,0,0,0,0,0,1,0,0,0,0,0,0,0,1
Land for Sale - Rs 2 Crore 95 Lakh,Land,"Imadol  Lalitpur Metropolis, Lalitpur",29500000.0,0,0,0,0,0,1,0,0,0,0,0,0,0,1
Land for Sale - Rs 3 Crore 35 Lakh,Land,"Balkot  Changunarayan, Bhaktapur",33500000.0,0,0,0,0,0,1,0,0,0,0,0,0,0,1
Land for Sale - Rs 3 Crore 10 Lakh,Land,"Imadol  Lalitpur Metropolis, Lalitpur",31000000.0,0,0,0,0,0,1,0,0,0,0,0,0,0,1
Land for Sale - Rs 75 Lakh Per Kattha,Land,"Nepalgunj Bake,   Nepalgunj, Banke",30000000.0,0,0,0,0,0,1,0,0,0,0,0,0,0,1
Land for Sale - Rs 65 Lakh Per Aana,Land,"Pepsicola  Kathmandu Metropolis, Kathmandu",32500000.0,0,0,0,0,0,1,0,0,0,0,0,0,0,1
Land for Sale - Rs 2 Crore 15 Lakh,Land,"Balkot  Madhyapur Thimi, Bhaktapur",21500000.0,0,0,0,0,0,1,0,0,0,0,0,0,0,1
Land for Sale - Rs 65 Lakh Per Aana,Land,"Pepsicola  Budhanilkantha, Kathmandu",36156143.170197226,0,0,0,0,0,1,0,0,0,0,0,0,0,1
Land for Sale - Rs 2 Crore 90 Lakh,Land,"Imadol  Kathmandu Metropolis, Kathmandu",29000000.0,0,0,0,0,0,1,0,0,0,0,0,0,0,1
Land for Sale - Rs 40 Lakh Per Aana,Land,"Gothatar  Budhanilkantha, Kathmandu",18999912.34477721,0,0,0,0,0,1,0,0,0,0,0,0,0,1
Land for Sale - Rs 42 Lakh Per Aana,Land,"Balkot  Suryabinayak, Bhaktapur",29400000.0,0,0,0,0,0,1,0,0,0,0,0,0,0,1
Land for Sale - Rs 3 Crore 15 Lakh,Land,"Sitapakha  Lalitpur Metropolis, Lalitpur",31500000.0,0,0,0,0,0,1,0,0,0,0,0,0,0,1
Land for Sale - Rs 3 Crore 25 Lakh,Land,"Imadol  Lalitpur Metropolis, Lalitpur",32500000.0,0,0,0,0,0,1,0,0,0,0,0,0,0,1
Land for Sale - Rs 3 Crore 35 Lakh,Land,"Imadol  Lalitpur Metropolis, Lalitpur",33500000.0,0,0,0,0,0,1,0,0,0,0,0,0,0,1
Land for Sale - Rs 22 Lakh Per Aana,Land,"Duwakot  Changunarayan, Bhaktapur",7149983.929875822,0,0,0,0,0,1,0,0,0,0,0,0,0,1
Land for Sale - Rs 3 Crore 75 Lakh,Land,"Budhanilkantha  Kathmandu Metropolis, Kathmandu",37500000.0,0,0,0,0,0,1,0,0,0,0,0,0,0,1
Land for Sale - Rs 4 Crore 20 Lakh,Land,"Pasikot  Budhanilkantha, Kathmandu",42000000.0,0,0,0,0,0,1,0,0,0,0,0,0,0,1
Land for Sale - Rs 4 Crore 30 Lakh,Land,"Dibeshwori  Changunarayan, Bhaktapur",43000000.0,0,0,0,0,0,1,0,0,0,0,0,0,0,1
Land for Sale - Rs 2 Crore 36 Lakh,Land,"Lubhu 8 Mahalaxmi, Lalitpur",23600000.0,0,0,0,0,0,1,0,0,0,0,0,0,0,1
Land for Sale - Rs 5 Crore 50 Lakh,Land,"Imadol  Lalitpur Metropolis, Lalitpur",55000000.0,0,0,0,0,0,1,0,0,0,0,0,0,0,1
Land for Sale - Rs 4 Crore 60 Lakh,Land,"Imadol  Mahalaxmi, Lalitpur",46000000.0,0,0,0,0,0,1,0,0,0,0,0,0,0,1
Land for Sale - Rs 39 Lakh Per Aana,Land,"Imadol  Lalitpur Metropolis, Lalitpur",11943742.87801315,0,0,0,0,0,1,0,0,0,0,0,0,0,1
Land for Sale - Rs 3 Crore 25 Lakh,Land,"Tikathali  Lalitpur Metropolis, Lalitpur",32500000.0,0,0,0,0,0,1,0,0,0,0,0,0,0,1
Land for Sale - Rs 2 Crore 35 Lakh,Land,"Tikathali  Lalitpur Metropolis, Lalitpur",23500000.0,0,0,0,0,0,1,0,0,0,0,0,0,0,1
Land for Sale - Rs 5 Crore 25 Lakh,Land,"Bhaisepati  Lalitpur Metropolis, Lalitpur",52500000.0,0,0,0,0,0,1,0,0,0,0,0,0,0,1
Land for Sale - Rs 3 Crore,Land,"Gothatar  Kageshwori Manohara, Kathmandu",30000000.0,0,0,0,0,0,1,0,0,0,0,0,0,0,1
Land for Sale - Rs 3 Crore 80 Lakh,Land,"Imadol  Lalitpur Metropolis, Lalitpur",38000000.0,0,0,0,0,0,1,0,0,0,0,0,0,0,1
Land for Sale - Rs 2 Crore 95 Lakh,Land,"Tikathali  Lalitpur Metropolis, Lalitpur",29500000.0,0,0,0,0,0,1,0,0,0,0,0,0,0,1
Land for Sale - Rs 40 Lakh Per Aana,Land,"Balkot  Changunarayan, Bhaktapur",17999941.563184805,0,0,0,0,0,1,0,0,0,0,0,0,0,1
Land for Sale - Rs 37 Lakh Per Aana,Land,"Sirutar  Changunarayan, Bhaktapur",16649945.945945945,0,0,0,0,0,1,0,0,0,0,0,0,0,1
Land for Sale - Rs 1 Crore 80 Lakh,Land,"Tathali  Suryabinayak, Bhaktapur",18000000.0,0,0,0,0,0,1,0,0,0,0,0,0,0,1
Land for Sale - Rs 55 Lakh Per Aana,Land,"Pepsicola  Kathmandu Metropolis, Kathmandu",24749919.649379108,0,0,0,0,0,1,0,0,0,0,0,0,0,1
Land for Sale - Rs 52 Lakh Per Aana,Land,"Pepsicola  Kathmandu Metropolis, Kathmandu",28600075.967859752,0,0,0,0,0,1,0,0,0,0,0,0,0,1
Land for Sale - Rs 58 Lakh Per Aana,Land,"Pepsicola  Kathmandu Metropolis, Kathmandu",26099915.26661797,0,0,0,0,0,1,0,0,0,0,0,0,0,1
Land for Sale - Rs 5 Lakh 50 Thousand Per Aana,Land,"Taraybhiar  Kathmandu Metropolis, Kathmandu",2200000.0,0,0,0,0,0,1,0,0,0,0,0,0,0,1
Land for Sale - Rs 50 Lakh Per Aana,Land,"Imadol  Lalitpur Metropolis, Lalitpur",17500073.046018995,0,0,0,0,0,1,0,0,0,0,0,0,0,1
Land for Sale - Rs 3 Crore 80 Lakh,Land,"Budhanilkatha  Kathmandu Metropolis, Kathmandu",38000000.0,0,0,0,0,0,1,0,0,0,0,0,0,0,1
Land for Sale - Rs 24 Crore,Land,"Budhanilkantha  Kathmandu Metropolis, Kathmandu",240000000.0,0,0,0,0,0,1,0,0,0,0,0,0,0,1
Land for Rent - Rs 55 Thousand,Land,"128 Aditi Marg, Subidha Nagar 34 Kathmandu Metropolis, Kathmandu",55000.0,0,0,0,0,0,1,0,0,0,0,0,0,0,0
Land for Sale - Rs 3 Crore 65 Lakh,Land,"Budhanilkantha  Kathmandu Metropolis, Kathmandu",36500000.0,0,0,0,0,0,1,0,0,0,0,0,0,0,1
Land for Sale - Rs 3 Crore 85 Lakh,Land,"Budhanilkantha  Kathmandu Metropolis, Kathmandu",38500000.0,0,0,0,0,0,1,0,0,0,0,0,0,0,1
Land for Sale - Rs 40 Lakh Per Aana,Land,"Gothatar  Kathmandu Metropolis, Kathmandu",18999912.34477721,0,0,0,0,0,1,0,0,0,0,0,0,0,1
Land for Sale - Rs 40 Lakh Per Aana,Land,"Gothatar  Kathmandu Metropolis, Kathmandu",16000000.0,0,0,0,0,0,1,0,0,0,0,0,0,0,1
Land for Sale - Rs 2 Crore 40 Lakh,Land,"imadol  Lalitpur Metropolis, Lalitpur",24000000.0,0,0,0,0,0,1,0,0,0,0,0,0,0,1
Land for Sale - Rs 4 Crore 25 Lakh,Land,"Budhanilkantha  Kathmandu Metropolis, Kathmandu",42500000.0,0,0,0,0,0,1,0,0,0,0,0,0,0,1
Land for Sale - Rs 3 Crore 50 Lakh,Land,"Narayantar, Jorpati 15 Gokarneshwor, Kathmandu",35000000.0,0,0,0,0,0,1,0,0,0,0,0,0,0,1
Land for Sale - Rs 2 Crore 35 Lakh,Land,"Sitapakha   Lalitpur Metropolis, Lalitpur",23500000.0,0,0,0,0,0,1,0,0,0,0,0,0,0,1
Land for Sale - Rs 3 Crore,Land,"Balkot  Madhyapur Thimi, Bhaktapur",30000000.0,0,0,0,0,0,1,0,0,0,0,0,0,0,1
Land for Sale - Rs 35 Lakh Per Aana,Land,"Sirutar  Madhyapur Thimi, Bhaktapur",14000000.0,0,0,0,0,0,1,0,0,0,0,0,0,0,1
Land for Sale - Rs 55 Lakh Per Aana,Land,"Kamerotar height  Suryabinayak, Bhaktapur",55000000.0,0,0,0,0,0,1,0,0,0,0,0,0,0,1
Land for Sale - Rs 25 Lakh Per Aana,Land,"Sirutar  Suryabinayak, Bhaktapur",11249963.476990502,0,0,0,0,0,1,0,0,0,0,0,0,0,1
Land for Sale - Rs 28 Lakh Per Aana,Land,"Lamatar  Lalitpur Metropolis, Lalitpur",11200000.0,0,0,0,0,0,1,0,0,0,0,0,0,0,1
Land for Sale - Rs 4 Crore 15 Lakh,Land,"Baneshwor  Kathmandu Metropolis, Kathmandu",41500000.0,0,0,0,0,0,1,0,0,0,0,0,0,0,1
Land for Sale - Rs 4 Crore 50 Lakh,Land,"Baneshwor  Kathmandu Metropolis, Kathmandu",45000000.0,0,0,0,0,0,1,0,0,0,0,0,0,0,1
Land for Sale - Rs 52 Lakh Per Aana,Land,"Gothatar  Kathmandu Metropolis, Kathmandu",19499886.04821037,0,0,0,0,0,1,0,0,0,0,0,0,0,1
Land for Sale - Rs 3 Crore 85 Lakh,Land,"Pasikot  Budhanilkantha, Kathmandu",38500000.0,0,0,0,0,0,1,0,0,0,0,0,0,0,1
Land for Sale - Rs 2 Crore 95 Lakh,Land,"Gothatar  Kathmandu Metropolis, Kathmandu",29500000.0,0,0,0,0,0,1,0,0,0,0,0,0,0,1
Land for Sale - Rs 47 Lakh Per Aana,Land,"Gothatar  Kathmandu Metropolis, Kathmandu",18800000.0,0,0,0,0,0,1,0,0,0,0,0,0,0,1
Land for Sale - Rs 3 Crore 30 Lakh,Land,"Dhunchepakha  Madhyapur Thimi, Bhaktapur",33000000.0,0,0,0,0,0,1,0,0,0,0,0,0,0,1
Land for Sale - Rs 3 Crore 10 Lakh,Land,"Chardobato  Madhyapur Thimi, Bhaktapur",31000000.0,0,0,0,0,0,1,0,0,0,0,0,0,0,1
Land for Sale - Rs 75 Lakh Per Aana,Land,"Bhaisepati  Lalitpur Metropolis, Lalitpur",82500000.0,0,0,0,0,0,1,0,0,0,0,0,0,0,1
Land for Sale - Rs 4 Crore 45 Lakh,Land,"Chunikhel  Budhanilkantha, Kathmandu",44500000.0,0,0,0,0,0,1,0,0,0,0,0,0,0,1
Land for Sale - Rs 46 Lakh Per Aana,Land,"Imadol  Lalitpur Metropolis, Lalitpur",14949966.398831263,0,0,0,0,0,1,0,0,0,0,0,0,0,1
Land for Sale - Rs 35 Lakh Per Aana,Land,"Daanchhi 3 Kageshwori Manohara, Kathmandu",52500000.0,0,0,0,0,0,1,0,0,0,0,0,0,0,1
Land for Sale - Rs 2 Crore 10 Lakh,Land,"Balkot  Madhyapur Thimi, Bhaktapur",21000000.0,0,0,0,0,0,1,0,0,0,0,0,0,0,1
Land for Sale - Rs 2 Crore 70 Lakh,Land,"Dadhikot  Madhyapur Thimi, Bhaktapur",27000000.0,0,0,0,0,0,1,0,0,0,0,0,0,0,1
Land for Sale - Rs 65 Lakh Per Aana,Land,"Dibyashwori planning  Madhyapur Thimi, Bhaktapur",22749905.040175308,0,0,0,0,0,1,0,0,0,0,0,0,0,1
Land for Sale - Rs 3 Crore 30 Lakh,Land,"Gatthaghar  Madhyapur Thimi, Bhaktapur",33000000.0,0,0,0,0,0,1,0,0,0,0,0,0,0,1
Land for Sale - Rs 3 Crore 60 Lakh,Land,"Gathaghar  Madhyapur Thimi, Bhaktapur",36000000.0,0,0,0,0,0,1,0,0,0,0,0,0,0,1
Land for Sale - Rs 47 Lakh Per Aana,Land,"Gothatar  Kathmandu Metropolis, Kathmandu",19093741.41709277,0,0,0,0,0,1,0,0,0,0,0,0,0,1
Land for Sale - Rs 3 Crore 70 Lakh,Land,"Balkot  Madhyapur Thimi, Bhaktapur",37000000.0,0,0,0,0,0,1,0,0,0,0,0,0,0,1
Land for Sale - Rs 48 Lakh Per Aana,Land,"Imadol  Lalitpur Metropolis, Lalitpur",16800070.124178234,0,0,0,0,0,1,0,0,0,0,0,0,0,1
Land for Sale - Rs 2 Crore 50 Lakh 7lakh,Land,"Near rani payuwa bazar 4 Kakani, Nuwakot",25000000.0,0,0,0,0,0,1,0,0,0,0,0,0,0,1
Land for Sale - Rs 3 Crore 25 Lakh,Land,"sanothimi  Madhyapur Thimi, Bhaktapur",32500000.0,0,0,0,0,0,1,0,0,0,0,0,0,0,1
Land for Sale - Rs 12 Lakh Per Aana,Land,"Taukhel  Godawari, Lalitpur",4800000.0,0,0,0,0,0,1,0,0,0,0,0,0,0,1
Land for Sale - Rs 5 Crore 30 Lakh,Land,"Chapali  Budhanilkantha, Kathmandu",53000000.0,0,0,0,0,0,1,0,0,0,0,0,0,0,1
Land for Sale - Rs 4 Crore 35 Lakh,Land,"Chunikhel  Budhanilkantha, Kathmandu",43500000.0,0,0,0,0,0,1,0,0,0,0,0,0,0,1
Land for Sale - Rs 7 Crore 75 Lakh,Land,"Italitar  Budhanilkantha, Kathmandu",77500000.0,0,0,0,0,0,1,0,0,0,0,0,0,0,1
Land for Sale - Rs 3 Crore 25 Lakh,Land,"Chunikhel  Budhanilkantha, Kathmandu",32500000.0,0,0,0,0,0,1,0,0,0,0,0,0,0,1
Land for Sale - Rs 3 Crore 15 Lakh,Land,"Budhanilkantha  Kathmandu Metropolis, Kathmandu",31500000.0,0,0,0,0,0,1,0,0,0,0,0,0,0,1
Land for Sale - Rs 60 Lakh Per Aana,Land,"Tikathali  Lalitpur Metropolis, Lalitpur",48000000.0,0,0,0,0,0,1,0,0,0,0,0,0,0,1
Land for Sale - Rs 38 Lakh Per Aana,Land,"Imadol  Lalitpur Metropolis, Lalitpur",20900055.51497443,0,0,0,0,0,1,0,0,0,0,0,0,0,1
Land for Sale - Rs 45 Lakh Per Aana,Land,"Gothatar  Kathmandu Metropolis, Kathmandu",22500000.0,0,0,0,0,0,1,0,0,0,0,0,0,0,1
Land for Sale - Rs 4 Crore 75 Lakh,Land,"Budhanilkantha  Kathmandu Metropolis, Kathmandu",47500000.0,0,0,0,0,0,1,0,0,0,0,0,0,0,1
Land for Sale - Rs 4 Crore 75 Lakh,Land,"Mahankal  Budhanilkantha, Kathmandu",47500000.0,0,0,0,0,0,1,0,0,0,0,0,0,0,1
Land for Rent - Rs 50 Thousand Per Month,Land,"Hattiban  Lalitpur Metropolis, Lalitpur",50000.0,0,0,0,0,0,1,0,0,0,0,0,0,0,0
Land for Sale - Rs 4 Crore 50 Lakh,Land,"Chunikhel  Budhanilkantha, Kathmandu",45000000.0,0,0,0,0,0,1,0,0,0,0,0,0,0,1
Land for Sale - Rs 2 Crore 80 Lakh,Land,"Chunikhel  Kathmandu Metropolis, Kathmandu",28000000.0,0,0,0,0,0,1,0,0,0,0,0,0,0,1
Land for Sale - Rs 5 Crore 25 Lakh,Land,"Buddhanilkantha  Budhanilkantha, Kathmandu",52500000.0,0,0,0,0,0,1,0,0,0,0,0,0,0,1
Land for Sale - Rs 1 Crore 10 Lakh 3000000,Land,"Durga Temple 4 Tanahun 4 Vyas, Tanahun",11000000.0,0,0,0,0,0,1,0,0,0,0,0,0,0,1
Land for Sale - Rs 6 Crore,Land,"Chabahil  Kathmandu Metropolis, Kathmandu",60000000.0,0,0,0,0,0,1,0,0,0,0,0,0,0,1
Land for Sale - Rs 53 Lakh Per Aana,Land,"kuleshwor  Kathmandu Metropolis, Kathmandu",68900000.0,0,0,0,0,0,1,0,0,0,0,0,0,0,1
Land for Sale - Rs 60 Lakh Per Aana,Land,"Pepsicola  Kathmandu Metropolis, Kathmandu",14999912.34477721,0,0,0,0,0,1,0,0,0,0,0,0,0,1
Land for Sale - Rs 70 Lakh Per Aana,Land,"Pepsicola  Kathmandu Metropolis, Kathmandu",24500102.264426593,0,0,0,0,0,1,0,0,0,0,0,0,0,1
Land for Sale - Rs 58 Lakh Per Aana,Land,"Pepsicola  Kathmandu Metropolis, Kathmandu",17400000.0,0,0,0,0,0,1,0,0,0,0,0,0,0,1
Land for Sale - Rs 25 Lakh Per Aana,Land,"Kirtipur 4 Kirtipur, Kathmandu",7500000.0,0,0,0,0,0,1,0,0,0,0,0,0,0,1
Land for Sale - Rs 3 Crore 72 Lakh,Land,"Tachal, Chauni, Syambhu  Kathmandu Metropolis, Kathmandu",37200000.0,0,0,0,0,0,1,0,0,0,0,0,0,0,1
Land for Sale - Rs 7 Crore 50 Lakh,Land,"Tachal, Kathmandu  Kathmandu Metropolis, Kathmandu",75000000.0,0,0,0,0,0,1,0,0,0,0,0,0,0,1
Land for Sale - Rs 4 Crore,Land,"taiba  Lalitpur Metropolis, Lalitpur",40000000.0,0,0,0,0,0,1,0,0,0,0,0,0,0,1
Land for Sale - Rs 55 Lakh Per Aana,Land,"ochu Height near sikhar School  Lalitpur Metropolis, Lalitpur",33000000.0,0,0,0,0,0,1,0,0,0,0,0,0,0,1
Land for Sale - Rs 3 Crore 75 Lakh,Land,"ochu Height  Lalitpur Metropolis, Lalitpur",37500000.0,0,0,0,0,0,1,0,0,0,0,0,0,0,1
Land for Sale - Rs 29 Lakh 50 Thousand Per Aana,Land,"Nangkhel 9 Suryabinayak, Bhaktapur",14750000.0,0,0,0,0,0,1,0,0,0,0,0,0,0,1
Land for Sale - Rs 2 Crore 40 Lakh,Land,"Balkot  Madhyapur Thimi, Bhaktapur",24000000.0,0,0,0,0,0,1,0,0,0,0,0,0,0,1
Land for Sale - Rs 3 Crore 10 Lakh,Land,"Ghathaghar  Suryabinayak, Bhaktapur",31000000.0,0,0,0,0,0,1,0,0,0,0,0,0,0,1
Land for Sale - Rs 1 Crore 35 Lakh,Land,"Bhaktapur chahunarayan 2 chahunarayan 2  Changunarayan, Bhaktapur",13500000.0,0,0,0,0,0,1,0,0,0,0,0,0,0,1
Land for Sale - Rs 30 Lakh 5.33,Land,"Bhalwari  03 Tilottama, Rupandehi",3000000.0,0,0,0,0,0,1,0,0,0,0,0,0,0,1
Land for Sale - Rs 17 Lakh Per Aana,Land,"Badikhel  Godawari, Lalitpur",6800000.0,0,0,0,0,0,1,0,0,0,0,0,0,0,1
Land for Sale - Rs 35 Lakh Per Aana,Land,"Badbhanjyang Dahachowk 1 Chandragiri, Kathmandu",35000000.0,0,0,0,0,0,1,0,0,0,0,0,0,0,1
Land for Sale - Rs 2 Crore 15 Lakh,Land,"Balkot  Suryabinayak, Bhaktapur",21500000.0,0,0,0,0,0,1,0,0,0,0,0,0,0,1
Land for Sale - Rs 41 Lakh Per Aana,Land,"Imadol  Lalitpur Metropolis, Lalitpur",14350059.897735575,0,0,0,0,0,1,0,0,0,0,0,0,0,1
Land for Sale - Rs 3 Crore 15 Lakh,Land,"Chunikhel  Budhanilkantha, Kathmandu",31500000.0,0,0,0,0,0,1,0,0,0,0,0,0,0,1
Land for Sale - Rs 3 Crore 65 Lakh,Land,"Bhangal  Budhanilkantha, Kathmandu",36500000.0,0,0,0,0,0,1,0,0,0,0,0,0,0,1
Land for Sale - Rs 3 Crore 50 Lakh 5,Land,"Sitapaila 5 Nagarjun, Kathmandu",35000000.0,0,0,0,0,0,1,0,0,0,0,0,0,0,1
Land for Sale - Rs 80 Lakh Per Aana,Land,"Sanagaun 4 Mahalaxmi, Lalitpur",80000000.0,0,0,0,0,0,1,0,0,0,0,0,0,0,1
Land for Sale - Rs 2 Crore 50 Lakh Per Aana,Land,"Gathaghar  Madhyapur Thimi, Bhaktapur",75000000.0,0,0,0,0,0,1,0,0,0,0,0,0,0,1
Land for Sale - Rs 2 Crore 50 Lakh,Land,"Gathaghar  Madhyapur Thimi, Bhaktapur",25000000.0,0,0,0,0,0,1,0,0,0,0,0,0,0,1
Land for Sale - Rs 48 Lakh Per Aana,Land,"Bhaisepati  Lalitpur Metropolis, Lalitpur",19200000.0,0,0,0,0,0,1,0,0,0,0,0,0,0,1
Land for Sale - Rs 3 Crore 95 Lakh,Land,"Budhanilkantha  Kathmandu Metropolis, Kathmandu",39500000.0,0,0,0,0,0,1,0,0,0,0,0,0,0,1
Land for Sale - Rs 2 Crore 95 Lakh,Land,"Budhanilkantha  Kathmandu Metropolis, Kathmandu",29500000.0,0,0,0,0,0,1,0,0,0,0,0,0,0,1
Land for Sale - Rs 48 Lakh Per Aana,Land,"Bhaisepati  Lalitpur Metropolis, Lalitpur",33600000.0,0,0,0,0,0,1,0,0,0,0,0,0,0,1
Land for Sale - Rs 3 Crore 85 Lakh,Land,"Hattigauda  Budhanilkantha, Kathmandu",38500000.0,0,0,0,0,0,1,0,0,0,0,0,0,0,1
Land for Sale - Rs 3 Crore 50 Lakh,Land,"Budhanilkantha  Kathmandu Metropolis, Kathmandu",35000000.0,0,0,0,0,0,1,0,0,0,0,0,0,0,1
Land for Sale - Rs 1 Crore 2500000,Land,"Gokarna 3 Gokarneshwor, Kathmandu",10000000.0,0,0,0,0,0,1,0,0,0,0,0,0,0,1
Land for Sale - Rs 4 Crore,Land,"Harisiddhi  Mahalaxmi, Lalitpur",40000000.0,0,0,0,0,0,1,0,0,0,0,0,0,0,1
Land for Sale - Rs 3 Crore 85 Lakh,Land,"Bhangal  Budhanilkantha, Kathmandu",38500000.0,0,0,0,0,0,1,0,0,0,0,0,0,0,1
Land for Sale - Rs 3 Crore 65 Lakh,Land,"Bhangal height  Budhanilkantha, Kathmandu",36500000.0,0,0,0,0,0,1,0,0,0,0,0,0,0,1
Land for Sale - Rs 38 Lakh Per Aana,Land,"Harisidhhi  Lalitpur Metropolis, Lalitpur",16624958.363769174,0,0,0,0,0,1,0,0,0,0,0,0,0,1
Land for Sale - Rs 20 Lakh Per Aana,Land,"Chungunarayan  Suryabinayak, Bhaktapur",6499985.390796201,0,0,0,0,0,1,0,0,0,0,0,0,0,1
Land for Sale - Rs 3 Crore 90 Lakh,Land,"Imadol  Lalitpur Metropolis, Lalitpur",39000000.0,0,0,0,0,0,1,0,0,0,0,0,0,0,1
Land for Sale - Rs 44 Lakh Per Aana,Land,"Imadol  Lalitpur Metropolis, Lalitpur",17600000.0,0,0,0,0,0,1,0,0,0,0,0,0,0,1
Land for Sale - Rs 1 Crore 40 Lakh,Land,"Kavresthali 2 Tarakeshor, Kathmandu",14000000.0,0,0,0,0,0,1,0,0,0,0,0,0,0,1
Land for Sale - Rs 3 Crore 80 Lakh,Land,"Imadol  Mahalaxmi, Lalitpur",38000000.0,0,0,0,0,0,1,0,0,0,0,0,0,0,1
Land for Sale - Rs 35 Lakh Per Aana,Land,"Lubhu  Mahalaxmi, Lalitpur",26249948.867786705,0,0,0,0,0,1,0,0,0,0,0,0,0,1
Land for Sale - Rs 8 Crore 75 Lakh,Land,"Hattigauda  Budhanilkantha, Kathmandu",87500000.0,0,0,0,0,0,1,0,0,0,0,0,0,0,1
Land for Sale - Rs 30 Lakh Per Aana,Land,"Lubhu  Mahalaxmi, Lalitpur",13499956.172388604,0,0,0,0,0,1,0,0,0,0,0,0,0,1
Land for Sale - Rs 52 Lakh Per Aana,Land,"Imadol  Lalitpur Metropolis, Lalitpur",41600000.0,0,0,0,0,0,1,0,0,0,0,0,0,0,1
Land for Sale - Rs 47 Lakh Per Aana,Land,"Bhaisepati  Lalitpur Metropolis, Lalitpur",23500000.0,0,0,0,0,0,1,0,0,0,0,0,0,0,1
Land for Sale - Rs 4 Crore 60 Lakh,Land,"Bhaisepati  Lalitpur Metropolis, Lalitpur",46000000.0,0,0,0,0,0,1,0,0,0,0,0,0,0,1
Land for Sale - Rs 22 Lakh Per Aana,Land,"Duwakot  Madhyapur Thimi, Bhaktapur",8800000.0,0,0,0,0,0,1,0,0,0,0,0,0,0,1
Land for Sale - Rs 37 Lakh Per Aana,Land,"Imadol  Lalitpur Metropolis, Lalitpur",15724972.972972972,0,0,0,0,0,1,0,0,0,0,0,0,0,1
Land for Sale - Rs 3 Crore 85 Lakh,Land,"Imadol  Lalitpur Metropolis, Lalitpur",38500000.0,0,0,0,0,0,1,0,0,0,0,0,0,0,1
Land for Sale - Rs 39 Lakh Per Aana,Land,"Imadol  Mahalaxmi, Lalitpur",21693685.902118336,0,0,0,0,0,1,0,0,0,0,0,0,0,1
Land for Sale - Rs 3 Crore 60 Lakh,Land,"Sanagaun  Lalitpur Metropolis, Lalitpur",36000000.0,0,0,0,0,0,1,0,0,0,0,0,0,0,1
Land for Sale - Rs 1 Crore 75 Lakh,Land,"Imadol  Mahalaxmi, Lalitpur",17500000.0,0,0,0,0,0,1,0,0,0,0,0,0,0,1
Land for Sale - Rs 35 Lakh Per Aana,Land,"Lubhu  Mahalaxmi, Lalitpur",11374974.433893353,0,0,0,0,0,1,0,0,0,0,0,0,0,1
Land for Sale - Rs 4 Crore 75 Lakh,Land,"Imadol  Lalitpur Metropolis, Lalitpur",47500000.0,0,0,0,0,0,1,0,0,0,0,0,0,0,1
Land for Sale - Rs 36 Lakh Per Aana,Land,"Lubhu  Lalitpur Metropolis, Lalitpur",11249986.851716582,0,0,0,0,0,1,0,0,0,0,0,0,0,1
Land for Sale - Rs 53 Lakh Per Aana,Land,"Radhe Radhe  Madhyapur Thimi, Bhaktapur",29150077.428780135,0,0,0,0,0,1,0,0,0,0,0,0,0,1
Land for Sale - Rs 75 Lakh 10 dhur,Land,"gaumukhi colony  12 Siddharthanagar, Rupandehi",7500000.0,0,0,0,0,0,1,0,0,0,0,0,0,0,1
Land for Sale - Rs 53 Lakh Per Aana,Land,"Radhe Radhe  Madhyapur Thimi, Bhaktapur",22524961.285609934,0,0,0,0,0,1,0,0,0,0,0,0,0,1
Land for Sale - Rs 57 Lakh Per Aana,Land,"Radhe Radhe  Madhyapur Thimi, Bhaktapur",28500000.0,0,0,0,0,0,1,0,0,0,0,0,0,0,1
Land for Sale - Rs 3 Crore,Land,"Bhaisepati  Lalitpur Metropolis, Lalitpur",30000000.0,0,0,0,0,0,1,0,0,0,0,0,0,0,1
Land for Sale - Rs 48 Lakh Per Aana,Land,"Imadol  Lalitpur Metropolis, Lalitpur",14400000.0,0,0,0,0,0,1,0,0,0,0,0,0,0,1
Land for Sale - Rs 58 Lakh Per Aana,Land,"Bhaisepati  Lalitpur Metropolis, Lalitpur",23200000.0,0,0,0,0,0,1,0,0,0,0,0,0,0,1
Land for Sale - Rs 5 Crore 50 Lakh,Land,"Bhaisepati  Lalitpur Metropolis, Lalitpur",55000000.0,0,0,0,0,0,1,0,0,0,0,0,0,0,1
Land for Sale - Rs 2 Crore 55 Lakh,Land,"Imadol  Lalitpur Metropolis, Lalitpur",25500000.0,0,0,0,0,0,1,0,0,0,0,0,0,0,1
Land for Sale - Rs 3 Crore 75 Lakh,Land,"Imadol  Mahalaxmi, Lalitpur",37500000.0,0,0,0,0,0,1,0,0,0,0,0,0,0,1
Land for Sale - Rs 40 Lakh Per Aana,Land,"Gothatar  Kathmandu metropolitan, Kathmandu",12499985.3907962,0,0,0,0,0,1,0,0,0,0,0,0,0,1
Land for Sale - Rs 15 Crore,Land,"Satdobato  Lalitpur Metropolis, Lalitpur",150000000.0,0,0,0,0,0,1,0,0,0,0,0,0,0,1
Land for Sale - Rs 45 Lakh Per Aana,Land,"Imadol  Lalitpur Metropolis, Lalitpur",31500000.0,0,0,0,0,0,1,0,0,0,0,0,0,0,1
Land for Sale - Rs 55 Lakh Per Aana,Land,"Imadol  Lalitpur Metropolis, Lalitpur",21312359.38641344,0,0,0,0,0,1,0,0,0,0,0,0,0,1
Land for Sale - Rs 2 Crore 40 Lakh,Land,"Chunikhel  Budhanilkantha, Kathmandu",24000000.0,0,0,0,0,0,1,0,0,0,0,0,0,0,1
Land for Sale - Rs 58 Lakh Per Aana,Land,"Bhaisepati  Lalitpur Metropolis, Lalitpur",63800000.0,0,0,0,0,0,1,0,0,0,0,0,0,0,1
Land for Sale - Rs 32 Lakh Per Aana,Land,"Lubhu  Lalitpur Metropolis, Lalitpur",9600000.0,0,0,0,0,0,1,0,0,0,0,0,0,0,1
Land for Sale - Rs 35 Lakh Per Aana,Land,"Lubhu  Lalitpur Metropolis, Lalitpur",11374974.433893353,0,0,0,0,0,1,0,0,0,0,0,0,0,1
Land for Sale - Rs 22 Lakh Per Aana,Land,"Maitinepal  Gokarneshwor, Kathmandu",10862439.737034332,0,0,0,0,0,1,0,0,0,0,0,0,0,1
Land for Sale - Rs 2 Crore 25 Lakh,Land,"Imadol  Lalitpur Metropolis, Lalitpur",22500000.0,0,0,0,0,0,1,0,0,0,0,0,0,0,1
Land for Sale - Rs 56 Lakh Per Aana,Land,"Kamerotar  Madhyapur Thimi, Bhaktapur",27649846.603360116,0,0,0,0,0,1,0,0,0,0,0,0,0,1
Land for Sale - Rs 4 Crore,Land,"Balkumari  Lalitpur Metropolis, Lalitpur",40000000.0,0,0,0,0,0,1,0,0,0,0,0,0,0,1
Land for Sale - Rs 52 Lakh Per Aana,Land,"Kamerotar  Madhyapur Thimi, Bhaktapur",41600000.0,0,0,0,0,0,1,0,0,0,0,0,0,0,1
Land for Sale - Rs 3 Crore 20 Lakh,Land,"Tikathali  Lalitpur Metropolis, Lalitpur",32000000.0,0,0,0,0,0,1,0,0,0,0,0,0,0,1
Land for Sale - Rs 24 Lakh,Land,"Ranitar 5 Vyas, Tanahun",2400000.0,0,0,0,0,0,1,0,0,0,0,0,0,0,1
Land for Sale - Rs 15 Lakh 25 Thousand Per Aana,Land,"Ramkot 5 Nagarjun, Kathmandu",45750000.0,0,0,0,0,0,1,0,0,0,0,0,0,0,1
Land for Sale - Rs 58 Lakh Per Aana,Land,"Radhe radhe  Madhyapur Thimi, Bhaktapur",18849957.633308984,0,0,0,0,0,1,0,0,0,0,0,0,0,1
Land for Sale - Rs 25 Lakh Per Aana,Land,"Itagol  6 Kirtipur, Kathmandu",52500000.0,0,0,0,0,0,1,0,0,0,0,0,0,0,1
Land for Sale - Rs 2 Crore 75 Lakh,Land,"Imadol  Mahalaxmi, Lalitpur",27500000.0,0,0,0,0,0,1,0,0,0,0,0,0,0,1
Land for Sale - Rs 1 Crore 70 Lakh,Land,"Imadol  Lalitpur Metropolis, Lalitpur",17000000.0,0,0,0,0,0,1,0,0,0,0,0,0,0,1
Land for Sale - Rs 45 Lakh Per Aana,Land,"Imadol  Lalitpur Metropolis, Lalitpur",20812417.823228635,0,0,0,0,0,1,0,0,0,0,0,0,0,1
Land for Sale - Rs 5 Crore 75 Lakh,Land,"Imadol  Lalitpur Metropolis, Lalitpur",57500000.0,0,0,0,0,0,1,0,0,0,0,0,0,0,1
Land for Sale - Rs 58 Lakh Per Aana,Land,"Bhaisepati  Lalitpur Metropolis, Lalitpur",31900084.73338203,0,0,0,0,0,1,0,0,0,0,0,0,0,1
Land for Sale - Rs 34 Lakh Per Aana,Land,"Lubhu  Lalitpur Metropolis, Lalitpur",11049975.164353542,0,0,0,0,0,1,0,0,0,0,0,0,0,1
Land for Sale - Rs 65 Lakh Per Aana,Land,"DHAPASI HEIGHT 5 Tokha, Kathmandu",22750094.959824692,0,0,0,0,0,1,0,0,0,0,0,0,0,1
Land for Sale - Rs 3 Crore 25 Lakh,Land,"Imadol  Mahalaxmi, Lalitpur",32500000.0,0,0,0,0,0,1,0,0,0,0,0,0,0,1
Land for Sale - Rs 4 Crore 99 Lakh,Land,"Imadol  Lalitpur Metropolis, Lalitpur",49900000.0,0,0,0,0,0,1,0,0,0,0,0,0,0,1
Land for Sale - Rs 15 Lakh Per Aana,Land,"White gumba  Nagarjun, Kathmandu",45000000.0,0,0,0,0,0,1,0,0,0,0,0,0,0,1
Land for Sale - Rs 2 Crore 60 Lakh,Land,"Toka 06 Budhanilkantha, Kathmandu",26000000.0,0,0,0,0,0,1,0,0,0,0,0,0,0,1
Land for Sale - Rs 55 Lakh Per Aana,Land,"Bhaisepati  Lalitpur Metropolis, Lalitpur",44000000.0,0,0,0,0,0,1,0,0,0,0,0,0,0,1
Land for Sale - Rs 3 Crore 40 Lakh,Land,"Imadol  Lalitpur Metropolis, Lalitpur",34000000.0,0,0,0,0,0,1,0,0,0,0,0,0,0,1
Land for Sale - Rs 3 Crore 65 Lakh,Land,"Imadol  Lalitpur Metropolis, Lalitpur",36500000.0,0,0,0,0,0,1,0,0,0,0,0,0,0,1
Land for Sale - Rs 19 Lakh 50 Thousand Per Aana,Land,"Suntakhan 3 Gokarneshwor, Kathmandu",8287485.756026296,0,0,0,0,0,1,0,0,0,0,0,0,0,1
Land for Sale - Rs 36 Lakh Per Aana,Land,"Lubhu  Lalitpur Metropolis, Lalitpur",11699973.703433162,0,0,0,0,0,1,0,0,0,0,0,0,0,1
Land for Sale - Rs 55 Lakh Per Aaana,Land,"Kirtipur 9 Kirtipur, Kathmandu",5500000.0,0,0,0,0,0,1,0,0,0,0,0,0,0,1
Land for Sale - Rs 2 Crore 90 Lakh,Land,"Tikathali  Lalitpur Metropolis, Lalitpur",29000000.0,0,0,0,0,0,1,0,0,0,0,0,0,0,1
Land for Sale - Rs 3 Crore 25 Lakh,Land,"Chobar 7 Kirtipur, Kathmandu",32500000.0,0,0,0,0,0,1,0,0,0,0,0,0,0,1
Land for Sale - Rs 12 Lakh 50 Thousand Per Aana,Land,"Jharuwarashi  Godawari, Lalitpur",43750000.0,0,0,0,0,0,1,0,0,0,0,0,0,0,1
Land for Sale - Rs 6 Lakh Per Dhur,Land,"Tilottama  Tilottama, Rupandehi",30000000.0,0,0,0,0,0,1,0,0,0,0,0,0,0,1
Land for Sale - Rs 3 Crore 50 Lakh,Land,"Imadol  Lalitpur Metropolis, Lalitpur",35000000.0,0,0,0,0,0,1,0,0,0,0,0,0,0,1
Land for Sale - Rs 60 Lakh,Land,"Dillibazar, Pipalbot   Kathmandu Metropolis, Kathmandu",6000000.0,0,0,0,0,0,1,0,0,0,0,0,0,0,1
Land for Sale - Rs 2 Crore 75 Lakh,Land,"Balkot  Bhaktapur, Bhaktapur",27500000.0,0,0,0,0,0,1,0,0,0,0,0,0,0,1
Land for Sale - Rs 2 Crore 35 Lakh,Land,"Balkot  Bhaktapur, Bhaktapur",23500000.0,0,0,0,0,0,1,0,0,0,0,0,0,0,1
Land for Sale - Rs 2 Crore 25 Lakh,Land,"Thimi near Madyapur hospital  Madhyapur Thimi, Bhaktapur",22500000.0,0,0,0,0,0,1,0,0,0,0,0,0,0,1
Land for Sale - Rs 2 Crore 60 Lakh,Land,"Balkot  Bhaktapur, Bhaktapur",26000000.0,0,0,0,0,0,1,0,0,0,0,0,0,0,1
Land for Sale - Rs 4 Crore 50 Lakh,Land,"Hattiban  Lalitpur Metropolis, Lalitpur",45000000.0,0,0,0,0,0,1,0,0,0,0,0,0,0,1
Land for Sale - Rs 10 Lakh Per Aana,Land,"Badikhel bus park  Select Municipality, Lalitpur",4000000.0,0,0,0,0,0,1,0,0,0,0,0,0,0,1
Land for Sale - Rs 3 Crore 40 Lakh,Land,"Gothatar fikal height  Kathmandu Metropolis, Kathmandu",34000000.0,0,0,0,0,0,1,0,0,0,0,0,0,0,1
Land for Sale - Rs 4 Crore 65 Lakh,Land,"Imadol  Lalitpur Metropolis, Lalitpur",46500000.0,0,0,0,0,0,1,0,0,0,0,0,0,0,1
Land for Sale - Rs 36 Lakh Per Aana,Land,"Imadol  Lalitpur Metropolis, Lalitpur",32400000.0,0,0,0,0,0,1,0,0,0,0,0,0,0,1
Land for Sale - Rs 31 Lakh Per Aana,Land,"Lubhu  Lalitpur Metropolis, Lalitpur",13756210.372534698,0,0,0,0,0,1,0,0,0,0,0,0,0,1
Land for Sale - Rs 2 Crore 70 Lakh,Land,"Imadol  Lalitpur Metropolis, Lalitpur",27000000.0,0,0,0,0,0,1,0,0,0,0,0,0,0,1
Land for Sale - Rs 2 Crore 45 Lakh,Land,"Imadol  Lalitpur Metropolis, Lalitpur",24500000.0,0,0,0,0,0,1,0,0,0,0,0,0,0,1
Land for Sale - Rs 10 Lakh Per Aana,Land,"Chapagaun  Kathmandu Metropolis, Kathmandu",16000000.0,0,0,0,0,0,1,0,0,0,0,0,0,0,1
Land for Sale - Rs 28 Lakh Per Aana,Land,"Thaiba  Lalitpur Metropolis, Lalitpur",8924984.660336012,0,0,0,0,0,1,0,0,0,0,0,0,0,1
Land for Sale - Rs 1 Crore 20 Lakh,Land,"chinnedada 14 Pokhara Metropolis, Kaski",12000000.0,0,0,0,0,0,1,0,0,0,0,0,0,0,1
Land for Sale - Rs 2 Crore 85 Lakh,Land,"Imadol  Lalitpur Metropolis, Lalitpur",28500000.0,0,0,0,0,0,1,0,0,0,0,0,0,0,1
Land for Sale - Rs 2 Crore 90 Lakh,Land,"Balkot  Madhyapur Thimi, Bhaktapur",29000000.0,0,0,0,0,0,1,0,0,0,0,0,0,0,1
Land for Sale - Rs 65 Lakh Per Aana,Land,"Lokanthali  Suryabinayak, Bhaktapur",45500000.0,0,0,0,0,0,1,0,0,0,0,0,0,0,1
Land for Sale - Rs 2 Crore 30 Lakh,Land,"Lubu valley public school Bata 100 miter  Lalitpur Metropolis, Lalitpur",23000000.0,0,0,0,0,0,1,0,0,0,0,0,0,0,1
Land for Sale - Rs 65 Lakh Per Aana,Land,"Balkot  Madhyapur Thimi, Bhaktapur",39000000.0,0,0,0,0,0,1,0,0,0,0,0,0,0,1
Land for Sale - Rs 32 Lakh Per Aana,Land,"Harsiddhi Newasuli   Select Municipality, Select District",50910153.39663988,0,0,0,0,0,1,0,0,0,0,0,0,0,1
House for Sale - Rs 3 Crore 25 Lakh,House,"Chyasindol  Budhanilkantha, Kathmandu",32500000.0,0,0,0,0,1,0,0,0,0,0,0,0,0,1
Land for Sale - Rs 2 Crore 80 Lakh,Land,"Imadol, Subhashree tole  Lalitpur Metropolis, Lalitpur",28000000.0,0,0,0,0,0,1,0,0,0,0,0,0,0,1
Land for Sale - Rs 2 Crore 70 Lakh,Land,"Imadol, Subhashree Tole  Lalitpur Metropolis, Lalitpur",27000000.0,0,0,0,0,0,1,0,0,0,0,0,0,0,1
Land for Sale - Rs 2 Crore 90 Lakh,Land,"Imadol  Lalitpur Metropolis, Lalitpur",29000000.0,0,0,0,0,0,1,0,0,0,0,0,0,0,1
Land for Sale - Rs 47 Lakh Per Aana,Land,"Bhaisepati  Lalitpur Metropolis, Lalitpur",36424897.00511322,0,0,0,0,0,1,0,0,0,0,0,0,0,1
Land for Sale - Rs 42 Lakh Per Aana,Land,"Sanothimi  Suryabinayak, Bhaktapur",15749907.96201607,0,0,0,0,0,1,0,0,0,0,0,0,0,1
Land for Sale - Rs 28 Lakh Per Aana,Land,"Balkot  Madhyapur Thimi, Bhaktapur",11200000.0,0,0,0,0,0,1,0,0,0,0,0,0,0,1
Land for Sale - Rs 2 Crore 55 Lakh,Land,"imadole, subhashree tole  Lalitpur Metropolis, Lalitpur",25500000.0,0,0,0,0,0,1,0,0,0,0,0,0,0,1
Land for Rent - Rs 45 Thousand Per Aana,Land,"Hattiban, Lalitpur  Lalitpur Metropolis, Lalitpur",146249.67129291454,0,0,0,0,0,1,0,0,0,0,0,0,0,0
Land for Sale - Rs 20 Lakh Per Aana,Land,"Matatirtha 8 Chandragiri, Kathmandu",7000029.218407597,0,0,0,0,0,1,0,0,0,0,0,0,0,1
Land for Sale - Rs 13 Crore,Land,"Budhanilkantha  Kathmandu Metropolis, Kathmandu",130000000.0,0,0,0,0,0,1,0,0,0,0,0,0,0,1
Land for Rent - Rs 85 Thousand,Land,"Imadol  Lalitpur Metropolis, Lalitpur",85000.0,0,0,0,0,0,1,0,0,0,0,0,0,0,0
Land for Sale - Rs 2 Crore 60 Lakh,Land,"Dhapakhel  Lalitpur Metropolis, Lalitpur",26000000.0,0,0,0,0,0,1,0,0,0,0,0,0,0,1
Land for Sale - Rs 3 Crore 10 Lakh,Land,"Imadol 3 Mahalaxmi, Lalitpur",31000000.0,0,0,0,0,0,1,0,0,0,0,0,0,0,1
Land for Sale - Rs 2 Crore 50 Lakh 30 lakh per aana,Land,"Thankot 7 Chandragiri, Kathmandu",200000000.0,0,0,0,0,0,1,0,0,0,0,0,0,0,1
Land for Sale - Rs 47 Lakh Per Aana,Land,"Bhaisepati  Lalitpur Metropolis, Lalitpur",31724897.005113214,0,0,0,0,0,1,0,0,0,0,0,0,0,1
Land for Sale - Rs 1 Crore 57 Lakh,Land,"Hattiban  Lalitpur Metropolis, Lalitpur",15700000.0,0,0,0,0,0,1,0,0,0,0,0,0,0,1
Land for Sale - Rs 3 Crore 50 Lakh,Land,"Sitapakha  Lalitpur Metropolis, Lalitpur",35000000.0,0,0,0,0,0,1,0,0,0,0,0,0,0,1
Land for Sale - Rs 37 Lakh Per Aana,Land,"Sirutar  Madhyapur Thimi, Bhaktapur",16649945.945945945,0,0,0,0,0,1,0,0,0,0,0,0,0,1
Land for Sale - Rs 4 Crore 25 Lakh,Land,"Passikot  Budhanilkantha, Kathmandu",42500000.0,0,0,0,0,0,1,0,0,0,0,0,0,0,1
Land for Sale - Rs 2 Crore 65 Lakh,Land,"Tikathali, Pawan Prakriti School  Lalitpur Metropolis, Lalitpur",26500000.0,0,0,0,0,0,1,0,0,0,0,0,0,0,1
Land for Sale - Rs 65 Lakh Per Aana,Land,"Bhaisepati  Lalitpur Metropolis, Lalitpur",45500000.0,0,0,0,0,0,1,0,0,0,0,0,0,0,1
Land for Sale - Rs 2 Crore 90 Lakh,Land,"Lamatar  Lalitpur Metropolis, Lalitpur",29000000.0,0,0,0,0,0,1,0,0,0,0,0,0,0,1
Land for Sale - Rs 49 Lakh Per Aana,Land,"Balkot  Madhyapur Thimi, Bhaktapur",22049928.414901387,0,0,0,0,0,1,0,0,0,0,0,0,0,1
Land for Sale - Rs 2 Crore 20 Lakh,Land,"Sitapakha  Lalitpur Metropolis, Lalitpur",22000000.0,0,0,0,0,0,1,0,0,0,0,0,0,0,1
Land for Sale - Rs 40 Lakh Per Aana,Land,"Imadol  Lalitpur Metropolis, Lalitpur",21749948.867786705,0,0,0,0,0,1,0,0,0,0,0,0,0,1
Land for Sale - Rs 45 Lakh Per Aana,Land,"Gatthaghar  Madhyapur Thimi, Bhaktapur",15750065.741417097,0,0,0,0,0,1,0,0,0,0,0,0,0,1
Land for Sale - Rs 56 Lakh 25 Thousand,Land,"ward 03 3 Makawanpurgadhi, Makwanpur",5625000.0,0,0,0,0,0,1,0,0,0,0,0,0,0,1
Land for Sale - Rs 2 Crore 40 Lakh,Land,"Budhanilkantha  Kathmandu Metropolis, Kathmandu",24000000.0,0,0,0,0,0,1,0,0,0,0,0,0,0,1
Land for Sale - Rs 1 Crore 90 Lakh,Land,"Lasuntar  Budhanilkantha, Kathmandu",19000000.0,0,0,0,0,0,1,0,0,0,0,0,0,0,1
Land for Sale - Rs 2 Crore 80 Lakh,Land,"Imadol  Lalitpur Metropolis, Lalitpur",28000000.0,0,0,0,0,0,1,0,0,0,0,0,0,0,1
Land for Sale - Rs 2 Crore 95 Lakh,Land,"Chapali, Budhanilkantha 2 Budhanilkantha, Kathmandu",29500000.0,0,0,0,0,0,1,0,0,0,0,0,0,0,1
Land for Sale - Rs 12 Lakh Per Aana,Land,"Thankot  Chandragiri, Kathmandu",7200000.0,0,0,0,0,0,1,0,0,0,0,0,0,0,1
Land for Sale - Rs 55 Lakh Per Aana,Land,"Lokanthali  Madhyapur Thimi, Bhaktapur",28187479.912344776,0,0,0,0,0,1,0,0,0,0,0,0,0,1
Land for Sale - Rs 75 Lakh Per Aana,Land,"Imadol  Lalitpur Metropolis, Lalitpur",82500000.0,0,0,0,0,0,1,0,0,0,0,0,0,0,1
Land for Sale - Rs 40 Lakh Per Aana,Land,"Gothatar  Kathmandu Metropolis, Kathmandu",12499985.3907962,0,0,0,0,0,1,0,0,0,0,0,0,0,1
Land for Sale - Rs 19 Lakh 50 Thousand Per Aana,Land,"Bansbari 7 Changunarayan, Bhaktapur",9750000.0,0,0,0,0,0,1,0,0,0,0,0,0,0,1
Land for Sale - Rs 42 Lakh Per Aana,Land,"Kapan 7 Budhanilkantha, Kathmandu",121800000.0,0,0,0,0,0,1,0,0,0,0,0,0,0,1
Land for Sale - Rs 26 Crore 50 Lakh,Land,"Budhanilkantha  Kathmandu Metropolis, Kathmandu",265000000.0,0,0,0,0,0,1,0,0,0,0,0,0,0,1
Land for Sale - Rs 4 Crore 75 Lakh,Land,"Dhapakhel 23 Lalitpur Metropolis, Lalitpur",47500000.0,0,0,0,0,0,1,0,0,0,0,0,0,0,1
Land for Sale - Rs 2 Crore 75 Lakh,Land,"Balkot  Madhyapur Thimi, Bhaktapur",27500000.0,0,0,0,0,0,1,0,0,0,0,0,0,0,1
Land for Sale - Rs 50 Lakh Per Aana,Land,"Gatthaghar  Madhyapur Thimi, Bhaktapur",17500073.046018995,0,0,0,0,0,1,0,0,0,0,0,0,0,1
Land for Sale - Rs 11 Crore,Land,"Budhanilkantha  Kathmandu Metropolis, Kathmandu",110000000.0,0,0,0,0,0,1,0,0,0,0,0,0,0,1
Land for Sale - Rs 2 Crore,Land,"Melamchi  11 Melamchi, Sindhupalchok",20000000.0,0,0,0,0,0,1,0,0,0,0,0,0,0,1
Land for Sale - Rs 35 Lakh 3.5 Lakh per dhur,Land,"Matyari  Dhangadhi, Kailali",35000000.0,0,0,0,0,0,1,0,0,0,0,0,0,0,1
Land for Sale - Rs 38 Lakh Per Aana,Land,"Balkot  Madhyapur Thimi, Bhaktapur",19000000.0,0,0,0,0,0,1,0,0,0,0,0,0,0,1
Land for Sale - Rs 4 Crore 20 Lakh,Land,"Baneshwor  Kathmandu Metropolis, Kathmandu",42000000.0,0,0,0,0,0,1,0,0,0,0,0,0,0,1
Land for Sale - Rs 4 Crore 25 Lakh,Land,"Imadol, Tempo Park  Lalitpur Metropolis, Lalitpur",42500000.0,0,0,0,0,0,1,0,0,0,0,0,0,0,1
Land for Sale - Rs 3 Crore 25 Lakh,Land,"Baneshwor  Kathmandu Metropolis, Kathmandu",32500000.0,0,0,0,0,0,1,0,0,0,0,0,0,0,1
Land for Sale - Rs 52 Lakh Per Aana,Land,"Kamerotar  Madhyapur Thimi, Bhaktapur",24699886.048210375,0,0,0,0,0,1,0,0,0,0,0,0,0,1
Land for Sale - Rs 12 Lakh Per Aana,Land,"Bajrabarahi 6 Godawari, Lalitpur",4800000.0,0,0,0,0,0,1,0,0,0,0,0,0,0,1
Land for Sale - Rs 3 Crore 59 Lakh,Land,"Imadol  Lalitpur Metropolis, Lalitpur",35900000.0,0,0,0,0,0,1,0,0,0,0,0,0,0,1
Land for Sale - Rs 27 Lakh Per Aana,Land,"Sirutar  Suryabinayak, Bhaktapur",16200000.0,0,0,0,0,0,1,0,0,0,0,0,0,0,1
Land for Sale - Rs 66 Lakh Per Aana,Land,"Lokanthali  Madhyapur Thimi, Bhaktapur",33000000.0,0,0,0,0,0,1,0,0,0,0,0,0,0,1
Land for Sale - Rs 2 Crore 75 Lakh,Land,"Bhaisepati  Lalitpur Metropolis, Lalitpur",27500000.0,0,0,0,0,0,1,0,0,0,0,0,0,0,1
Land for Sale - Rs 3 Crore 25 Lakh,Land,"Harisiddhi  Kathmandu Metropolis, Kathmandu",32500000.0,0,0,0,0,0,1,0,0,0,0,0,0,0,1
Land for Sale - Rs 38 Lakh Per Aana,Land,"Balkot  Madhyapur Thimi, Bhaktapur",23749972.24251278,0,0,0,0,0,1,0,0,0,0,0,0,0,1
Land for Sale - Rs 25 Lakh 250000,Land,"Bhansepokhari 2 Ramdhuni, Sunsari",2500000.0,0,0,0,0,0,1,0,0,0,0,0,0,0,1
Land for Sale - Rs 30 Lakh Per Aana,Land,"Thali  Kageshwori Manohara, Kathmandu",12000000.0,0,0,0,0,0,1,0,0,0,0,0,0,0,1
Land for Sale - Rs 2 Crore 35 Lakh,Land,"Chasidol, Lubu  Lalitpur Metropolis, Lalitpur",23500000.0,0,0,0,0,0,1,0,0,0,0,0,0,0,1
Land for Sale - Rs 2 Crore 75 Lakh,Land,"Bhandari gauu   Kathmandu Metropolis, Kathmandu",27500000.0,0,0,0,0,0,1,0,0,0,0,0,0,0,1
Land for Sale - Rs 65 Lakh Per Aana,Land,"Bhaisepati  Lalitpur Metropolis, Lalitpur",42249905.04017531,0,0,0,0,0,1,0,0,0,0,0,0,0,1
Land for Sale - Rs 4 Crore 50 Lakh,Land,"Sitapaila 4 Nagarjun, Kathmandu",45000000.0,0,0,0,0,0,1,0,0,0,0,0,0,0,1
Land for Sale - Rs 40 Lakh Per Aana,Land,"Lazimpat 2 Kathmandu Metropolis, Kathmandu",23500014.6092038,0,0,0,0,0,1,0,0,0,0,0,0,0,1
Land for Sale - Rs 2 Crore 50 Lakh,Land,"Balkot 3 Suryabinayak, Bhaktapur",25000000.0,0,0,0,0,0,1,0,0,0,0,0,0,0,1
Land for Sale - Rs 25 Lakh Per Aana,Land,"Phutung 1 Tarakeshor, Kathmandu",7500000.0,0,0,0,0,0,1,0,0,0,0,0,0,0,1
Land for Sale - Rs 46 Lakh Per Aana,Land,"Lokanthali  Madhyapur Thimi, Bhaktapur",16100067.202337474,0,0,0,0,0,1,0,0,0,0,0,0,0,1
Land for Sale - Rs 43 Lakh Ana,Land,"Budhanilkantha Temple  1 Budhanilkantha, Kathmandu",4300000.0,0,0,0,0,0,1,0,0,0,0,0,0,0,1
Land for Sale - Rs 3 Crore 5 Lakh,Land,"Imadol  Lalitpur Metropolis, Lalitpur",30500000.0,0,0,0,0,0,1,0,0,0,0,0,0,0,1
Land for Sale - Rs 49 Lakh Per Aana,Land,"Lokanthali  Madhyapur Thimi, Bhaktapur",83300000.0,0,0,0,0,0,1,0,0,0,0,0,0,0,1
Land for Sale - Rs 13 Lakh Per Aana,Land,"Dahachowk -2 Chandragiri, Kathmandu",6500000.0,0,0,0,0,0,1,0,0,0,0,0,0,0,1
Land for Sale - Rs 45 Lakh Per Aana,Land,"Lokanthali  Suryabinayak, Bhaktapur",18000000.0,0,0,0,0,0,1,0,0,0,0,0,0,0,1
Land for Sale - Rs 1 Crore 85 Lakh,Land,"Kupondole 1 Lalitpur Metropolis, Lalitpur",18500000.0,0,0,0,0,0,1,0,0,0,0,0,0,0,1
Land for Sale - Rs 4 Crore 20 Lakh,Land,"Pepsicola  Kathmandu Metropolis, Kathmandu",42000000.0,0,0,0,0,0,1,0,0,0,0,0,0,0,1
Land for Sale - Rs 2 Crore 50 Lakh,Land,"Tandi 2 Ratnanagar, Chitwan",25000000.0,0,0,0,0,0,1,0,0,0,0,0,0,0,1
Land for Sale - Rs 5 Crore 25 Lakh,Land,"Imadol  Lalitpur Metropolis, Lalitpur",52500000.0,0,0,0,0,0,1,0,0,0,0,0,0,0,1
Land for Sale - Rs 60 Lakh Per Aana,Land,"Pepsicola  Kathmandu Metropolis, Kathmandu",24000000.0,0,0,0,0,0,1,0,0,0,0,0,0,0,1
Land for Sale - Rs 32 Lakh 50 Thousand Per Aana,Land,"Srijananagar  Bhaktapur, Bhaktapur",13812476.260043828,0,0,0,0,0,1,0,0,0,0,0,0,0,1
Land for Sale - Rs 45 Lakh Per Aana,Land,"Imadol  Lalitpur Metropolis, Lalitpur",18000000.0,0,0,0,0,0,1,0,0,0,0,0,0,0,1
Land for Sale - Rs 40 Lakh Per Aana,Land,"Changathali  Lalitpur Metropolis, Lalitpur",20499985.3907962,0,0,0,0,0,1,0,0,0,0,0,0,0,1
Land for Sale - Rs 42 Lakh Per Aana,Land,"Balkot  Suryabinayak, Bhaktapur",16800000.0,0,0,0,0,0,1,0,0,0,0,0,0,0,1
Land for Sale - Rs 65 Lakh Per Aana,Land,"Sanepa 1 Lalitpur Metropolis, Lalitpur",27624952.520087656,0,0,0,0,0,1,0,0,0,0,0,0,0,1
Land for Sale - Rs 28 Lakh Per Aana,Land,"Lubhu  Lalitpur Metropolis, Lalitpur",133639152.6661797,0,0,0,0,0,1,0,0,0,0,0,0,0,1
Land for Sale - Rs 34 Lakh Per Aana,Land,"Changathali  Lalitpur Metropolis, Lalitpur",13600000.0,0,0,0,0,0,1,0,0,0,0,0,0,0,1
Land for Sale - Rs 1 Crore 75 Lakh,Land,"Imadol  Lalitpur Metropolis, Lalitpur",17500000.0,0,0,0,0,0,1,0,0,0,0,0,0,0,1
Land for Sale - Rs 45 Lakh Per Aana,Land,"Dibeshwori height  Madhyapur Thimi, Bhaktapur",57374901.387874365,0,0,0,0,0,1,0,0,0,0,0,0,0,1
Land for Sale - Rs 6 Crore,Land,"Gokarneshwor 9 Gokarneshwor, Kathmandu",60000000.0,0,0,0,0,0,1,0,0,0,0,0,0,0,1
Land for Sale - Rs 1 Lakh 25 Thousand Per Dhur,Land,"Bardaghat 16 municipality near suryanagar stadium   Butwal, Rupandehi",4625000.0,0,0,0,0,0,1,0,0,0,0,0,0,0,1
Land for Sale - Rs 2 Crore 10 Lakh,Land,"Imadol  Lalitpur Metropolis, Lalitpur",21000000.0,0,0,0,0,0,1,0,0,0,0,0,0,0,1
Land for Sale - Rs 40 Lakh Per Aana,Land,"Harisiddhi  Lalitpur Metropolis, Lalitpur",17999941.563184805,0,0,0,0,0,1,0,0,0,0,0,0,0,1
Land for Sale - Rs 35 Lakh Per Aana,Land,"Harisiddhi  28 Lalitpur Metropolis, Lalitpur",14000000.0,0,0,0,0,0,1,0,0,0,0,0,0,0,1
Land for Sale - Rs 5 Lakh,Land,"Sukedhara  4 Kathmandu Metropolis, Kathmandu",500000.0,0,0,0,0,0,1,0,0,0,0,0,0,0,1
Land for Sale - Rs 4 Crore 99 Lakh,Land,"Bhangal   Budhanilkantha, Kathmandu",49900000.0,0,0,0,0,0,1,0,0,0,0,0,0,0,1
Land for Sale - Rs 35 Lakh Per Aana,Land,"Changathali  Lalitpur Metropolis, Lalitpur",14000000.0,0,0,0,0,0,1,0,0,0,0,0,0,0,1
Land for Sale - Rs 5 Crore 10 Lakh,Land,"Bhangal  Budhanilkantha, Kathmandu",51000000.0,0,0,0,0,0,1,0,0,0,0,0,0,0,1
Land for Sale - Rs 2 Crore 99 Lakh,Land,"Imadol  Lalitpur Metropolis, Lalitpur",29900000.0,0,0,0,0,0,1,0,0,0,0,0,0,0,1
Land for Sale - Rs 65 Lakh Per Aana,Land,"Pepsicola  Kathmandu Metropolis, Kathmandu",29249905.040175308,0,0,0,0,0,1,0,0,0,0,0,0,0,1
Land for Sale - Rs 14 Lakh Per Aana,Land,"dukuchap   Lalitpur Metropolis, Lalitpur",7700020.452885319,0,0,0,0,0,1,0,0,0,0,0,0,0,1
Land for Sale - Rs 5 Crore Per Aana,Land,"Lokanthali-Sanothimi Road 1 Madhyapur Thimi, Bhaktapur",324999269.53981006,0,0,0,0,0,1,0,0,0,0,0,0,0,1
Land for Sale - Rs 30 Lakh Per Kathha,Land,"sapahi 6 Nijgadh, Bara",3000000.0,0,0,0,0,0,1,0,0,0,0,0,0,0,1
Land for Sale - Rs 47 Lakh Per Aana,Land,"Kausaltar  Madhyapur Thimi, Bhaktapur",15040000.0,0,0,0,0,0,1,0,0,0,0,0,0,0,1
Land for Sale - Rs 38 Lakh Per Aana,Land,"Balkot  Madhyapur Thimi, Bhaktapur",15200000.0,0,0,0,0,0,1,0,0,0,0,0,0,0,1
Land for Sale - Rs 3 Crore 38 Lakh,Land,"Pepsicola 7 Kageshwori Manohara, Kathmandu",33800000.0,0,0,0,0,0,1,0,0,0,0,0,0,0,1
Land for Sale - Rs 31 Lakh Per Aana,Land,"Sirutar  Madhyapur Thimi, Bhaktapur",11237443.389335282,0,0,0,0,0,1,0,0,0,0,0,0,0,1
House for Sale - Rs 3 Crore 50 Lakh,House,"Karuna hospital 10 Chandragiri, Kathmandu",35000000.0,0,0,0,0,1,0,0,0,0,0,0,0,0,1
Land for Sale - Rs 30 Lakh Per Aana,Land,"Imadol  Lalitpur Metropolis, Lalitpur",30000000.0,0,0,0,0,0,1,0,0,0,0,0,0,0,1
Land for Sale - Rs 1 Crore 80 Lakh,Land,"Lamatar  Lalitpur Metropolis, Lalitpur",18000000.0,0,0,0,0,0,1,0,0,0,0,0,0,0,1
Land for Sale - Rs 55 Lakh Per Aana,Land,"Sanagaun  Lalitpur Metropolis, Lalitpur",13749919.64937911,0,0,0,0,0,1,0,0,0,0,0,0,0,1
Land for Sale - Rs 27 Lakh Per Aana,Land,"Sirutar  Madhyapur Thimi, Bhaktapur",11137490.138787435,0,0,0,0,0,1,0,0,0,0,0,0,0,1
Land for Sale - Rs 33 Lakh Per Aana,Land,"Sirutar  Madhyapur Thimi, Bhaktapur",13200000.0,0,0,0,0,0,1,0,0,0,0,0,0,0,1
Land for Sale - Rs 2 Crore 90 Lakh,Land,"Harisiddhi  Lalitpur Metropolis, Lalitpur",29000000.0,0,0,0,0,0,1,0,0,0,0,0,0,0,1
Land for Sale - Rs 40 Lakh Per Aana,Land,"Imadol  Lalitpur Metropolis, Lalitpur",148000000.0,0,0,0,0,0,1,0,0,0,0,0,0,0,1
Land for Sale - Rs 3 Crore 25 Lakh,Land,"Banasthali 1 Kathmandu Metropolis, Kathmandu",32500000.0,0,0,0,0,0,1,0,0,0,0,0,0,0,1
Land for Sale - Rs 2 Crore 75 Lakh,Land,"Sanagaun  Lalitpur Metropolis, Lalitpur",27500000.0,0,0,0,0,0,1,0,0,0,0,0,0,0,1
Land for Sale - Rs 12 Crore 50 Lakh,Land,"surya chaur, gurje bhanjyang  Shivapuri, Nuwakot",125000000.0,0,0,0,0,0,1,0,0,0,0,0,0,0,1
Land for Sale - Rs 29 Lakh Per Aana,Land,"Lubhu  Lalitpur Metropolis, Lalitpur",10150042.366691016,0,0,0,0,0,1,0,0,0,0,0,0,0,1
Land for Sale - Rs 40 Lakh Per Aana,Land,"Lubhu  Lalitpur Metropolis, Lalitpur",14000058.436815197,0,0,0,0,0,1,0,0,0,0,0,0,0,1
Land for Sale - Rs 45 Lakh Per Aana,Land,"Imadol  Lalitpur Metropolis, Lalitpur",45000000.0,0,0,0,0,0,1,0,0,0,0,0,0,0,1
Land for Sale - Rs 2 Crore 45 Lakh,Land,"Gothatar  Kathmandu Metropolis, Kathmandu",24500000.0,0,0,0,0,0,1,0,0,0,0,0,0,0,1
Land for Sale - Rs 2 Crore 90 Lakh,Land,"Harisiddhi   Lalitpur Metropolis, Lalitpur",29000000.0,0,0,0,0,0,1,0,0,0,0,0,0,0,1
Land for Sale - Rs 39 Lakh Per Aana,Land,"Kadhaghari  Kathmandu municipality, Kathmandu",15600000.0,0,0,0,0,0,1,0,0,0,0,0,0,0,1
Land for Sale - Rs 42 Lakh Per Aana,Land,"Harisiddhi  Lalitpur Metropolis, Lalitpur",25200000.0,0,0,0,0,0,1,0,0,0,0,0,0,0,1
Land for Sale - Rs 81 Lakh,Land,"Lubhu 8 Mahalaxmi, Lalitpur",8100000.0,0,0,0,0,0,1,0,0,0,0,0,0,0,1
Land for Sale - Rs 23 Lakh,Land,"Gachiya ,upakar chok 3 Sundar Haraincha, Morang",2300000.0,0,0,0,0,0,1,0,0,0,0,0,0,0,1
Land for Sale - Rs 80 Lakh Per Aana,Land,"Mahalaxmi Asthan Mandir  Lalitpur Metropolis, Lalitpur",24999970.781592403,0,0,0,0,0,1,0,0,0,0,0,0,0,1
Land for Sale - Rs 2 Crore 65 Lakh,Land,"Imadol  Lalitpur Metropolis, Lalitpur",26500000.0,0,0,0,0,0,1,0,0,0,0,0,0,0,1
Land for Sale - Rs 1 Crore 8 Lakh 50 Thousand 31,Land,"Chundevi  Suryabinayak, Bhaktapur",10850000.0,0,0,0,0,0,1,0,0,0,0,0,0,0,1
Land for Sale - Rs 58 Lakh Per Aana,Land,"Kamerotar height  Madhyapur Thimi, Bhaktapur",24649957.633308984,0,0,0,0,0,1,0,0,0,0,0,0,0,1
Land for Sale - Rs 55 Lakh Per Aana,Land,"Kamerotar  Madhyapur Thimi, Bhaktapur",30249919.649379108,0,0,0,0,0,1,0,0,0,0,0,0,0,1
Land for Sale - Rs 3 Crore 80 Lakh,Land,"Mahalaxmi astha mandir  Lalitpur Metropolis, Lalitpur",38000000.0,0,0,0,0,0,1,0,0,0,0,0,0,0,1
Land for Sale - Rs 2 Crore 50 Lakh,Land,"Lokanthali, Bhaktapur -01 1 Madhyapur Thimi, Bhaktapur",25000000.0,0,0,0,0,0,1,0,0,0,0,0,0,0,1
Land for Sale - Rs 75 Lakh,Land,"Boudha 06 Gokarneshwor, Kathmandu",7500000.0,0,0,0,0,0,1,0,0,0,0,0,0,0,1
Land for Sale - Rs 5 Crore 40 Lakh,Land,"Tikathali 5 Mahalaxmi, Lalitpur",54000000.0,0,0,0,0,0,1,0,0,0,0,0,0,0,1
Land for Sale - Rs 19 Lakh Per Aana,Land,"Matatirtha  Chandragiri, Kathmandu",7600000.0,0,0,0,0,0,1,0,0,0,0,0,0,0,1
Land for Sale - Rs 41 Lakh Per Aana,Land,"Tikathali 5 Mahalaxmi, Lalitpur",16400000.0,0,0,0,0,0,1,0,0,0,0,0,0,0,1
Land for Sale - Rs 58 Lakh Per Aana,Land,"Imadol  Lalitpur Metropolis, Lalitpur",29000000.0,0,0,0,0,0,1,0,0,0,0,0,0,0,1
Land for Sale - Rs 3 Crore 55 Lakh,Land,"Imadol  Lalitpur Metropolis, Lalitpur",35500000.0,0,0,0,0,0,1,0,0,0,0,0,0,0,1
Land for Sale - Rs 44 Lakh Per Aana,Land,"Balkot  Madhyapur Thimi, Bhaktapur",18480000.0,0,0,0,0,0,1,0,0,0,0,0,0,0,1
Land for Sale - Rs 35 Lakh Per Aana,Land,"Sunakothi  Lalitpur Metropolis, Lalitpur",14000000.0,0,0,0,0,0,1,0,0,0,0,0,0,0,1
House for Sale - Rs 3 Crore 35 Lakh,House,"Imadol Nayabasti 4 Mahalaxmi, Lalitpur",33500000.0,0,0,0,0,1,0,0,0,0,0,0,0,0,1
Land for Sale - Rs 43 Lakh Per Aana,Land,"Imadol  Lalitpur Metropolis, Lalitpur",18274968.59021183,0,0,0,0,0,1,0,0,0,0,0,0,0,1
Land for Sale - Rs 2 Crore 25 Lakh,Land,"Lubhu  Lalitpur Metropolis, Lalitpur",22500000.0,0,0,0,0,0,1,0,0,0,0,0,0,0,1
Land for Sale - Rs 2 Crore 15 Lakh,Land,"Lubhu  Lalitpur Metropolis, Lalitpur",21500000.0,0,0,0,0,0,1,0,0,0,0,0,0,0,1
Land for Sale - Rs 45 Lakh Per Aana,Land,"Imadol  Lalitpur Metropolis, Lalitpur",15750065.741417097,0,0,0,0,0,1,0,0,0,0,0,0,0,1
Land for Sale - Rs 2 Crore 95 Lakh,Land,"Sanagaun  Lalitpur Metropolis, Lalitpur",29500000.0,0,0,0,0,0,1,0,0,0,0,0,0,0,1
Land for Sale - Rs 40 Lakh Per Aana,Land,"Balkot  Madhyapur Thimi, Bhaktapur",16999970.781592403,0,0,0,0,0,1,0,0,0,0,0,0,0,1
Land for Sale - Rs 4 Crore 50 Lakh,Land,"Sanagaun  Lalitpur Metropolis, Lalitpur",45000000.0,0,0,0,0,0,1,0,0,0,0,0,0,0,1
Land for Sale - Rs 35 Lakh Per Aana,Land,"Balkot  Madhyapur Thimi, Bhaktapur",14000000.0,0,0,0,0,0,1,0,0,0,0,0,0,0,1
Land for Sale - Rs 41 Lakh Per Aana,Land,"Balkot  Madhyapur Thimi, Bhaktapur",16400000.0,0,0,0,0,0,1,0,0,0,0,0,0,0,1
Land for Sale - Rs 45 Lakh Per Aana,Land,"Kapan  Kathmandu Metropolis, Kathmandu",18562483.564645726,0,0,0,0,0,1,0,0,0,0,0,0,0,1
Land for Sale - Rs 4 Crore 80 Lakh,Land,"Imadol  Lalitpur Metropolis, Lalitpur",48000000.0,0,0,0,0,0,1,0,0,0,0,0,0,0,1
Land for Sale - Rs 42 Lakh Per Aana,Land,"Sanagaun  Lalitpur Metropolis, Lalitpur",18899938.641344044,0,0,0,0,0,1,0,0,0,0,0,0,0,1
Land for Sale - Rs 9 Crore 50 Lakh,Land,"Milanchok, New Baneshwor 34 Kathmandu Metropolis, Kathmandu",95000000.0,0,0,0,0,0,1,0,0,0,0,0,0,0,1
Land for Sale - Rs 2 Crore 20 Lakh,Land,"Mulpani  Kathmandu Metropolis, Kathmandu",22000000.0,0,0,0,0,0,1,0,0,0,0,0,0,0,1
Land for Sale - Rs 65 Lakh Per Aana,Land,"Pepsicola  Kathmandu Metropolis, Kathmandu",36156143.170197226,0,0,0,0,0,1,0,0,0,0,0,0,0,1
Land for Sale - Rs 5 Crore 50 Lakh,Land,"Pasikot  Budhanilkantha, Kathmandu",55000000.0,0,0,0,0,0,1,0,0,0,0,0,0,0,1
Land for Sale - Rs 65 Lakh Per Aana,Land,"Balkot  Suryabinayak, Bhaktapur",32500000.0,0,0,0,0,0,1,0,0,0,0,0,0,0,1
Land for Sale - Rs 75 Lakh Per Aana,Land,"Dhobighat  Lalitpur Metropolis, Lalitpur",82500000.0,0,0,0,0,0,1,0,0,0,0,0,0,0,1
Land for Sale - Rs 8 Crore 50 Lakh,Land,"Budhanilkantha  Kathmandu Metropolis, Kathmandu",85000000.0,0,0,0,0,0,1,0,0,0,0,0,0,0,1
House for Sale - Rs 2 Crore 20 Lakh,House,"Dhapakhel  Lalitpur Metropolis, Lalitpur",22000000.0,0,0,0,0,1,0,0,0,0,0,0,0,0,1
Land for Sale - Rs 52 Lakh Per Aana,Land,"Pasikot  Budhanilkantha, Kathmandu",20800000.0,0,0,0,0,0,1,0,0,0,0,0,0,0,1
Land for Sale - Rs 2 Crore 30 Lakh,Land,"Chaddhobato,mahalaxmi near lubhu 6 Select Municipality, Select District",23000000.0,0,0,0,0,0,1,0,0,0,0,0,0,0,1
Land for Sale - Rs 1 Crore 70 Lakh,Land,"Lamachaur 16 Pokhara Metropolis, Kaski",17000000.0,0,0,0,0,0,1,0,0,0,0,0,0,0,1
Land for Sale - Rs 5 Crore 40 Lakh,Land,"Budhanilkantha  Kathmandu Metropolis, Kathmandu",54000000.0,0,0,0,0,0,1,0,0,0,0,0,0,0,1
Land for Sale - Rs 95 Lakh Per Aana,Land,"Jhamsikhel  Lalitpur Metropolis, Lalitpur",66500000.0,0,0,0,0,0,1,0,0,0,0,0,0,0,1
Land for Sale - Rs 38 Lakh Per Aana,Land,"Sirutar  Changunarayan, Bhaktapur",12349972.242512785,0,0,0,0,0,1,0,0,0,0,0,0,0,1
Land for Sale - Rs 3 Crore 20 Lakh,Land,"Sunakothi  Lalitpur Metropolis, Lalitpur",32000000.0,0,0,0,0,0,1,0,0,0,0,0,0,0,1
Land for Sale - Rs 85 Lakh Per Aana,Land,"Sanepa  Lalitpur Metropolis, Lalitpur",51000000.0,0,0,0,0,0,1,0,0,0,0,0,0,0,1
Land for Sale - Rs 4 Crore 25 Lakh,Land,"Imadol  Lalitpur Metropolis, Lalitpur",42500000.0,0,0,0,0,0,1,0,0,0,0,0,0,0,1
Land for Sale - Rs 38 Lakh Per Aana,Land,"Sirutar  Suryabinayak, Bhaktapur",12112479.181884589,0,0,0,0,0,1,0,0,0,0,0,0,0,1
Land for Sale - Rs 2 Crore 80 Lakh,Land,"Budhanilkantha  Kathmandu Metropolis, Kathmandu",28000000.0,0,0,0,0,0,1,0,0,0,0,0,0,0,1
Land for Sale - Rs 36 Lakh Per Aana,Land,"Imadol  Lalitpur Metropolis, Lalitpur",14400000.0,0,0,0,0,0,1,0,0,0,0,0,0,0,1
Land for Sale - Rs 3 Crore 95 Lakh,Land,"Hattiban 23 Lalitpur Metropolis, Lalitpur",39500000.0,0,0,0,0,0,1,0,0,0,0,0,0,0,1
Land for Sale - Rs 5 Crore,Land,"budhani  Budhanilkantha, Kathmandu",50000000.0,0,0,0,0,0,1,0,0,0,0,0,0,0,1
Land for Sale - Rs 1 Crore 65 Lakh,Land,"Badegaun, Swetbarahi   Godawari, Lalitpur",16500000.0,0,0,0,0,0,1,0,0,0,0,0,0,0,1
Land for Sale - Rs 3 Crore 15 Lakh,Land,"Tikathali  Mahalaxmi, Lalitpur",31500000.0,0,0,0,0,0,1,0,0,0,0,0,0,0,1
Land for Sale - Rs 35 Lakh Per Aana,Land,"Sanagaun 4 Mahalaxmi, Lalitpur",14000000.0,0,0,0,0,0,1,0,0,0,0,0,0,0,1
Land for Sale - Rs 38 Lakh Per Aana,Land,"Lubhu 8 Mahalaxmi, Lalitpur",34200000.0,0,0,0,0,0,1,0,0,0,0,0,0,0,1
Land for Sale - Rs 32 Lakh Per Aana,Land,"Lubhu 8 Mahalaxmi, Lalitpur",9600000.0,0,0,0,0,0,1,0,0,0,0,0,0,0,1
Land for Sale - Rs 36 Lakh Per Aana,Land,"Lubhu 8 Mahalaxmi, Lalitpur",12600052.593133677,0,0,0,0,0,1,0,0,0,0,0,0,0,1
Land for Sale - Rs 33 Lakh Per Aana,Land,"Lubhu 8 Mahalaxmi, Lalitpur",13200000.0,0,0,0,0,0,1,0,0,0,0,0,0,0,1
Land for Sale - Rs 1 Crore 80 Lakh,Land,"Imadol  Mahalaxmi, Lalitpur",18000000.0,0,0,0,0,0,1,0,0,0,0,0,0,0,1
Land for Sale - Rs 2 Crore,Land,"Imadol  Mahalaxmi, Lalitpur",20000000.0,0,0,0,0,0,1,0,0,0,0,0,0,0,1
Land for Sale - Rs 70 Lakh Per Aana,Land,"Hanuman Chowk 4 Gokarneshwor, Kathmandu",56000000.0,0,0,0,0,0,1,0,0,0,0,0,0,0,1
Land for Sale - Rs 38 Lakh,Land,"Tikathali  Mahalaxmi, Lalitpur",3800000.0,0,0,0,0,0,1,0,0,0,0,0,0,0,1
Land for Sale - Rs 3 Crore 60 Lakh,Land,"Hattiban 15 Lalitpur Metropolis, Lalitpur",36000000.0,0,0,0,0,0,1,0,0,0,0,0,0,0,1
Land for Sale - Rs 2 Crore 50 Lakh,Land,"Siddhipur, lalitpur  6 Mahalaxmi, Lalitpur",25000000.0,0,0,0,0,0,1,0,0,0,0,0,0,0,1
Land for Sale - Rs 2 Crore 50 Lakh,Land,"Pepsicola  Kathmandu Metropolis, Kathmandu",25000000.0,0,0,0,0,0,1,0,0,0,0,0,0,0,1
Land for Sale - Rs 15 Crore,Land,"Chabahil  Kathmandu Metropolis, Kathmandu",150000000.0,0,0,0,0,0,1,0,0,0,0,0,0,0,1
Land for Sale - Rs 4 Crore 50 Lakh,Land,"Pepsicola  Kathmandu Metropolis, Kathmandu",45000000.0,0,0,0,0,0,1,0,0,0,0,0,0,0,1
Land for Sale - Rs 4 Crore,Land,"Imadol  Mahalaxmi, Lalitpur",40000000.0,0,0,0,0,0,1,0,0,0,0,0,0,0,1
Land for Sale - Rs 3 Crore 50 Lakh,Land,"Near surya chaur, gurje bhanjyang  Shivapuri, Nuwakot",35000000.0,0,0,0,0,0,1,0,0,0,0,0,0,0,1
Land for Sale - Rs 1 Crore 75 Lakh,Land,"Lubhu 7 Mahalaxmi, Lalitpur",17500000.0,0,0,0,0,0,1,0,0,0,0,0,0,0,1
Land for Sale - Rs 46 Lakh 50 Thousand Per Aana,Land,"Bhaisepati 18 Lalitpur Metropolis, Lalitpur",20924932.067202337,0,0,0,0,0,1,0,0,0,0,0,0,0,1
Land for Sale - Rs 75 Lakh Per Aana,Land,"sanobharayang  Nagarjun, Kathmandu",165000000.0,0,0,0,0,0,1,0,0,0,0,0,0,0,1
Land for Sale - Rs 2 Crore 90 Lakh,Land,"Harisiddhi 28 Lalitpur Metropolis, Lalitpur",29000000.0,0,0,0,0,0,1,0,0,0,0,0,0,0,1
Land for Sale - Rs 34 Lakh Per Aana,Land,"Harisiddhi  Lalitpur Metropolis, Lalitpur",10200000.0,0,0,0,0,0,1,0,0,0,0,0,0,0,1
Land for Sale - Rs 1 Crore 80 Lakh,Land,"Thaiba  Lalitpur Metropolis, Lalitpur",18000000.0,0,0,0,0,0,1,0,0,0,0,0,0,0,1
Land for Sale - Rs 70 Lakh 2000000,Land,"Suntol 4 04 Shankharapur, Kathmandu",7000000.0,0,0,0,0,0,1,0,0,0,0,0,0,0,1
Land for Sale - Rs 33 Lakh Per Aana,Land,"Lubhu  Lalitpur Metropolis, Lalitpur",10312487.947406866,0,0,0,0,0,1,0,0,0,0,0,0,0,1
Land for Sale - Rs 45 Lakh Per Aana,Land,"Bhaisepati,Sano Khokana  21 Lalitpur Metropolis, Lalitpur",14624967.129291452,0,0,0,0,0,1,0,0,0,0,0,0,0,1
Land for Sale - Rs 4 Crore 25 Lakh,Land,"Hattigauda  Budhanilkantha, Kathmandu",42500000.0,0,0,0,0,0,1,0,0,0,0,0,0,0,1
Land for Sale - Rs 38 Lakh Per Aana,Land,"Imadol  Lalitpur Metropolis, Lalitpur",11400000.0,0,0,0,0,0,1,0,0,0,0,0,0,0,1
Land for Sale - Rs 4 Crore 10 Lakh,Land,"Bhangal  Budhanilkantha, Kathmandu",41000000.0,0,0,0,0,0,1,0,0,0,0,0,0,0,1
Land for Sale - Rs 1 Crore 60 Lakh,Land,"Lubhu  Lalitpur Metropolis, Lalitpur",16000000.0,0,0,0,0,0,1,0,0,0,0,0,0,0,1
Land for Sale - Rs 45 Lakh Per Aana,Land,"Imadol  Lalitpur Metropolis, Lalitpur",20249934.258582905,0,0,0,0,0,1,0,0,0,0,0,0,0,1
Land for Sale - Rs 1 Crore 10 Lakh,Land,"Gothatar 8 Kathmandu Metropolis, Kathmandu",11000000.0,0,0,0,0,0,1,0,0,0,0,0,0,0,1
Land for Sale - Rs 90 Lakh Per Aana,Land,"gairidhara  Kathmandu Metropolis, Kathmandu",108000000.0,0,0,0,0,0,1,0,0,0,0,0,0,0,1
Land for Sale - Rs 30 Lakh Per Aana,Land,"tokha  Tokha, Kathmandu",10874945.215485755,0,0,0,0,0,1,0,0,0,0,0,0,0,1
Land for Sale - Rs 41 Lakh Per Aana,Land,"Imadol 3 Mahalaxmi, Lalitpur",24600000.0,0,0,0,0,0,1,0,0,0,0,0,0,0,1
Land for Sale - Rs 24 Lakh Per Aaana,Land,"Tikathali 7 Mahalaxmi, Lalitpur",2400000.0,0,0,0,0,0,1,0,0,0,0,0,0,0,1
Land for Sale - Rs 3 Crore,Land,"Sitapaila 4 Nagarjun, Kathmandu",30000000.0,0,0,0,0,0,1,0,0,0,0,0,0,0,1
Land for Sale - Rs 35 Lakh Per Aana,Land,"budhanilkantha  Budhanilkantha, Kathmandu",21000000.0,0,0,0,0,0,1,0,0,0,0,0,0,0,1
Land for Sale - Rs 13 Lakh 13Lakh,Land,"Godamchaur 1 Godawari, Lalitpur",1300000.0,0,0,0,0,0,1,0,0,0,0,0,0,0,1
Land for Sale - Rs 70 Lakh Per Aana,Land,"basundhara  Kathmandu Metropolis, Kathmandu",52062410.518626735,0,0,0,0,0,1,0,0,0,0,0,0,0,1
Land for Sale - Rs 4 Crore 90 Lakh,Land,"Imadol  Lalitpur Metropolis, Lalitpur",49000000.0,0,0,0,0,0,1,0,0,0,0,0,0,0,1
Land for Sale - Rs 42 Lakh Per Aana,Land,"Sanagaun  Lalitpur Metropolis, Lalitpur",16800000.0,0,0,0,0,0,1,0,0,0,0,0,0,0,1
Land for Sale - Rs 34 Lakh Per Aana,Land,"Imadol  Lalitpur Metropolis, Lalitpur",17000000.0,0,0,0,0,0,1,0,0,0,0,0,0,0,1
Land for Sale - Rs 35 Lakh Per Aana,Land,"Gothatar 8 Kageshwori Manohara, Kathmandu",10500000.0,0,0,0,0,0,1,0,0,0,0,0,0,0,1
Land for Sale - Rs 2 Crore 20 Lakh,Land,"Thankot 6 Chandragiri, Kathmandu",22000000.0,0,0,0,0,0,1,0,0,0,0,0,0,0,1
Land for Sale - Rs 2 Crore 80 Lakh,Land,"Manmaiju  Tarakeshor, Kathmandu",28000000.0,0,0,0,0,0,1,0,0,0,0,0,0,0,1
Land for Sale - Rs 4 Crore 50 Lakh,Land,"Pasikot  Budhanilkantha, Kathmandu",45000000.0,0,0,0,0,0,1,0,0,0,0,0,0,0,1
Land for Sale - Rs 4 Crore 45 Lakh,Land,"Bhangal  Budhanilkantha, Kathmandu",44500000.0,0,0,0,0,0,1,0,0,0,0,0,0,0,1
Land for Sale - Rs 32 Lakh Per Aana,Land,"Dhapakhel  Lalitpur Metropolis, Lalitpur",11200046.749452155,0,0,0,0,0,1,0,0,0,0,0,0,0,1
Land for Sale - Rs 1 Crore 70 Lakh,Land,"Godawari 14 14 Godawari, Lalitpur",17000000.0,0,0,0,0,0,1,0,0,0,0,0,0,0,1
Land for Sale - Rs 3 Crore 85 Lakh,Land,"budhanilkantha  Budhanilkantha, Kathmandu",38500000.0,0,0,0,0,0,1,0,0,0,0,0,0,0,1
Land for Rent - Rs 85 Thousand Per Month,Land,"Dhumbarahi  Kathmandu Metropolis, Kathmandu",85000.0,0,0,0,0,0,1,0,0,0,0,0,0,0,0
Land for Sale - Rs 40 Lakh,Land,"Imadol  Lalitpur Metropolis, Lalitpur",4000000.0,0,0,0,0,0,1,0,0,0,0,0,0,0,1
Land for Sale - Rs 12 Crore,Land,"New road 8 Pokhara Metropolis, Kaski",120000000.0,0,0,0,0,0,1,0,0,0,0,0,0,0,1
Land for Sale - Rs 45 Lakh Per Aana,Land,"budhanilkantha  Budhanilkantha, Kathmandu",31500000.0,0,0,0,0,0,1,0,0,0,0,0,0,0,1
Land for Sale - Rs 45 Lakh Per Aana,Land,"budhanilkantha  Budhanilkantha, Kathmandu",22500000.0,0,0,0,0,0,1,0,0,0,0,0,0,0,1
Land for Sale - Rs 3 Crore 30 Lakh,Land,"Bhangal  Budhanilkantha, Kathmandu",33000000.0,0,0,0,0,0,1,0,0,0,0,0,0,0,1
Land for Sale - Rs 3 Crore 50 Lakh,Land,"akasedhara  Budhanilkantha, Kathmandu",35000000.0,0,0,0,0,0,1,0,0,0,0,0,0,0,1
Land for Sale - Rs 9 Crore,Land,"Hattigauda  Budhanilkantha, Kathmandu",90000000.0,0,0,0,0,0,1,0,0,0,0,0,0,0,1
Land for Sale - Rs 42 Lakh Per Aana,Land,"Imadol  Lalitpur Metropolis, Lalitpur",16800000.0,0,0,0,0,0,1,0,0,0,0,0,0,0,1
Land for Sale - Rs 3 Crore 95 Lakh,Land,"budhanilkantha  Budhanilkantha, Kathmandu",39500000.0,0,0,0,0,0,1,0,0,0,0,0,0,0,1
Land for Sale - Rs 13 Lakh Per Aaana,Land,"Dahachowk 1 Chandragiri, Kathmandu",1300000.0,0,0,0,0,0,1,0,0,0,0,0,0,0,1
Land for Sale - Rs 35 Lakh Per Aana,Land,"tokha  Tokha, Kathmandu",14525025.566106644,0,0,0,0,0,1,0,0,0,0,0,0,0,1
Land for Sale - Rs 3 Crore 75 Lakh,Land,"budhanilkantha  Budhanilkantha, Kathmandu",37500000.0,0,0,0,0,0,1,0,0,0,0,0,0,0,1
Land for Sale - Rs 5 Crore 25 Lakh,Land,"budhanilkantha,kalika park  Budhanilkantha, Kathmandu",52500000.0,0,0,0,0,0,1,0,0,0,0,0,0,0,1
Land for Sale - Rs 4 Crore 25 Lakh,Land,"kalika garden,budhanilkantha  Budhanilkantha, Kathmandu",42500000.0,0,0,0,0,0,1,0,0,0,0,0,0,0,1
Land for Sale - Rs 42 Lakh Per Aana,Land,"Pasikot  Budhanilkantha, Kathmandu",147000000.0,0,0,0,0,0,1,0,0,0,0,0,0,0,1
Land for Sale - Rs 4 Crore 80 Lakh,Land,"budhanilkantha,deuwa chowk  Budhanilkantha, Kathmandu",48000000.0,0,0,0,0,0,1,0,0,0,0,0,0,0,1
"Land for Sale - Rs 1 Crore 68 Lakh 21,00,000",Land,"Thaiba 14 Godawari, Lalitpur",16800000.0,0,0,0,0,0,1,0,0,0,0,0,0,0,1
Land for Sale - Rs 1 Crore 45 Lakh 2900000,Land,"Chhaling 6 Changunarayan, Bhaktapur",14500000.0,0,0,0,0,0,1,0,0,0,0,0,0,0,1
Land for Sale - Rs 40 Lakh Per Aana,Land,"Thimi  Madhyapur Thimi, Bhaktapur",25999941.563184805,0,0,0,0,0,1,0,0,0,0,0,0,0,1
Land for Sale - Rs 30 Lakh 7 per ana,Land,"Sajbhote  Bhanu, Tanahun",3000000.0,0,0,0,0,0,1,0,0,0,0,0,0,0,1
Land for Sale - Rs 1 Crore 60 Lakh 4 Per Aana,Land,"Dashdhunga  Devghat, Tanahun",636376917.4579985,0,0,0,0,0,1,0,0,0,0,0,0,0,1
Land for Sale - Rs 1 Crore 75 Lakh,Land,"Bode  Madhyapur Thimi, Bhaktapur",17500000.0,0,0,0,0,0,1,0,0,0,0,0,0,0,1
Land for Sale - Rs 40 Lakh Per Aana,Land,"Imadol  Lalitpur Metropolis, Lalitpur",16000000.0,0,0,0,0,0,1,0,0,0,0,0,0,0,1
Land for Sale - Rs 2 Crore 35 Lakh,Land,"Imadol  Lalitpur Metropolis, Lalitpur",23500000.0,0,0,0,0,0,1,0,0,0,0,0,0,0,1
Land for Sale - Rs 56 Lakh Per Aana,Land,"Sanothimi  Madhyapur Thimi, Bhaktapur",44800000.0,0,0,0,0,0,1,0,0,0,0,0,0,0,1
Land for Sale - Rs 2 Crore 50 Lakh 2 aana 2 paisa,Land,"Pepsicola  Select Municipality, Lalitpur",25000000.0,0,0,0,0,0,1,0,0,0,0,0,0,0,1
Land for Sale - Rs 2 Crore 20 Lakh,Land,"Imadol  Lalitpur Metropolis, Lalitpur",22000000.0,0,0,0,0,0,1,0,0,0,0,0,0,0,1
Land for Sale - Rs 39 Lakh Per Aana,Land,"Harisiddhi  Lalitpur Metropolis, Lalitpur",11700000.0,0,0,0,0,0,1,0,0,0,0,0,0,0,1
Land for Sale - Rs 3 Crore 8 Lakh,Land,"sunkhani 8 Shivapuri, Nuwakot",30800000.0,0,0,0,0,0,1,0,0,0,0,0,0,0,1
Land for Sale - Rs 45 Lakh,Land,"Ranipauwa 4 Kakani, Nuwakot",4500000.0,0,0,0,0,0,1,0,0,0,0,0,0,0,1
Land for Sale - Rs 20 Lakh,Land,"sunkhani 8 Shivapuri, Nuwakot",2000000.0,0,0,0,0,0,1,0,0,0,0,0,0,0,1
Land for Sale - Rs 59 Lakh Per Aana,Land,"sanothimi  Madhyapur Thimi, Bhaktapur",29500000.0,0,0,0,0,0,1,0,0,0,0,0,0,0,1
Land for Sale - Rs 27 Lakh Per Aana,Land,"Godamchaur 1 Godawari, Lalitpur",9450039.444850257,0,0,0,0,0,1,0,0,0,0,0,0,0,1
Land for Sale - Rs 2 Crore 75 Lakh,Land,"Tokha  Tokha, Kathmandu",27500000.0,0,0,0,0,0,1,0,0,0,0,0,0,0,1
Land for Sale - Rs 65 Lakh Per Aana,Land,"Samakhusi  Kathmandu Metropolis, Kathmandu",26000000.0,0,0,0,0,0,1,0,0,0,0,0,0,0,1
Land for Sale - Rs 30 Lakh Per Aana,Land,"tokha  Tokha, Kathmandu",9000000.0,0,0,0,0,0,1,0,0,0,0,0,0,0,1
Land for Sale - Rs 35 Lakh Per Aana,Land,"Mulpani  Kathmandu Metropolis, Kathmandu",14000000.0,0,0,0,0,0,1,0,0,0,0,0,0,0,1
Land for Sale - Rs 3 Crore 85 Lakh,Land,"Baidam 6 Pokhara Metropolis, Kaski",38500000.0,0,0,0,0,0,1,0,0,0,0,0,0,0,1
Land for Sale - Rs 2 Crore 80 Lakh,Land,"Ganeshthan 11 Tokha, Kathmandu",28000000.0,0,0,0,0,0,1,0,0,0,0,0,0,0,1
Land for Sale - Rs 65 Lakh Per Aana,Land,"Sanothimi  Madhyapur Thimi, Bhaktapur",26000000.0,0,0,0,0,0,1,0,0,0,0,0,0,0,1
Land for Sale - Rs 26 Lakh Per Aana,Land,"Sirutar  Madhyapur Thimi, Bhaktapur",13324990.50401753,0,0,0,0,0,1,0,0,0,0,0,0,0,1
Land for Sale - Rs 58 Lakh Per Aana,Land,"Sanothimi  Madhyapur Thimi, Bhaktapur",20300084.73338203,0,0,0,0,0,1,0,0,0,0,0,0,0,1
Land for Sale - Rs 57 Lakh Per Aana,Land,"Sanothimi  Madhyapur Thimi, Bhaktapur",28500000.0,0,0,0,0,0,1,0,0,0,0,0,0,0,1
Land for Sale - Rs 60 Lakh Per Aana,Land,"Debeshori futsal  Madhyapur Thimi, Bhaktapur",48000000.0,0,0,0,0,0,1,0,0,0,0,0,0,0,1
Land for Sale - Rs 65 Lakh Per Aana,Land,"Lokanthali  Madhyapur Thimi, Bhaktapur",22750094.959824692,0,0,0,0,0,1,0,0,0,0,0,0,0,1
Land for Sale - Rs 20 Lakh Per Aana,Land,"Kalanki  Kathmandu Metropolis, Kathmandu",10000000.0,0,0,0,0,0,1,0,0,0,0,0,0,0,1
Land for Sale - Rs 48 Lakh Per Aana,Land,"Hattiban  Lalitpur Metropolis, Lalitpur",21599929.87582177,0,0,0,0,0,1,0,0,0,0,0,0,0,1
Land for Sale - Rs 2 Crore 80 Lakh,Land,"miyapatan  13 Pokhara Metropolis, Kaski",28000000.0,0,0,0,0,0,1,0,0,0,0,0,0,0,1
Land for Sale - Rs 3 Crore 25 Lakh,Land,"Kusunti  Lalitpur Metropolis, Lalitpur",32500000.0,0,0,0,0,0,1,0,0,0,0,0,0,0,1
Land for Sale - Rs 37 Lakh Per Aana,Land,"Balkot  Madhyapur Thimi, Bhaktapur",14800000.0,0,0,0,0,0,1,0,0,0,0,0,0,0,1
Land for Sale - Rs 45 Lakh Per Aana,Land,"Imadol  Lalitpur Metropolis, Lalitpur",14343725.346968591,0,0,0,0,0,1,0,0,0,0,0,0,0,1
Land for Sale - Rs 55 Lakh Per Aana,Land,"Balkot  Kathmandu Metropolis, Kathmandu",13749919.64937911,0,0,0,0,0,1,0,0,0,0,0,0,0,1
Land for Sale - Rs 40 Lakh Per Aana,Land,"Imadol 4 Mahalaxmi, Lalitpur",24000000.0,0,0,0,0,0,1,0,0,0,0,0,0,0,1
Land for Sale - Rs 40 Lakh Per Aana,Land,"Sanagaun  Lalitpur Metropolis, Lalitpur",12999970.781592404,0,0,0,0,0,1,0,0,0,0,0,0,0,1
Land for Sale - Rs 3 Crore 15 Lakh,Land,"Imadol -1 Mahalaxmi, Lalitpur",31500000.0,0,0,0,0,0,1,0,0,0,0,0,0,0,1
Land for Sale - Rs 26 Lakh Per Aana,Land,"Duwakot  Madhyapur Thimi, Bhaktapur",10400000.0,0,0,0,0,0,1,0,0,0,0,0,0,0,1
Land for Sale - Rs 44 Lakh Per Aana,Land,"Kausaltar  Madhyapur Thimi, Bhaktapur",10999935.719503287,0,0,0,0,0,1,0,0,0,0,0,0,0,1
Land for Sale - Rs 55 Lakh Per Aana,Land,"Bhaisepati  Lalitpur Metropolis, Lalitpur",22000000.0,0,0,0,0,0,1,0,0,0,0,0,0,0,1
Land for Sale - Rs 4 Crore 40 Lakh,Land,"Bhangal  Budhanilkantha, Kathmandu",44000000.0,0,0,0,0,0,1,0,0,0,0,0,0,0,1
Land for Sale - Rs 4 Crore 95 Lakh,Land,"Imadol  Lalitpur Metropolis, Lalitpur",49500000.0,0,0,0,0,0,1,0,0,0,0,0,0,0,1
Land for Sale - Rs 50 Lakh Per Aana,Land,"Tokha  Kathmandu Metropolis, Kathmandu",20000000.0,0,0,0,0,0,1,0,0,0,0,0,0,0,1
Land for Sale - Rs 30 Lakh Per Aana,Land,"Dahachowk 1 Chandragiri, Kathmandu",12000000.0,0,0,0,0,0,1,0,0,0,0,0,0,0,1
Land for Sale - Rs 32 Lakh Per Aana,Land,"Dahachowk  Chandragiri, Kathmandu",11200046.749452155,0,0,0,0,0,1,0,0,0,0,0,0,0,1
Land for Sale - Rs 55 Lakh Per Aana,Land,"Nikosera  Madhyapur Thimi, Bhaktapur",49500000.0,0,0,0,0,0,1,0,0,0,0,0,0,0,1
Land for Sale - Rs 4 Crore 20 Lakh,Land,"Sanothimi  Madhyapur Thimi, Bhaktapur",42000000.0,0,0,0,0,0,1,0,0,0,0,0,0,0,1
Land for Sale - Rs 1 Crore 65 Lakh,Land,"Imadol  Lalitpur Metropolis, Lalitpur",16500000.0,0,0,0,0,0,1,0,0,0,0,0,0,0,1
Land for Sale - Rs 55 Lakh Per Aana,Land,"Chapali  Budhanilkantha, Kathmandu",33000000.0,0,0,0,0,0,1,0,0,0,0,0,0,0,1
Land for Sale - Rs 65 Lakh Per Aana,Land,"Imadol  Lalitpur Metropolis, Lalitpur",37374857.56026297,0,0,0,0,0,1,0,0,0,0,0,0,0,1
Land for Sale - Rs 6 Crore 75 Lakh,Land,"Near Rai School  Kathmandu Metropolis, Kathmandu",67500000.0,0,0,0,0,0,1,0,0,0,0,0,0,0,1
Land for Sale - Rs 53 Lakh Per Aana,Land,"Tokha Height  Tokha, Kathmandu",15900000.0,0,0,0,0,0,1,0,0,0,0,0,0,0,1
Land for Sale - Rs 52 Lakh Per Aana,Land,"Bhaisepati  Lalitpur Metropolis, Lalitpur",31200000.0,0,0,0,0,0,1,0,0,0,0,0,0,0,1
Land for Sale - Rs 43 Lakh Per Aana,Land,"Kausaltar  Madhyapur Thimi, Bhaktapur",29024905.770635497,0,0,0,0,0,1,0,0,0,0,0,0,0,1
Land for Sale - Rs 38 Lakh Per Aana,Land,"Tokha  Budhanilkantha, Kathmandu",19000000.0,0,0,0,0,0,1,0,0,0,0,0,0,0,1
Land for Sale - Rs 1 Crore 65 Lakh,Land,"sallaghari  Suryabinayak, Bhaktapur",16500000.0,0,0,0,0,0,1,0,0,0,0,0,0,0,1
Land for Sale - Rs 50 Lakh Per Aana,Land,"Imadol 1 Mahalaxmi, Lalitpur",20000000.0,0,0,0,0,0,1,0,0,0,0,0,0,0,1
Land for Sale - Rs 5 Crore 25 Lakh,Land,"Gongabu  Budhanilkantha, Kathmandu",52500000.0,0,0,0,0,0,1,0,0,0,0,0,0,0,1
Land for Sale - Rs 1 Crore 65 Lakh,Land,"Balkot  Changunarayan, Bhaktapur",16500000.0,0,0,0,0,0,1,0,0,0,0,0,0,0,1
Land for Sale - Rs 43 Lakh Per Aana,Land,"Hattigauda  Budhanilkantha, Kathmandu",18274968.59021183,0,0,0,0,0,1,0,0,0,0,0,0,0,1
Land for Sale - Rs 58 Lakh Per Aana,Land,"Bhaisepati  Lalitpur Metropolis, Lalitpur",30449957.633308984,0,0,0,0,0,1,0,0,0,0,0,0,0,1
Land for Sale - Rs 43 Lakh Per Aana,Land,"Balkot  Madhyapur Thimi, Bhaktapur",16662390.065741416,0,0,0,0,0,1,0,0,0,0,0,0,0,1
House for Sale - Rs 3 Crore 70 Lakh,House,"Dhumbarahi 4 Kathmandu Metropolis, Kathmandu",37000000.0,0,0,0,0,1,0,0,0,0,0,0,0,0,1
Land for Sale - Rs 4 Crore 25 Lakh,Land,"Balkot -2 Select Municipality, Bhaktapur",42500000.0,0,0,0,0,0,1,0,0,0,0,0,0,0,1
Land for Sale - Rs 2 Crore 40 Lakh,Land,"Thimi  Madhyapur Thimi, Bhaktapur",24000000.0,0,0,0,0,0,1,0,0,0,0,0,0,0,1
Land for Sale - Rs 3 Crore 30 Lakh,Land,"Sanagaun 6 Mahalaxmi, Lalitpur",33000000.0,0,0,0,0,0,1,0,0,0,0,0,0,0,1
Land for Sale - Rs 2 Crore 30 Lakh,Land,"Dadhikot  Changunarayan, Bhaktapur",23000000.0,0,0,0,0,0,1,0,0,0,0,0,0,0,1
Land for Sale - Rs 47 Lakh Per Aana,Land,"Hattigauda  Budhanilkantha, Kathmandu",18800000.0,0,0,0,0,0,1,0,0,0,0,0,0,0,1
Land for Sale - Rs 43 Lakh Per Aana,Land,"Mulpani  Kathmandu Metropolis, Kathmandu",28487421.475529585,0,0,0,0,0,1,0,0,0,0,0,0,0,1
Land for Sale - Rs 2 Crore Per Aana,Land,"Harisiddhi, Lalitpur  Mahalaxmi, Lalitpur",80000000.0,0,0,0,0,0,1,0,0,0,0,0,0,0,1
Land for Sale - Rs 8 Crore 75 Lakh,Land,"Budhanilkantha  Kathmandu Metropolis, Kathmandu",87500000.0,0,0,0,0,0,1,0,0,0,0,0,0,0,1
Land for Sale - Rs 62 Lakh Per Aana,Land,"Pepsicola  Kathmandu Metropolis, Kathmandu",35649864.134404674,0,0,0,0,0,1,0,0,0,0,0,0,0,1
Land for Sale - Rs 2 Crore 30 Lakh,Land,"Imadol  Lalitpur Metropolis, Lalitpur",23000000.0,0,0,0,0,0,1,0,0,0,0,0,0,0,1
Land for Sale - Rs 4 Crore 55 Lakh,Land,"Imadol  Lalitpur Metropolis, Lalitpur",45500000.0,0,0,0,0,0,1,0,0,0,0,0,0,0,1
Land for Sale - Rs 37 Lakh Per Aana,Land,"Nikosera  Madhyapur Thimi, Bhaktapur",33300000.0,0,0,0,0,0,1,0,0,0,0,0,0,0,1
Land for Sale - Rs 4 Crore 20 Lakh,Land,"Budhanilkantha  Kathmandu Metropolis, Kathmandu",42000000.0,0,0,0,0,0,1,0,0,0,0,0,0,0,1
Land for Sale - Rs 40 Lakh Per Aana,Land,"kausaltar  Madhyapur Thimi, Bhaktapur",16000000.0,0,0,0,0,0,1,0,0,0,0,0,0,0,1
Land for Sale - Rs 3 Crore 5 Lakh,Land,"Budhanilkantha  Budhanilkantha, Kathmandu",30500000.0,0,0,0,0,0,1,0,0,0,0,0,0,0,1
Land for Sale - Rs 52 Lakh Per Aana,Land,"Lokanthali  Madhyapur Thimi, Bhaktapur",20800000.0,0,0,0,0,0,1,0,0,0,0,0,0,0,1
Land for Sale - Rs 60 Lakh Per Aana,Land,"Suncity  Kageshwori, Kathmandu",24000000.0,0,0,0,0,0,1,0,0,0,0,0,0,0,1
Land for Sale - Rs 1 Crore 65 Lakh,Land,"Salaghari  Suryabinayak, Bhaktapur",16500000.0,0,0,0,0,0,1,0,0,0,0,0,0,0,1
Land for Sale - Rs 28 Lakh Per Aana,Land,"Balkot  Suryabinayak, Bhaktapur",11760000.0,0,0,0,0,0,1,0,0,0,0,0,0,0,1
Land for Sale - Rs 50 Lakh Per Aana,Land,"Balkot  Suryabinayak, Bhaktapur",20000000.0,0,0,0,0,0,1,0,0,0,0,0,0,0,1
Land for Sale - Rs 15 Lakh Per Aana,Land,"Dhachowk, Thankot 01 Chandragiri, Kathmandu",23864134.404674947,0,0,0,0,0,1,0,0,0,0,0,0,0,1
Land for Sale - Rs 20 Lakh Per Aana,Land,"Dukuchhap, Karyabinayak 02 Lalitpur Metropolis, Lalitpur",10000000.0,0,0,0,0,0,1,0,0,0,0,0,0,0,1
Land for Sale - Rs 3 Crore 30 Lakh,Land,"Matatirtha 8 Chandragiri, Kathmandu",33000000.0,0,0,0,0,0,1,0,0,0,0,0,0,0,1
Land for Sale - Rs 58 Lakh Per Aana,Land,"Ghathaghar  Suryabinayak, Bhaktapur",34800000.0,0,0,0,0,0,1,0,0,0,0,0,0,0,1
Land for Sale - Rs 3 Crore,Land,"dillibazar 29 Kathmandu Metropolis, Kathmandu",30000000.0,0,0,0,0,0,1,0,0,0,0,0,0,0,1
Land for Sale - Rs 75 Lakh Per Aana,Land,"Baluwatar 04 Kathmandu Metropolis, Kathmandu",26250109.56902849,0,0,0,0,0,1,0,0,0,0,0,0,0,1
Land for Sale - Rs 45 Lakh Per Aana,Land,"Pasikot  Budhanilkantha, Kathmandu",20655032.870708548,0,0,0,0,0,1,0,0,0,0,0,0,0,1
Land for Sale - Rs 3 Crore 30 Lakh,Land,"Baluwatar 4 Kathmandu Metropolis, Kathmandu",33000000.0,0,0,0,0,0,1,0,0,0,0,0,0,0,1
Land for Sale - Rs 2 Crore 80 Lakh,Land,"Lubhu  Mahalaxmi, Lalitpur",28000000.0,0,0,0,0,0,1,0,0,0,0,0,0,0,1
Land for Sale - Rs 55 Lakh Per Aana,Land,"Kalanki  Kathmandu Metropolis, Kathmandu",71500000.0,0,0,0,0,0,1,0,0,0,0,0,0,0,1
Land for Sale - Rs 2 Crore 70 Lakh,Land,"Sanagaun  Mahalaxmi, Lalitpur",27000000.0,0,0,0,0,0,1,0,0,0,0,0,0,0,1
Land for Sale - Rs 40 Lakh Per Aana,Land,"Sanothimi  Madhyapur Thimi, Bhaktapur",24000000.0,0,0,0,0,0,1,0,0,0,0,0,0,0,1
Land for Sale - Rs 63 Lakh Per Aana,Land,"Divyeshwori  Madhyapur Thimi, Bhaktapur",34650092.03798393,0,0,0,0,0,1,0,0,0,0,0,0,0,1
Land for Sale - Rs 37 Lakh Per Aana,Land,"Mulpani  Kathmandu Metropolis, Kathmandu",29600000.0,0,0,0,0,0,1,0,0,0,0,0,0,0,1
Land for Sale - Rs 38 Lakh Per Aana,Land,"Sanagaun  Lalitpur Metropolis, Lalitpur",13299944.485025564,0,0,0,0,0,1,0,0,0,0,0,0,0,1
Land for Sale - Rs 3 Crore 75 Lakh,Land,"Balkot  Suryabinayak, Bhaktapur",37500000.0,0,0,0,0,0,1,0,0,0,0,0,0,0,1
Land for Sale - Rs 65 Lakh Per Aana,Land,"Imadol  Lalitpur Metropolis, Lalitpur",58500000.0,0,0,0,0,0,1,0,0,0,0,0,0,0,1
Land for Sale - Rs 55 Lakh Per Aana,Land,"basundhara   Kathmandu Metropolis, Kathmandu",19250080.350620892,0,0,0,0,0,1,0,0,0,0,0,0,0,1
Land for Sale - Rs 5 Crore 10 Lakh,Land,"Imadol | Sital Height Pharmacy 0 Mahalaxmi, Lalitpur",51000000.0,0,0,0,0,0,1,0,0,0,0,0,0,0,1
Land for Sale - Rs 2 Lakh 70 Thousand Per Dhur,Land,"Bhairahawa 09 Siddharthanagar, Rupandehi",29430000.0,0,0,0,0,0,1,0,0,0,0,0,0,0,1
Land for Sale - Rs 5 Lakh 50 Thousand Per Dhur,Land,"Bhairahawa 09 Siddharthanagar, Rupandehi",6600000.0,0,0,0,0,0,1,0,0,0,0,0,0,0,1
Land for Sale - Rs 4 Crore 65 Lakh,Land,"Imadol | Sital Height 2 Mahalaxmi, Lalitpur",46500000.0,0,0,0,0,0,1,0,0,0,0,0,0,0,1
Land for Sale - Rs 4 Crore 15 Lakh,Land,"Tempo Park 3 Mahalaxmi, Lalitpur",41500000.0,0,0,0,0,0,1,0,0,0,0,0,0,0,1
Land for Sale - Rs 4 Lakh Per Dhur,Land,"Rajpur-Geta 7 Godawari, Seti, Kailali",17600000.0,0,0,0,0,0,1,0,0,0,0,0,0,0,1
Land for Sale - Rs 3 Crore 50 Lakh,Land,"Pawan Prakriti school 04 Mahalaxmi, Lalitpur",35000000.0,0,0,0,0,0,1,0,0,0,0,0,0,0,1
Land for Sale - Rs 1 Crore 50 Lakh,Land,"Motichowk 7 Dhangadhi, Kailali",15000000.0,0,0,0,0,0,1,0,0,0,0,0,0,0,1
Land for Sale - Rs 2 Crore 90 Lakh,Land,"Imadol | Pawan Prakriti School 05 Mahalaxmi, Lalitpur",29000000.0,0,0,0,0,0,1,0,0,0,0,0,0,0,1
Land for Sale - Rs 2 Crore 35 Lakh,Land,"imadol  Mahalaxmi, Lalitpur",23500000.0,0,0,0,0,0,1,0,0,0,0,0,0,0,1
Land for Sale - Rs 65 Lakh Per Aana,Land,"imadol  Mahalaxmi, Lalitpur",26000000.0,0,0,0,0,0,1,0,0,0,0,0,0,0,1
Land for Sale - Rs 1 Crore 250000,Land,"Vays 4  4 Vyas, Tanahun",10000000.0,0,0,0,0,0,1,0,0,0,0,0,0,0,1
Land for Sale - Rs 23 Lakh Per Aana,Land,"Sudal, chayamasingh  03 Chyamasingh, Bhaktapur",41400000.0,0,0,0,0,0,1,0,0,0,0,0,0,0,1
Land for Sale - Rs 3 Crore 25 Lakh,Land,"Manmaiju 11 Tarakeshor, Kathmandu",32500000.0,0,0,0,0,0,1,0,0,0,0,0,0,0,1
Land for Sale - Rs 2 Crore 35 Lakh,Land,"Imadol -2 Mahalaxmi, Lalitpur",23500000.0,0,0,0,0,0,1,0,0,0,0,0,0,0,1
Land for Sale - Rs 3 Crore 30 Lakh,Land,"Hattiban  Lalitpur Metropolis, Lalitpur",33000000.0,0,0,0,0,0,1,0,0,0,0,0,0,0,1
Land for Sale - Rs 4 Crore,Land,"Imadol -1 Mahalaxmi, Lalitpur",40000000.0,0,0,0,0,0,1,0,0,0,0,0,0,0,1
Land for Sale - Rs 2 Crore 80 Lakh,Land,"Hattiban  Lalitpur Metropolis, Lalitpur",28000000.0,0,0,0,0,0,1,0,0,0,0,0,0,0,1
Land for Sale - Rs 2 Crore 40 Lakh,Land,"Tikathali 1 Mahalaxmi, Lalitpur",24000000.0,0,0,0,0,0,1,0,0,0,0,0,0,0,1
Land for Sale - Rs 3 Crore 25 Lakh,Land,"Tikathali 4 Mahalaxmi, Lalitpur",32500000.0,0,0,0,0,0,1,0,0,0,0,0,0,0,1
Land for Sale - Rs 1 Crore 55 Lakh Per Aana,Land,"Balkhu 14 Kathmandu Metropolis, Kathmandu",46500000.0,0,0,0,0,0,1,0,0,0,0,0,0,0,1
Land for Sale - Rs 65 Lakh Per Aana,Land,"Imadol  Lalitpur Metropolis, Lalitpur",26000000.0,0,0,0,0,0,1,0,0,0,0,0,0,0,1
Land for Sale - Rs 3 Crore 50 Lakh,Land,"Imadol | Sital Height pharmacy 04 Mahalaxmi, Lalitpur",35000000.0,0,0,0,0,0,1,0,0,0,0,0,0,0,1
Land for Sale - Rs 2 Crore 25 Lakh,Land,"Tempo Park 04 Mahalaxmi, Lalitpur",22500000.0,0,0,0,0,0,1,0,0,0,0,0,0,0,1
Land for Rent - Rs 35 Lakh Per Aana,Land,"Mulpani  Kageshwori Manohara, Kathmandu",14000000.0,0,0,0,0,0,1,0,0,0,0,0,0,0,0
Land for Sale - Rs 3 Crore 40 Lakh,Land,"Balkot  Madhyapur Thimi, Bhaktapur",34000000.0,0,0,0,0,0,1,0,0,0,0,0,0,0,1
Land for Sale - Rs 58 Lakh Per Aana,Land,"Pepsicola  Kathmandu Metropolis, Kathmandu",21749872.899926953,0,0,0,0,0,1,0,0,0,0,0,0,0,1
Land for Sale - Rs 31 Lakh Per Aana,Land,"Chunikhel 13 Budhanilkantha, Kathmandu",12400000.0,0,0,0,0,0,1,0,0,0,0,0,0,0,1
Land for Sale - Rs 3 Crore 50 Lakh,Land,"Imadol | Pawan Prakriti school 04 Mahalaxmi, Lalitpur",35000000.0,0,0,0,0,0,1,0,0,0,0,0,0,0,1
Land for Sale - Rs 4 Crore 45 Lakh,Land,"Imadol | Cozy home  Mahalaxmi, Lalitpur",44500000.0,0,0,0,0,0,1,0,0,0,0,0,0,0,1
Land for Sale - Rs 30 Lakh Per Aana,Land,"Nakhipot 25 Lalitpur Metropolis, Lalitpur",47728268.809349895,0,0,0,0,0,1,0,0,0,0,0,0,0,1
Land for Sale - Rs 28 Lakh Per Aana,Land,"Lubhu  Lalitpur Metropolis, Lalitpur",11200000.0,0,0,0,0,0,1,0,0,0,0,0,0,0,1
Land for Sale - Rs 55 Lakh Per Aana,Land,"Ghathaghar  Madhyapur Thimi, Bhaktapur",22000000.0,0,0,0,0,0,1,0,0,0,0,0,0,0,1
Land for Sale - Rs 48 Lakh Per Aana,Land,"Imadol  Lalitpur Metropolis, Lalitpur",38400000.0,0,0,0,0,0,1,0,0,0,0,0,0,0,1
Land for Sale - Rs 70 Lakh Per Aana,Land,"Dhumbarahi  Kathmandu Metropolis, Kathmandu",49000000.0,0,0,0,0,0,1,0,0,0,0,0,0,0,1
Land for Sale - Rs 2 Crore 50 Lakh,Land,"Mulpani  Kathmandu Metropolis, Kathmandu",25000000.0,0,0,0,0,0,1,0,0,0,0,0,0,0,1
Land for Sale - Rs 3 Crore 45 Lakh,Land,"Imadol | Bhadrakali Petrol Pump  Mahalaxmi, Lalitpur",34500000.0,0,0,0,0,0,1,0,0,0,0,0,0,0,1
Land for Sale - Rs 40 Lakh Per Aana,Land,"Tersatar  Madhyapur Thimi, Bhaktapur",16000000.0,0,0,0,0,0,1,0,0,0,0,0,0,0,1
Land for Sale - Rs 4 Crore 80 Lakh,Land,"Dholahiti  Lalitpur Metropolis, Lalitpur",48000000.0,0,0,0,0,0,1,0,0,0,0,0,0,0,1
Land for Sale - Rs 2 Crore 80 Lakh,Land,"Baikunthapuri Aawas 10 Tokha, Kathmandu",28000000.0,0,0,0,0,0,1,0,0,0,0,0,0,0,1
Land for Sale - Rs 3 Crore 95 Lakh,Land,"Shirjana 10 Tokha, Kathmandu",39500000.0,0,0,0,0,0,1,0,0,0,0,0,0,0,1
Land for Sale - Rs 2 Crore 60 Lakh,Land,"Dhalmal 3 Tokha, Kathmandu",26000000.0,0,0,0,0,0,1,0,0,0,0,0,0,0,1
Land for Sale - Rs 4 Crore 25 Lakh,Land,"Khumaltar  Lalitpur Metropolis, Lalitpur",42500000.0,0,0,0,0,0,1,0,0,0,0,0,0,0,1
Land for Sale - Rs 2 Crore 35 Lakh,Land,"Tikathali | Bhatbhateni 06 Mahalaxmi, Lalitpur",23500000.0,0,0,0,0,0,1,0,0,0,0,0,0,0,1
Land for Sale - Rs 55 Lakh Per Aana,Land,"Sanothimi  Madhyapur Thimi, Bhaktapur",27500000.0,0,0,0,0,0,1,0,0,0,0,0,0,0,1
Land for Sale - Rs 3 Crore 50 Lakh,Land,"Imadol | Sital Height pharmacy  Mahalaxmi, Lalitpur",35000000.0,0,0,0,0,0,1,0,0,0,0,0,0,0,1
Land for Sale - Rs 5 Crore 95 Lakh,Land,"Baniyatar 8 Tokha, Kathmandu",59500000.0,0,0,0,0,0,1,0,0,0,0,0,0,0,1
Land for Sale - Rs 70 Lakh Per Aana,Land,"sukedhara   Kathmandu Metropolis, Kathmandu",38500102.26442659,0,0,0,0,0,1,0,0,0,0,0,0,0,1
Land for Sale - Rs 2 Crore 65 Lakh,Land,"Imadol  Mahalaxmi, Lalitpur",26500000.0,0,0,0,0,0,1,0,0,0,0,0,0,0,1
Land for Sale - Rs 3 Crore 40 Lakh,Land,"Suntol  Godawari, Lalitpur",34000000.0,0,0,0,0,0,1,0,0,0,0,0,0,0,1
Land for Sale - Rs 2 Crore 35 Lakh,Land,"Tikathali  Mahalaxmi, Lalitpur",23500000.0,0,0,0,0,0,1,0,0,0,0,0,0,0,1
Land for Sale - Rs 2 Crore 80 Lakh,Land,"Kusunti  Lalitpur Metropolis, Lalitpur",28000000.0,0,0,0,0,0,1,0,0,0,0,0,0,0,1
Land for Sale - Rs 3 Crore 65 Lakh,Land,"Lalitpur, Imadol 03 Mahalaxmi, Lalitpur",36500000.0,0,0,0,0,0,1,0,0,0,0,0,0,0,1
Land for Sale - Rs 1 Crore 60 Lakh,Land,"Hiledol 10 Tarakeshwor, Kathmandu",16000000.0,0,0,0,0,0,1,0,0,0,0,0,0,0,1
Land for Sale - Rs 50 Lakh Per Aana,Land,"Thimi  Madhyapur Thimi, Bhaktapur",35000000.0,0,0,0,0,0,1,0,0,0,0,0,0,0,1
Land for Sale - Rs 40 Lakh Per Aana,Land,"Thimi  Madhyapur Thimi, Bhaktapur",24000000.0,0,0,0,0,0,1,0,0,0,0,0,0,0,1
Land for Sale - Rs 2 Crore 20 Lakh,Land,"Imadol  Mahalaxmi, Lalitpur",22000000.0,0,0,0,0,0,1,0,0,0,0,0,0,0,1
Land for Sale - Rs 4 Crore 75 Lakh,Land,"sukedhara  Kathmandu Metropolis, Kathmandu",47500000.0,0,0,0,0,0,1,0,0,0,0,0,0,0,1
Land for Sale - Rs 50 Lakh Per Aana,Land,"Imadol  Lalitpur Metropolis, Lalitpur",20000000.0,0,0,0,0,0,1,0,0,0,0,0,0,0,1
Land for Sale - Rs 2 Crore 95 Lakh,Land,"Dhapakhel  Lalitpur Metropolis, Lalitpur",29500000.0,0,0,0,0,0,1,0,0,0,0,0,0,0,1
Land for Sale - Rs 70 Lakh Per Aana,Land,"Bansbari 3 Kathmandu Metropolis, Kathmandu",28000000.0,0,0,0,0,0,1,0,0,0,0,0,0,0,1
Land for Sale - Rs 30 Lakh Per Aana,Land,"Imadol  Lalitpur Metropolis, Lalitpur",9000000.0,0,0,0,0,0,1,0,0,0,0,0,0,0,1
Land for Sale - Rs 50 Lakh Per Aana,Land,"Imadol  Lalitpur Metropolis, Lalitpur",15000000.0,0,0,0,0,0,1,0,0,0,0,0,0,0,1
Land for Sale - Rs 4 Crore 40 Lakh,Land,"Bhangal height  Budhanilkantha, Kathmandu",44000000.0,0,0,0,0,0,1,0,0,0,0,0,0,0,1
Land for Sale - Rs 3 Crore,Land,"Dhalmal 3 Tokha, Kathmandu",30000000.0,0,0,0,0,0,1,0,0,0,0,0,0,0,1
Land for Sale - Rs 1 Crore 70 Lakh,Land,"Dhaneshwor 3 Tokha, Kathmandu",17000000.0,0,0,0,0,0,1,0,0,0,0,0,0,0,1
Land for Sale - Rs 3 Crore 20 Lakh,Land,"Gairigaun 3 Tokha, Kathmandu",32000000.0,0,0,0,0,0,1,0,0,0,0,0,0,0,1
Land for Sale - Rs 2 Crore 90 Lakh,Land,"Dhaneshwor 3 Tokha, Kathmandu",29000000.0,0,0,0,0,0,1,0,0,0,0,0,0,0,1
Land for Sale - Rs 1 Crore 65 Lakh,Land,"Baluwapati 3 Tokha, Kathmandu",16500000.0,0,0,0,0,0,1,0,0,0,0,0,0,0,1
Land for Sale - Rs 3 Crore 40 Lakh,Land,"Baluwapati 3 Tokha, Kathmandu",34000000.0,0,0,0,0,0,1,0,0,0,0,0,0,0,1
Land for Sale - Rs 2 Crore 80 Lakh,Land,"Dhaneshwor 3 Tokha, Kathmandu",28000000.0,0,0,0,0,0,1,0,0,0,0,0,0,0,1
Land for Sale - Rs 5 Crore 55 Lakh,Land,"Imadol  Mahalaxmi, Lalitpur",55500000.0,0,0,0,0,0,1,0,0,0,0,0,0,0,1
Land for Sale - Rs 6 Crore 50 Lakh,Land,"Imadol  Mahalaxmi, Lalitpur",65000000.0,0,0,0,0,0,1,0,0,0,0,0,0,0,1
Land for Sale - Rs 1 Crore 40 Lakh,Land,"Imadol  Mahalaxmi, Lalitpur",14000000.0,0,0,0,0,0,1,0,0,0,0,0,0,0,1
Land for Sale - Rs 3 Crore 50 Lakh,Land,"Imadol  Mahalaxmi, Lalitpur",35000000.0,0,0,0,0,0,1,0,0,0,0,0,0,0,1
Land for Sale - Rs 7 Crore 95 Lakh,Land,"Imadol, Lalitpur  Mahalaxmi, Lalitpur",79500000.0,0,0,0,0,0,1,0,0,0,0,0,0,0,1
Land for Sale - Rs 40 Lakh Per Aana,Land,"Bode  Madhyapur Thimi, Bhaktapur",16000000.0,0,0,0,0,0,1,0,0,0,0,0,0,0,1
Land for Sale - Rs 46 Lakh Per Aana,Land,"Kausaltar  Madhyapur Thimi, Bhaktapur",13800000.0,0,0,0,0,0,1,0,0,0,0,0,0,0,1
Land for Sale - Rs 3 Crore 30 Lakh,Land,"Imadol 6 Mahalaxmi, Lalitpur",33000000.0,0,0,0,0,0,1,0,0,0,0,0,0,0,1
Land for Sale - Rs 4 Crore 55 Lakh,Land,"Imadol 3 Mahalaxmi, Lalitpur",45500000.0,0,0,0,0,0,1,0,0,0,0,0,0,0,1
Land for Sale - Rs 1 Crore 99 Lakh,Land,"Sanagaun  Mahalaxmi, Lalitpur",19900000.0,0,0,0,0,0,1,0,0,0,0,0,0,0,1
Land for Sale - Rs 1 Crore 90 Lakh,Land,"Imadol 6 Mahalaxmi, Lalitpur",19000000.0,0,0,0,0,0,1,0,0,0,0,0,0,0,1
Land for Sale - Rs 45 Lakh Per Aana,Land,"Hattigauda  Budhanilkantha, Kathmandu",18000000.0,0,0,0,0,0,1,0,0,0,0,0,0,0,1
Land for Sale - Rs 7 Crore 60 Lakh,Land,"Mansa devi cloney  Budhanilkantha, Kathmandu",76000000.0,0,0,0,0,0,1,0,0,0,0,0,0,0,1
Land for Sale - Rs 61 Lakh Per Aana,Land,"Kimdol, Swayambhu 14 Kathmandu Metropolis, Kathmandu",35074866.32578525,0,0,0,0,0,1,0,0,0,0,0,0,0,1
Land for Sale - Rs 42 Lakh Per Aana,Land,"Kausaltar  Madhyapur Thimi, Bhaktapur",29400000.0,0,0,0,0,0,1,0,0,0,0,0,0,0,1
Land for Sale - Rs 36 Lakh Per Aana,Land,"Sanagaun  Lalitpur Metropolis, Lalitpur",14400000.0,0,0,0,0,0,1,0,0,0,0,0,0,0,1
Land for Sale - Rs 3 Crore 35 Lakh,Land,"Chunikhel  Budhanilkantha, Kathmandu",33500000.0,0,0,0,0,0,1,0,0,0,0,0,0,0,1
Land for Sale - Rs 1 Crore 80 Lakh,Land,"Darjeeling height  Madhyapur Thimi, Bhaktapur",18000000.0,0,0,0,0,0,1,0,0,0,0,0,0,0,1
Land for Sale - Rs 55 Lakh Per Aana,Land,"Kausaltar  Madhyapur Thimi, Bhaktapur",20624879.474068664,0,0,0,0,0,1,0,0,0,0,0,0,0,1
Land for Sale - Rs 38 Lakh Per Aana,Land,"Imadol  Lalitpur Metropolis, Lalitpur",15200000.0,0,0,0,0,0,1,0,0,0,0,0,0,0,1
Land for Sale - Rs 55 Lakh Per Aana,Land,"Sanepa 0 Lalitpur Metropolis, Lalitpur",77000000.0,0,0,0,0,0,1,0,0,0,0,0,0,0,1
Land for Sale - Rs 45 Lakh Per Aana,Land,"Kausaltar  Madhyapur Thimi, Bhaktapur",15750065.741417097,0,0,0,0,0,1,0,0,0,0,0,0,0,1
Land for Sale - Rs 21 Lakh Per Aana,Land,"Nagdah  Lalitpur Metropolis, Lalitpur",6300000.0,0,0,0,0,0,1,0,0,0,0,0,0,0,1
Land for Sale - Rs 42 Lakh Per Aana,Land,"Imadol  Lalitpur Metropolis, Lalitpur",12600000.0,0,0,0,0,0,1,0,0,0,0,0,0,0,1
Land for Sale - Rs 1 Crore 28 Lakh Per Aana,Land,"Lubhu  Lalitpur Metropolis, Lalitpur",51200000.0,0,0,0,0,0,1,0,0,0,0,0,0,0,1
Land for Sale - Rs 3 Crore 85 Lakh,Land,"Dholahiti  Lalitpur Metropolis, Lalitpur",38500000.0,0,0,0,0,0,1,0,0,0,0,0,0,0,1
Land for Sale - Rs 2 Crore 50 Lakh,Land,"Lubhu  Lalitpur Metropolis, Lalitpur",25000000.0,0,0,0,0,0,1,0,0,0,0,0,0,0,1
Land for Sale - Rs 27 Lakh Per Aana,Land,"Lubhu  Lalitpur Metropolis, Lalitpur",10800000.0,0,0,0,0,0,1,0,0,0,0,0,0,0,1
Land for Sale - Rs 26 Lakh Per Aana,Land,"Lubhu  Lalitpur Metropolis, Lalitpur",10562495.252008766,0,0,0,0,0,1,0,0,0,0,0,0,0,1
Land for Sale - Rs 50 Lakh Per Aana,Land,"Kausaltar  Madhyapur Thimi, Bhaktapur",25000000.0,0,0,0,0,0,1,0,0,0,0,0,0,0,1
Land for Sale - Rs 3 Crore 95 Lakh,Land,"Imadol  Lalitpur Metropolis, Lalitpur",39500000.0,0,0,0,0,0,1,0,0,0,0,0,0,0,1
Land for Sale - Rs 26 Crore 40 Lakh,Land,"Chhaling 0 Bhaktapur, Bhaktapur",264000000.0,0,0,0,0,0,1,0,0,0,0,0,0,0,1
Land for Sale - Rs 36 Lakh Per Aana,Land,"Lubhu  Lalitpur Metropolis, Lalitpur",14400000.0,0,0,0,0,0,1,0,0,0,0,0,0,0,1
Land for Sale - Rs 23 Lakh Per Aana,Land,"Sudal, 03, baghmara 03 Chayamasingh , Bhaktapur",20700000.0,0,0,0,0,0,1,0,0,0,0,0,0,0,1
Land for Sale - Rs 2 Crore 20 Lakh,Land,"Lubhu  Lalitpur Metropolis, Lalitpur",22000000.0,0,0,0,0,0,1,0,0,0,0,0,0,0,1
Land for Sale - Rs 62 Lakh Per Aana,Land,"Lokanthali  Madhyapur Thimi, Bhaktapur",37200000.0,0,0,0,0,0,1,0,0,0,0,0,0,0,1
Land for Sale - Rs 5 Crore 80 Lakh,Land,"Gothatar  Kathmandu Metropolis, Kathmandu",58000000.0,0,0,0,0,0,1,0,0,0,0,0,0,0,1
Land for Sale - Rs 43 Lakh Per Aana,Land,"Kausaltar  Madhyapur Thimi, Bhaktapur",25800000.0,0,0,0,0,0,1,0,0,0,0,0,0,0,1
Land for Sale - Rs 2 Crore 10 Lakh,Land,"Mulpani  Kathmandu Metropolis, Kathmandu",21000000.0,0,0,0,0,0,1,0,0,0,0,0,0,0,1
Land for Sale - Rs 35 Lakh Per Aana,Land,"Darjeeling height  Madhyapur Thimi, Bhaktapur",31500000.0,0,0,0,0,0,1,0,0,0,0,0,0,0,1
Land for Sale - Rs 50 Lakh Per Aana,Land,"Kausaltar  Madhyapur Thimi, Bhaktapur",30000000.0,0,0,0,0,0,1,0,0,0,0,0,0,0,1
Land for Sale - Rs 58 Lakh Per Aana,Land,"Ghathaghar  Madhyapur Thimi, Bhaktapur",31900084.73338203,0,0,0,0,0,1,0,0,0,0,0,0,0,1
Land for Sale - Rs 12 Crore,Land,"Bhaisepati  Lalitpur Metropolis, Lalitpur",120000000.0,0,0,0,0,0,1,0,0,0,0,0,0,0,1
Land for Sale - Rs 50 Lakh Per Aana,Land,"Balkot  Madhyapur Thimi, Bhaktapur",15000000.0,0,0,0,0,0,1,0,0,0,0,0,0,0,1
Land for Sale - Rs 3 Crore 95 Lakh,Land,"Imadol 4 Mahalaxmi, Lalitpur",39500000.0,0,0,0,0,0,1,0,0,0,0,0,0,0,1
Land for Sale - Rs 2 Crore 30 Lakh,Land,"Sitapakha  Lalitpur Metropolis, Lalitpur",23000000.0,0,0,0,0,0,1,0,0,0,0,0,0,0,1
Land for Sale - Rs 57 Lakh Per Aana,Land,"Sirutar  Madhyapur Thimi, Bhaktapur",35624958.36376917,0,0,0,0,0,1,0,0,0,0,0,0,0,1
Land for Sale - Rs 40 Lakh Per Aana,Land,"Gothatar  Kathmandu Metropolis, Kathmandu",16749978.086194305,0,0,0,0,0,1,0,0,0,0,0,0,0,1
Land for Sale - Rs 1 Crore 70 Lakh,Land,"Mulpani  Kathmandu Metropolis, Kathmandu",17000000.0,0,0,0,0,0,1,0,0,0,0,0,0,0,1
Land for Sale - Rs 40 Lakh,Land,"Helmet dada  Madhyapur Thimi, Bhaktapur",4000000.0,0,0,0,0,0,1,0,0,0,0,0,0,0,1
Land for Sale - Rs 3 Crore 35 Lakh,Land,"Budhanilkanth  Kathmandu Metropolis, Kathmandu",33500000.0,0,0,0,0,0,1,0,0,0,0,0,0,0,1
Land for Sale - Rs 28 Lakh Per Aana,Land,"Lubhu  Lalitpur Metropolis, Lalitpur",8400000.0,0,0,0,0,0,1,0,0,0,0,0,0,0,1
Land for Sale - Rs 6 Crore 10 Lakh,Land,"Baneshwor  Kathmandu Metropolis, Kathmandu",61000000.0,0,0,0,0,0,1,0,0,0,0,0,0,0,1
Land for Sale - Rs 2 Crore 75 Lakh,Land,"Nakhipot  Lalitpur Metropolis, Lalitpur",27500000.0,0,0,0,0,0,1,0,0,0,0,0,0,0,1
Land for Sale - Rs 80 Lakh Per Aana,Land,"Pepsicola  Kathmandu Metropolis, Kathmandu",40000000.0,0,0,0,0,0,1,0,0,0,0,0,0,0,1
Land for Sale - Rs 24 Lakh Per Aana,Land,"Sudal 8 Changunarayan, Bhaktapur",10799964.937910885,0,0,0,0,0,1,0,0,0,0,0,0,0,1
Land for Sale - Rs 4 Crore 35 Lakh,Land,"Imadol  Lalitpur Metropolis, Lalitpur",43500000.0,0,0,0,0,0,1,0,0,0,0,0,0,0,1
Land for Sale - Rs 2 Crore 75 Lakh,Land,"Tikathali 5 Mahalaxmi, Lalitpur",27500000.0,0,0,0,0,0,1,0,0,0,0,0,0,0,1
Land for Sale - Rs 2 Crore 50 Lakh,Land,"Tikathali -1 Lalitpur Metropolis, Lalitpur",25000000.0,0,0,0,0,0,1,0,0,0,0,0,0,0,1
Land for Sale - Rs 45 Lakh Per Aana,Land,"Tikathali 1 Lalitpur Metropolis, Lalitpur",16874901.38787436,0,0,0,0,0,1,0,0,0,0,0,0,0,1
Land for Sale - Rs 2 Crore 65 Lakh,Land,"Tikathali 0 Lalitpur Metropolis, Lalitpur",26500000.0,0,0,0,0,0,1,0,0,0,0,0,0,0,1
Land for Sale - Rs 2 Crore 25 Lakh,Land,"Tikathali 1 Lalitpur Metropolis, Lalitpur",22500000.0,0,0,0,0,0,1,0,0,0,0,0,0,0,1
Land for Sale - Rs 3 Crore 45 Lakh,Land,"200 meters from Alpha Supermarket 8 Budhanilkantha, Kathmandu",34500000.0,0,0,0,0,0,1,0,0,0,0,0,0,0,1
Land for Sale - Rs 43 Lakh Per Aana,Land,"Imadol  Lalitpur Metropolis, Lalitpur",16124905.7706355,0,0,0,0,0,1,0,0,0,0,0,0,0,1
Land for Sale - Rs 2 Crore 20 Lakh,Land,"Tikathali  Lalitpur Metropolis, Lalitpur",22000000.0,0,0,0,0,0,1,0,0,0,0,0,0,0,1
Land for Sale - Rs 4 Crore 95 Lakh,Land,"Imadol 3 Lalitpur Metropolis, Lalitpur",49500000.0,0,0,0,0,0,1,0,0,0,0,0,0,0,1
Land for Sale - Rs 5 Lakh Per Aana,Land,"Near Ashapuri Temple  8 Suryabinayak, Bhaktapur",6500000.0,0,0,0,0,0,1,0,0,0,0,0,0,0,1
Land for Sale - Rs 24 Lakh Per Aana,Land,"Dadhikot 3 Suryabinayak, Bhaktapur",13199964.937910885,0,0,0,0,0,1,0,0,0,0,0,0,0,1
Land for Sale - Rs 4 Crore 10 Lakh,Land,"Baniyatar 8 Tokha, Kathmandu",41000000.0,0,0,0,0,0,1,0,0,0,0,0,0,0,1
Land for Sale - Rs 58 Lakh Per Aana,Land,"Imadol  Lalitpur Metropolis, Lalitpur",50749872.89992695,0,0,0,0,0,1,0,0,0,0,0,0,0,1
Land for Sale - Rs 15 Crore,Land,"Budhanilkanth  Kathmandu Metropolis, Kathmandu",150000000.0,0,0,0,0,0,1,0,0,0,0,0,0,0,1
Land for Sale - Rs 40 Lakh Per Aana,Land,"Bhaisepati  Lalitpur Metropolis, Lalitpur",17999941.563184805,0,0,0,0,0,1,0,0,0,0,0,0,0,1
Land for Sale - Rs 32 Lakh Per Aana,Land,"Imadol  Lalitpur Metropolis, Lalitpur",8799929.875821767,0,0,0,0,0,1,0,0,0,0,0,0,0,1
Land for Sale - Rs 5 Crore 85 Lakh,Land,"Gothatar  Kathmandu Metropolis, Kathmandu",58500000.0,0,0,0,0,0,1,0,0,0,0,0,0,0,1
Land for Sale - Rs 3 Crore 85 Lakh,Land,"Gothatar  Kathmandu Metropolis, Kathmandu",38500000.0,0,0,0,0,0,1,0,0,0,0,0,0,0,1
Land for Sale - Rs 3 Crore 50 Lakh,Land,"Gothatar  Kathmandu Metropolis, Kathmandu",35000000.0,0,0,0,0,0,1,0,0,0,0,0,0,0,1
Land for Sale - Rs 23 Lakh Per Aana,Land,"Thimi  Madhyapur Thimi, Bhaktapur",6612441.1979547115,0,0,0,0,0,1,0,0,0,0,0,0,0,1
Land for Sale - Rs 2 Crore 65 Lakh,Land,"Tikathali  Lalitpur Metropolis, Lalitpur",26500000.0,0,0,0,0,0,1,0,0,0,0,0,0,0,1
Land for Sale - Rs 43 Lakh Per Aana,Land,"Sanothimi  Madhyapur Thimi, Bhaktapur",20424905.7706355,0,0,0,0,0,1,0,0,0,0,0,0,0,1
Land for Sale - Rs 50 Lakh Per Aana,Land,"Kausaltar  Madhyapur Thimi, Bhaktapur",15000000.0,0,0,0,0,0,1,0,0,0,0,0,0,0,1
Land for Sale - Rs 42 Lakh Per Aana,Land,"Tikathali  Lalitpur Metropolis, Lalitpur",12600000.0,0,0,0,0,0,1,0,0,0,0,0,0,0,1
Land for Sale - Rs 4 Crore 50 Lakh,Land,"lakeside 6 Pokhara Metropolis, Kaski",45000000.0,0,0,0,0,0,1,0,0,0,0,0,0,0,1
Land for Sale - Rs 1 Crore 45 Lakh,Land,"Lubhu  Mahalaxmi, Lalitpur",14500000.0,0,0,0,0,0,1,0,0,0,0,0,0,0,1
Land for Sale - Rs 1 Crore 55 Lakh,Land,"Lubhu  Mahalaxmi, Lalitpur",15500000.0,0,0,0,0,0,1,0,0,0,0,0,0,0,1
Land for Sale - Rs 3 Crore 95 Lakh,Land,"Bhangal height  Kathmandu Metropolis, Kathmandu",39500000.0,0,0,0,0,0,1,0,0,0,0,0,0,0,1
Land for Sale - Rs 2 Crore 55 Lakh,Land,"Kadaghari Durbar Cloney  Kathmandu Metropolis, Kathmandu",25500000.0,0,0,0,0,0,1,0,0,0,0,0,0,0,1
Land for Sale - Rs 1 Crore 75 Lakh,Land,"Mulpani  Kathmandu Metropolis, Kathmandu",17500000.0,0,0,0,0,0,1,0,0,0,0,0,0,0,1
Land for Sale - Rs 38 Lakh Per Aana,Land,"Hattiban  Lalitpur Metropolis, Lalitpur",17099944.485025566,0,0,0,0,0,1,0,0,0,0,0,0,0,1
Land for Sale - Rs 45 Lakh 10,Land,"Thulo gadi 16 Bharatpur, Chitwan",4500000.0,0,0,0,0,0,1,0,0,0,0,0,0,0,1
Land for Sale - Rs 37 Lakh Per Aana,Land,"Hattiban  Lalitpur Metropolis, Lalitpur",14800000.0,0,0,0,0,0,1,0,0,0,0,0,0,0,1
Land for Sale - Rs 5 Crore 50 Lakh,Land,"Shital height  Lalitpur Metropolis, Lalitpur",55000000.0,0,0,0,0,0,1,0,0,0,0,0,0,0,1
Land for Sale - Rs 3 Crore 90 Lakh,Land,"Bhaisepatti  Lalitpur Metropolis, Lalitpur",39000000.0,0,0,0,0,0,1,0,0,0,0,0,0,0,1
Land for Sale - Rs 4 Crore,Land,"Chabahil 7 Kathmandu Metropolis, Kathmandu",40000000.0,0,0,0,0,0,1,0,0,0,0,0,0,0,1
Land for Sale - Rs 50 Lakh Per Aana,Land,"Hattiban  Lalitpur Metropolis, Lalitpur",20000000.0,0,0,0,0,0,1,0,0,0,0,0,0,0,1
Land for Sale - Rs 36 Lakh Per Aana,Land,"Bode  Madhyapur Thimi, Bhaktapur",11924967.129291454,0,0,0,0,0,1,0,0,0,0,0,0,0,1
Land for Sale - Rs 7 Crore 60 Lakh,Land,"budhanilkanth  Kathmandu Metropolis, Kathmandu",76000000.0,0,0,0,0,0,1,0,0,0,0,0,0,0,1
Land for Sale - Rs 40 Lakh Per Aana,Land,"Imadol  Lalitpur Metropolis, Lalitpur",9999941.563184807,0,0,0,0,0,1,0,0,0,0,0,0,0,1
Land for Sale - Rs 2 Crore 50 Lakh,Land,"Nakkhiport  Lalitpur Metropolis, Lalitpur",25000000.0,0,0,0,0,0,1,0,0,0,0,0,0,0,1
Land for Sale - Rs 31 Lakh Per Aana,Land,"Duwakot  Madhyapur Thimi, Bhaktapur",15500000.0,0,0,0,0,0,1,0,0,0,0,0,0,0,1
Land for Sale - Rs 4 Crore 20 Lakh,Land,"Budhanilkanth  Kathmandu Metropolis, Kathmandu",42000000.0,0,0,0,0,0,1,0,0,0,0,0,0,0,1
Land for Sale - Rs 2 Crore 75 Lakh,Land,"badikhel  Godawari, Lalitpur",27500000.0,0,0,0,0,0,1,0,0,0,0,0,0,0,1
Land for Sale - Rs 36 Lakh Per Aana,Land,"Hattiban  Lalitpur Metropolis, Lalitpur",13499921.110299489,0,0,0,0,0,1,0,0,0,0,0,0,0,1
Land for Sale - Rs 4 Crore,Land,"Sanepa -2 Lalitpur Metropolis, Lalitpur",40000000.0,0,0,0,0,0,1,0,0,0,0,0,0,0,1
Land for Sale - Rs 44 Lakh Per Aana,Land,"Imadol  Lalitpur Metropolis, Lalitpur",19799935.719503287,0,0,0,0,0,1,0,0,0,0,0,0,0,1
Land for Sale - Rs 48 Lakh Per Aana,Land,"Hattiban  Lalitpur Metropolis, Lalitpur",28800000.0,0,0,0,0,0,1,0,0,0,0,0,0,0,1
Land for Sale - Rs 3 Crore 25 Lakh,Land,"Teku  Lalitpur Metropolis, Lalitpur",32500000.0,0,0,0,0,0,1,0,0,0,0,0,0,0,1
Land for Sale - Rs 4 Crore 55 Lakh,Land,"Imadol 6 Lalitpur Metropolis, Lalitpur",45500000.0,0,0,0,0,0,1,0,0,0,0,0,0,0,1
Land for Sale - Rs 4 Crore 95 Lakh,Land,"Imadol 6 Lalitpur Metropolis, Lalitpur",49500000.0,0,0,0,0,0,1,0,0,0,0,0,0,0,1
Land for Sale - Rs 4 Crore 60 Lakh,Land,"Imadol 6 Lalitpur Metropolis, Lalitpur",46000000.0,0,0,0,0,0,1,0,0,0,0,0,0,0,1
Land for Sale - Rs 43 Lakh Per Aana,Land,"Imadol  Lalitpur Metropolis, Lalitpur",14512452.885317748,0,0,0,0,0,1,0,0,0,0,0,0,0,1
Land for Sale - Rs 54 Lakh Per Aana,Land,"Hattiban  Lalitpur Metropolis, Lalitpur",27000000.0,0,0,0,0,0,1,0,0,0,0,0,0,0,1
Land for Sale - Rs 21 Lakh Per Aana,Land,"Imadol  Lalitpur Metropolis, Lalitpur",6300000.0,0,0,0,0,0,1,0,0,0,0,0,0,0,1
Land for Sale - Rs 2 Crore 20 Lakh,Land,"Lamatar  Lalitpur Metropolis, Lalitpur",22000000.0,0,0,0,0,0,1,0,0,0,0,0,0,0,1
Land for Sale - Rs 36 Lakh 50 Thousand Per Aana,Land,"Sanagaun  Lalitpur Metropolis, Lalitpur",10950000.0,0,0,0,0,0,1,0,0,0,0,0,0,0,1
Land for Sale - Rs 4 Crore 90 Lakh,Land,"Hattigauda 8 Budhanilkantha, Kathmandu",49000000.0,0,0,0,0,0,1,0,0,0,0,0,0,0,1
Land for Sale - Rs 90 Lakh Per Aana,Land,"Baneshwor  Kathmandu Metropolis, Kathmandu",45000000.0,0,0,0,0,0,1,0,0,0,0,0,0,0,1
Land for Sale - Rs 90 Lakh Per Aana,Land,"Baneshwor  Kathmandu Metropolis, Kathmandu",51749802.77574872,0,0,0,0,0,1,0,0,0,0,0,0,0,1
Land for Sale - Rs 80 Lakh Per Aana,Land,"Baneshwor  Kathmandu Metropolis, Kathmandu",40499985.39079621,0,0,0,0,0,1,0,0,0,0,0,0,0,1
Land for Sale - Rs 4 Crore 50 Lakh,Land,"Bhaisepati  Lalitpur Metropolis, Lalitpur",45000000.0,0,0,0,0,0,1,0,0,0,0,0,0,0,1
Land for Sale - Rs 34 Lakh Per Aana,Land,"Lubhu  Lalitpur Metropolis, Lalitpur",13600000.0,0,0,0,0,0,1,0,0,0,0,0,0,0,1
Land for Sale - Rs 4 Crore 45 Lakh,Land,"Buddhanilkanth  Kathmandu Metropolis, Kathmandu",44500000.0,0,0,0,0,0,1,0,0,0,0,0,0,0,1
Land for Sale - Rs 70 Lakh Per Aana,Land,"Gwarko 0 Lalitpur Metropolis, Lalitpur",28000000.0,0,0,0,0,0,1,0,0,0,0,0,0,0,1
Land for Sale - Rs 36 Lakh Per Aana,Land,"sanothimi  Madhyapur Thimi, Bhaktapur",15524967.129291454,0,0,0,0,0,1,0,0,0,0,0,0,0,1
Land for Sale - Rs 42 Lakh Per Aana,Land,"sanothimi  Madhyapur Thimi, Bhaktapur",19949907.962016072,0,0,0,0,0,1,0,0,0,0,0,0,0,1
Land for Sale - Rs 3 Crore 25 Lakh,Land,"Pepsicola  Kathmandu Metropolis, Kathmandu",32500000.0,0,0,0,0,0,1,0,0,0,0,0,0,0,1
Land for Sale - Rs 9 Crore 80 Lakh 7000000,Land,"Hadigaun  Kathmandu Metropolis, Kathmandu",98000000.0,0,0,0,0,0,1,0,0,0,0,0,0,0,1
Land for Sale - Rs 13 Crore,Land,"gwarko  Kathmandu Metropolis, Kathmandu",130000000.0,0,0,0,0,0,1,0,0,0,0,0,0,0,1
Land for Sale - Rs 1 Crore 96 Lakh 4900000,Land,"Nagarjun  Kathmandu Metropolis, Kathmandu",19600000.0,0,0,0,0,0,1,0,0,0,0,0,0,0,1
Land for Sale - Rs 1 Crore 88 Lakh 42 Thousand 600,Land,"Sarangkot  Pokhara Metropolis, Kaski",18842000.0,0,0,0,0,0,1,0,0,0,0,0,0,0,1
Land for Sale - Rs 12 Crore,Land,"Bishalnagar  Kathmandu Metropolis, Kathmandu",120000000.0,0,0,0,0,0,1,0,0,0,0,0,0,0,1
Land for Sale - Rs 28 Crore 52 Lakh 9200000,Land,"sanepa  Lalitpur Metropolis, Lalitpur",285200000.0,0,0,0,0,0,1,0,0,0,0,0,0,0,1
Land for Sale - Rs 21 Crore 10500000,Land,"Bishalnagar  Kathmandu Metropolis, Kathmandu",210000000.0,0,0,0,0,0,1,0,0,0,0,0,0,0,1
Land for Sale - Rs 3 Crore 15 Lakh,Land,"Chunikhel  Kathmandu Metropolis, Kathmandu",31500000.0,0,0,0,0,0,1,0,0,0,0,0,0,0,1
Land for Sale - Rs 37 Lakh Per Aana,Land,"Tikathali  Lalitpur Metropolis, Lalitpur",16649945.945945945,0,0,0,0,0,1,0,0,0,0,0,0,0,1
Land for Sale - Rs 32 Lakh Per Aana,Land,"Tikathali  Lalitpur Metropolis, Lalitpur",8799929.875821767,0,0,0,0,0,1,0,0,0,0,0,0,0,1
Land for Sale - Rs 3 Crore 65 Lakh,Land,"Bhaisepati  Lalitpur Metropolis, Lalitpur",36500000.0,0,0,0,0,0,1,0,0,0,0,0,0,0,1
Land for Sale - Rs 1 Crore 10 Lakh,Land,"Chauthe 14 Pokhara Metropolis, Kaski",11000000.0,0,0,0,0,0,1,0,0,0,0,0,0,0,1
Land for Sale - Rs 4 Crore,Land,"Galfutar  Budhanilkantha, Kathmandu",40000000.0,0,0,0,0,0,1,0,0,0,0,0,0,0,1
Land for Sale - Rs 5 Crore,Land,"Sonakothi  Lalitpur Metropolis, Lalitpur",50000000.0,0,0,0,0,0,1,0,0,0,0,0,0,0,1
Land for Sale - Rs 3 Crore 25 Lakh,Land,"Bhaisepati  Lalitpur Metropolis, Lalitpur",32500000.0,0,0,0,0,0,1,0,0,0,0,0,0,0,1
Land for Sale - Rs 60 Lakh,Land,"Tikathali 7 Lalitpur Metropolis, Lalitpur",6000000.0,0,0,0,0,0,1,0,0,0,0,0,0,0,1
Land for Sale - Rs 38 Lakh Per Aana,Land,"Tikathali  Lalitpur Metropolis, Lalitpur",17099944.485025566,0,0,0,0,0,1,0,0,0,0,0,0,0,1
Land for Sale - Rs 3 Crore 70 Lakh,Land,"Bhaisepati  Lalitpur Metropolis, Lalitpur",37000000.0,0,0,0,0,0,1,0,0,0,0,0,0,0,1
Land for Sale - Rs 34 Lakh Per Aana,Land,"Lubhu   Lalitpur Metropolis, Lalitpur",13600000.0,0,0,0,0,0,1,0,0,0,0,0,0,0,1
Land for Sale - Rs 1 Crore 75 Lakh,Land,"Mulpani  Kageshwori Manohara, Kathmandu",17500000.0,0,0,0,0,0,1,0,0,0,0,0,0,0,1
Land for Sale - Rs 3 Crore 25 Lakh,Land,"kusunti  Lalitpur Metropolis, Lalitpur",32500000.0,0,0,0,0,0,1,0,0,0,0,0,0,0,1
Land for Sale - Rs 37 Lakh 50 Thousand Per Aana,Land,"Lubhu  Mahalaxmi, Lalitpur",33750000.0,0,0,0,0,0,1,0,0,0,0,0,0,0,1
Land for Sale - Rs 7 Crore 60 Lakh,Land,"Buaddhanilkanth  Kathmandu Metropolis, Kathmandu",76000000.0,0,0,0,0,0,1,0,0,0,0,0,0,0,1
Land for Sale - Rs 27 Lakh Per Aana,Land,"Tikathali 6 Mahalaxmi, Lalitpur",13500000.0,0,0,0,0,0,1,0,0,0,0,0,0,0,1
Land for Sale - Rs 3 Crore 35 Lakh,Land,"buddhanilkanth  Kathmandu Metropolis, Kathmandu",33500000.0,0,0,0,0,0,1,0,0,0,0,0,0,0,1
Land for Sale - Rs 48 Lakh Per Aana,Land,"Hattiban  Select Municipality, Lalitpur",28800000.0,0,0,0,0,0,1,0,0,0,0,0,0,0,1
Land for Sale - Rs 3 Crore 25 Lakh,Land,"buddhanilkanth  Kathmandu Metropolis, Kathmandu",32500000.0,0,0,0,0,0,1,0,0,0,0,0,0,0,1
Land for Sale - Rs 2 Crore 75 Lakh,Land,"Tikathali  Lalitpur Metropolis, Lalitpur",27500000.0,0,0,0,0,0,1,0,0,0,0,0,0,0,1
Land for Sale - Rs 3 Crore 90 Lakh,Land,"Dhapakhel  Lalitpur Metropolis, Lalitpur",39000000.0,0,0,0,0,0,1,0,0,0,0,0,0,0,1
Land for Sale - Rs 40 Lakh Per Aana,Land,"hattiban dhapakhel  Lalitpur Metropolis, Lalitpur",16000000.0,0,0,0,0,0,1,0,0,0,0,0,0,0,1
Land for Sale - Rs 3 Crore 54 Lakh 99 Thousand 999,Land,"Imadol  Lalitpur Metropolis, Lalitpur",35499000.0,0,0,0,0,0,1,0,0,0,0,0,0,0,1
Land for Sale - Rs 2 Crore 95 Lakh,Land,"Imadol  Mahalaxmi, Lalitpur",29500000.0,0,0,0,0,0,1,0,0,0,0,0,0,0,1
Land for Sale - Rs 3 Crore 89 Lakh 99 Thousand 998 price on call,Land,"Imadol  Kathmandu Metropolis, Kathmandu",38999000.0,0,0,0,0,0,1,0,0,0,0,0,0,0,1
Land for Sale - Rs 3 Crore 90 Lakh,Land,"Tikathali  Lalitpur Metropolis, Lalitpur",39000000.0,0,0,0,0,0,1,0,0,0,0,0,0,0,1
Land for Sale - Rs 3 Crore,Land,"Balkot 3 Bhaktapur, Bhaktapur",30000000.0,0,0,0,0,0,1,0,0,0,0,0,0,0,1
Land for Sale - Rs 43 Lakh Per Aana,Land,"Imadol  Mahalaxmi, Lalitpur",17200000.0,0,0,0,0,0,1,0,0,0,0,0,0,0,1
Land for Sale - Rs 3 Crore 65 Lakh,Land,"Bhaisepatii  Lalitpur Metropolis, Lalitpur",36500000.0,0,0,0,0,0,1,0,0,0,0,0,0,0,1
Land for Sale - Rs 3 Crore 70 Lakh,Land,"Imadol  Mahalaxmi, Lalitpur",37000000.0,0,0,0,0,0,1,0,0,0,0,0,0,0,1
Land for Sale - Rs 2 Crore 30 Lakh,Land,"Imadol  Mahalaxmi, Lalitpur",23000000.0,0,0,0,0,0,1,0,0,0,0,0,0,0,1
Land for Sale - Rs 2 Crore 55 Lakh,Land,"Tikathali  Mahalaxmi, Lalitpur",25500000.0,0,0,0,0,0,1,0,0,0,0,0,0,0,1
Land for Sale - Rs 1 Crore 53 Lakh 75 Thousand,Land,"Chitwan 1 Khairhani, Chitwan",15375000.0,0,0,0,0,0,1,0,0,0,0,0,0,0,1
Land for Sale - Rs 4 Crore 45 Lakh,Land,"Budhanilkantha  Budhanilkantha, Kathmandu",44500000.0,0,0,0,0,0,1,0,0,0,0,0,0,0,1
Land for Sale - Rs 4 Crore 50 Lakh,Land,"Gongabu  Budhanilkantha, Kathmandu",45000000.0,0,0,0,0,0,1,0,0,0,0,0,0,0,1
Land for Sale - Rs 3 Crore 25 Lakh,Land,"Gongabu  Budhanilkantha, Kathmandu",32500000.0,0,0,0,0,0,1,0,0,0,0,0,0,0,1
Land for Sale - Rs 30 Lakh Per Aana,Land,"Sangla 1 Tarakeshor, Kathmandu",9374989.043097151,0,0,0,0,0,1,0,0,0,0,0,0,0,1
Land for Sale - Rs 1 Crore 5 Lakh,Land,"Ramailo Danda 2 Tokha, Kathmandu",10500000.0,0,0,0,0,0,1,0,0,0,0,0,0,0,1
Land for Sale - Rs 1 Crore 60 Lakh,Land,"Tokha-Saraswoti 3 Tokha, Kathmandu",16000000.0,0,0,0,0,0,1,0,0,0,0,0,0,0,1
Land for Sale - Rs 2 Crore 55 Lakh,Land,"kadaghari  Kageshwori Manohara, Kathmandu",25500000.0,0,0,0,0,0,1,0,0,0,0,0,0,0,1
Land for Sale - Rs 9 Crore,Land,"Balkot  Suryabinayak, Bhaktapur",90000000.0,0,0,0,0,0,1,0,0,0,0,0,0,0,1
Land for Sale - Rs 38 Lakh Per Aana,Land,"Tikathali  Mahalaxmi, Lalitpur",17099944.485025566,0,0,0,0,0,1,0,0,0,0,0,0,0,1
Land for Sale - Rs 45 Lakh Per Aana,Land,"Balkot  Suryabinayak, Bhaktapur",27000000.0,0,0,0,0,0,1,0,0,0,0,0,0,0,1
Land for Sale - Rs 4 Crore 20 Lakh,Land,"Gongabu  Budhanilkantha, Kathmandu",42000000.0,0,0,0,0,0,1,0,0,0,0,0,0,0,1
Land for Sale - Rs 4 Crore 50 Lakh,Land,"Imadol  Mahalaxmi, Lalitpur",45000000.0,0,0,0,0,0,1,0,0,0,0,0,0,0,1
Land for Sale - Rs 2 Crore 90 Lakh,Land,"Tikathali  Mahalaxmi, Lalitpur",29000000.0,0,0,0,0,0,1,0,0,0,0,0,0,0,1
Land for Sale - Rs 2 Crore 99 Lakh,Land,"Imadol  Mahalaxmi, Lalitpur",29900000.0,0,0,0,0,0,1,0,0,0,0,0,0,0,1
Land for Sale - Rs 34 Lakh 340000,Land,"Naranpur  5 Bharatpur, Chitwan",3400000.0,0,0,0,0,0,1,0,0,0,0,0,0,0,1
Land for Sale - Rs 5 Lakh 12 Thousand 550 Per Dhur,Land,"Ratnanagar 04 Ratnanagar, Chitwan",4096000.0,0,0,0,0,0,1,0,0,0,0,0,0,0,1
Land for Sale - Rs 9 Crore 50 Lakh,Land,"Pepsicola  Kathmandu Metropolis, Kathmandu",95000000.0,0,0,0,0,0,1,0,0,0,0,0,0,0,1
Land for Sale - Rs 43 Lakh Per Aana,Land,"Imadol  Mahalaxmi, Lalitpur",15050062.819576334,0,0,0,0,0,1,0,0,0,0,0,0,0,1
Land for Sale - Rs 6 Crore,Land,"dillibazzar  Kathmandu Metropolis, Kathmandu",60000000.0,0,0,0,0,0,1,0,0,0,0,0,0,0,1
Land for Sale - Rs 26 Lakh Per Aana,Land,"Thankot  Chandragiri, Kathmandu",7800000.0,0,0,0,0,0,1,0,0,0,0,0,0,0,1
Land for Sale - Rs 45 Lakh Per Aana,Land,"Imadol  Mahalaxmi, Lalitpur",42750065.741417095,0,0,0,0,0,1,0,0,0,0,0,0,0,1
Land for Sale - Rs 30 Lakh Per Aana,Land,"Dahachowk 1 Chandragiri, Kathmandu",12059956.172388606,0,0,0,0,0,1,0,0,0,0,0,0,0,1
Land for Sale - Rs 13 Crore,Land,"Banasthali 16 Kathmandu Metropolis, Kathmandu",130000000.0,0,0,0,0,0,1,0,0,0,0,0,0,0,1
Land for Sale - Rs 3 Crore 85 Lakh,Land,"Khumaltar  Lalitpur Metropolis, Lalitpur",38500000.0,0,0,0,0,0,1,0,0,0,0,0,0,0,1
Land for Sale - Rs 1 Crore 45 Lakh,Land,"Tikathali  5 Mahalaxmi, Lalitpur",14500000.0,0,0,0,0,0,1,0,0,0,0,0,0,0,1
Land for Sale - Rs 2 Crore 50 Lakh,Land,"Baniyatar 8 Tokha, Kathmandu",25000000.0,0,0,0,0,0,1,0,0,0,0,0,0,0,1
Land for Sale - Rs 4 Crore 70 Lakh,Land,"Imadol  Mahalaxmi, Lalitpur",47000000.0,0,0,0,0,0,1,0,0,0,0,0,0,0,1
Land for Sale - Rs 32 Lakh Per Aana,Land,"Sanagaun  Mahalaxmi, Lalitpur",16000000.0,0,0,0,0,0,1,0,0,0,0,0,0,0,1
Land for Sale - Rs 50 Lakh Per Aana,Land,"Imadol  Mahalaxmi, Lalitpur",50000000.0,0,0,0,0,0,1,0,0,0,0,0,0,0,1
Land for Sale - Rs 4 Crore 50 Lakh,Land,"Tikathali  Mahalaxmi, Lalitpur",45000000.0,0,0,0,0,0,1,0,0,0,0,0,0,0,1
Land for Sale - Rs 65 Lakh,Land,"bardibas 1 mahottrai , deaurali school area 1 Bardibas, Mahottari",6500000.0,0,0,0,0,0,1,0,0,0,0,0,0,0,1
Land for Sale - Rs 3 Crore 50 Lakh,Land,"Tikathali  Mahalaxmi, Lalitpur",35000000.0,0,0,0,0,0,1,0,0,0,0,0,0,0,1
Land for Sale - Rs 3 Crore 75 Lakh,Land,"Tikathali  Mahalaxmi, Lalitpur",37500000.0,0,0,0,0,0,1,0,0,0,0,0,0,0,1
Land for Sale - Rs 2 Crore 85 Lakh,Land,"Imadol  Mahalaxmi, Lalitpur",28500000.0,0,0,0,0,0,1,0,0,0,0,0,0,0,1
Land for Sale - Rs 2 Crore 80 Lakh,Land,"Pasikot  Budhanilkantha, Kathmandu",28000000.0,0,0,0,0,0,1,0,0,0,0,0,0,0,1
Land for Sale - Rs 2 Crore 75 Lakh,Land,"Setipakha  Mahalaxmi, Lalitpur",27500000.0,0,0,0,0,0,1,0,0,0,0,0,0,0,1
Land for Sale - Rs 7 Crore 25 Lakh,Land,"Imadol  Mahalaxmi, Lalitpur",72500000.0,0,0,0,0,0,1,0,0,0,0,0,0,0,1
House for Sale - Rs 2 Crore 70 Lakh,House,"Mandikatar   Budhanilkantha, Kathmandu",27000000.0,0,0,0,0,1,0,0,0,0,0,0,0,0,1
Land for Sale - Rs 2 Crore 85 Lakh,Land,"Tikathali  Mahalaxmi, Lalitpur",28500000.0,0,0,0,0,0,1,0,0,0,0,0,0,0,1
Land for Sale - Rs 1 Crore 30 Lakh,Land,"badikhel 4 Godawari, Lalitpur",13000000.0,0,0,0,0,0,1,0,0,0,0,0,0,0,1
Land for Sale - Rs 3 Crore 95 Lakh,Land,"Imadol  Mahalaxmi, Lalitpur",39500000.0,0,0,0,0,0,1,0,0,0,0,0,0,0,1
Land for Sale - Rs 16 Crore 50 Lakh,Land,"Imadol  Mahalaxmi, Lalitpur",165000000.0,0,0,0,0,0,1,0,0,0,0,0,0,0,1
Land for Sale - Rs 2 Crore 20 Lakh,Land,"Balkot 0 Select Municipality, Select District",22000000.0,0,0,0,0,0,1,0,0,0,0,0,0,0,1
Land for Sale - Rs 2 Crore 35 Lakh,Land,"Tikathali 5 Mahalaxmi, Lalitpur",23500000.0,0,0,0,0,0,1,0,0,0,0,0,0,0,1
Land for Sale - Rs 2 Crore 45 Lakh,Land,"Tikathali  Mahalaxmi, Lalitpur",24500000.0,0,0,0,0,0,1,0,0,0,0,0,0,0,1
Land for Sale - Rs 16 Lakh Per Aana,Land,"Pikhel Chhaling 5 Changunarayan, Bhaktapur",4800000.0,0,0,0,0,0,1,0,0,0,0,0,0,0,1
Land for Sale - Rs 1 Crore 50 Lakh,Land,"Kapan 3 Budhanilkantha, Kathmandu",15000000.0,0,0,0,0,0,1,0,0,0,0,0,0,0,1
Land for Sale - Rs 38 Lakh Per Aana,Land,"Harisiddhi  Lalitpur Metropolis, Lalitpur",16149972.242512785,0,0,0,0,0,1,0,0,0,0,0,0,0,1
Land for Sale - Rs 4 Crore 25 Lakh,Land,"Imadol  Mahalaxmi, Lalitpur",42500000.0,0,0,0,0,0,1,0,0,0,0,0,0,0,1
Land for Sale - Rs 4 Crore 15 Lakh,Land,"Khumaltar  Lalitpur Metropolis, Lalitpur",41500000.0,0,0,0,0,0,1,0,0,0,0,0,0,0,1
Land for Sale - Rs 2 Crore 50 Lakh,Land,"Imadol 2 Mahalaxmi, Lalitpur",25000000.0,0,0,0,0,0,1,0,0,0,0,0,0,0,1
Land for Sale - Rs 70 Lakh Per Aana,Land,"Lazimphat 2 Kathmandu Metropolis, Kathmandu",280000000.0,0,0,0,0,0,1,0,0,0,0,0,0,0,1
Land for Sale - Rs 2 Crore 30 Lakh,Land,"Tikathali  Mahalaxmi, Lalitpur",23000000.0,0,0,0,0,0,1,0,0,0,0,0,0,0,1
Land for Sale - Rs 2 Crore 90 Lakh,Land,"Imadol  Mahalaxmi, Lalitpur",29000000.0,0,0,0,0,0,1,0,0,0,0,0,0,0,1
Land for Sale - Rs 4 Crore 75 Lakh,Land,"Nakhipot 9 Lalitpur Metropolis, Lalitpur",47500000.0,0,0,0,0,0,1,0,0,0,0,0,0,0,1
Land for Sale - Rs 5 Crore,Land,"sonakothi 26 Lalitpur Metropolis, Lalitpur",50000000.0,0,0,0,0,0,1,0,0,0,0,0,0,0,1
Land for Sale - Rs 3 Crore 45 Lakh,Land,"Dholahiti 26 Lalitpur Metropolis, Lalitpur",34500000.0,0,0,0,0,0,1,0,0,0,0,0,0,0,1
Land for Sale - Rs 39 Lakh Per Aana,Land,"Imadol  Mahalaxmi, Lalitpur",14624914.53615778,0,0,0,0,0,1,0,0,0,0,0,0,0,1
Land for Sale - Rs 85 Lakh Per Aana 28.333,Land,"Dharmasthali 2 Tarakeshor, Kathmandu",25500000.0,0,0,0,0,0,1,0,0,0,0,0,0,0,1
Land for Sale - Rs 1 Crore 10 Lakh Per Aana 27.5lakh,Land,"Kabhresthali 4 Tarakeshor, Kathmandu",44000000.0,0,0,0,0,0,1,0,0,0,0,0,0,0,1
Land for Sale - Rs 5 Lakh Per Aana,Land,"Near RRM Campus (200 m east) 12 Janakpurdham, Dhanusha",1917019.722425128,0,0,0,0,0,1,0,0,0,0,0,0,0,1
Land for Sale - Rs 4 Crore 95 Lakh,Land,"Imadol  Mahalaxmi, Lalitpur",49500000.0,0,0,0,0,0,1,0,0,0,0,0,0,0,1
Land for Sale - Rs 45 Lakh Per Aana,Land,"Bhaisepati 25 Lalitpur Metropolis, Lalitpur",27000000.0,0,0,0,0,0,1,0,0,0,0,0,0,0,1
Land for Sale - Rs 40 Lakh Per Aana,Land,"Bhaisepati 25 Lalitpur Metropolis, Lalitpur",17999941.563184805,0,0,0,0,0,1,0,0,0,0,0,0,0,1
Land for Sale - Rs 3 Crore 60 Lakh,Land,"Hattigauda  Budhanilkantha, Kathmandu",36000000.0,0,0,0,0,0,1,0,0,0,0,0,0,0,1
Land for Sale - Rs 38 Lakh Per Aana,Land,"Bhaisepati 25 Lalitpur Metropolis, Lalitpur",17099944.485025566,0,0,0,0,0,1,0,0,0,0,0,0,0,1
Land for Sale - Rs 48 Lakh 4,Land,"kalikasthan 4 Panchakanya, Nuwakot",4800000.0,0,0,0,0,0,1,0,0,0,0,0,0,0,1
Land for Sale - Rs 60 Lakh,Land,"suryachaur 8 Shivapuri, Nuwakot",6000000.0,0,0,0,0,0,1,0,0,0,0,0,0,0,1
Land for Sale - Rs 38 Lakh Per Aana,Land,"Kutunje  Suryabinayak, Bhaktapur",16624958.363769174,0,0,0,0,0,1,0,0,0,0,0,0,0,1
Land for Sale - Rs 30 Lakh Per Aana,Land,"Lubhu  Mahalaxmi, Lalitpur",10500043.827611396,0,0,0,0,0,1,0,0,0,0,0,0,0,1
Land for Sale - Rs 32 Lakh Per Aana,Land,"Lubhu  Mahalaxmi, Lalitpur",11200046.749452155,0,0,0,0,0,1,0,0,0,0,0,0,0,1
Land for Sale - Rs 32 Lakh Per Aana,Land,"Lubhu  Mahalaxmi, Lalitpur",10399976.625273922,0,0,0,0,0,1,0,0,0,0,0,0,0,1
Land for Sale - Rs 2 Crore 90 Lakh,Land,"Sitapakha 4 Mahalaxmi, Lalitpur",29000000.0,0,0,0,0,0,1,0,0,0,0,0,0,0,1
Land for Sale - Rs 5 Crore,Land,"Thulobharyang 2 Nagarjun, Kathmandu",50000000.0,0,0,0,0,0,1,0,0,0,0,0,0,0,1
Land for Sale - Rs 23 Lakh Per Aana,Land,"Tathali 09 Changunarayan, Bhaktapur",9200000.0,0,0,0,0,0,1,0,0,0,0,0,0,0,1
Land for Sale - Rs 36 Lakh Per Aana,Land,"0 0 Suryabinayak, Bhaktapur",25200000.0,0,0,0,0,0,1,0,0,0,0,0,0,0,1
Land for Sale - Rs 2 Crore 15 Lakh,Land,"lubhu  Mahalaxmi, Lalitpur",21500000.0,0,0,0,0,0,1,0,0,0,0,0,0,0,1
Land for Sale - Rs 2 Crore 65 Lakh,Land,"Manmaiju 09 Tarakeshor, Kathmandu",26500000.0,0,0,0,0,0,1,0,0,0,0,0,0,0,1
Land for Sale - Rs 16 Lakh Per Aana,Land,"Naala Ward 4 4 Banepa, Kavrepalanchowk",8499985.390796201,0,0,0,0,0,1,0,0,0,0,0,0,0,1
Land for Sale - Rs 65 Lakh Per Aana,Land,"Bhaisepati  Lalitpur Metropolis, Lalitpur",32500000.0,0,0,0,0,0,1,0,0,0,0,0,0,0,1
Land for Sale - Rs 29 Lakh,Land,"changathali  Mahalaxmi, Lalitpur",2900000.0,0,0,0,0,0,1,0,0,0,0,0,0,0,1
Land for Sale - Rs 28 Lakh Per Aana,Land,"lubhu  Lalitpur Metropolis, Lalitpur",8574994.886778671,0,0,0,0,0,1,0,0,0,0,0,0,0,1
Land for Sale - Rs 4 Crore 25 Lakh,Land,"Bhaisepati  Lalitpur Metropolis, Lalitpur",42500000.0,0,0,0,0,0,1,0,0,0,0,0,0,0,1
Land for Sale - Rs 3 Crore 35 Lakh,Land,"Pasikot 3 Budhanilkantha, Kathmandu",33500000.0,0,0,0,0,0,1,0,0,0,0,0,0,0,1
Land for Sale - Rs 3 Crore,Land,"Baniyatar 8 Tokha, Kathmandu",30000000.0,0,0,0,0,0,1,0,0,0,0,0,0,0,1
Land for Sale - Rs 3 Crore 80 Lakh,Land,"Baniyatar 8 Tokha, Kathmandu",38000000.0,0,0,0,0,0,1,0,0,0,0,0,0,0,1
Land for Sale - Rs 2 Crore 80 Lakh,Land,"Baniyatar 8 Tokha, Kathmandu",28000000.0,0,0,0,0,0,1,0,0,0,0,0,0,0,1
Land for Sale - Rs 4 Crore 50 Lakh,Land,"Bhaisepati  Mahalaxmi, Lalitpur",45000000.0,0,0,0,0,0,1,0,0,0,0,0,0,0,1
Land for Sale - Rs 4 Crore 55 Lakh,Land,"Sital Height  Mahalaxmi, Lalitpur",45500000.0,0,0,0,0,0,1,0,0,0,0,0,0,0,1
Land for Sale - Rs 1 Crore 70 Lakh,Land,"Sallaghari  Bhaktapur, Bhaktapur",17000000.0,0,0,0,0,0,1,0,0,0,0,0,0,0,1
Land for Sale - Rs 26 Lakh Per Aana,Land,"Chitapol 2 Suryabinayak, Bhaktapur",10400000.0,0,0,0,0,0,1,0,0,0,0,0,0,0,1
Land for Sale - Rs 33 Lakh Per Aana,Land,"Machchhegaun  9 Chandragiri, Kathmandu",9900000.0,0,0,0,0,0,1,0,0,0,0,0,0,0,1
Land for Sale - Rs 4 Crore 25 Lakh,Land,"imadol  Mahalaxmi, Lalitpur",42500000.0,0,0,0,0,0,1,0,0,0,0,0,0,0,1
Land for Sale - Rs 35 Lakh Per Aana,Land,"Thankot 4 Chandragiri, Kathmandu",14000000.0,0,0,0,0,0,1,0,0,0,0,0,0,0,1
Land for Sale - Rs 14 Lakh Per Aana,Land,"badikhel 1 Godawari, Lalitpur",21000000.0,0,0,0,0,0,1,0,0,0,0,0,0,0,1
Land for Sale - Rs 30 Lakh per aana,Land,"Gotamthok, Ramkot 7 Nagarjun, Kathmandu",15000000.0,0,0,0,0,0,1,0,0,0,0,0,0,0,1
Land for Sale - Rs 42 Lakh Per Aana,Land,"Pasikot 3 Budhanilkantha, Kathmandu",34649969.32067202,0,0,0,0,0,1,0,0,0,0,0,0,0,1
Land for Sale - Rs 1 Crore 40 Lakh,Land,"Sanagaun  Mahalaxmi, Lalitpur",14000000.0,0,0,0,0,0,1,0,0,0,0,0,0,0,1
Land for Sale - Rs 2 Crore 45 Lakh,Land,"Imadol  Mahalaxmi, Lalitpur",24500000.0,0,0,0,0,0,1,0,0,0,0,0,0,0,1
Land for Sale - Rs 3 Crore 90 Lakh,Land,"Khumaltar  Godawari, Lalitpur",39000000.0,0,0,0,0,0,1,0,0,0,0,0,0,0,1
Land for Sale - Rs 42 Lakh Per Aana,Land,"Lubhu  Mahalaxmi, Lalitpur",12600000.0,0,0,0,0,0,1,0,0,0,0,0,0,0,1
Land for Sale - Rs 33 Lakh Per Aana,Land,"Lubhu  Mahalaxmi, Lalitpur",24750048.210372537,0,0,0,0,0,1,0,0,0,0,0,0,0,1
Land for Sale - Rs 38 Lakh Per Aana,Land,"Lubhu  Mahankal, Lalitpur",15200000.0,0,0,0,0,0,1,0,0,0,0,0,0,0,1
Land for Sale - Rs 2 Crore 50 Lakh,Land,"Tikathali  Mahalaxmi, Lalitpur",25000000.0,0,0,0,0,0,1,0,0,0,0,0,0,0,1
Land for Sale - Rs 3 Crore 55 Lakh,Land,"Tikathali 00 Mahalaxmi, Lalitpur",35500000.0,0,0,0,0,0,1,0,0,0,0,0,0,0,1
House for Sale - Rs 7 Crore 50 Lakh Total price,House,"bhaisepati 0 Lalitpur Metropolis, Lalitpur",75000000.0,0,0,0,0,1,0,0,0,0,0,0,0,0,1
House for Sale - Rs 2 Crore 50 Lakh,House,"ima 4 Mahalaxmi, Lalitpur",25000000.0,0,0,0,0,1,0,0,0,0,0,0,0,0,1
Land for Sale - Rs 45 Lakh Per Aana,Land,"Chapali 4 Budhanilkantha, Kathmandu",36000000.0,0,0,0,0,0,1,0,0,0,0,0,0,0,1
Land for Sale - Rs 55 Lakh Per Aana,Land,"imadol  Mahalaxmi, Lalitpur",16500000.0,0,0,0,0,0,1,0,0,0,0,0,0,0,1
Land for Sale - Rs 1 Crore,Land,"sanagaun  Mahalaxmi, Lalitpur",10000000.0,0,0,0,0,0,1,0,0,0,0,0,0,0,1
Land for Sale - Rs 27 Lakh Per Aana,Land,"matatirtha 8 Chandragiri, Kathmandu",10800000.0,0,0,0,0,0,1,0,0,0,0,0,0,0,1
Land for Sale - Rs 2 Crore 99 Lakh,Land,"Imadol 03 Lalitpur Metropolis, Lalitpur",29900000.0,0,0,0,0,0,1,0,0,0,0,0,0,0,1
Land for Sale - Rs 1 Crore 65 Lakh 30/anna,Land,"Kudahar 13 13 Select Municipality, Kaski",16500000.0,0,0,0,0,0,1,0,0,0,0,0,0,0,1
Land for Sale - Rs 30 Lakh Per Aana,Land,"lubhu  Mahalaxmi, Lalitpur",14249934.258582909,0,0,0,0,0,1,0,0,0,0,0,0,0,1
Land for Sale - Rs 34 Lakh Per Aana,Land,"Lubhu  Mahalaxmi, Lalitpur",16362419.284149012,0,0,0,0,0,1,0,0,0,0,0,0,0,1
Land for Sale - Rs 36 Lakh per Aana,Land,"lubhu  Mahalaxmi, Lalitpur",10800000.0,0,0,0,0,0,1,0,0,0,0,0,0,0,1
Land for Sale - Rs 43 Lakh Per Aana,Land,"lubhu  Mahalaxmi, Lalitpur",15050062.819576334,0,0,0,0,0,1,0,0,0,0,0,0,0,1
Land for Sale - Rs 38 Lakh Per Aana,Land,"Lubhu  Mahalaxmi, Lalitpur",26600000.0,0,0,0,0,0,1,0,0,0,0,0,0,0,1
Land for Sale - Rs 40 Lakh Per Aana,Land,"lubhu  Mahalaxmi, Lalitpur",32000000.0,0,0,0,0,0,1,0,0,0,0,0,0,0,1
Land for Sale - Rs 42 Lakh Per Aana,Land,"lubhu  Mahalaxmi, Lalitpur",12600000.0,0,0,0,0,0,1,0,0,0,0,0,0,0,1
Land for Sale - Rs 42 Lakh per aana,Land,"Dhumchepakha  Madhyapur Thimi, Bhaktapur",21000000.0,0,0,0,0,0,1,0,0,0,0,0,0,0,1
Land for Sale - Rs 1 Crore 40 Lakh Total price,Land,"Imadol 00 Lalitpur Metropolis, Lalitpur",14000000.0,0,0,0,0,0,1,0,0,0,0,0,0,0,1
Land for Sale - Rs 36 Lakh par aana,Land,"Bhaktapur   Bhaktapur, Bhaktapur",3600000.0,0,0,0,0,0,1,0,0,0,0,0,0,0,1
Land for Sale - Rs 20 Lakh Per Aana,Land,"Dhapakhel  Godawari, Lalitpur",18000000.0,0,0,0,0,0,1,0,0,0,0,0,0,0,1
Land for Sale - Rs 42 Lakh per aana,Land,"Lubhu 1 Mahalaxmi, Lalitpur",12600000.0,0,0,0,0,0,1,0,0,0,0,0,0,0,1
House for Sale - Rs 35 Lakh par anna,House,"Lubhu 0 Mahalaxmi, Lalitpur",3500000.0,0,0,0,0,1,0,0,0,0,0,0,0,0,1
House for Sale - Rs 32 Lakh Per Anna,House,"Harisiddhi 2 Mahalaxmi, Lalitpur",25600000.0,0,0,0,0,1,0,0,0,0,0,0,0,0,1
Land for Sale - Rs 5 Crore,Land,"rabibhawan  Kathmandu Metropolis, Kathmandu",50000000.0,0,0,0,0,0,1,0,0,0,0,0,0,0,1
Land for Sale - Rs 32 Lakh Per Aana,Land,"Harisiddhi, lalitpur  Godawari, Lalitpur",25600000.0,0,0,0,0,0,1,0,0,0,0,0,0,0,1
Land for Sale - Rs 3 Crore 30 Lakh Total price? Property Features ?Property Code:-IPAR-H 2116 ?Land Area:- 5 Aana  ?Bedrooms:-8 ? Bathrooms:-4 ?Living Hall:-1 ?Modular Kitchen & Dining:-2 ?Facing:- So,Land,"Harisiddhi hattiban  Godawari, Lalitpur",33000000.0,0,0,0,0,0,1,0,0,0,0,0,0,0,1
Land for Sale - Rs 2 Crore 50 Lakh,Land,"Harisiddhi  Godawari, Lalitpur",25000000.0,0,0,0,0,0,1,0,0,0,0,0,0,0,1
Land for Sale - Rs 3 Crore 50 Lakh Total price,Land,"Kusunti, dhobighat  Mahalaxmi, Lalitpur",35000000.0,0,0,0,0,0,1,0,0,0,0,0,0,0,1
Land for Sale - Rs 85 Lakh per aana,Land,"Suntol 9 Kageshwori Manohara, Kathmandu",63750124.17823229,0,0,0,0,0,1,0,0,0,0,0,0,0,1
House for Sale - Rs 2 Crore 15 Lakh,House,"Imadol 0 Lalitpur Metropolis, Lalitpur",21500000.0,0,0,0,0,1,0,0,0,0,0,0,0,0,1
Land for Sale - Rs 20 Lakh Per Aana,Land,"Dhapakhel 9 Godawari, Lalitpur",6000000.0,0,0,0,0,0,1,0,0,0,0,0,0,0,1
Land for Sale - Rs 2 Crore 30 Lakh,Land,"sital height  Mahalaxmi, Lalitpur",23000000.0,0,0,0,0,0,1,0,0,0,0,0,0,0,1
Land for Sale - Rs 3 Crore 65 Lakh,Land,"Imadol 14 Mahalaxmi, Lalitpur",36500000.0,0,0,0,0,0,1,0,0,0,0,0,0,0,1
Land for Sale - Rs 6 Crore 75 Lakh,Land,"Imadol 13 Mahalaxmi, Lalitpur",67500000.0,0,0,0,0,0,1,0,0,0,0,0,0,0,1
Land for Sale - Rs 5 Lakh 50 Thousand Per Dhur,Land,"Naulo path 15 Dharan, Sunsari",8250000.0,0,0,0,0,0,1,0,0,0,0,0,0,0,1
Land for Sale - Rs 5 Crore 65 Lakh,Land,"Shital Height 12 Mahalaxmi, Lalitpur",56500000.0,0,0,0,0,0,1,0,0,0,0,0,0,0,1
Land for Sale - Rs 25 Lakh Per Aana,Land,"Godamchaur 10 Godawari, Lalitpur",8750036.523009498,0,0,0,0,0,1,0,0,0,0,0,0,0,1
Land for Sale - Rs 40 Lakh Per Aana,Land,"Imadol 9 Mahalaxmi, Lalitpur",36000000.0,0,0,0,0,0,1,0,0,0,0,0,0,0,1
Land for Sale - Rs 3 Crore 65 Lakh,Land,"Tikathali 8 Mahalaxmi, Lalitpur",36500000.0,0,0,0,0,0,1,0,0,0,0,0,0,0,1
Land for Sale - Rs 3 Crore 65 Lakh,Land,"Tikathali 7 Mahalaxmi, Lalitpur",36500000.0,0,0,0,0,0,1,0,0,0,0,0,0,0,1
Land for Sale - Rs 43 Lakh Per Aana,Land,"Tikathali 12 Mahalaxmi, Lalitpur",12900000.0,0,0,0,0,0,1,0,0,0,0,0,0,0,1
Land for Sale - Rs 3 Crore 80 Lakh,Land,"Imadol 10 Mahalaxmi, Lalitpur",38000000.0,0,0,0,0,0,1,0,0,0,0,0,0,0,1
Land for Sale - Rs 28 Lakh Per Aana,Land,"Lubhu 12 Mahalaxmi, Lalitpur",8400000.0,0,0,0,0,0,1,0,0,0,0,0,0,0,1
Land for Sale - Rs 38 Lakh Per Aana,Land,"Changathali 10 Mahalaxmi, Lalitpur",13300055.514974436,0,0,0,0,0,1,0,0,0,0,0,0,0,1
Land for Sale - Rs 4 Crore 70 Lakh,Land,"Khumaltar 8 Lalitpur Metropolis, Lalitpur",47000000.0,0,0,0,0,0,1,0,0,0,0,0,0,0,1
Land for Sale - Rs 32 Lakh Per Aana,Land,"Duwakot 17 Changunarayan, Bhaktapur",11200046.749452155,0,0,0,0,0,1,0,0,0,0,0,0,0,1
Land for Sale - Rs 35 Lakh Per Aana,Land,"Duwakot 16 Changunarayan, Bhaktapur",12250051.132213296,0,0,0,0,0,1,0,0,0,0,0,0,0,1
Land for Sale - Rs 38 Lakh Per Aana,Land,"Nikosera 15 Madhyapur Thimi, Bhaktapur",13300055.514974436,0,0,0,0,0,1,0,0,0,0,0,0,0,1
Land for Sale - Rs 42 Lakh Per Aana,Land,"Sallaghari 14 Bhaktapur, Bhaktapur",16800000.0,0,0,0,0,0,1,0,0,0,0,0,0,0,1
Land for Sale - Rs 4 Crore 50 Lakh,Land,"Bhaisepati 13 Lalitpur Metropolis, Lalitpur",45000000.0,0,0,0,0,0,1,0,0,0,0,0,0,0,1
Land for Sale - Rs 2 Crore 90 Lakh,Land,"Godawari 12 Godawari, Lalitpur",29000000.0,0,0,0,0,0,1,0,0,0,0,0,0,0,1
Land for Sale - Rs 3 Crore 50 Lakh total price,Land,"Imadol 1 Mahalaxmi, Lalitpur",35000000.0,0,0,0,0,0,1,0,0,0,0,0,0,0,1
Land for Sale - Rs 41 Lakh Per Aana,Land,"Balkot 11 Suryabinayak, Bhaktapur",15374910.15339664,0,0,0,0,0,1,0,0,0,0,0,0,0,1
Land for Sale - Rs 3 Crore 50 Lakh 3.5 Cr,Land,"Imadol 4 Mahalaxmi, Lalitpur",35000000.0,0,0,0,0,0,1,0,0,0,0,0,0,0,1
Land for Sale - Rs 38 Lakh Per Aana,Land,"Balkot 10 Suryabinayak, Bhaktapur",15200000.0,0,0,0,0,0,1,0,0,0,0,0,0,0,1
Land for Sale - Rs 2 Crore 90 Lakh,Land,"Imadol 8 Mahalaxmi, Lalitpur",29000000.0,0,0,0,0,0,1,0,0,0,0,0,0,0,1
Land for Sale - Rs 2 Crore 30 Lakh,Land,"Shital Height 7 Mahalaxmi, Lalitpur",23000000.0,0,0,0,0,0,1,0,0,0,0,0,0,0,1
House for Sale - Rs 1 Crore 25 Lakh total price,House,"Dahachowk 01 Chandragiri, Kathmandu",12500000.0,0,0,0,0,1,0,0,0,0,0,0,0,0,1
Land for Sale - Rs 3 Crore 50 Lakh,Land,"Kusunti 12 Lalitpur Metropolis, Lalitpur",35000000.0,0,0,0,0,0,1,0,0,0,0,0,0,0,1
Land for Sale - Rs 4 Crore 25 Lakh,Land,"Kusunti 11 Lalitpur Metropolis, Lalitpur",42500000.0,0,0,0,0,0,1,0,0,0,0,0,0,0,1
Land for Sale - Rs 60 Lakh Per Aana,Land,"Setipakha 9 Mahalaxmi, Lalitpur",48000000.0,0,0,0,0,0,1,0,0,0,0,0,0,0,1
Land for Sale - Rs 43 Lakh Per Aana,Land,"Tikathali 8 Mahalaxmi, Lalitpur",15050062.819576334,0,0,0,0,0,1,0,0,0,0,0,0,0,1
Land for Sale - Rs 25 Lakh Per Aana,Land,"Bhaisepati 7 Lalitpur Metropolis, Lalitpur",15000000.0,0,0,0,0,0,1,0,0,0,0,0,0,0,1
Land for Sale - Rs 55 Lakh Per Aana,Land,"Pasikot 15 Budhanilkantha, Kathmandu",38500000.0,0,0,0,0,0,1,0,0,0,0,0,0,0,1
Land for Sale - Rs 55 Lakh Per Aana,Land,"Chapali 14 Budhanilkantha, Kathmandu",33000000.0,0,0,0,0,0,1,0,0,0,0,0,0,0,1
Land for Sale - Rs 25 Lakh 99 Thousand 999 Per Aana,Land,"Changathali 13 Mahalaxmi, Lalitpur",11695462.030679328,0,0,0,0,0,1,0,0,0,0,0,0,0,1
Land for Sale - Rs 3 Crore 75 Lakh,Land,"Bhaisepati 11 Lalitpur Metropolis, Lalitpur",37500000.0,0,0,0,0,0,1,0,0,0,0,0,0,0,1
Land for Sale - Rs 3 Crore 20 Lakh,Land,"Bhaisepati 10 Lalitpur Metropolis, Lalitpur",32000000.0,0,0,0,0,0,1,0,0,0,0,0,0,0,1
Land for Sale - Rs 45 Lakh Per Aana,Land,"Imadol 8 Mahalaxmi, Lalitpur",16874901.38787436,0,0,0,0,0,1,0,0,0,0,0,0,0,1
Land for Sale - Rs 3 Crore 10 Lakh,Land,"Bhaisepati 7 Lalitpur Metropolis, Lalitpur",31000000.0,0,0,0,0,0,1,0,0,0,0,0,0,0,1
Land for Sale - Rs 5 Lakh Per Aana,Land,"Lalitpur lele  6 Godawari, Lalitpur",2000000.0,0,0,0,0,0,1,0,0,0,0,0,0,0,1
Land for Sale - Rs 3 Crore 50 Lakh,Land,"HETAUDA  5 Hetauda, Makwanpur",35000000.0,0,0,0,0,0,1,0,0,0,0,0,0,0,1
Land for Sale - Rs 4 Crore 75 Lakh,Land,"Pasikot 4 Budhanilkantha, Kathmandu",47500000.0,0,0,0,0,0,1,0,0,0,0,0,0,0,1
Land for Sale - Rs 39 Lakh Per Kathha,Land,"Bharatpur, Chitwan, Near Gadi Kalika Mandir  Bharatpur, Chitwan",3900000.0,0,0,0,0,0,1,0,0,0,0,0,0,0,1
Land for Sale - Rs 47 Lakh Per Aana,Land,"Sitapakha 13 Mahalaxmi, Lalitpur",27024897.00511322,0,0,0,0,0,1,0,0,0,0,0,0,0,1
Land for Sale - Rs 2 Crore 55 Lakh,Land,"Naikap 14 Kathmandu Metropolis, Kathmandu",25500000.0,0,0,0,0,0,1,0,0,0,0,0,0,0,1
Land for Sale - Rs 3 Crore,Land,"Bhaisepati 9 Lalitpur Metropolis, Lalitpur",30000000.0,0,0,0,0,0,1,0,0,0,0,0,0,0,1
Land for Sale - Rs 2 Crore 60 Lakh,Land,"Bhaisepati 8 Lalitpur Metropolis, Lalitpur",26000000.0,0,0,0,0,0,1,0,0,0,0,0,0,0,1
Land for Sale - Rs 2 Crore 10 Lakh,Land,"Bhangal  Budhanilkantha, Kathmandu",21000000.0,0,0,0,0,0,1,0,0,0,0,0,0,0,1
Land for Sale - Rs 41 Lakh Per Aana,Land,"Balkot 14 Bhaktapur, Bhaktapur",16400000.0,0,0,0,0,0,1,0,0,0,0,0,0,0,1
Land for Sale - Rs 30 Lakh Per Aana,Land,"Dadhikot 13 Changunarayan, Bhaktapur",19499956.1723886,0,0,0,0,0,1,0,0,0,0,0,0,0,1
Land for Sale - Rs 4 Crore 25 Lakh,Land,"Bhaisepati 12 Lalitpur Metropolis, Lalitpur",42500000.0,0,0,0,0,0,1,0,0,0,0,0,0,0,1
Land for Sale - Rs 3 Crore 40 Lakh,Land,"Karyabinayak 11 Lalitpur Metropolis, Lalitpur",34000000.0,0,0,0,0,0,1,0,0,0,0,0,0,0,1
Land for Sale - Rs 3 Crore 45 Lakh,Land,"Bhaisepati 10 Lalitpur Metropolis, Lalitpur",34500000.0,0,0,0,0,0,1,0,0,0,0,0,0,0,1
Land for Sale - Rs 25 Lakh Per Aana,Land,"Bishundol 14 Mahalaxmi, Lalitpur",62500000.0,0,0,0,0,0,1,0,0,0,0,0,0,0,1
Land for Sale - Rs 6 Crore 50 Lakh,Land,"Bhaisepati 12 Lalitpur Metropolis, Lalitpur",65000000.0,0,0,0,0,0,1,0,0,0,0,0,0,0,1
Land for Sale - Rs 15 Lakh Per Aana,Land,"Badikhel 10 Godawari, Lalitpur",8250021.913805698,0,0,0,0,0,1,0,0,0,0,0,0,0,1
Land for Sale - Rs 4 Crore 50 Lakh,Land,"Karyabinayak 8 Lalitpur Metropolis, Lalitpur",45000000.0,0,0,0,0,0,1,0,0,0,0,0,0,0,1
Land for Sale - Rs 73 Lakh Per Aana,Land,"Satdobato 7 Lalitpur Metropolis, Lalitpur",43800000.0,0,0,0,0,0,1,0,0,0,0,0,0,0,1
Land for Sale - Rs 40 Lakh Per Aana,Land,"Imadol 15 Mahalaxmi, Lalitpur",10249934.258582909,0,0,0,0,0,1,0,0,0,0,0,0,0,1
Land for Sale - Rs 52 Lakh Per Aana,Land,"Pasikot 14 Budhanilkantha, Kathmandu",36400000.0,0,0,0,0,0,1,0,0,0,0,0,0,0,1
Land for Sale - Rs 55 Lakh Per Aana,Land,"Pasikot 13 Budhanilkantha, Kathmandu",34374959.82468955,0,0,0,0,0,1,0,0,0,0,0,0,0,1
Land for Sale - Rs 55 Lakh Per Aana,Land,"Pasikot 12 Budhanilkantha, Kathmandu",31624879.474068664,0,0,0,0,0,1,0,0,0,0,0,0,0,1
Land for Sale - Rs 38 Lakh Per Aana,Land,"Sanagau 10 Mahalaxmi, Lalitpur",12824958.363769174,0,0,0,0,0,1,0,0,0,0,0,0,0,1
Land for Sale - Rs 45 Lakh Per Aana,Land,"Sanagau 9 Mahalaxmi, Lalitpur",6974769.905040176,0,0,0,0,0,1,0,0,0,0,0,0,0,1
Land for Sale - Rs 48 Lakh Per Aana,Land,"Shital Height 7 Mahalaxmi, Lalitpur",19200000.0,0,0,0,0,0,1,0,0,0,0,0,0,0,1
Land for Sale - Rs 25 Lakh Per Aana,Land,"Lamatar 14 Mahalaxmi, Lalitpur",7500000.0,0,0,0,0,0,1,0,0,0,0,0,0,0,1
Land for Sale - Rs 55 Lakh Per Aana,Land,"Pasikot 10 Budhanilkantha, Kathmandu",37124879.474068664,0,0,0,0,0,1,0,0,0,0,0,0,0,1
Land for Sale - Rs 25 Lakh Per Aana,Land,"Gokarna 5 Gokarneshwor, Kathmandu",10000000.0,0,0,0,0,0,1,0,0,0,0,0,0,0,1
Land for Sale - Rs 49 Lakh Per Aana,Land,"Balkot 7 Suryabinayak, Bhaktapur",24500000.0,0,0,0,0,0,1,0,0,0,0,0,0,0,1
Land for Sale - Rs 2 Lakh 90 Thousand Per Dhur,Land,"Gitanagar  Bharatpur, Chitwan",3770000.0,0,0,0,0,0,1,0,0,0,0,0,0,0,1
Land for Sale - Rs 1 Crore 90 Lakh,Land,"Bode 9 Bhaktapur, Bhaktapur",19000000.0,0,0,0,0,0,1,0,0,0,0,0,0,0,1
Land for Sale - Rs 3 Crore 25 Lakh,Land,"Balkot 8 Bhaktapur, Bhaktapur",32500000.0,0,0,0,0,0,1,0,0,0,0,0,0,0,1
Land for Sale - Rs 32 Lakh Per Aana,Land,"Changathali 7 Mahalaxmi, Lalitpur",15199929.87582177,0,0,0,0,0,1,0,0,0,0,0,0,0,1
Land for Sale - Rs 28 Lakh Per Aana,Land,"Machhegaun 9 Chandragiri, Kathmandu",11200000.0,0,0,0,0,0,1,0,0,0,0,0,0,0,1
Land for Sale - Rs 55 Lakh Per Aana,Land,"Thimi 12 Bhaktapur, Bhaktapur",27500000.0,0,0,0,0,0,1,0,0,0,0,0,0,0,1
Land for Sale - Rs 55 Lakh Per Aana,Land,"Kamerotar 11 Bhaktapur, Bhaktapur",33000000.0,0,0,0,0,0,1,0,0,0,0,0,0,0,1
Land for Sale - Rs 37 Lakh Per Aana,Land,"Bhaktapur 10 Bhaktapur, Bhaktapur",12024972.972972972,0,0,0,0,0,1,0,0,0,0,0,0,0,1
Land for Sale - Rs 42 Lakh Per Aana,Land,"Saraswotikhel 9 Changunarayan, Bhaktapur",31500061.358655956,0,0,0,0,0,1,0,0,0,0,0,0,0,1
Land for Sale - Rs 2 Crore 10 Lakh,Land,"thaiba 14 Godawari, Lalitpur",21000000.0,0,0,0,0,0,1,0,0,0,0,0,0,0,1
Land for Sale - Rs 34 Lakh 50 Thousand Per Aana,Land,"dadapauwa ramkot 4 Nagarjun, Kathmandu",29324949.598246895,0,0,0,0,0,1,0,0,0,0,0,0,0,1
Land for Sale - Rs 2 Crore 10 Lakh,Land,"Gothatar 9 Kathmandu Metropolis, Kathmandu",21000000.0,0,0,0,0,0,1,0,0,0,0,0,0,0,1
Land for Sale - Rs 2 Crore 15 Lakh,Land,"Dhumbarahi 2 Kathmandu Metropolis, Kathmandu",21500000.0,0,0,0,0,0,1,0,0,0,0,0,0,0,1
Land for Sale - Rs 1 Crore,Land,"Sanothimi 14 Bhaktapur, Bhaktapur",10000000.0,0,0,0,0,0,1,0,0,0,0,0,0,0,1
Land for Sale - Rs 4 Crore 40 Lakh,Land,"Imadol 13 Mahalaxmi, Lalitpur",44000000.0,0,0,0,0,0,1,0,0,0,0,0,0,0,1
Land for Sale - Rs 67 Lakh Per Aana,Land,"Manohra Town Planning 8 Kathmandu Metropolis, Kathmandu",46900000.0,0,0,0,0,0,1,0,0,0,0,0,0,0,1
Land for Sale - Rs 65 Lakh Per Aana,Land,"Pepsicola 7 Kathmandu Metropolis, Kathmandu",45500000.0,0,0,0,0,0,1,0,0,0,0,0,0,0,1
Land for Sale - Rs 2 Crore 45 Lakh,Land,"Kapan 7 Budhanilkantha, Kathmandu",24500000.0,0,0,0,0,0,1,0,0,0,0,0,0,0,1
Land for Sale - Rs 24 Lakh Kathha,Land,"Near Khajurico Nepal Pvt Ltd, Budhi Rapti Khola Pool  Ratnanagar, Chitwan",2400000.0,0,0,0,0,0,1,0,0,0,0,0,0,0,1
Land for Sale - Rs 50 Lakh Per Aana,Land,"Kapan  Budhanilkantha, Kathmandu",35000000.0,0,0,0,0,0,1,0,0,0,0,0,0,0,1
House for Sale - Rs 90 Lakh,House,"Bhaisepati 8 Lalitpur Metropolis, Lalitpur",9000000.0,0,0,0,0,1,0,0,0,0,0,0,0,0,1
Land for Sale - Rs 3 Crore 95 Lakh,Land,"Dhapakhel 7 Lalitpur Metropolis, Lalitpur",39500000.0,0,0,0,0,0,1,0,0,0,0,0,0,0,1
Land for Sale - Rs 3 Crore 75 Lakh,Land,"Balkot 7 Bhaktapur, Bhaktapur",37500000.0,0,0,0,0,0,1,0,0,0,0,0,0,0,1
Land for Sale - Rs 2 Crore 65 Lakh,Land,"Balkot 14 Bhaktapur, Bhaktapur",26500000.0,0,0,0,0,0,1,0,0,0,0,0,0,0,1
Land for Sale - Rs 10 Crore,Land,"Sinamangal 12 Kathmandu Metropolis, Kathmandu",100000000.0,0,0,0,0,0,1,0,0,0,0,0,0,0,1
Land for Sale - Rs 4 Crore 50 Lakh,Land,"Shantinagar 11 Kathmandu Metropolis, Kathmandu",45000000.0,0,0,0,0,0,1,0,0,0,0,0,0,0,1
Land for Sale - Rs 6 Crore,Land,"Shantinagar 10 Kathmandu Metropolis, Kathmandu",60000000.0,0,0,0,0,0,1,0,0,0,0,0,0,0,1
Land for Sale - Rs 5 Crore 50 Lakh,Land,"Shantinagar 9 Kathmandu Metropolis, Kathmandu",55000000.0,0,0,0,0,0,1,0,0,0,0,0,0,0,1
Land for Sale - Rs 6 Crore 50 Lakh,Land,"Shantinagar 12 Kathmandu Metropolis, Kathmandu",65000000.0,0,0,0,0,0,1,0,0,0,0,0,0,0,1
Land for Sale - Rs 3 Crore 90 Lakh,Land,"nakhu 25 Lalitpur Metropolis, Lalitpur",39000000.0,0,0,0,0,0,1,0,0,0,0,0,0,0,1
Land for Sale - Rs 26 Lakh Per Aana,Land,"Lubhu 11 Mahalaxmi, Lalitpur",10724990.50401753,0,0,0,0,0,1,0,0,0,0,0,0,0,1
Land for Sale - Rs 37 Lakh Per Aana,Land,"Lubhu 8 Mahalaxmi, Lalitpur",18500000.0,0,0,0,0,0,1,0,0,0,0,0,0,0,1
Land for Sale - Rs 33 Lakh Per Aana,Land,"Lubhu 8 Mahalaxmi, Lalitpur",12374927.684441198,0,0,0,0,0,1,0,0,0,0,0,0,0,1
Land for Sale - Rs 35 Lakh Per Aana,Land,"Lubhu 7 Mahalaxmi, Lalitpur",12250051.132213296,0,0,0,0,0,1,0,0,0,0,0,0,0,1
Land for Sale - Rs 5 Crore 75 Lakh,Land,"Shantinagar 13 Kathmandu Metropolis, Kathmandu",57500000.0,0,0,0,0,0,1,0,0,0,0,0,0,0,1
Land for Sale - Rs 75 Lakh Per Aana,Land,"Shantinagar 12 Kathmandu Metropolis, Kathmandu",63749890.43097151,0,0,0,0,0,1,0,0,0,0,0,0,0,1
Land for Sale - Rs 57 Lakh Per Aana,Land,"Lokanthali 7 Bhaktapur, Bhaktapur",24937437.54565376,0,0,0,0,0,1,0,0,0,0,0,0,0,1
Land for Sale - Rs 8 Lakh 75 Thousand Per Aana,Land,"lele 5 Godawari, Lalitpur",2625000.0,0,0,0,0,0,1,0,0,0,0,0,0,0,1
Land for Sale - Rs 38 Lakh Per Aana,Land,"Bode 13 Bhaktapur, Bhaktapur",15200000.0,0,0,0,0,0,1,0,0,0,0,0,0,0,1
Land for Sale - Rs 60 Lakh Per Aana,Land,"Bistagau 12 Kathmandu Metropolis, Kathmandu",54000000.0,0,0,0,0,0,1,0,0,0,0,0,0,0,1
Land for Sale - Rs 35 Lakh Per Aana,Land,"Chandeshwori 2 Tokha, Kathmandu",15749948.867786704,0,0,0,0,0,1,0,0,0,0,0,0,0,1
Land for Sale - Rs 2 Crore 75 Lakh,Land,"Safray dhunga 9 Budhanilkantha, Kathmandu",27500000.0,0,0,0,0,0,1,0,0,0,0,0,0,0,1
Land for Sale - Rs 3 Crore 25 Lakh,Land,"Dibyeshwori Planning 10 Bhaktapur, Bhaktapur",32500000.0,0,0,0,0,0,1,0,0,0,0,0,0,0,1
Land for Sale - Rs 9 Crore,Land,"Baluwatar 9 Kathmandu Metropolis, Kathmandu",90000000.0,0,0,0,0,0,1,0,0,0,0,0,0,0,1
Land for Sale - Rs 10 Crore,Land,"Naxal 7 Kathmandu Metropolis, Kathmandu",100000000.0,0,0,0,0,0,1,0,0,0,0,0,0,0,1
Land for Sale - Rs 1 Crore 75 Lakh Per Aana,Land,"Baluwatar 14 Kathmandu Metropolis, Kathmandu",332500000.0,0,0,0,0,0,1,0,0,0,0,0,0,0,1
Land for Sale - Rs 45 Lakh Per Aana,Land,"Bhaisepati 13 Lalitpur Metropolis, Lalitpur",27000000.0,0,0,0,0,0,1,0,0,0,0,0,0,0,1
Land for Sale - Rs 80 Lakh Per Aana,Land,"Koteshwor 11 Kathmandu Metropolis, Kathmandu",32000000.0,0,0,0,0,0,1,0,0,0,0,0,0,0,1
Land for Sale - Rs 30 Lakh Per Aana,Land,"Lubhu 13 Mahalaxmi, Lalitpur",27000000.0,0,0,0,0,0,1,0,0,0,0,0,0,0,1
Land for Sale - Rs 45 Lakh Per Aana,Land,"Bhaisepati 11 Lalitpur Metropolis, Lalitpur",36000000.0,0,0,0,0,0,1,0,0,0,0,0,0,0,1
Land for Sale - Rs 4 Crore 35 Lakh,Land,"Jorpati 8 Kathmandu Metropolis, Kathmandu",43500000.0,0,0,0,0,0,1,0,0,0,0,0,0,0,1
Land for Sale - Rs 4 Crore 25 Lakh,Land,"Hattigauda 10 Budhanilkantha, Kathmandu",42500000.0,0,0,0,0,0,1,0,0,0,0,0,0,0,1
Land for Sale - Rs 3 Crore 50 Lakh,Land,"Budhanilkantha 10 Budhanilkantha, Kathmandu",35000000.0,0,0,0,0,0,1,0,0,0,0,0,0,0,1
Land for Sale - Rs 4 Crore 75 Lakh,Land,"Baluwakhani 9 Kathmandu Metropolis, Kathmandu",47500000.0,0,0,0,0,0,1,0,0,0,0,0,0,0,1
Land for Sale - Rs 3 Crore 90 Lakh,Land,"Sanobharyang 11 Kathmandu Metropolis, Kathmandu",39000000.0,0,0,0,0,0,1,0,0,0,0,0,0,0,1
Land for Sale - Rs 65 Lakh Per Aana,Land,"Bansbari 10 Kathmandu Metropolis, Kathmandu",32500000.0,0,0,0,0,0,1,0,0,0,0,0,0,0,1
Land for Sale - Rs 6 Crore,Land,"Panipokhari 7 Kathmandu Metropolis, Kathmandu",60000000.0,0,0,0,0,0,1,0,0,0,0,0,0,0,1
Land for Sale - Rs 1 Crore 80 Lakh,Land,"Sitapaila 7 Kathmandu Metropolis, Kathmandu",18000000.0,0,0,0,0,0,1,0,0,0,0,0,0,0,1
Land for Sale - Rs 90 Lakh Per Aana,Land,"BishalNagar 12 Kathmandu Metropolis, Kathmandu",360000000.0,0,0,0,0,0,1,0,0,0,0,0,0,0,1
Land for Sale - Rs 1 Crore 50 Lakh Per Aana,Land,"Baluwatar 11 Kathmandu Metropolis, Kathmandu",52500219.13805698,0,0,0,0,0,1,0,0,0,0,0,0,0,1
Land for Sale - Rs 14 Crore,Land,"Baneshwor 10 Kathmandu Metropolis, Kathmandu",140000000.0,0,0,0,0,0,1,0,0,0,0,0,0,0,1
Land for Sale - Rs 4 Crore 25 Lakh,Land,"Shantinagar 9 Kathmandu Metropolis, Kathmandu",42500000.0,0,0,0,0,0,1,0,0,0,0,0,0,0,1
Land for Sale - Rs 4 Crore 90 Lakh,Land,"Tikathali 7 Mahalaxmi, Lalitpur",49000000.0,0,0,0,0,0,1,0,0,0,0,0,0,0,1
Land for Sale - Rs 75 Lakh Per Aana,Land,"Maharajgunj 10 Kathmandu Metropolis, Kathmandu",105000000.0,0,0,0,0,0,1,0,0,0,0,0,0,0,1
Land for Sale - Rs 60 Lakh Per Aana,Land,"Maharajgunj 8 Kathmandu Metropolis, Kathmandu",84000000.0,0,0,0,0,0,1,0,0,0,0,0,0,0,1
Land for Sale - Rs 60 Lakh Per Aana,Land,"Maharajgunj 7 Kathmandu Metropolis, Kathmandu",114000000.0,0,0,0,0,0,1,0,0,0,0,0,0,0,1
Land for Sale - Rs 15 Lakh Per Aana,Land,"Dadingbesi puchar bazar 5 Nilkantha , Dhading",4500000.0,0,0,0,0,0,1,0,0,0,0,0,0,0,1
Land for Sale - Rs 4 Crore,Land,"satdobato swimming pool 15 Lalitpur Metropolis, Lalitpur",40000000.0,0,0,0,0,0,1,0,0,0,0,0,0,0,1
Land for Sale - Rs 35 Lakh Per Aana,Land,"Hattiban 13 Lalitpur Metropolis, Lalitpur",10500000.0,0,0,0,0,0,1,0,0,0,0,0,0,0,1
Land for Sale - Rs 3 Crore 25 Lakh,Land,"Sanobharyang 10 Kathmandu Metropolis, Kathmandu",32500000.0,0,0,0,0,0,1,0,0,0,0,0,0,0,1
Land for Sale - Rs 50 Lakh Per Aana,Land,"Lokanthali 7 Bhaktapur, Bhaktapur",20000000.0,0,0,0,0,0,1,0,0,0,0,0,0,0,1
Land for Sale - Rs 26 Lakh Per Aana,Land,"Dahachowk  Chandragiri, Kathmandu",10400000.0,0,0,0,0,0,1,0,0,0,0,0,0,0,1
Land for Sale - Rs 22 Lakh Per Aana,Land,"Dahachowk  Chandragiri, Kathmandu",8800000.0,0,0,0,0,0,1,0,0,0,0,0,0,0,1
Land for Sale - Rs 6 Crore 75 Lakh,Land,"Bhaisepati 0 Lalitpur Metropolis, Lalitpur",67500000.0,0,0,0,0,0,1,0,0,0,0,0,0,0,1
Land for Sale - Rs 65 Lakh Per Aana,Land,"tahachal 0 Kathmandu Metropolis, Kathmandu",136500000.0,0,0,0,0,0,1,0,0,0,0,0,0,0,1
Land for Sale - Rs 2 Crore 55 Lakh,Land,"Tikathali 4 Mahalaxmi, Lalitpur",25500000.0,0,0,0,0,0,1,0,0,0,0,0,0,0,1
Land for Sale - Rs 90 Lakh Per Aana,Land,"kuleshower  0 Kathmandu Metropolis, Kathmandu",126000000.0,0,0,0,0,0,1,0,0,0,0,0,0,0,1
Land for Sale - Rs 1 Crore 55 Lakh Per Aana,Land,"Jhamaikhel chowk 3 Select Municipality, Lalitpur",77500000.0,0,0,0,0,0,1,0,0,0,0,0,0,0,1
Land for Sale - Rs 4 Crore 20 Lakh,Land,"Jhamsikhel Lalitpur  3 Lalitpur Metropolis, Lalitpur",42000000.0,0,0,0,0,0,1,0,0,0,0,0,0,0,1
Land for Sale - Rs 90 Lakh Per Aana,Land,"Jhamsikhel Lalitpur  3 Lalitpur Metropolis, Lalitpur",63000000.0,0,0,0,0,0,1,0,0,0,0,0,0,0,1
Land for Sale - Rs 15 Lakh Per Dhur,Land,"Dharan  0 Dharan, Sunsari",109500000.0,0,0,0,0,0,1,0,0,0,0,0,0,0,1
Land for Sale - Rs 11 Crore,Land,"Satdobato 0 Select Municipality, Lalitpur",110000000.0,0,0,0,0,0,1,0,0,0,0,0,0,0,1
Land for Sale - Rs 5 Crore 25 Lakh,Land,"... 0 Lalitpur Metropolis, Lalitpur",52500000.0,0,0,0,0,0,1,0,0,0,0,0,0,0,1
Land for Sale - Rs 3 Crore 90 Lakh,Land,"Bhaisepati 0 Bagmati, Lalitpur",39000000.0,0,0,0,0,0,1,0,0,0,0,0,0,0,1
Land for Sale - Rs 75 Lakh Per Aana,Land,"Satdobato 0 Bagmati, Lalitpur",30000000.0,0,0,0,0,0,1,0,0,0,0,0,0,0,1
Land for Sale - Rs 33 Lakh,Land,"Duwakot 7 Changunarayan, Bhaktapur",3300000.0,0,0,0,0,0,1,0,0,0,0,0,0,0,1
House for Sale - Rs 3 Crore 99 Lakh 99 Thousand 999,House,"Hattiban 0 Lalitpur Metropolis, Lalitpur",39999000.0,0,0,0,0,1,0,0,0,0,0,0,0,0,1
Land for Sale - Rs 2 Crore 30 Lakh,Land,"Hattiban 0 Lalitpur Metropolis, Lalitpur",23000000.0,0,0,0,0,0,1,0,0,0,0,0,0,0,1
House for Sale - Rs 1 Crore 39 Lakh 99 Thousand 999,House,"Sanagau, Charghare 0 Mahalaxmi, Lalitpur",13999000.0,0,0,0,0,1,0,0,0,0,0,0,0,0,1
Land for Sale - Rs 38 Lakh Per Aana,Land,"Balkot 13 Bhaktapur, Bhaktapur",30400000.0,0,0,0,0,0,1,0,0,0,0,0,0,0,1
Land for Sale - Rs 40 Lakh Per Aana,Land,"Balkot 12 Bhaktapur, Bhaktapur",25999941.563184805,0,0,0,0,0,1,0,0,0,0,0,0,0,1
Land for Sale - Rs 60 Lakh Per Aana,Land,"Pepsicola 11 Kathmandu Metropolis, Kathmandu",21749890.43097151,0,0,0,0,0,1,0,0,0,0,0,0,0,1
Land for Sale - Rs 45 Lakh Per Aana,Land,"Deuba Chowk 10 Kathmandu Metropolis, Kathmandu",36000000.0,0,0,0,0,0,1,0,0,0,0,0,0,0,1
Land for Sale - Rs 5 Crore 49 Lakh 99 Thousand 999,Land,"Dhphakhel 0 Mahalaxmi, Lalitpur",54999000.0,0,0,0,0,0,1,0,0,0,0,0,0,0,1
House for Sale - Rs 2 Crore 99 Lakh 99 Thousand 999,House,"magargau 4 Mahalaxmi, Lalitpur",29999000.0,0,0,0,0,1,0,0,0,0,0,0,0,0,1
Land for Sale - Rs 5 Crore 50 Lakh,Land,"Dhapakhel 8 Lalitpur Metropolis, Lalitpur",55000000.0,0,0,0,0,0,1,0,0,0,0,0,0,0,1
Land for Sale - Rs 2 Crore 60 Lakh,Land,"Bhaisepati 7 Lalitpur Metropolis, Lalitpur",26000000.0,0,0,0,0,0,1,0,0,0,0,0,0,0,1
House for Sale - Rs 3 Crore 19 Lakh 99 Thousand 999,House,"Imadol 4 Mahalaxmi, Lalitpur",31999000.0,0,0,0,0,1,0,0,0,0,0,0,0,0,1
House for Sale - Rs 3 Crore 24 Lakh 99 Thousand 999,House,"Imadol 4 Mahalaxmi, Lalitpur",32499000.0,0,0,0,0,1,0,0,0,0,0,0,0,0,1
Land for Sale - Rs 1 Crore 89 Lakh,Land,"Setipakha 12 Lalitpur Metropolis, Lalitpur",18900000.0,0,0,0,0,0,1,0,0,0,0,0,0,0,1
Land for Sale - Rs 2 Crore 90 Lakh,Land,"Shital Height 10 Mahalaxmi, Lalitpur",29000000.0,0,0,0,0,0,1,0,0,0,0,0,0,0,1
Land for Sale - Rs 39 Lakh Per Aana,Land,"Harisiddhi 10 Lalitpur Metropolis, Lalitpur",17549943.024105184,0,0,0,0,0,1,0,0,0,0,0,0,0,1
Land for Sale - Rs 40 Lakh Per Aana,Land,"Harisiddhi 9 Lalitpur Metropolis, Lalitpur",15499897.735573413,0,0,0,0,0,1,0,0,0,0,0,0,0,1
Land for Sale - Rs 57 Lakh Per Aana,Land,"Khumaltar 11 Lalitpur Metropolis, Lalitpur",79800000.0,0,0,0,0,0,1,0,0,0,0,0,0,0,1
Land for Sale - Rs 59 Lakh Per Aana,Land,"Khumaltar 13 Lalitpur Metropolis, Lalitpur",44250086.19430241,0,0,0,0,0,1,0,0,0,0,0,0,0,1
Land for Sale - Rs 58 Lakh Per Aana,Land,"Khumaltar 12 Lalitpur Metropolis, Lalitpur",58000000.0,0,0,0,0,0,1,0,0,0,0,0,0,0,1
Land for Sale - Rs 40 Lakh Per Aana,Land,"Imadol 9 Lalitpur Metropolis, Lalitpur",18999912.34477721,0,0,0,0,0,1,0,0,0,0,0,0,0,1
Land for Sale - Rs 90 Lakh Per Aana,Land,"Ratopul 16 Kathmandu Metropolis, Kathmandu",42750065.741417095,0,0,0,0,0,1,0,0,0,0,0,0,0,1
Land for Sale - Rs 70 Lakh Per Aana,Land,"Maharajgunj 14 Kathmandu Metropolis, Kathmandu",49000000.0,0,0,0,0,0,1,0,0,0,0,0,0,0,1
Land for Sale - Rs 4 Crore,Land,"Bansbari 11 Kathmandu Metropolis, Kathmandu",40000000.0,0,0,0,0,0,1,0,0,0,0,0,0,0,1
Land for Sale - Rs 6 Crore,Land,"Bansbari 10 Kathmandu Metropolis, Kathmandu",60000000.0,0,0,0,0,0,1,0,0,0,0,0,0,0,1
Land for Sale - Rs 5 Crore,Land,"Basundhara 9 Kathmandu Metropolis, Kathmandu",50000000.0,0,0,0,0,0,1,0,0,0,0,0,0,0,1
Land for Sale - Rs 2 Crore 50 Lakh Per Aana,Land,"Balkot 02 Suryabinayak, Bhaktapur",87500365.23009497,0,0,0,0,0,1,0,0,0,0,0,0,0,1
Land for Sale - Rs 45 Lakh Per Aana,Land,"Ghathaghar 7 Bhaktapur, Bhaktapur",27000000.0,0,0,0,0,0,1,0,0,0,0,0,0,0,1
Land for Sale - Rs 35 Lakh Per Aana,Land,"Thimi 15 Bhaktapur, Bhaktapur",21000000.0,0,0,0,0,0,1,0,0,0,0,0,0,0,1
Land for Sale - Rs 39 Lakh Per Aana,Land,"Gothatar 6 Kageshwori Manohara, Kathmandu",15600000.0,0,0,0,0,0,1,0,0,0,0,0,0,0,1
Land for Sale - Rs 62 Lakh Per Aana,Land,"imadol ochu height 4 Lalitpur Metropolis, Lalitpur",31000000.0,0,0,0,0,0,1,0,0,0,0,0,0,0,1
House for Sale - Rs 2 Crore 40 Lakh,House,"Dhapakhel 14 Lalitpur Metropolis, Lalitpur",24000000.0,0,0,0,0,1,0,0,0,0,0,0,0,0,1
Land for Sale - Rs 45 Lakh Per Aana,Land,"Gothatar 15 Kathmandu Metropolis, Kathmandu",15750065.741417097,0,0,0,0,0,1,0,0,0,0,0,0,0,1
Land for Sale - Rs 55 Lakh Per Aana,Land,"Kamerotar 11 Bhaktapur, Bhaktapur",33687479.91234478,0,0,0,0,0,1,0,0,0,0,0,0,0,1
House for Sale - Rs 3 Crore 25 Lakh,House,"Kumaripati 19 Lalitpur Metropolis, Lalitpur",32500000.0,0,0,0,0,1,0,0,0,0,0,0,0,0,1
Land for Sale - Rs 45 Lakh Per Aana,Land,"Gothatar 11 Kathmandu Metropolis, Kathmandu",18000000.0,0,0,0,0,0,1,0,0,0,0,0,0,0,1
Land for Sale - Rs 45 Lakh Per Aana,Land,"Gothatar 10 Kathmandu Metropolis, Kathmandu",18000000.0,0,0,0,0,0,1,0,0,0,0,0,0,0,1
Land for Sale - Rs 60 Lakh Per Aana,Land,"Gothatar 9 Lalitpur Metropolis, Lalitpur",48000000.0,0,0,0,0,0,1,0,0,0,0,0,0,0,1
Land for Sale - Rs 75 Lakh Per Aana,Land,"Mahalaxmisthan 13 Lalitpur Metropolis, Lalitpur",39374945.21548575,0,0,0,0,0,1,0,0,0,0,0,0,0,1
Land for Sale - Rs 49 Lakh Per Aana,Land,"Imadol 11 Mahalaxmi, Lalitpur",15924964.207450692,0,0,0,0,0,1,0,0,0,0,0,0,0,1
Land for Sale - Rs 9 Lakh Per Aana,Land,"lele 5 Godawari, Lalitpur",2700000.0,0,0,0,0,0,1,0,0,0,0,0,0,0,1
Land for Sale - Rs 22 Lakh Per Aana,Land,"Maiti nepal 4 Gokarneshwor, Kathmandu",6600000.0,0,0,0,0,0,1,0,0,0,0,0,0,0,1
Land for Sale - Rs 40 Lakh Per Aana,Land,"Balkot 10 Bhaktapur, Bhaktapur",16249992.695398102,0,0,0,0,0,1,0,0,0,0,0,0,0,1
Land for Sale - Rs 50 Lakh Per Aana,Land,"Nakhu 4 Lalitpur Metropolis, Lalitpur",27812417.823228635,0,0,0,0,0,1,0,0,0,0,0,0,0,1
Land for Sale - Rs 3 Crore 25 Lakh,Land,"Imadol 11 Mahalaxmi, Lalitpur",32500000.0,0,0,0,0,0,1,0,0,0,0,0,0,0,1
Land for Sale - Rs 36 Lakh Per Aana,Land,"Harisiddhi 13 Lalitpur Metropolis, Lalitpur",14400000.0,0,0,0,0,0,1,0,0,0,0,0,0,0,1
Land for Sale - Rs 34 Lakh Per Aana,Land,"Harisiddhi 11 Lalitpur Metropolis, Lalitpur",12537431.701972242,0,0,0,0,0,1,0,0,0,0,0,0,0,1
Land for Sale - Rs 30 Lakh Per Aana,Land,"Dhapakhel 12 Lalitpur Metropolis, Lalitpur",9000000.0,0,0,0,0,0,1,0,0,0,0,0,0,0,1
Land for Sale - Rs 40 Lakh Per Aana,Land,"Harisiddhi 11 Mahalaxmi, Lalitpur",17499956.172388602,0,0,0,0,0,1,0,0,0,0,0,0,0,1
Land for Sale - Rs 30 Lakh Per Aana,Land,"Harisiddhi 10 Mahalaxmi, Lalitpur",18000000.0,0,0,0,0,0,1,0,0,0,0,0,0,0,1
Land for Sale - Rs 23 Lakh Per Aana,Land,"Lamatar 9 Mahalaxmi, Lalitpur",9200000.0,0,0,0,0,0,1,0,0,0,0,0,0,0,1
Land for Sale - Rs 23 Lakh Per Aana,Land,"Lamatar 9 Mahalaxmi, Lalitpur",8624949.598246895,0,0,0,0,0,1,0,0,0,0,0,0,0,1
House for Sale - Rs 3 Crore 70 Lakh,House,"bhaudaha  Katahari, Morang",37000000.0,0,0,0,0,1,0,0,0,0,0,0,0,0,1
Land for Sale - Rs 2 Crore 45 Lakh,Land,"Tikathali 4 Mahalaxmi, Lalitpur",24500000.0,0,0,0,0,0,1,0,0,0,0,0,0,0,1
Land for Sale - Rs 2 Crore 50 Lakh,Land,"Imadol  4 Mahalaxmi, Lalitpur",25000000.0,0,0,0,0,0,1,0,0,0,0,0,0,0,1
Land for Sale - Rs 4 Crore 50 Lakh,Land,"Imadol 11 Mahalaxmi, Lalitpur",45000000.0,0,0,0,0,0,1,0,0,0,0,0,0,0,1
Land for Sale - Rs 38 Lakh Per Aana,Land,"Shital Height 11 Mahalaxmi, Lalitpur",13300055.514974436,0,0,0,0,0,1,0,0,0,0,0,0,0,1
House for Sale - Rs 4 Crore,House,"Sundar basti 8 Budhanilkantha, Kathmandu",40000000.0,0,0,0,0,1,0,0,0,0,0,0,0,0,1
Land for Sale - Rs 62 Lakh Per Aana,Land,"Lamatar 9 Mahalaxmi, Lalitpur",37200000.0,0,0,0,0,0,1,0,0,0,0,0,0,0,1
Land for Sale - Rs 32 Lakh Per Aana,Land,"Lubhu 9 Mahalaxmi, Lalitpur",12800000.0,0,0,0,0,0,1,0,0,0,0,0,0,0,1
Land for Sale - Rs 38 Lakh Per Aana,Land,"Shital height 9 Mahalaxmi, Lalitpur",23749972.24251278,0,0,0,0,0,1,0,0,0,0,0,0,0,1
Land for Sale - Rs 2 Crore 60 Lakh,Land,"Shital Height 12 Mahalaxmi, Lalitpur",26000000.0,0,0,0,0,0,1,0,0,0,0,0,0,0,1
Land for Sale - Rs 4 Crore 35 Lakh,Land,"Bhaisepati 11 Lalitpur Metropolis, Lalitpur",43500000.0,0,0,0,0,0,1,0,0,0,0,0,0,0,1
House for Sale - Rs 4 Crore 25 Lakh,House,"Imadol Ochu Height 6 Mahalaxmi, Lalitpur",42500000.0,0,0,0,0,1,0,0,0,0,0,0,0,0,1
Land for Sale - Rs 4 Crore 25 Lakh,Land,"Imadol Cozy Home 4 Mahalaxmi, Lalitpur",42500000.0,0,0,0,0,0,1,0,0,0,0,0,0,0,1
Land for Sale - Rs 3 Crore 10 Lakh,Land,"Imadol  3 Mahalaxmi, Lalitpur",31000000.0,0,0,0,0,0,1,0,0,0,0,0,0,0,1
Land for Rent - Rs 1 Lakh 80 Thousand Per Sq. Ft.,Land,"Kupo 9 Lalitpur Metropolis, Lalitpur",180000.0,0,0,0,0,0,1,0,0,0,0,0,0,0,0
House for Sale - Rs 2 Crore 40 Lakh,House,"Kapan height  Budhanilkantha, Kathmandu",24000000.0,0,0,0,0,1,0,0,0,0,0,0,0,0,1
Land for Sale - Rs 38 Lakh Per Aana,Land,"Tikathali 12 Bhaktapur, Bhaktapur",13300055.514974436,0,0,0,0,0,1,0,0,0,0,0,0,0,1
Land for Sale - Rs 70 Lakh Per Aana,Land,"Lokanthali 11 Bhaktapur, Bhaktapur",73499897.73557341,0,0,0,0,0,1,0,0,0,0,0,0,0,1
Land for Sale - Rs 38 Lakh Per Aana,Land,"Balkot 8 Bhaktapur, Bhaktapur",15200000.0,0,0,0,0,0,1,0,0,0,0,0,0,0,1
Land for Sale - Rs 48 Lakh Per Aana,Land,"Balkot 9 Bhaktapur, Bhaktapur",17999894.81373265,0,0,0,0,0,1,0,0,0,0,0,0,0,1
Land for Sale - Rs 35 Lakh Per Aana,Land,"Bode 6 Bhaktapur, Bhaktapur",28000000.0,0,0,0,0,0,1,0,0,0,0,0,0,0,1
Land for Sale - Rs 3 Crore 80 Lakh,Land,"Imadol 12 Mahalaxmi, Lalitpur",38000000.0,0,0,0,0,0,1,0,0,0,0,0,0,0,1
Land for Sale - Rs 49 Lakh Per Aana,Land,"Kapan   Budhanilkantha, Kathmandu",44100000.0,0,0,0,0,0,1,0,0,0,0,0,0,0,1
Land for Sale - Rs 11 Crore 50 Lakh,Land,"Sinamangal 13 Kathmandu Metropolis, Kathmandu",115000000.0,0,0,0,0,0,1,0,0,0,0,0,0,0,1
Land for Sale - Rs 4 Crore,Land,"Harisiddhi 12 Lalitpur Metropolis, Lalitpur",40000000.0,0,0,0,0,0,1,0,0,0,0,0,0,0,1
Land for Sale - Rs 38 Lakh Per Aana,Land,"Sanagau 12 Mahalaxmi, Lalitpur",11400000.0,0,0,0,0,0,1,0,0,0,0,0,0,0,1
Land for Sale - Rs 3 Crore 25 Lakh,Land,"Bhaisepati 11 Lalitpur Metropolis, Lalitpur",32500000.0,0,0,0,0,0,1,0,0,0,0,0,0,0,1
Land for Sale - Rs 50 Lakh Per Aana,Land,"Imadol 17 Mahalaxmi, Lalitpur",15000000.0,0,0,0,0,0,1,0,0,0,0,0,0,0,1
Land for Sale - Rs 2 Crore 70 Lakh,Land,"Bhaisepati  Lalitpur Metropolis, Lalitpur",27000000.0,0,0,0,0,0,1,0,0,0,0,0,0,0,1
Land for Sale - Rs 40 Lakh Per Aana,Land,"Thaiba 13 Lalitpur Metropolis, Lalitpur",17999941.563184805,0,0,0,0,0,1,0,0,0,0,0,0,0,1
Land for Sale - Rs 11 Crore 50 Lakh,Land,"Kathmandu 16 Kathmandu Metropolis, Kathmandu",115000000.0,0,0,0,0,0,1,0,0,0,0,0,0,0,1
Land for Sale - Rs 5 Crore 25 Lakh,Land,"Bhaisepati 12 Lalitpur Metropolis, Lalitpur",52500000.0,0,0,0,0,0,1,0,0,0,0,0,0,0,1
Land for Sale - Rs 35 Lakh Per Aana,Land,"Hattiban  Lalitpur Metropolis, Lalitpur",13124923.301680058,0,0,0,0,0,1,0,0,0,0,0,0,0,1
Land for Sale - Rs 70 Lakh Per Aana,Land,"Imadol 1 Mahalaxmi, Lalitpur",42000000.0,0,0,0,0,0,1,0,0,0,0,0,0,0,1
Land for Sale - Rs 45 Lakh Per Aana,Land,"Setipakha 11 Lalitpur Metropolis, Lalitpur",36000000.0,0,0,0,0,0,1,0,0,0,0,0,0,0,1
Land for Sale - Rs 45 Lakh Per Aana,Land,"Setipakha 15 Lalitpur Metropolis, Lalitpur",49500000.0,0,0,0,0,0,1,0,0,0,0,0,0,0,1
Land for Sale - Rs 2 Crore 20 Lakh,Land,"Imadol 1 Mahalaxmi, Lalitpur",22000000.0,0,0,0,0,0,1,0,0,0,0,0,0,0,1
Land for Sale - Rs 1 Crore 15 Lakh Per Aana,Land,"Imadol 14 Mahalaxmi, Lalitpur",37374915.99707816,0,0,0,0,0,1,0,0,0,0,0,0,0,1
Land for Sale - Rs 3 Crore,Land,"Bhaisepati 12 Lalitpur Metropolis, Lalitpur",30000000.0,0,0,0,0,0,1,0,0,0,0,0,0,0,1
Land for Sale - Rs 3 Crore 90 Lakh,Land,"Bhaisepati 11 Lalitpur Metropolis, Lalitpur",39000000.0,0,0,0,0,0,1,0,0,0,0,0,0,0,1
Land for Sale - Rs 44 Lakh Per Aana,Land,"Imadol 4 Lalitpur Metropolis, Lalitpur",18699967.85975164,0,0,0,0,0,1,0,0,0,0,0,0,0,1
Land for Sale - Rs 45 Lakh Per Aana,Land,"Balkumari 5 Lalitpur Metropolis, Lalitpur",16874901.38787436,0,0,0,0,0,1,0,0,0,0,0,0,0,1
Land for Sale - Rs 45 Lakh Per Aana,Land,"Imadol 6 Mahalaxmi, Lalitpur",17437384.952520087,0,0,0,0,0,1,0,0,0,0,0,0,0,1
Land for Sale - Rs 52 Lakh Per Aana,Land,"Thimi Chowk 7 Bhaktapur, Bhaktapur",140400000.0,0,0,0,0,0,1,0,0,0,0,0,0,0,1
Land for Sale - Rs 45 Lakh Per Aana,Land,"Kamerotar 8 Bhaktapur, Bhaktapur",18281241.782322865,0,0,0,0,0,1,0,0,0,0,0,0,0,1
Land for Sale - Rs 3 Crore 95 Lakh,Land,"Buddhanilkanth  Budhanilkantha, Kathmandu",39500000.0,0,0,0,0,0,1,0,0,0,0,0,0,0,1
Land for Rent - Rs 2 Lakh 25 Thousand Per Dhur,Land,"Bansbari  Itahari, Sunsari",4500000.0,0,0,0,0,0,1,0,0,0,0,0,0,0,0
Land for Sale - Rs 4 Crore 75 Lakh,Land,"Pasikot 12 Budhanilkantha, Kathmandu",47500000.0,0,0,0,0,0,1,0,0,0,0,0,0,0,1
Land for Sale - Rs 37 Lakh Per Aana,Land,"Gothatar 12 Kathmandu Metropolis, Kathmandu",22200000.0,0,0,0,0,0,1,0,0,0,0,0,0,0,1
Land for Sale - Rs 90 Lakh,Land,"Padampur 2 Kalika, Chitwan",9000000.0,0,0,0,0,0,1,0,0,0,0,0,0,0,1
Land for Sale - Rs 3 Crore 25 Lakh,Land,"Bhaisepati 11 Mahalaxmi, Lalitpur",32500000.0,0,0,0,0,0,1,0,0,0,0,0,0,0,1
Land for Sale - Rs 3 Crore 25 Lakh,Land,"Sanagau 11 Mahalaxmi, Lalitpur",32500000.0,0,0,0,0,0,1,0,0,0,0,0,0,0,1
Land for Sale - Rs 19 Lakh Per Aana,Land,"Dhapakhel 24 Lalitpur Metropolis, Lalitpur",30227903.579254933,0,0,0,0,0,1,0,0,0,0,0,0,0,1
Land for Sale - Rs 3 Crore,Land,"Shital Height 9 Mahalaxmi, Lalitpur",30000000.0,0,0,0,0,0,1,0,0,0,0,0,0,0,1
Land for Sale - Rs 3 Crore 65 Lakh,Land,"Bhaisepati 12 Lalitpur Metropolis, Lalitpur",36500000.0,0,0,0,0,0,1,0,0,0,0,0,0,0,1
Land for Sale - Rs 5 Crore,Land,"Swayambhu 11 Kathmandu Metropolis, Kathmandu",50000000.0,0,0,0,0,0,1,0,0,0,0,0,0,0,1
Land for Sale - Rs 3 Crore 90 Lakh,Land,"Shital height 5 Mahalaxmi, Lalitpur",39000000.0,0,0,0,0,0,1,0,0,0,0,0,0,0,1
Land for Sale - Rs 1 Crore 15 Lakh,Land,"GAURIGANJ-8 8 Bharatpur, Chitwan",11500000.0,0,0,0,0,0,1,0,0,0,0,0,0,0,1
Land for Sale - Rs 4 Crore 10 Lakh,Land,"Bhaisepati 12 Lalitpur Metropolis, Lalitpur",41000000.0,0,0,0,0,0,1,0,0,0,0,0,0,0,1
Land for Sale - Rs 36 Lakh Per Aana,Land,"Balkot 8 Bhaktapur, Bhaktapur",18000000.0,0,0,0,0,0,1,0,0,0,0,0,0,0,1
Land for Sale - Rs 50 Lakh Per Aana,Land,"Kaushaltar 12 Bhaktapur, Bhaktapur",25000000.0,0,0,0,0,0,1,0,0,0,0,0,0,0,1
Land for Sale - Rs 45 Lakh Per Aana,Land,"Thimi Chowk 11 Madhyapur Thimi, Bhaktapur",22500000.0,0,0,0,0,0,1,0,0,0,0,0,0,0,1
Land for Sale - Rs 55 Lakh Per Aana,Land,"Dibyeshwori 7 Bhaktapur, Bhaktapur",18562439.737034332,0,0,0,0,0,1,0,0,0,0,0,0,0,1
House for Sale - Rs 4 Crore 50 Lakh,House,"Baneshwor  Kathmandu Metropolis, Kathmandu",45000000.0,0,0,0,0,1,0,0,0,0,0,0,0,0,1
Land for Sale - Rs 30 Lakh Per Kathha,Land,"Rajmandir, Pithauli 12 Kawasoti, Nawalpur",3000000.0,0,0,0,0,0,1,0,0,0,0,0,0,0,1
Land for Sale - Rs 55 Lakh Per Aana,Land,"Dibyeshwori 8 Bhaktapur, Bhaktapur",55000000.0,0,0,0,0,0,1,0,0,0,0,0,0,0,1
Land for Sale - Rs 67 Lakh Per Aana,Land,"Pepsicola 7 Kathmandu Metropolis, Kathmandu",33500000.0,0,0,0,0,0,1,0,0,0,0,0,0,0,1
Land for Sale - Rs 1 Crore 80 Lakh,Land,"Imadol 12 Mahalaxmi, Lalitpur",18000000.0,0,0,0,0,0,1,0,0,0,0,0,0,0,1
Land for Sale - Rs 36 Lakh Per Aana,Land,"Changathali 11 Lalitpur Metropolis, Lalitpur",10800000.0,0,0,0,0,0,1,0,0,0,0,0,0,0,1
Land for Sale - Rs 38 Lakh Per Aana,Land,"Harisiddhi 11 Mahalaxmi, Lalitpur",12824958.363769174,0,0,0,0,0,1,0,0,0,0,0,0,0,1
Land for Sale - Rs 3 Crore 70 Lakh,Land,"Manamaiju 09 Tarakeshor, Kathmandu",37000000.0,0,0,0,0,0,1,0,0,0,0,0,0,0,1
Land for Sale - Rs 70 Lakh Per Aana,Land,"Balaju 16 Kathmandu Metropolis, Kathmandu",35000000.0,0,0,0,0,0,1,0,0,0,0,0,0,0,1
Land for Sale - Rs 2 Crore 85 Lakh,Land,"Jorpati  Kathmandu Metropolis, Kathmandu",28500000.0,0,0,0,0,0,1,0,0,0,0,0,0,0,1
Land for Sale - Rs 24 Lakh Per Kathha,Land,"Bharatpur 23 Jagatpur, Chitwan",2400000.0,0,0,0,0,0,1,0,0,0,0,0,0,0,1
House for Sale - Rs 4 Crore 75 Lakh,House,"Nakhipot  Lalitpur Metropolis, Lalitpur",47500000.0,0,0,0,0,1,0,0,0,0,0,0,0,0,1
Land for Sale - Rs 3 Crore 90 Lakh,Land,"Nakhipot  Lalitpur Metropolis, Lalitpur",39000000.0,0,0,0,0,0,1,0,0,0,0,0,0,0,1
Land for Sale - Rs 42 Lakh Per Aana,Land,"Tikathali   Mahalaxmi, Lalitpur",13649969.320672022,0,0,0,0,0,1,0,0,0,0,0,0,0,1
Land for Sale - Rs 37 Lakh Per Aana,Land,"Tikathali  Mahalaxmi, Lalitpur",18500000.0,0,0,0,0,0,1,0,0,0,0,0,0,0,1
Land for Sale - Rs 4 Crore,Land,"Nilopul  Kathmandu Metropolis, Kathmandu",40000000.0,0,0,0,0,0,1,0,0,0,0,0,0,0,1
Land for Sale - Rs 3 Crore 50 Lakh,Land,"chovar Chargare  Kirtipur, Kathmandu",35000000.0,0,0,0,0,0,1,0,0,0,0,0,0,0,1
Land for Rent - Rs 36 Lakh Per Aana,Land,"Tikathali   Mahalaxmi, Lalitpur",13499921.110299489,0,0,0,0,0,1,0,0,0,0,0,0,0,0
Land for Sale - Rs 2 Crore 60 Lakh,Land,"Sanagaun  Mahalaxmi, Lalitpur",26000000.0,0,0,0,0,0,1,0,0,0,0,0,0,0,1
House for Sale - Rs 3 Crore 85 Lakh,House,"Imadol  Mahalaxmi, Lalitpur",38500000.0,0,0,0,0,1,0,0,0,0,0,0,0,0,1
Land for Sale - Rs 3 Crore 35 Lakh,Land,"Sanagaun  Mahalaxmi, Lalitpur",33500000.0,0,0,0,0,0,1,0,0,0,0,0,0,0,1
Land for Sale - Rs 55 Lakh Per Aana,Land,"deuba chowk   Budhanilkantha, Kathmandu",55000000.0,0,0,0,0,0,1,0,0,0,0,0,0,0,1
Land for Sale - Rs 36 Lakh Per Aana,Land,"Balkot  Bhaktapur, Bhaktapur",18000000.0,0,0,0,0,0,1,0,0,0,0,0,0,0,1
Land for Sale - Rs 36 Lakh Per Aana,Land,"Balkot  Bhaktapur, Bhaktapur",14400000.0,0,0,0,0,0,1,0,0,0,0,0,0,0,1
Land for Sale - Rs 35 Lakh Per Aana,Land,"Lubhu  Mahalaxmi, Lalitpur",21000000.0,0,0,0,0,0,1,0,0,0,0,0,0,0,1
Land for Sale - Rs 35 Lakh Per Aana,Land,"Sanagaun  Mahalaxmi, Lalitpur",25374974.433893353,0,0,0,0,0,1,0,0,0,0,0,0,0,1
Land for Sale - Rs 3 Crore 50 Lakh,Land,"Bhaisepati  Mahalaxmi, Lalitpur",35000000.0,0,0,0,0,0,1,0,0,0,0,0,0,0,1
Land for Sale - Rs 1 Lakh 50 Thousand Per Aana,Land,"Patap 2 Shankharapur, Kathmandu",4772826.880934989,0,0,0,0,0,1,0,0,0,0,0,0,0,1
House for Sale - Rs 8 Crore 50 Lakh,House,"Balkot   Suryabinayak, Bhaktapur",85000000.0,0,0,0,0,1,0,0,0,0,0,0,0,0,1
Land for Sale - Rs 17 Lakh Per Aana,Land,"Bhaktapur  7 Bhaktapur, Bhaktapur",11900000.0,0,0,0,0,0,1,0,0,0,0,0,0,0,1
Land for Sale - Rs 23 Lakh 25 Thousand Per Aana,Land,"Duwakot 2 Changunarayan, Bhaktapur",9300000.0,0,0,0,0,0,1,0,0,0,0,0,0,0,1
Land for Sale - Rs 4 Crore 10 Lakh,Land,"Bhaisepati 11 Lalitpur Metropolis, Lalitpur",41000000.0,0,0,0,0,0,1,0,0,0,0,0,0,0,1
Land for Sale - Rs 5 Crore 75 Lakh,Land,"Bhaisepati 11 Lalitpur Metropolis, Lalitpur",57500000.0,0,0,0,0,0,1,0,0,0,0,0,0,0,1
Land for Sale - Rs 25 Lakh Per Aana,Land,"Bandeli height 02 Budhanilkantha, Kathmandu",13750036.523009498,0,0,0,0,0,1,0,0,0,0,0,0,0,1
Land for Sale - Rs 42 Lakh Per Aana,Land,"Baluwakhani 11 Budhanilkantha, Kathmandu",29400000.0,0,0,0,0,0,1,0,0,0,0,0,0,0,1
Land for Sale - Rs 42 Lakh Per Aana,Land,"Nikosera 12 Madhyapur Thimi, Bhaktapur",16800000.0,0,0,0,0,0,1,0,0,0,0,0,0,0,1
Land for Sale - Rs 50 Lakh Per Aana,Land,"Kamerotar 11 Madhyapur Thimi, Bhaktapur",20624981.738495253,0,0,0,0,0,1,0,0,0,0,0,0,0,1
Land for Sale - Rs 39 Lakh Per Aana,Land,"harisiddhi -1 Lalitpur Metropolis, Lalitpur",18524914.53615778,0,0,0,0,0,1,0,0,0,0,0,0,0,1
Land for Sale - Rs 2 Crore 65 Lakh,Land,"Gothatar 11 Gokarneshwor, Kathmandu",26500000.0,0,0,0,0,0,1,0,0,0,0,0,0,0,1
Land for Sale - Rs 3 Crore 30 Lakh,Land,"Balkot 9 Suryabinayak, Bhaktapur",33000000.0,0,0,0,0,0,1,0,0,0,0,0,0,0,1
Land for Sale - Rs 4 Crore 20 Lakh,Land,"Imadol 11 Mahalaxmi, Lalitpur",42000000.0,0,0,0,0,0,1,0,0,0,0,0,0,0,1
Land for Sale - Rs 34 Lakh Per Aana,Land,"Balkot 8 Suryabinayak, Bhaktapur",16149925.49306063,0,0,0,0,0,1,0,0,0,0,0,0,0,1
Land for Sale - Rs 45 Lakh Per Aana,Land,"Thimi 5 Madhyapur Thimi, Bhaktapur",14343725.346968591,0,0,0,0,0,1,0,0,0,0,0,0,0,1
Land for Sale - Rs 40 Lakh Per Aana,Land,"Harisiddhi 11 Mahalaxmi, Lalitpur",15499897.735573413,0,0,0,0,0,1,0,0,0,0,0,0,0,1
Land for Sale - Rs 3 Crore 25 Lakh,Land,"Pepsicola 11 Kathmandu Metropolis, Kathmandu",32500000.0,0,0,0,0,0,1,0,0,0,0,0,0,0,1
Land for Sale - Rs 37 Lakh Per Aana,Land,"Lubhu 12 Mahalaxmi, Lalitpur",14800000.0,0,0,0,0,0,1,0,0,0,0,0,0,0,1
Land for Sale - Rs 28 Lakh Per Aana,Land,"Lubhu 11 Mahalaxmi, Lalitpur",89092768.4441198,0,0,0,0,0,1,0,0,0,0,0,0,0,1
Land for Sale - Rs 6 Crore,Land,"Kalanki 14 Kathmandu Metropolis, Kathmandu",60000000.0,0,0,0,0,0,1,0,0,0,0,0,0,0,1
Land for Sale - Rs 80 Lakh Per Aana,Land,"Dhumbarahi  Kathmandu Metropolis, Kathmandu",64000000.0,0,0,0,0,0,1,0,0,0,0,0,0,0,1
Land for Sale - Rs 29 Lakh Per Aana,Land,"Bhaisepati 25 Lalitpur Metropolis, Lalitpur",14500000.0,0,0,0,0,0,1,0,0,0,0,0,0,0,1
Land for Sale - Rs 33 Lakh Per Aana,Land,"Lubhu 3 Mahalaxmi, Lalitpur",9900000.0,0,0,0,0,0,1,0,0,0,0,0,0,0,1
Land for Sale - Rs 33 Lakh Per Aana,Land,"Lamatar 11 Mahalaxmi, Lalitpur",10518731.9211103,0,0,0,0,0,1,0,0,0,0,0,0,0,1
Land for Sale - Rs 29 Lakh Per Aana,Land,"Lamatar 7 Mahalaxmi, Lalitpur",11418670.562454348,0,0,0,0,0,1,0,0,0,0,0,0,0,1
Land for Sale - Rs 40 Lakh Per Aana,Land,"Daksheenbarahi 4 Suryabinayak, Bhaktapur",29999941.563184805,0,0,0,0,0,1,0,0,0,0,0,0,0,1
Land for Sale - Rs 35 Lakh Per Aana,Land,"Lubhu 6 Mahalaxmi, Lalitpur",14000000.0,0,0,0,0,0,1,0,0,0,0,0,0,0,1
Land for Sale - Rs 4 Crore 10 Lakh,Land,"Bhaisepati 8 Lalitpur Metropolis, Lalitpur",41000000.0,0,0,0,0,0,1,0,0,0,0,0,0,0,1
Land for Sale - Rs 4 Crore 50 Lakh,Land,"Bhaisepati 9 Lalitpur Metropolis, Lalitpur",45000000.0,0,0,0,0,0,1,0,0,0,0,0,0,0,1
Land for Sale - Rs 5 Crore,Land,"Bhaisepati 11 Lalitpur Metropolis, Lalitpur",50000000.0,0,0,0,0,0,1,0,0,0,0,0,0,0,1
Land for Sale - Rs 1 Crore,Land,"Kamalpokhari Plotting 13 Pokhara Metropolis, Kaski",10000000.0,0,0,0,0,0,1,0,0,0,0,0,0,0,1
Land for Sale - Rs 45 Lakh Per Aana,Land,"Imadol 1 Mahalaxmi, Lalitpur",27000000.0,0,0,0,0,0,1,0,0,0,0,0,0,0,1
Land for Sale - Rs 35 Lakh Per Aana,Land,"Sanagaun 9 Mahalaxmi, Lalitpur",10500000.0,0,0,0,0,0,1,0,0,0,0,0,0,0,1
Land for Sale - Rs 35 Lakh Per Aana,Land,"Balambu 7 Chandragiri, Kathmandu",21000000.0,0,0,0,0,0,1,0,0,0,0,0,0,0,1
Land for Sale - Rs 42 Lakh Per Aana,Land,"Setipakha 12 Mahalaxmi, Lalitpur",63000000.0,0,0,0,0,0,1,0,0,0,0,0,0,0,1
Land for Sale - Rs 42 Lakh Per Aana,Land,"Setipakha 9 Lalitpur Metropolis, Lalitpur",23100061.358655956,0,0,0,0,0,1,0,0,0,0,0,0,0,1
Land for Sale - Rs 52 Lakh Per Aana,Land,"Imadol 8 Mahalaxmi, Lalitpur",41274857.56026296,0,0,0,0,0,1,0,0,0,0,0,0,0,1
Land for Sale - Rs 2 Crore 10 Lakh,Land,"Imadol  Mahalaxmi, Lalitpur",21000000.0,0,0,0,0,0,1,0,0,0,0,0,0,0,1
House for Sale - Rs 1 Crore 65 Lakh,House,"Sinamangal 8 Kathmandu Metropolis, Kathmandu",16500000.0,0,0,0,0,1,0,0,0,0,0,0,0,0,1
Land for Sale - Rs 3 Crore 35 Lakh,Land,"Pepsicola 7 Kathmandu Metropolis, Kathmandu",33500000.0,0,0,0,0,0,1,0,0,0,0,0,0,0,1
Land for Sale - Rs 7 Crore 50 Lakh,Land,"Bhaisepati 11 Lalitpur Metropolis, Lalitpur",75000000.0,0,0,0,0,0,1,0,0,0,0,0,0,0,1
Land for Sale - Rs 4 Crore,Land,"Ganesh Chowk 8 Budhanilkantha, Kathmandu",40000000.0,0,0,0,0,0,1,0,0,0,0,0,0,0,1
Land for Sale - Rs 28 Lakh Per Aana,Land,"Changathali 9 Lalitpur Metropolis, Lalitpur",14000000.0,0,0,0,0,0,1,0,0,0,0,0,0,0,1
Land for Sale - Rs 1 Crore 17 Lakh Per Aana,Land,"Siddhipur 8 Mahalaxmi, Lalitpur",32174743.60847334,0,0,0,0,0,1,0,0,0,0,0,0,0,1
Land for Sale - Rs 5 Crore 75 Lakh,Land,"Sital Height 7 Mahalaxmi, Lalitpur",57500000.0,0,0,0,0,0,1,0,0,0,0,0,0,0,1
Land for Sale - Rs 3 Crore 35 Lakh,Land,"Imadol 2 Mahalaxmi, Lalitpur",33500000.0,0,0,0,0,0,1,0,0,0,0,0,0,0,1
Land for Sale - Rs 33 Lakh Per Aana,Land,"Sanagaun 7 Mahalaxmi, Lalitpur",14849951.789627464,0,0,0,0,0,1,0,0,0,0,0,0,0,1
Land for Sale - Rs 60 Lakh Per Aana,Land,"Dibyashwori Planning 3 Bhaktapur, Bhaktapur",30000000.0,0,0,0,0,0,1,0,0,0,0,0,0,0,1
Land for Sale - Rs 42 Lakh Per Aana,Land,"Tikathali 2 Mahalaxmi, Lalitpur",12600000.0,0,0,0,0,0,1,0,0,0,0,0,0,0,1
Land for Sale - Rs 50 Lakh Per Aana,Land,"Bojepokhari 9 Mahalaxmi, Lalitpur",35000000.0,0,0,0,0,0,1,0,0,0,0,0,0,0,1
Land for Sale - Rs 2 Crore 45 Lakh,Land,"Sitalheight 12 Mahalaxmi, Lalitpur",24500000.0,0,0,0,0,0,1,0,0,0,0,0,0,0,1
Land for Sale - Rs 2 Crore 70 Lakh,Land,"Imadol 8 Mahalaxmi, Lalitpur",27000000.0,0,0,0,0,0,1,0,0,0,0,0,0,0,1
Land for Sale - Rs 3 Crore 10 Lakh,Land,"Tikathali 12 Mahalaxmi, Lalitpur",31000000.0,0,0,0,0,0,1,0,0,0,0,0,0,0,1
Land for Sale - Rs 2 Crore 50 Lakh,Land,"Imadol 6 Mahalaxmi, Lalitpur",25000000.0,0,0,0,0,0,1,0,0,0,0,0,0,0,1
Land for Sale - Rs 75 Lakh Per Aana,Land,"Maharajgunj 2 Kathmandu Metropolis, Kathmandu",105000000.0,0,0,0,0,0,1,0,0,0,0,0,0,0,1
Land for Sale - Rs 1 Crore 55 Lakh,Land,"Siddhipur 7 Lalitpur Metropolis, Lalitpur",15500000.0,0,0,0,0,0,1,0,0,0,0,0,0,0,1
Land for Sale - Rs 3 Crore 35 Lakh,Land,"Imadol 11 Mahalaxmi, Lalitpur",33500000.0,0,0,0,0,0,1,0,0,0,0,0,0,0,1
Land for Sale - Rs 3 Crore Per Aana,Land,"Bagdole  Bagmati, Lalitpur",150000000.0,0,0,0,0,0,1,0,0,0,0,0,0,0,1
Land for Sale - Rs 3 Crore,Land,"Imadol 11 Mahalaxmi, Lalitpur",30000000.0,0,0,0,0,0,1,0,0,0,0,0,0,0,1
Land for Sale - Rs 30 Lakh Per Aana,Land,"Kavresthali  9 Tarakeshor, Kathmandu",9374989.043097151,0,0,0,0,0,1,0,0,0,0,0,0,0,1
Land for Sale - Rs 39 Lakh Per Aana,Land,"Bhangal  Budhanilkantha, Kathmandu",35100000.0,0,0,0,0,0,1,0,0,0,0,0,0,0,1
Land for Sale - Rs 7 Crore,Land,"Lamachaur 2 Select Municipality, Kaski",70000000.0,0,0,0,0,0,1,0,0,0,0,0,0,0,1
Land for Sale - Rs 4 Crore 90 Lakh,Land,"Chorepatan  17 Pokhara Metropolis, Kaski",49000000.0,0,0,0,0,0,1,0,0,0,0,0,0,0,1
Land for Sale - Rs 42 Lakh Per Aana,Land,"Near Baluwakhani  Budhanilkantha, Kathmandu",21000000.0,0,0,0,0,0,1,0,0,0,0,0,0,0,1
Land for Sale - Rs 4 Crore 20 Lakh,Land,"krishi talim kendra  Madhyapur Thimi, Bhaktapur",42000000.0,0,0,0,0,0,1,0,0,0,0,0,0,0,1
Land for Sale - Rs 21 Lakh,Land,"https://maps.app.goo.gl/q1DmSRUG4SXPPTpH8  Dangisharan, Dang",2100000.0,0,0,0,0,0,1,0,0,0,0,0,0,0,1
Land for Sale - Rs 39 Lakh Per Aana,Land,"Harisiddhi 9 Lalitpur Metropolis, Lalitpur",17549943.024105184,0,0,0,0,0,1,0,0,0,0,0,0,0,1
Land for Sale - Rs 36 Lakh Per Aana,Land,"Harisiddhi 7 Lalitpur Metropolis, Lalitpur",14400000.0,0,0,0,0,0,1,0,0,0,0,0,0,0,1
Land for Sale - Rs 34 Lakh Per Aana,Land,"Harisiddhi 8 Lalitpur Metropolis, Lalitpur",12537431.701972242,0,0,0,0,0,1,0,0,0,0,0,0,0,1
Land for Sale - Rs 30 Lakh Per Aana,Land,"Dhapakhel 11 Lalitpur Metropolis, Lalitpur",9000000.0,0,0,0,0,0,1,0,0,0,0,0,0,0,1
Land for Sale - Rs 2 Crore,Land,"Main road karuna hospital  Budhanilkantha, Kathmandu",20000000.0,0,0,0,0,0,1,0,0,0,0,0,0,0,1
Land for Sale - Rs 3 Crore,Land,"Imadol 11 Lalitpur Metropolis, Lalitpur",30000000.0,0,0,0,0,0,1,0,0,0,0,0,0,0,1
Land for Sale - Rs 2 Crore 20 Lakh,Land,"Lubhu 9 Lalitpur Metropolis, Lalitpur",22000000.0,0,0,0,0,0,1,0,0,0,0,0,0,0,1
Land for Sale - Rs 40 Lakh Per Aana,Land,"Salaghari 12 Bhaktapur, Bhaktapur",92000000.0,0,0,0,0,0,1,0,0,0,0,0,0,0,1
Land for Sale - Rs 3 Crore 70 Lakh,Land,"Hattigauda 7 Kathmandu Metropolis, Kathmandu",37000000.0,0,0,0,0,0,1,0,0,0,0,0,0,0,1
Land for Sale - Rs 2 Crore 90 Lakh,Land,"Imadol 10 Lalitpur Metropolis, Lalitpur",29000000.0,0,0,0,0,0,1,0,0,0,0,0,0,0,1
Land for Sale - Rs 40 Lakh Per Aana,Land,"Chapali 5 Budhanilkantha, Kathmandu",20000000.0,0,0,0,0,0,1,0,0,0,0,0,0,0,1
House for Sale - Rs 4 Crore 90 Lakh,House,"Dhapakhel  23 Lalitpur Metropolis, Lalitpur",49000000.0,0,0,0,0,1,0,0,0,0,0,0,0,0,1
Land for Sale - Rs 9 Lakh 75 Thousand Per Aana,Land,"lele 5 Lalitpur Metropolis, Lalitpur",2925000.0,0,0,0,0,0,1,0,0,0,0,0,0,0,1
Land for Sale - Rs 30 Lakh Per Aana,Land,"Ramalio Danda 2 Tokha, Kathmandu",12000000.0,0,0,0,0,0,1,0,0,0,0,0,0,0,1
Land for Sale - Rs 65 Lakh Per Aana,Land,"Golfutar 11 Budhanilkantha, Kathmandu",35750094.95982469,0,0,0,0,0,1,0,0,0,0,0,0,0,1
Land for Sale - Rs 60 Lakh Per Aana,Land,"Italitar 6 Budhanilkantha, Kathmandu",37499956.172388606,0,0,0,0,0,1,0,0,0,0,0,0,0,1
Land for Sale - Rs 45 Lakh Per Aana,Land,"Bhangal 5 Budhanilkantha, Kathmandu",22500000.0,0,0,0,0,0,1,0,0,0,0,0,0,0,1
Land for Sale - Rs 6 Crore,Land,"Thimi Kamerotar 2 Madhyapur Thimi, Bhaktapur",60000000.0,0,0,0,0,0,1,0,0,0,0,0,0,0,1
Land for Sale - Rs 2 Crore 70 Lakh,Land,"Sanagaun 2 Lalitpur Metropolis, Lalitpur",27000000.0,0,0,0,0,0,1,0,0,0,0,0,0,0,1
Land for Sale - Rs 30 Lakh Per Aana,Land,"Salaghari Katunje 15 Suryabinayak, Bhaktapur",15000000.0,0,0,0,0,0,1,0,0,0,0,0,0,0,1
Land for Sale - Rs 5 Crore 50 Lakh,Land,"Imadol 10 Lalitpur Metropolis, Lalitpur",55000000.0,0,0,0,0,0,1,0,0,0,0,0,0,0,1
Land for Sale - Rs 1 Crore 80 Lakh,Land,"Dhobighat 7 Lalitpur Metropolis, Lalitpur",18000000.0,0,0,0,0,0,1,0,0,0,0,0,0,0,1
Land for Sale - Rs 3 Crore 90 Lakh,Land,"Chapali 5 Kathmandu Metropolis, Kathmandu",39000000.0,0,0,0,0,0,1,0,0,0,0,0,0,0,1
Land for Sale - Rs 45 Lakh Per Aana,Land,"Imadol 2 Lalitpur Metropolis, Lalitpur",17437384.952520087,0,0,0,0,0,1,0,0,0,0,0,0,0,1
Land for Sale - Rs 2 Crore 15 Lakh,Land,"Ramailo Danda 2 Tarakeshwor, Kathmandu",21500000.0,0,0,0,0,0,1,0,0,0,0,0,0,0,1
Land for Sale - Rs 1 Crore Per Aana,Land,"new baneshwor   Kathmandu Metropolis, Kathmandu",110000000.0,0,0,0,0,0,1,0,0,0,0,0,0,0,1
Land for Sale - Rs 30 Lakh Per Aana,Land,"Khulaltar chowk   Shankharapur, Kathmandu",3000000.0,0,0,0,0,0,1,0,0,0,0,0,0,0,1
Land for Sale - Rs 26 Lakh Per Aana,Land,"Sirutar 7 Suryabinayak, Bhaktapur",26000000.0,0,0,0,0,0,1,0,0,0,0,0,0,0,1
House for Sale - Rs 4 Crore 75 Lakh,House,"Pasikot 11 Budhanilkantha, Kathmandu",47500000.0,0,0,0,0,1,0,0,0,0,0,0,0,0,1
Land for Sale - Rs 3 Crore 70 Lakh,Land,"Hattigauda 14 Kathmandu Metropolis, Kathmandu",37000000.0,0,0,0,0,0,1,0,0,0,0,0,0,0,1
Land for Sale - Rs 5 Crore 50 Lakh,Land,"Hattigauda 10 Kathmandu Metropolis, Kathmandu",55000000.0,0,0,0,0,0,1,0,0,0,0,0,0,0,1
Land for Sale - Rs 2 Crore 95 Lakh,Land,"Tikathali 7 Lalitpur Metropolis, Lalitpur",29500000.0,0,0,0,0,0,1,0,0,0,0,0,0,0,1
Land for Sale - Rs 56 Lakh Per Aana,Land,"Kamerotar 5 Bhaktapur, Bhaktapur",29399959.094229363,0,0,0,0,0,1,0,0,0,0,0,0,0,1
Land for Sale - Rs 3 Crore 55 Lakh,Land,"Setipakha 8 Lalitpur Metropolis, Lalitpur",35500000.0,0,0,0,0,0,1,0,0,0,0,0,0,0,1
Land for Sale - Rs 3 Crore 85 Lakh,Land,"Imadol 5 Lalitpur Metropolis, Lalitpur",38500000.0,0,0,0,0,0,1,0,0,0,0,0,0,0,1
Land for Sale - Rs 35 Lakh Per Aana,Land,"Imadol 7 Lalitpur Metropolis, Lalitpur",37843666.9101534,0,0,0,0,0,1,0,0,0,0,0,0,0,1
Land for Sale - Rs 33 Lakh Per Aana,Land,"Nikosera 13 Bhaktapur, Bhaktapur",16293659.605551496,0,0,0,0,0,1,0,0,0,0,0,0,0,1
Land for Sale - Rs 45 Lakh Per Aana,Land,"Magar Gau 6 Bhaktapur, Bhaktapur",22500000.0,0,0,0,0,0,1,0,0,0,0,0,0,0,1
Land for Sale - Rs 50 Lakh,Land,"Bode 7 Bhaktapur, Bhaktapur",5000000.0,0,0,0,0,0,1,0,0,0,0,0,0,0,1
Land for Sale - Rs 37 Lakh,Land,"Bode 9 Madhyapur Thimi, Bhaktapur",3700000.0,0,0,0,0,0,1,0,0,0,0,0,0,0,1
Land for Sale - Rs 35 Lakh,Land,"Dhunchepakha 13 Bhaktapur, Bhaktapur",3500000.0,0,0,0,0,0,1,0,0,0,0,0,0,0,1
Land for Sale - Rs 44 Lakh Per Aana,Land,"Dhunchepakha 12 Bhaktapur, Bhaktapur",17600000.0,0,0,0,0,0,1,0,0,0,0,0,0,0,1
Land for Sale - Rs 35 Lakh,Land,"Sallaghari 10 Bhaktapur, Bhaktapur",3500000.0,0,0,0,0,0,1,0,0,0,0,0,0,0,1
Land for Rent - Rs 2 Lakh,Land,"Budhanilkantha 10 Kathmandu Metropolis, Kathmandu",200000.0,0,0,0,0,0,1,0,0,0,0,0,0,0,0
Land for Sale - Rs 24 Lakh,Land,"Lamatar 10 Lalitpur Metropolis, Lalitpur",2400000.0,0,0,0,0,0,1,0,0,0,0,0,0,0,1
Land for Sale - Rs 35 Lakh,Land,"Nagadesh 13 Bhaktapur, Bhaktapur",3500000.0,0,0,0,0,0,1,0,0,0,0,0,0,0,1
Land for Sale - Rs 25 Lakh,Land,"pipaltar 5 Devghat, Tanahun",2500000.0,0,0,0,0,0,1,0,0,0,0,0,0,0,1
Land for Sale - Rs 36 Lakh,Land,"Thimi 10 Madhyapur Thimi, Bhaktapur",3600000.0,0,0,0,0,0,1,0,0,0,0,0,0,0,1
Land for Sale - Rs 90 Lakh,Land,"Imadol 8 Lalitpur Metropolis, Lalitpur",9000000.0,0,0,0,0,0,1,0,0,0,0,0,0,0,1
Land for Sale - Rs 1 Crore 32 Lakh,Land,"putalisadak 29 Kathmandu Metropolis, Kathmandu",13200000.0,0,0,0,0,0,1,0,0,0,0,0,0,0,1
House for Sale - Rs 55 Lakh,House,"Imadol 11 Lalitpur Metropolis, Lalitpur",5500000.0,0,0,0,0,1,0,0,0,0,0,0,0,0,1
Land for Sale - Rs 55 Lakh,Land,"Bhaisepati 9 Lalitpur Metropolis, Lalitpur",5500000.0,0,0,0,0,0,1,0,0,0,0,0,0,0,1
Land for Sale - Rs 45 Lakh,Land,"Bhaisepati  Lalitpur Metropolis, Lalitpur",4500000.0,0,0,0,0,0,1,0,0,0,0,0,0,0,1
House for Sale - Rs 36 Lakh,House,"Lokanthali,Bhaktapur 7 Bhaktapur, Bhaktapur",3600000.0,0,0,0,0,1,0,0,0,0,0,0,0,0,1
Land for Sale - Rs 70 Lakh,Land,"Dibeshwori Planning Bhaktapur 12 Bhaktapur, Bhaktapur",7000000.0,0,0,0,0,0,1,0,0,0,0,0,0,0,1
House for Sale - Rs 2 Crore 69 Lakh,House,"Tikathali  Mahalaxmi, Lalitpur",26900000.0,0,0,0,0,1,0,0,0,0,0,0,0,0,1
Land for Sale - Rs 3 Crore 45 Lakh,Land,"Bhangal  Budhanilkantha, Kathmandu",34500000.0,0,0,0,0,0,1,0,0,0,0,0,0,0,1
Land for Sale - Rs 2 Crore 85 Lakh,Land,"Lasuntar  Budhanilkantha, Kathmandu",28500000.0,0,0,0,0,0,1,0,0,0,0,0,0,0,1
Land for Sale - Rs 80 Lakh,Land,"Thasikhel 05 Lalitpur Metropolis, Lalitpur",8000000.0,0,0,0,0,0,1,0,0,0,0,0,0,0,1
Land for Sale - Rs 2 Crore 90 Lakh,Land,"Imadol 1 Mahalaxmi, Lalitpur",29000000.0,0,0,0,0,0,1,0,0,0,0,0,0,0,1
Land for Sale - Rs 3 Crore 90 Lakh,Land,"Dhobighat 03 Lalitpur Metropolis, Lalitpur",39000000.0,0,0,0,0,0,1,0,0,0,0,0,0,0,1
Land for Sale - Rs 2 Crore 70 Lakh,Land,"Nakkhu  Mahalaxmi, Lalitpur",27000000.0,0,0,0,0,0,1,0,0,0,0,0,0,0,1
Land for Sale - Rs 2 Crore 98 Lakh,Land,"Imadol  Mahalaxmi, Lalitpur",29800000.0,0,0,0,0,0,1,0,0,0,0,0,0,0,1
Land for Sale - Rs 1 Crore 15 Lakh,Land,"Sanepa  Lalitpur Metropolis, Lalitpur",11500000.0,0,0,0,0,0,1,0,0,0,0,0,0,0,1
Land for Sale - Rs 98 Lakh,Land,"Sanepa  Lalitpur Metropolis, Lalitpur",9800000.0,0,0,0,0,0,1,0,0,0,0,0,0,0,1
Land for Sale - Rs 35 Lakh 50 Thousand Per Aana,Land,"Kirtipur 4 Kirtipur, Kathmandu",17750000.0,0,0,0,0,0,1,0,0,0,0,0,0,0,1
Land for Sale - Rs 4 Crore 50 Lakh,Land,"Ganesh chock 1 Budhanilkantha, Kathmandu",45000000.0,0,0,0,0,0,1,0,0,0,0,0,0,0,1
Land for Sale - Rs 1 Lakh,Land,"Ratananagr   Ratnanagar, Chitwan",100000.0,0,0,0,0,0,1,0,0,0,0,0,0,0,1
Land for Sale - Rs 1 Crore 35 Lakh,Land,"Mahilwar  Lumbini Sanskritik, Rupandehi",13500000.0,0,0,0,0,0,1,0,0,0,0,0,0,0,1
Land for Sale - Rs 5 Crore 50 Lakh,Land,"Bhaisepati -1 Mahalaxmi, Lalitpur",55000000.0,0,0,0,0,0,1,0,0,0,0,0,0,0,1
Land for Sale - Rs 2 Crore 60 Lakh,Land,"ganesh chowk  Budhanilkantha, Kathmandu",26000000.0,0,0,0,0,0,1,0,0,0,0,0,0,0,1
Land for Sale - Rs 1 Crore 57 Lakh 50 Thousand,Land,"Bhangal  Budhanilkantha, Kathmandu",15750000.0,0,0,0,0,0,1,0,0,0,0,0,0,0,1
Land for Sale - Rs 4 Crore 70 Lakh Per Aana,Land,"Bhaisepati 4 Mahankal, Lalitpur",235000000.0,0,0,0,0,0,1,0,0,0,0,0,0,0,1
Land for Sale - Rs 60 Lakh Per Aana,Land,"lokanthali  1 Madhyapur Thimi, Bhaktapur",48000000.0,0,0,0,0,0,1,0,0,0,0,0,0,0,1
Land for Sale - Rs 35 Lakh Per Aana,Land,"Sitapaila 5 Nagarjun, Kathmandu",17500000.0,0,0,0,0,0,1,0,0,0,0,0,0,0,1
Land for Sale - Rs 2 Crore 45 Lakh,Land,"Sital Height 4 Mahalaxmi, Lalitpur",24500000.0,0,0,0,0,0,1,0,0,0,0,0,0,0,1
Land for Sale - Rs 2 Crore 20 Lakh Per Aana,Land,"Imadol 3 Lalitpur Metropolis, Lalitpur",60499517.896274656,0,0,0,0,0,1,0,0,0,0,0,0,0,1
Land for Sale - Rs 70 Lakh,Land,"Lokanthali 3 Godawari, Lalitpur",7000000.0,0,0,0,0,0,1,0,0,0,0,0,0,0,1
Land for Sale - Rs 1 Crore 25 Lakh Per Aana,Land,"Akasaydara 10 Kathmandu Metropolis, Budanilkanth",37500000.0,0,0,0,0,0,1,0,0,0,0,0,0,0,1
House for Sale - Rs 38 Lakh,House,"Tikathali 3 Lalitpur Metropolis, Lalitpur",3800000.0,0,0,0,0,1,0,0,0,0,0,0,0,0,1
Land for Sale - Rs 3 Crore 15 Lakh,Land,"Satdobato 3 Lalitpur Metropolis, Lalitpur",31500000.0,0,0,0,0,0,1,0,0,0,0,0,0,0,1
Land for Sale - Rs 46 Lakh Per Aana,Land,"budhanilkantha  Budhanilkantha, Kathmandu",18400000.0,0,0,0,0,0,1,0,0,0,0,0,0,0,1
Land for Sale - Rs 45 Lakh,Land,"Bode 6 Suryabinayak, Bhaktapur",4500000.0,0,0,0,0,0,1,0,0,0,0,0,0,0,1
Land for Sale - Rs 4 Crore 35 Lakh,Land,"Budhanilkantha 5 Budhanilkantha, Kathmandu",43500000.0,0,0,0,0,0,1,0,0,0,0,0,0,0,1
Land for Sale - Rs 2 Crore 50 Lakh,Land,"Imadol 3 Mahalaxmi, Lalitpur",25000000.0,0,0,0,0,0,1,0,0,0,0,0,0,0,1
Land for Sale - Rs 70 Lakh Per Aana,Land,"Dhapasi  Tokha, Kathmandu",49000000.0,0,0,0,0,0,1,0,0,0,0,0,0,0,1
Land for Sale - Rs 4 Crore 90 Lakh Per Aana,Land,"Nakhipot 4 Mahalaxmi, Lalitpur",245000000.0,0,0,0,0,0,1,0,0,0,0,0,0,0,1
Land for Sale - Rs 2 Crore 95 Lakh,Land,"Tikathali 3 Mahalaxmi, Lalitpur",29500000.0,0,0,0,0,0,1,0,0,0,0,0,0,0,1
House for Sale - Rs 2 Crore 80 Lakh,House,"Ratomate  15 Hetauda, Makwanpur",28000000.0,0,0,0,0,1,0,0,0,0,0,0,0,0,1
Land for Sale - Rs 48 Lakh Per Aana,Land,"Hattiban 4 Lalitpur Metropolis, Lalitpur",24899973.703433163,0,0,0,0,0,1,0,0,0,0,0,0,0,1
Land for Sale - Rs 3 Crore 14 Lakh 99 Thousand 999,Land,"Imadol 1 Mahalaxmi, Lalitpur",31499000.0,0,0,0,0,0,1,0,0,0,0,0,0,0,1
Land for Sale - Rs 3 Crore 95 Lakh,Land,"Sital Height 5 Mahalaxmi, Lalitpur",39500000.0,0,0,0,0,0,1,0,0,0,0,0,0,0,1
Land for Sale - Rs 85 Lakh,Land,"Tutunga 15 Pokhara Metropolis, Kaski",8500000.0,0,0,0,0,0,1,0,0,0,0,0,0,0,1
Land for Sale - Rs 23 Lakh Per Aana,Land,"Duwakot  Changunarayan, Bhaktapur",7762474.799123447,0,0,0,0,0,1,0,0,0,0,0,0,0,1
Land for Sale - Rs 52 Lakh Per Aana,Land,"Hattiban 4 Lalitpur Metropolis, Lalitpur",20800000.0,0,0,0,0,0,1,0,0,0,0,0,0,0,1
Land for Sale - Rs 55 Lakh,Land,"Hattiban 6 Lalitpur Metropolis, Lalitpur",5500000.0,0,0,0,0,0,1,0,0,0,0,0,0,0,1
Land for Sale - Rs 36 Lakh,Land,"Changathali 6 Lalitpur Metropolis, Lalitpur",3600000.0,0,0,0,0,0,1,0,0,0,0,0,0,0,1
Land for Sale - Rs 36 Lakh,Land,"Dhapakhel 5 Lalitpur Metropolis, Lalitpur",3600000.0,0,0,0,0,0,1,0,0,0,0,0,0,0,1
Land for Sale - Rs 2 Crore 25 Lakh,Land,"Kapan 3 Budhanilkantha, Kathmandu",22500000.0,0,0,0,0,0,1,0,0,0,0,0,0,0,1
Land for Sale - Rs 4 Crore 60 Lakh Per Aana,Land,"Dhapakhel 6 Bagmati, Lalitpur",253000672.0233747,0,0,0,0,0,1,0,0,0,0,0,0,0,1
Land for Sale - Rs 20 Lakh,Land,"Sanagaun 6 Mahalaxmi, Lalitpur",2000000.0,0,0,0,0,0,1,0,0,0,0,0,0,0,1
Land for Sale - Rs 50 Lakh Per Aana,Land,"Ghathaghar 5 Madhyapur Thimi, Bhaktapur",16249963.476990502,0,0,0,0,0,1,0,0,0,0,0,0,0,1
Land for Sale - Rs 45 Lakh,Land,"Balkot 5 Suryabinayak, Bhaktapur",4500000.0,0,0,0,0,0,1,0,0,0,0,0,0,0,1
Land for Sale - Rs 3 Crore 50 Lakh,Land,"nepaltar  Kathmandu Metropolis, Kathmandu",35000000.0,0,0,0,0,0,1,0,0,0,0,0,0,0,1
Land for Sale - Rs 3 Crore 50 Lakh,Land,"Dhapasi 4 Tokha, Kathmandu",35000000.0,0,0,0,0,0,1,0,0,0,0,0,0,0,1
Land for Sale - Rs 36 Lakh,Land,"dhunchepakha  Madhyapur Thimi, Bhaktapur",3600000.0,0,0,0,0,0,1,0,0,0,0,0,0,0,1
Land for Sale - Rs 2 Crore 40 Lakh,Land,"padamsal  Budhanilkantha, Kathmandu",24000000.0,0,0,0,0,0,1,0,0,0,0,0,0,0,1
Land for Sale - Rs 40 Lakh Per Aana,Land,"narayanthan   Budhanilkantha, Kathmandu",159094229.36449963,0,0,0,0,0,1,0,0,0,0,0,0,0,1
Land for Sale - Rs 12 Lakh,Land,"Bardibas 3 Mahottari 3 Bardibas, Mahottari",1200000.0,0,0,0,0,0,1,0,0,0,0,0,0,0,1
Land for Sale - Rs 2 Lakh 25 Thousand Per Dhur,Land,"Gauribas- 1 Mahottari 3 Bardibas, Mahottari",1575000.0,0,0,0,0,0,1,0,0,0,0,0,0,0,1
Land for Sale - Rs 9 Crore 25 Lakh,Land,"Sitapaila  Chandragiri, Kathmandu",92500000.0,0,0,0,0,0,1,0,0,0,0,0,0,0,1
Land for Sale - Rs 3 Crore 30 Lakh,Land,"Kapan 11 Budhanilkantha, Kathmandu",33000000.0,0,0,0,0,0,1,0,0,0,0,0,0,0,1
Land for Sale - Rs 3 Crore,Land,"chyasundole  Budhanilkantha, Kathmandu",30000000.0,0,0,0,0,0,1,0,0,0,0,0,0,0,1
Land for Sale - Rs 70 Lakh Per Aana,Land,"chandol  Kathmandu Metropolis, Kathmandu",49000000.0,0,0,0,0,0,1,0,0,0,0,0,0,0,1
Land for Sale - Rs 28 Lakh Per Aana,Land,"budhanilkantha  3 Budhanilkantha, Kathmandu",17499979.54711468,0,0,0,0,0,1,0,0,0,0,0,0,0,1
Land for Sale - Rs 6 Crore 25 Lakh,Land,"budhanilkantha 2 Budhanilkantha, Kathmandu",62500000.0,0,0,0,0,0,1,0,0,0,0,0,0,0,1
Land for Sale - Rs 3 Crore 85 Lakh,Land,"Pahelopul Kathmandu  Kageshwori Manohara, Kathmandu",38500000.0,0,0,0,0,0,1,0,0,0,0,0,0,0,1
Land for Rent - Rs 1 Lakh 50 Thousand,Land,"Hattiban 23 Lalitpur Metropolis, Lalitpur",150000.0,0,0,0,0,0,1,0,0,0,0,0,0,0,0
Land for Sale - Rs 2 Crore 65 Lakh,Land,"Tikathali 7 Mahalaxmi, Lalitpur",26500000.0,0,0,0,0,0,1,0,0,0,0,0,0,0,1
Land for Sale - Rs 3 Crore 50 Lakh,Land,"Dhapasi  Select Municipality, Select District",35000000.0,0,0,0,0,0,1,0,0,0,0,0,0,0,1
Land for Sale - Rs 47 Lakh Per Aana,Land,"Hattigauda 6 Budhanilkantha, Kathmandu",470068.6632578524,0,0,0,0,0,1,0,0,0,0,0,0,0,1
Land for Sale - Rs 4 Crore 50 Lakh,Land,"Samakhusi  Tokha, Kathmandu",45000000.0,0,0,0,0,0,1,0,0,0,0,0,0,0,1
Land for Sale - Rs 3 Crore 50 Lakh,Land,"wasik  Budhanilkantha, Kathmandu",35000000.0,0,0,0,0,0,1,0,0,0,0,0,0,0,1
Land for Sale - Rs 2 Crore 50 Lakh,Land,"Kapan  Budhanilkantha, Kathmandu",25000000.0,0,0,0,0,0,1,0,0,0,0,0,0,0,1
Land for Sale - Rs 2 Crore 70 Lakh,Land,"Goldhunga  Tarakeshor, Kathmandu",27000000.0,0,0,0,0,0,1,0,0,0,0,0,0,0,1
Land for Sale - Rs 70 Lakh,Land,"imadol  Mahalaxmi, Lalitpur",7000000.0,0,0,0,0,0,1,0,0,0,0,0,0,0,1
Land for Sale - Rs 3 Crore 25 Lakh,Land,"budhanilkantha  Budhanilkantha, Kathmandu",32500000.0,0,0,0,0,0,1,0,0,0,0,0,0,0,1
Land for Sale - Rs 34 Lakh 50 Thousand,Land,"Bhaisepati  Lalitpur Metropolis, Lalitpur",3450000.0,0,0,0,0,0,1,0,0,0,0,0,0,0,1
Land for Sale - Rs 2 Crore 20 Lakh,Land,"Kapan  Bhaktapur, Bhaktapur",22000000.0,0,0,0,0,0,1,0,0,0,0,0,0,0,1
Land for Sale - Rs 3 Crore 30 Lakh,Land,"Sukedhara  Budhanilkantha, Kathmandu",33000000.0,0,0,0,0,0,1,0,0,0,0,0,0,0,1
Land for Sale - Rs 45 Lakh,Land,"Balaju  Kathmandu Metropolis, Kathmandu",4500000.0,0,0,0,0,0,1,0,0,0,0,0,0,0,1
Land for Sale - Rs 5 Crore,Land,"Budhanilkantha  Budhanilkantha, Kathmandu",50000000.0,0,0,0,0,0,1,0,0,0,0,0,0,0,1
Land for Sale - Rs 3 Crore 10 Lakh,Land,"Hattigauda  Budhanilkantha, Kathmandu",31000000.0,0,0,0,0,0,1,0,0,0,0,0,0,0,1
Land for Sale - Rs 2 Crore 65 Lakh,Land,"Tikathali  Mahalaxmi, Lalitpur",26500000.0,0,0,0,0,0,1,0,0,0,0,0,0,0,1
Land for Sale - Rs 46 Lakh,Land,"Gatthaghar  Madhyapur Thimi, Bhaktapur",4600000.0,0,0,0,0,0,1,0,0,0,0,0,0,0,1
Land for Sale - Rs 38 Lakh,Land,"Thimi  Madhyapur Thimi, Bhaktapur",3800000.0,0,0,0,0,0,1,0,0,0,0,0,0,0,1
House for Sale - Rs 4 Crore 25 Lakh,House,"Imadol 4 Mahalaxmi, Lalitpur",42500000.0,0,0,0,0,1,0,0,0,0,0,0,0,0,1
Land for Sale - Rs 1 Crore 70 Lakh,Land,"Hulas  Jitpursimara, Bara",17000000.0,0,0,0,0,0,1,0,0,0,0,0,0,0,1
Land for Sale - Rs 3 Crore 65 Lakh,Land,"Thulobharyang  Nagarjun, Kathmandu",36500000.0,0,0,0,0,0,1,0,0,0,0,0,0,0,1
Land for Sale - Rs 52 Lakh,Land,"Budhanilkantha  Budhanilkantha, Kathmandu",5200000.0,0,0,0,0,0,1,0,0,0,0,0,0,0,1
Land for Sale - Rs 55 Lakh,Land,"Bhairahawa 03 Siddharthanagar, Rupandehi",5500000.0,0,0,0,0,0,1,0,0,0,0,0,0,0,1
Land for Sale - Rs 28 Lakh,Land,"Lubhu  Mahalaxmi, Lalitpur",2800000.0,0,0,0,0,0,1,0,0,0,0,0,0,0,1
Land for Sale - Rs 14 Lakh,Land,"dhungeni  Mahalaxmi, Lalitpur",1400000.0,0,0,0,0,0,1,0,0,0,0,0,0,0,1
Land for Sale - Rs 4 Crore 50 Lakh,Land,"Tokha  Tokha, Kathmandu",45000000.0,0,0,0,0,0,1,0,0,0,0,0,0,0,1
Land for Sale - Rs 3 Crore 20 Lakh,Land,"Kapan  Budhanilkantha, Kathmandu",32000000.0,0,0,0,0,0,1,0,0,0,0,0,0,0,1
Land for Sale - Rs 3 Crore 35 Lakh,Land,"Imadol  Bagmati, Lalitpur",33500000.0,0,0,0,0,0,1,0,0,0,0,0,0,0,1
Land for Sale - Rs 36 Lakh,Land,"Bhangal  Budhanilkantha, Kathmandu",3600000.0,0,0,0,0,0,1,0,0,0,0,0,0,0,1
Land for Sale - Rs 45 Lakh,Land,"budhanilkantha  Budhanilkantha, Kathmandu",4500000.0,0,0,0,0,0,1,0,0,0,0,0,0,0,1
Land for Sale - Rs 55 Lakh,Land,"sundarbasti  Budhanilkantha, Kathmandu",5500000.0,0,0,0,0,0,1,0,0,0,0,0,0,0,1
Land for Sale - Rs 43 Lakh,Land,"Bhangal  Budhanilkantha, Kathmandu",4300000.0,0,0,0,0,0,1,0,0,0,0,0,0,0,1
Land for Sale - Rs 50 Lakh,Land,"Bhangal  Budhanilkantha, Kathmandu",5000000.0,0,0,0,0,0,1,0,0,0,0,0,0,0,1
Land for Sale - Rs 50 Lakh,Land,"Mandikatar  Budhanilkantha, Kathmandu",5000000.0,0,0,0,0,0,1,0,0,0,0,0,0,0,1
Land for Sale - Rs 50 Lakh,Land,"kaushaltar  Madhyapur Thimi, Bhaktapur",5000000.0,0,0,0,0,0,1,0,0,0,0,0,0,0,1
Land for Sale - Rs 1 Crore 85 Lakh,Land,"Karki event  Budhanilkantha, Kathmandu",18500000.0,0,0,0,0,0,1,0,0,0,0,0,0,0,1
Land for Sale - Rs 55 Lakh,Land,"kaushaltar  Madhyapur Thimi, Bhaktapur",5500000.0,0,0,0,0,0,1,0,0,0,0,0,0,0,1
Land for Sale - Rs 48 Lakh,Land,"lokanthali  Madhyapur Thimi, Bhaktapur",4800000.0,0,0,0,0,0,1,0,0,0,0,0,0,0,1
Land for Sale - Rs 45 Lakh Per Aana,Land,"lokanthali  Madhyapur Thimi, Bhaktapur",20249934.258582905,0,0,0,0,0,1,0,0,0,0,0,0,0,1
Land for Sale - Rs 55 Lakh,Land,"lokanthali  Madhyapur Thimi, Bhaktapur",5500000.0,0,0,0,0,0,1,0,0,0,0,0,0,0,1
Land for Sale - Rs 62 Lakh,Land,"Pepsicola  Kageshwori Manohara, Kathmandu",6200000.0,0,0,0,0,0,1,0,0,0,0,0,0,0,1
Land for Sale - Rs 1 Crore,Land,"Samakhusi  Tokha, Kathmandu",10000000.0,0,0,0,0,0,1,0,0,0,0,0,0,0,1
Land for Sale - Rs 65 Lakh Per Aana,Land,"Gothatar  Kathmandu Metropolis, Kathmandu",26000000.0,0,0,0,0,0,1,0,0,0,0,0,0,0,1
Land for Sale - Rs 65 Lakh Per Aana,Land,"Pepsicola  Gokarneshwor, Kathmandu",29249905.040175308,0,0,0,0,0,1,0,0,0,0,0,0,0,1
Land for Sale - Rs 35 Lakh,Land,"Gothatar  Kageshwori Manohara, Kathmandu",3500000.0,0,0,0,0,0,1,0,0,0,0,0,0,0,1
Land for Sale - Rs 43 Lakh,Land,"Kalanki  Kathmandu Metropolis, Kathmandu",4300000.0,0,0,0,0,0,1,0,0,0,0,0,0,0,1
Land for Sale - Rs 2 Crore 15 Lakh,Land,"Kalanki  Kathmandu Metropolis, Kathmandu",21500000.0,0,0,0,0,0,1,0,0,0,0,0,0,0,1
Land for Sale - Rs 2 Crore 35 Lakh,Land,"Kalanki  Kathmandu Metropolis, Kathmandu",23500000.0,0,0,0,0,0,1,0,0,0,0,0,0,0,1
Land for Sale - Rs 34 Lakh,Land,"Tikathali  Mahalaxmi, Lalitpur",3400000.0,0,0,0,0,0,1,0,0,0,0,0,0,0,1
Land for Sale - Rs 29 Lakh,Land,"Machhegaun  Chandragiri, Kathmandu",2900000.0,0,0,0,0,0,1,0,0,0,0,0,0,0,1
Land for Sale - Rs 28 Lakh,Land,"nilbarahi  Madhyapur Thimi, Bhaktapur",2800000.0,0,0,0,0,0,1,0,0,0,0,0,0,0,1
Land for Sale - Rs 45 Lakh,Land,"Kapan  Budhanilkantha, Kathmandu",4500000.0,0,0,0,0,0,1,0,0,0,0,0,0,0,1
Land for Sale - Rs 3 Crore 70 Lakh,Land,"Imadol 4 Mahalaxmi, Lalitpur",37000000.0,0,0,0,0,0,1,0,0,0,0,0,0,0,1
Land for Sale - Rs 28 Lakh Per Aana,Land,"Imadol 4 Mahalaxmi, Lalitpur",67200000.0,0,0,0,0,0,1,0,0,0,0,0,0,0,1
Land for Sale - Rs 1 Crore 65 Lakh,Land,"Imadol 4 Mahalaxmi, Lalitpur",16500000.0,0,0,0,0,0,1,0,0,0,0,0,0,0,1
Land for Sale - Rs 47 Lakh,Land,"Imadol 4 Mahalaxmi, Lalitpur",4700000.0,0,0,0,0,0,1,0,0,0,0,0,0,0,1
Land for Sale - Rs 50 Lakh,Land,"Imadol 4 Mahalaxmi, Lalitpur",5000000.0,0,0,0,0,0,1,0,0,0,0,0,0,0,1
Land for Sale - Rs 65 Thousand,Land,"Balkumari 3 Lalitpur Metropolis, Lalitpur",65000.0,0,0,0,0,0,1,0,0,0,0,0,0,0,1
Land for Sale - Rs 43 Lakh,Land,"Hattiban 3 Lalitpur Metropolis, Lalitpur",4300000.0,0,0,0,0,0,1,0,0,0,0,0,0,0,1
Land for Sale - Rs 28 Lakh,Land,"Taukhel 3 Godawari, Lalitpur",2800000.0,0,0,0,0,0,1,0,0,0,0,0,0,0,1
Land for Sale - Rs 27 Lakh Per Aana,Land,"Taukhel  Godawari, Lalitpur",9450039.444850257,0,0,0,0,0,1,0,0,0,0,0,0,0,1
Land for Sale - Rs 45 Lakh Per Aana,Land,"Imadol 4 Mahalaxmi, Lalitpur",18000000.0,0,0,0,0,0,1,0,0,0,0,0,0,0,1
Land for Sale - Rs 1 Crore 58 Lakh Per Aana,Land,"Sundar basti sano bhangal 8 Budhanilkantha, Kathmandu",55300230.82542002,0,0,0,0,0,1,0,0,0,0,0,0,0,1
House for Sale - Rs 4 Crore 25 Lakh,House,"Lubhu 2 Mahalaxmi, Lalitpur",42500000.0,0,0,0,0,1,0,0,0,0,0,0,0,0,1
Land for Sale - Rs 10 Crore 20 Lakh Per Aana,Land,"Nayabazar 16 Kathmandu Metropolis, Kathmandu",1224000000.0,0,0,0,0,0,1,0,0,0,0,0,0,0,1
Land for Sale - Rs 4 Crore 75 Lakh,Land,"Imadol  Mahalaxmi, Lalitpur",47500000.0,0,0,0,0,0,1,0,0,0,0,0,0,0,1
"Land for Sale - Rs 46,00,000",Land,"Chandragiri  Kathmandu Metropolis, Kathmandu",4600000.0,0,0,0,0,0,1,0,0,0,0,0,0,0,1
"Land for Sale - Rs 2,40,00,000",Land,"Manmaiju  Kathmandu Metropolis, Kathmandu",24000000.0,0,0,0,0,0,1,0,0,0,0,0,0,0,1
Land for Sale - Rs 39 Lakh Per Aana,Land,"Sangla  Tokha, Kathmandu",18525028.487947408,0,0,0,0,0,1,0,0,0,0,0,0,0,1
"Land for Sale - Rs 30,00,000",Land,"Lubhu 9 Mahalaxmi, Lalitpur",3000000.0,0,0,0,0,0,1,0,0,0,0,0,0,0,1
"Land for Sale - Rs 2,90,00,000",Land,"Imadol 4 Mahalaxmi, Lalitpur",29000000.0,0,0,0,0,0,1,0,0,0,0,0,0,0,1
"Land for Sale - Rs 2,80,00,000",Land,"Imadol 4 Mahalaxmi, Lalitpur",28000000.0,0,0,0,0,0,1,0,0,0,0,0,0,0,1
"Land for Sale - Rs 4,00,00,000",Land,"Chapali 3 Budhanilkantha, Kathmandu",40000000.0,0,0,0,0,0,1,0,0,0,0,0,0,0,1
"Land for Sale - Rs 4,10,00,000",Land,"Chapali 3 Budhanilkantha, Kathmandu",41000000.0,0,0,0,0,0,1,0,0,0,0,0,0,0,1
"Land for Sale - Rs 3,25,00,000",Land,"kageshwori 6 Kageshwori Manohara, Kathmandu",32500000.0,0,0,0,0,0,1,0,0,0,0,0,0,0,1
"Land for Sale - Rs 23,00,000",Land,"Sudal  Changunarayan, Bhaktapur",2300000.0,0,0,0,0,0,1,0,0,0,0,0,0,0,1
Land for Sale - Rs 3 Crore 90 Lakh,Land,"ekantakuna 3 Lalitpur Metropolis, Lalitpur",39000000.0,0,0,0,0,0,1,0,0,0,0,0,0,0,1
Land for Sale - Rs 3 Crore 80 Lakh,Land,"Kapan  Budhanilkantha, Kathmandu",38000000.0,0,0,0,0,0,1,0,0,0,0,0,0,0,1
Land for Sale - Rs 40 Lakh Per Aana,Land,"Chunikhel  Budhanilkantha, Kathmandu",20999970.781592403,0,0,0,0,0,1,0,0,0,0,0,0,0,1
Land for Sale - Rs 3 Crore 60 Lakh,Land,"Bhangal  Budhanilkantha, Kathmandu",36000000.0,0,0,0,0,0,1,0,0,0,0,0,0,0,1
"Land for Sale - Rs 2,75,00,000",Land,"Sital height   Bagmati, Lalitpur",27500000.0,0,0,0,0,0,1,0,0,0,0,0,0,0,1
Land for Sale - Rs 4 Crore 50 Lakh,Land,"Sanepa  Lalitpur Metropolis, Lalitpur",45000000.0,0,0,0,0,0,1,0,0,0,0,0,0,0,1
"Land for Sale - Rs 8,00,000",Land,"Lele, Kanaksundari  Godawari, Lalitpur",800000.0,0,0,0,0,0,1,0,0,0,0,0,0,0,1
"Land for Sale - Rs 3,75,00,000",Land,"Sanagaun 9 Mahalaxmi, Lalitpur",37500000.0,0,0,0,0,0,1,0,0,0,0,0,0,0,1
"Land for Sale - Rs 38,00,000",Land,"Hattiban 5 Lalitpur Metropolis, Lalitpur",3800000.0,0,0,0,0,0,1,0,0,0,0,0,0,0,1
"Land for Sale - Rs 80,00,000",Land,"Galchhi 07 Galchhi, Dhading",8000000.0,0,0,0,0,0,1,0,0,0,0,0,0,0,1
"Land for Sale - Rs 65,00,000",Land,"Khas, Karkado  Nepalgunj, Banke",6500000.0,0,0,0,0,0,1,0,0,0,0,0,0,0,1
Land for Sale - Rs 70 Lakh Per Kathha,Land,"Rajpur, Geta  Dhangadhi, Kailali",7000000.0,0,0,0,0,0,1,0,0,0,0,0,0,0,1
Land for Sale - Rs 1 Crore 50 Lakh Per Kathha,Land,"Motichowk  Dhangadhi, Kailali",15000000.0,0,0,0,0,0,1,0,0,0,0,0,0,0,1
Land for Sale - Rs 2 Crore 90 Lakh,Land,"Kapan  Budhanilkantha, Kathmandu",29000000.0,0,0,0,0,0,1,0,0,0,0,0,0,0,1
"Land for Sale - Rs 35,00,000",Land,"Hattiban 28 Lalitpur Metropolis, Lalitpur",3500000.0,0,0,0,0,0,1,0,0,0,0,0,0,0,1
Land for Sale - Rs 55 Lakh Per Aana,Land,"Raniban  Nagarjun, Kathmandu",27500000.0,0,0,0,0,0,1,0,0,0,0,0,0,0,1
Land for Sale - Rs 2 Crore 80 Lakh,Land,"Balambu 5 Chandragiri, Kathmandu",28000000.0,0,0,0,0,0,1,0,0,0,0,0,0,0,1
Land for Sale - Rs 34 Lakh 50 Thousand Per Aana,Land,"Bhaisepati  Lalitpur Metropolis, Lalitpur",17250000.0,0,0,0,0,0,1,0,0,0,0,0,0,0,1
"Land for Sale - Rs 54,00,000",Land,"taulung 0 Budhanilkantha, Kathmandu",5400000.0,0,0,0,0,0,1,0,0,0,0,0,0,0,1
"Land for Sale - Rs 40,00,000",Land,"Syuchatar  Kathmandu Metropolis, Kathmandu",4000000.0,0,0,0,0,0,1,0,0,0,0,0,0,0,1
"Land for Sale - Rs 1,60,00,000",Land,"Myagde 3 Myagde, Tanahun",16000000.0,0,0,0,0,0,1,0,0,0,0,0,0,0,1
Land for Sale - Rs 42 Lakh Per Aana,Land,"budhanilkantha 2 Budhanilkantha, Kathmandu",100800000.0,0,0,0,0,0,1,0,0,0,0,0,0,0,1
Land for Sale - Rs 31 Lakh Per Aana,Land,"Sanagaun  Mahalaxmi, Lalitpur",14725022.644265888,0,0,0,0,0,1,0,0,0,0,0,0,0,1
"Land for Sale - Rs 2,60,00,000",Land,"Dadhikot  Changunarayan, Bhaktapur",26000000.0,0,0,0,0,0,1,0,0,0,0,0,0,0,1
Land for Sale - Rs 28 Lakh Per Aana,Land,"Balkumari Mandir, Naya Naikap  Chandragiri, Kathmandu",15400040.905770635,0,0,0,0,0,1,0,0,0,0,0,0,0,1
"Land for Sale - Rs 18,25,000",Land,"Godamchaur  Godawari, Lalitpur",1825000.0,0,0,0,0,0,1,0,0,0,0,0,0,0,1
"Land for Sale - Rs 4,75,00,000",Land,"Bhangal  Budhanilkantha, Kathmandu",47500000.0,0,0,0,0,0,1,0,0,0,0,0,0,0,1
Land for Sale - Rs 1 Lakh Per Dhur,Land,"Chaukitole 1 Hetauda, Makwanpur",1000000.0,0,0,0,0,0,1,0,0,0,0,0,0,0,1
Land for Sale - Rs 7 Lakh Per Dhur,Land,"Chaukitole 1 Hetauda, Makwanpur",6300000.0,0,0,0,0,0,1,0,0,0,0,0,0,0,1
House for Sale - Rs 30 Lakh,House,"Duwakot pipal chautari back side of KMC 2 Changunarayan, Bhaktapur",3000000.0,0,0,0,0,1,0,0,0,0,0,0,0,0,1
Land for Sale - Rs 85 Lakh,Land,"mid baneshwor   Kathmandu, Kathmandu",8500000.0,0,0,0,0,0,1,0,0,0,0,0,0,0,1
Land for Sale - Rs 2 Crore 75 Lakh,Land,"Harisiddhi 10 Mahalaxmi, Lalitpur",27500000.0,0,0,0,0,0,1,0,0,0,0,0,0,0,1
Land for Sale - Rs 30 Lakh Per Aana,Land,"Gokarneshowr 3 Gokarneshowr , Kathmandu",12000000.0,0,0,0,0,0,1,0,0,0,0,0,0,0,1
Land for Sale - Rs 70 Lakh Per Aana,Land,"Lekhnath Chowk  Lekhnath, Kaski",28000000.0,0,0,0,0,0,1,0,0,0,0,0,0,0,1
House for Rent - Rs 80 Thousand,House,"Mid Baneshwor  Kathmandu Metropolis, Kathmandu",80000.0,0,0,0,0,1,0,0,0,0,0,0,0,0,0
Land for Sale - Rs 4 Crore,Land,"Balkot  Bhaktapur, Bhaktapur",40000000.0,0,0,0,0,0,1,0,0,0,0,0,0,0,1
Land for Sale - Rs 3 Crore 50 Lakh,Land,"Syuchatar  Kathmandu, Kathmandu",35000000.0,0,0,0,0,0,1,0,0,0,0,0,0,0,1
Land for Sale - Rs 31 Lakh Per Aana,Land,"Sanogaun, Lubhu  Mahalaxmi, Lalitpur",14725022.644265888,0,0,0,0,0,1,0,0,0,0,0,0,0,1
Land for Sale - Rs 1 Crore 25 Lakh,Land,"Kmc hospital  2 Changunarayan , Bhaktapur",12500000.0,0,0,0,0,0,1,0,0,0,0,0,0,0,1
Land for Sale - Rs 1 Crore 60 Lakh Per Aana,Land,"Maharajgunj  Kathmandu, Kathmandu",336000000.0,0,0,0,0,0,1,0,0,0,0,0,0,0,1
Land for Sale - Rs 38 Lakh Per Aana,Land,"thulobharyang 2 Nagarjun, Kathmandu",17099944.485025566,0,0,0,0,0,1,0,0,0,0,0,0,0,1
Land for Sale - Rs 1 Crore 5 Lakh Per Aana,Land,"Dhading Besi  Nilkantha, Dhading",73500000.0,0,0,0,0,0,1,0,0,0,0,0,0,0,1
Land for Sale - Rs 3 Lakh 50 Thousand Per Aana,Land,"Manthali 3 Manthali, Ramechhap",7000000.0,0,0,0,0,0,1,0,0,0,0,0,0,0,1
Land for Sale - Rs 2 Crore 50 Lakh Per Aana,Land,"Sitapaila  Kathmandu, Kathmandu",100000000.0,0,0,0,0,0,1,0,0,0,0,0,0,0,1
Land for Sale - Rs 40 Lakh Per Aana,Land,"Dhalpa 09 Kirtipur, Kathmandu",16000000.0,0,0,0,0,0,1,0,0,0,0,0,0,0,1
Land for Sale - Rs 4 Crore,Land,"Siddhipur 06 Mahalaxmi, Lalitpur",40000000.0,0,0,0,0,0,1,0,0,0,0,0,0,0,1
House for Sale - Rs 3 Crore 95 Lakh,House,"Kapan 11 Budhanilkantha, Kathmandu",39500000.0,0,0,0,0,1,0,0,0,0,0,0,0,0,1
Land for Sale - Rs 2 Crore 10 Lakh,Land,"Srijana Nagar  Bharatpur, Bhaktapur",21000000.0,0,0,0,0,0,1,0,0,0,0,0,0,0,1
Land for Sale - Rs 33 Lakh 50 Thousand Per Aana,Land,"Srijana Nagar  Bhaktapur, Bhaktapur",50250000.0,0,0,0,0,0,1,0,0,0,0,0,0,0,1
Land for Sale - Rs 1 Crore 20 Lakh Ropani,Land,"Narayanthan, Nuwakot  Shivapuri, Nuwako",12000000.0,0,0,0,0,0,1,0,0,0,0,0,0,0,1
Land for Sale - Rs 3 Crore 52 Lakh Ropani,Land,"Ranipauwa, Nuwakot  Kakani, Nuwakot",35200000.0,0,0,0,0,0,1,0,0,0,0,0,0,0,1
Land for Sale - Rs 18 Lakh 50 Thousand Per Aana,Land,"Godamchaur  Goda, Lalitpur",9481243.243243244,0,0,0,0,0,1,0,0,0,0,0,0,0,1
Land for Sale - Rs 18 Lakh 50 Thousand Per Aana,Land,"Godamchaur  Godawari, Lalitpur",5550000.0,0,0,0,0,0,1,0,0,0,0,0,0,0,1
Land for Sale - Rs 25 Lakh Per Aana,Land,"Kavresthali 6 Tarakeshwor , Kathmandu",10000000.0,0,0,0,0,0,1,0,0,0,0,0,0,0,1
Land for Sale - Rs 2 Crore Per Aana,Land,"Dharma chakra galli east last electric poll. 28 Kathmandu Metropolis, Kathmandu",60000000.0,0,0,0,0,0,1,0,0,0,0,0,0,0,1
Land for Sale - Rs 5 Crore 80 Lakh,Land,"Maharajgunj  Kathmandu, Kathmandu",58000000.0,0,0,0,0,0,1,0,0,0,0,0,0,0,1
Land for Sale - Rs 8 Crore 50 Lakh,Land,"Maharajgunj  Kathmandu, Kathmandu",85000000.0,0,0,0,0,0,1,0,0,0,0,0,0,0,1
Land for Sale - Rs 19 Crore,Land,"Rudreshwor  Budhanilkantha, Kathmandu",190000000.0,0,0,0,0,0,1,0,0,0,0,0,0,0,1
Land for Sale - Rs 1 Crore 30 Lakh Per Aana,Land,"Baluwatar  kathmandu, Kathmandu",219822498.17384952,0,0,0,0,0,1,0,0,0,0,0,0,0,1
Land for Sale - Rs 65 Lakh Per Aana,Land,"Bansbari  Kathmandu, Kathmandu",91000000.0,0,0,0,0,0,1,0,0,0,0,0,0,0,1
Land for Sale - Rs 12 Crore 50 Lakh,Land,"Narayanthan  Budhanilkantha, Kathmandu",125000000.0,0,0,0,0,0,1,0,0,0,0,0,0,0,1
Land for Sale - Rs 9 Crore 60 Lakh,Land,"Maitidevi  kathmandu, Kathmandu",96000000.0,0,0,0,0,0,1,0,0,0,0,0,0,0,1
Land for Sale - Rs 3 Crore 10 Lakh,Land,"Katunje  Suryabinayak, Bhaktapur",31000000.0,0,0,0,0,0,1,0,0,0,0,0,0,0,1
Land for Sale - Rs 11 Crore 20 Lakh,Land,"Rudreshwor  Budhanilkantha, Kathmandu",112000000.0,0,0,0,0,0,1,0,0,0,0,0,0,0,1
Land for Sale - Rs 12 Crore,Land,"Hattigauda  Budhanilkantha, Kathmandu",120000000.0,0,0,0,0,0,1,0,0,0,0,0,0,0,1
Land for Sale - Rs 52 Lakh Per Aana,Land,"Chapali  Budhanilkantha, Kathmandu",41600000.0,0,0,0,0,0,1,0,0,0,0,0,0,0,1
Land for Sale - Rs 3 Crore 80 Lakh,Land,"Deuba Chowk, Budhanilkantha   Budhanilkantha, Kathmandu",38000000.0,0,0,0,0,0,1,0,0,0,0,0,0,0,1
Land for Sale - Rs 60 Lakh Ropani,Land,"Kharibhanjyang, Nuwakot  Shivapuri, Nuawkot",6000000.0,0,0,0,0,0,1,0,0,0,0,0,0,0,1
Land for Sale - Rs 72 Lakh Ropani,Land,"Lamagaun, Kakani- Nuwakot  Kakani, Nuwakot",7200000.0,0,0,0,0,0,1,0,0,0,0,0,0,0,1
Land for Sale - Rs 5 Crore,Land,"Rudreshwor, Budhanilkantha   Budhanilkantha, Kathmandu",50000000.0,0,0,0,0,0,1,0,0,0,0,0,0,0,1
Land for Sale - Rs 12 Lakh 50 Thousand Per Aana,Land,"Lele  Lalitpur, Lalitpur",6250000.0,0,0,0,0,0,1,0,0,0,0,0,0,0,1
Land for Sale - Rs 2 Crore 60 Lakh,Land,"Kantipur Coloney  Lalitpur, Lalitpur",26000000.0,0,0,0,0,0,1,0,0,0,0,0,0,0,1
Land for Sale - Rs 14 Crore 40 Lakh,Land,"Manbhaban, Lalitpur   Budhanilkantha, Kathmandu",144000000.0,0,0,0,0,0,1,0,0,0,0,0,0,0,1
Land for Sale - Rs 3 Crore 50 Lakh,Land,"Harharmahadev  Kageshwori Manohora, Kathmandu",35000000.0,0,0,0,0,0,1,0,0,0,0,0,0,0,1
Land for Sale - Rs 1 Crore 75 Lakh,Land,"Tej Binayak  Kageshwori Manohora, Kathmandu",17500000.0,0,0,0,0,0,1,0,0,0,0,0,0,0,1
Land for Sale - Rs 15 Crore,Land,"Chappalkarkhana, Budhanilkantha   Kathmandu Metropolis, Kathmandu",150000000.0,0,0,0,0,0,1,0,0,0,0,0,0,0,1
Land for Sale - Rs 7 Crore,Land,"Golfutar, Budhanilkantha   Budhanilkantha, Kathmandu",70000000.0,0,0,0,0,0,1,0,0,0,0,0,0,0,1
Land for Sale - Rs 2 Crore 80 Lakh,Land,"Tej Binayak  Kageshwori Manohora, Kathmandu",28000000.0,0,0,0,0,0,1,0,0,0,0,0,0,0,1
Land for Sale - Rs 2 Crore 30 Lakh,Land,"Jorpati  Kathmandu, Kathmandu",23000000.0,0,0,0,0,0,1,0,0,0,0,0,0,0,1
Land for Sale - Rs 5 Crore,Land,"Deuwa Chowk  Budhanilkantha, Kathmandu",50000000.0,0,0,0,0,0,1,0,0,0,0,0,0,0,1
Land for Sale - Rs 7 Crore 70 Lakh,Land,"Golfutar  Budhanilkantha, Kathmandu",77000000.0,0,0,0,0,0,1,0,0,0,0,0,0,0,1
Land for Sale - Rs 8 Lakh 10 Thousand Dhur,Land,"Drivertol 5 Tilottama, Butwal",810000.0,0,0,0,0,0,1,0,0,0,0,0,0,0,1
Land for Sale - Rs 27 Lakh 25 Thousand Per Aana,Land,"Machhegaun 7 Kathmandu Metropolis, Kathmandu",12943690.284879476,0,0,0,0,0,1,0,0,0,0,0,0,0,1
Land for Sale - Rs 5 Crore,Land,"Baluwatar  kathmandu, Kathmandu",50000000.0,0,0,0,0,0,1,0,0,0,0,0,0,0,1
Land for Sale - Rs 8 Crore,Land,"Bishalnagar  kathmandu, Kathmandu",80000000.0,0,0,0,0,0,1,0,0,0,0,0,0,0,1
Land for Sale - Rs 4 Crore 20 Lakh,Land,"dhilahiti  lalitpur, Lalitpur",42000000.0,0,0,0,0,0,1,0,0,0,0,0,0,0,1
Land for Sale - Rs 11 Crore,Land,"Maharajgunj  Kathmandu , Kathmandu",110000000.0,0,0,0,0,0,1,0,0,0,0,0,0,0,1
Land for Sale - Rs 45 Lakh Per Aana,Land,"Dadhikot  Changunarayan, Bhaktapur",22500000.0,0,0,0,0,0,1,0,0,0,0,0,0,0,1
Land for Sale - Rs 8 Crore 50 Lakh,Land,"Bhaisepati  Lalitpur, Lalitpur",85000000.0,0,0,0,0,0,1,0,0,0,0,0,0,0,1
Land for Sale - Rs 25 Lakh Per Aana,Land,"buddanilkantha  Budhanilkantha, Kathmandu",15000000.0,0,0,0,0,0,1,0,0,0,0,0,0,0,1
Land for Sale - Rs 15 Crore 25 Lakh,Land,"Manbhawan  lalitpur, Lalitpur",152500000.0,0,0,0,0,0,1,0,0,0,0,0,0,0,1
Land for Sale - Rs 13 Crore,Land,"Baluwatar  Kathmandu, Kathmandu",130000000.0,0,0,0,0,0,1,0,0,0,0,0,0,0,1
Land for Sale - Rs 75 Lakh Per Aana,Land,"Tangal  Kathmandu, Kathmandu",37500000.0,0,0,0,0,0,1,0,0,0,0,0,0,0,1
Land for Sale - Rs 5 Crore,Land,"Baneshwor  Kathmandu, Kathmandu",50000000.0,0,0,0,0,0,1,0,0,0,0,0,0,0,1
Land for Sale - Rs 48 Lakh Per Aana,Land,"Hattigauda  Budhanilkantha, Kathmandu",22799894.813732658,0,0,0,0,0,1,0,0,0,0,0,0,0,1
Land for Sale - Rs 3 Crore 25 Lakh,Land,"Mandikatar Faat  Budhanilkantha, Kathmandu",32500000.0,0,0,0,0,0,1,0,0,0,0,0,0,0,1
Land for Sale - Rs 3 Crore,Land,"Lasuntar  Budhanilkantha, Kathmandu",30000000.0,0,0,0,0,0,1,0,0,0,0,0,0,0,1
Land for Sale - Rs 24 Lakh Per Aana,Land,"Pasikot  Budhanilkantha, Kathmandu",76365230.09495983,0,0,0,0,0,1,0,0,0,0,0,0,0,1
Land for Sale - Rs 4 Crore 70 Lakh,Land,"Ganesh Chowk  Budhanilkantha, Kathmandu",47000000.0,0,0,0,0,0,1,0,0,0,0,0,0,0,1
Land for Sale - Rs 3 Crore 40 Lakh,Land,"Lasuntar  Budhanilkantha, Kathmandu",34000000.0,0,0,0,0,0,1,0,0,0,0,0,0,0,1
Land for Sale - Rs 4 Crore 45 Lakh,Land,"Sukedhara  Budhanilkantha, Kathmandu",44500000.0,0,0,0,0,0,1,0,0,0,0,0,0,0,1
Land for Sale - Rs 5 Crore,Land,"Rudreshwor  Budhanilkantha, Kathmandu",50000000.0,0,0,0,0,0,1,0,0,0,0,0,0,0,1
Land for Sale - Rs 11 Crore 50 Lakh,Land,"Sukedhara  Budhanilkantha, Kathmandu",115000000.0,0,0,0,0,0,1,0,0,0,0,0,0,0,1
House for Sale - Rs 3 Crore,House,"Nepal Medical College, Janasagar chowk 8 Gokarneshwor, Kathmandu",30000000.0,0,0,0,0,1,0,0,0,0,0,0,0,0,1
Land for Sale - Rs 12 Crore,Land,"Ganesh Chowk  Budhanilkantha, Kathmandu",120000000.0,0,0,0,0,0,1,0,0,0,0,0,0,0,1
Land for Sale - Rs 7 Crore 20 Lakh,Land,"Hepali Height  Budhanilkantha, Kathmandu",72000000.0,0,0,0,0,0,1,0,0,0,0,0,0,0,1
Land for Sale - Rs 8 Crore,Land,"Naxal  kathmandu, Kathmandu",80000000.0,0,0,0,0,0,1,0,0,0,0,0,0,0,1
Land for Sale - Rs 10 Crore,Land,"Pasikot  Budhanilkantha, Kathmandu",100000000.0,0,0,0,0,0,1,0,0,0,0,0,0,0,1
Land for Sale - Rs 5 Crore 50 Lakh,Land,"Chundevi  Kathmandu, Kathmandu",55000000.0,0,0,0,0,0,1,0,0,0,0,0,0,0,1
Land for Sale - Rs 7 Crore 85 Lakh,Land,"Pasikot  Budhanilkantha, Kathmandu",78500000.0,0,0,0,0,0,1,0,0,0,0,0,0,0,1
Land for Sale - Rs 15 Crore 25 Lakh,Land,"tangal  Kathmandu, Kathmandu",152500000.0,0,0,0,0,0,1,0,0,0,0,0,0,0,1
Land for Sale - Rs 2 Crore flat,Land,"Pepsicola  Kathmandu, Kathmandu",20000000.0,0,0,1,0,0,1,0,0,0,0,0,0,0,1
Land for Sale - Rs 4 Crore 80 Lakh,Land,"Maharajgunj  Kathmandu, Kathmandu",48000000.0,0,0,0,0,0,1,0,0,0,0,0,0,0,1
Land for Sale - Rs 3 Crore 85 Lakh,Land,"Narayanthan  Budhanilkantha, Kathmandu",38500000.0,0,0,0,0,0,1,0,0,0,0,0,0,0,1
Apartment for Sale - Rs 2 Crore 60 Lakh flat,Apartment,"Gharipatan 17 Pokhara Metropolis, Kaski",26000000.0,0,0,1,0,0,0,0,0,0,0,0,0,0,1
Land for Sale - Rs 2 Crore 45 Lakh,Land,"Dhungedhara  Kathmandu Metropolis, Kathmandu",24500000.0,0,0,0,0,0,1,0,0,0,0,0,0,0,1
Land for Sale - Rs 47 Lakh Per Aana,Land,"Balambu 12 Chandragiri, Kathmandu",23500000.0,0,0,0,0,0,1,0,0,0,0,0,0,0,1
Land for Sale - Rs 16 Lakh Per Aana,Land,"Chhampi  Mahalaxmi, Lalitpur",6400000.0,0,0,0,0,0,1,0,0,0,0,0,0,0,1
Land for Sale - Rs 1 Crore 95 Lakh,Land,"Chunnikhel  Budhanilkantha, Kathmandu",19500000.0,0,0,0,0,0,1,0,0,0,0,0,0,0,1
Land for Sale - Rs 1 Crore 70 Lakh,Land,"Tikathali  Mahalaxmi, Lalitpur",17000000.0,0,0,0,0,0,1,0,0,0,0,0,0,0,1
Land for Sale - Rs 2 Crore 95 Lakh,Land,"Harisiddhi  Godawari, Lalitpur",29500000.0,0,0,0,0,0,1,0,0,0,0,0,0,0,1
Land for Sale - Rs 10 Crore,Land,"Dadhikot 04 Suryabinayak, Bhaktapur",100000000.0,0,0,0,0,0,1,0,0,0,0,0,0,0,1
Land for Sale - Rs 40 Lakh Per Aana,Land,"Sangla phant,  Tarkeshwor-1, Kathmandu",20000000.0,0,0,0,0,0,1,0,0,0,0,0,0,0,1
Land for Sale - Rs 15 Crore 50 Lakh,Land,"Chyasundol  Budhanilkantha, Kathmandu",155000000.0,0,0,0,0,0,1,0,0,0,0,0,0,0,1
Land for Sale - Rs 2 Crore 60 Lakh,Land,"Tikathjali  Mahalaxmi, Lalitpur",26000000.0,0,0,0,0,0,1,0,0,0,0,0,0,0,1
Land for Sale - Rs 3 Crore 30 Lakh,Land,"Imadol  Mahalaxmi, Lalitpur",33000000.0,0,0,0,0,0,1,0,0,0,0,0,0,0,1
Land for Sale - Rs 5 Crore 50 Lakh,Land,"Imadol  Mahalaxmi, Lalitpur",55000000.0,0,0,0,0,0,1,0,0,0,0,0,0,0,1
Land for Sale - Rs 3 Crore 55 Lakh,Land,"Imadol  Mahalaxmi, Lalitpur",35500000.0,0,0,0,0,0,1,0,0,0,0,0,0,0,1
Land for Sale - Rs 3 Crore 20 Lakh,Land,"Imadol,shital Height  Lalitpur Metropolis, Lalitpur",32000000.0,0,0,0,0,0,1,0,0,0,0,0,0,0,1
Land for Sale - Rs 1 Crore 75 Lakh,Land,"Dhunge shaghu 0 Lalitpur Metropolis, Lalitpur",17500000.0,0,0,0,0,0,1,0,0,0,0,0,0,0,1
Land for Sale - Rs 42 Lakh Per Aana,Land,"Dhapakhel 24 Lalitpur Metropolis, Lalitpur",13912461.650840033,0,0,0,0,0,1,0,0,0,0,0,0,0,1
Land for Sale - Rs 40 Lakh Per Aana,Land,"Lakeside 6 Pokhara Metropolis, Kaski",32000000.0,0,0,0,0,0,1,0,0,0,0,0,0,0,1
Land for Sale - Rs 50 Lakh Ropani,Land,"Ranipauwa  Likhu, Nuwakot",5000000.0,0,0,0,0,0,1,0,0,0,0,0,0,0,1
Land for Sale - Rs 1 Crore 50 Lakh Ropani,Land,"Kharibhanjyang , Nuwakot  Likhu, Nuwakot",15000000.0,0,0,0,0,0,1,0,0,0,0,0,0,0,1
Land for Sale - Rs 32 Lakh,Land,"Kharibhanjyang  Likhu, Nuwakot",3200000.0,0,0,0,0,0,1,0,0,0,0,0,0,0,1
Land for Sale - Rs 55 Lakh Ropani,Land,"Ranipauwa  Likhu, Nuwakot",5500000.0,0,0,0,0,0,1,0,0,0,0,0,0,0,1
Land for Sale - Rs 18 Lakh Ropani,Land,"Katheri  Likhu, Nuwakot",1800000.0,0,0,0,0,0,1,0,0,0,0,0,0,0,1
Land for Sale - Rs 1 Crore 5 Lakh,Land,"Phedibesh  Likhu, Nuwakot",10500000.0,0,0,0,0,0,1,0,0,0,0,0,0,0,1
Land for Sale - Rs 36 Lakh Ropani,Land,"Dhikure , Nuwakot  Likhu, Nuwakot",3600000.0,0,0,0,0,0,1,0,0,0,0,0,0,0,1
Land for Sale - Rs 90 Lakh,Land,"Matragaun , Nuwakot  Likhu, Nuwakot",9000000.0,0,0,0,0,0,1,0,0,0,0,0,0,0,1
Land for Sale - Rs 1 Crore 44 Lakh Ropani,Land,"Mulabari , Nuwakot  Likhu, Nuwakot",14400000.0,0,0,0,0,0,1,0,0,0,0,0,0,0,1
Land for Sale - Rs 16 Lakh Ropani,Land,"Okharpauwa , Nuwakot  Likhu, Nuwakot",1600000.0,0,0,0,0,0,1,0,0,0,0,0,0,0,1
Land for Sale - Rs 98 Lakh,Land,"Nuwakot  Likhu, Nuwakot",9800000.0,0,0,0,0,0,1,0,0,0,0,0,0,0,1
Land for Sale - Rs 11 Crore 68 Lakh Ropani,Land,"KhariBhanjyang , Nuwakot  Likhu, Nuwakot",116800000.0,0,0,0,0,0,1,0,0,0,0,0,0,0,1
Land for Sale - Rs 60 Lakh,Land,"Kharibhanjyang , Nuwakot  Likhhu, Nuwakot",6000000.0,0,0,0,0,0,1,0,0,0,0,0,0,0,1
Land for Sale - Rs 36 Lakh,Land,"Pudibhanjyang  Likhu, Nuwakot",3600000.0,0,0,0,0,0,1,0,0,0,0,0,0,0,1
Land for Sale - Rs 77 Lakh Ropani,Land,"Ranipauwa  Likhu, Nuwakot",7700000.0,0,0,0,0,0,1,0,0,0,0,0,0,0,1
Land for Sale - Rs 5 Lakh 60 Thousand Ropani,Land,"Karki Dara  Likhu, Nuwakot",560000.0,0,0,0,0,0,1,0,0,0,0,0,0,0,1
Land for Sale - Rs 3 Crore 95 Lakh,Land,"Imadol  Lalitpur, Lalitpur",39500000.0,0,0,0,0,0,1,0,0,0,0,0,0,0,1
Land for Sale - Rs 72 Lakh,Land,"Naraynthan , Nuwakot  Likhu, Nuwakot",7200000.0,0,0,0,0,0,1,0,0,0,0,0,0,0,1
Land for Sale - Rs 24 Lakh Ropani,Land,"Okharpuwa ,  Nuwakot  Likhu, Nuwakot",2400000.0,0,0,0,0,0,1,0,0,0,0,0,0,0,1
Land for Sale - Rs 66 Lakh Ropani,Land,"Mulbari , Nuwakot  Likhu, Nuwakot",6600000.0,0,0,0,0,0,1,0,0,0,0,0,0,0,1
Land for Sale - Rs 1 Crore 87 Lakh Ropani,Land,"Chahare , Nuwakot  Likhu, Nuwakot",18700000.0,0,0,0,0,0,1,0,0,0,0,0,0,0,1
Land for Sale - Rs 2 Crore 45 Lakh,Land,"Katheri , Nuwakot  Likhu, Nuwakot",24500000.0,0,0,0,0,0,1,0,0,0,0,0,0,0,1
Land for Sale - Rs 2 Crore 65 Lakh,Land,"Imadol  Lalitpur, Lalitpur",26500000.0,0,0,0,0,0,1,0,0,0,0,0,0,0,1
Land for Sale - Rs 2 Crore 16 Lakh Ropani,Land,"Nuwakot   likhu, Nuwakot",21600000.0,0,0,0,0,0,1,0,0,0,0,0,0,0,1
Land for Sale - Rs 60 Lakh Ropani,Land,"Nuwakot , Thaprek  Likhu, Nuwakot",6000000.0,0,0,0,0,0,1,0,0,0,0,0,0,0,1
Land for Sale - Rs 70 Lakh Ropani,Land,"Chahare  Nuwakot  Likhu, Nuwakot",7000000.0,0,0,0,0,0,1,0,0,0,0,0,0,0,1
Land for Sale - Rs 1 Crore 5 Lakh Ropani,Land,"Ranipauwa , Kakani Nuwakot  Likhu, Nuwakot",10500000.0,0,0,0,0,0,1,0,0,0,0,0,0,0,1
Land for Sale - Rs 1 Crore 26 Lakh Ropani,Land,"KhariBhanjyang ,  Nuwakot  Likhu, Nuwakot",12600000.0,0,0,0,0,0,1,0,0,0,0,0,0,0,1
Land for Sale - Rs 1 Crore 45 Lakh,Land,"Imadol  Lalitpur, Lalitpur",14500000.0,0,0,0,0,0,1,0,0,0,0,0,0,0,1
Land for Sale - Rs 3 Crore 55 Lakh,Land,"Imadol  Lalitpur, Lalitpur",35500000.0,0,0,0,0,0,1,0,0,0,0,0,0,0,1
Land for Sale - Rs 2 Crore 99 Lakh,Land,"Imadole  Mahalaxmi, Lalitpur",29900000.0,0,0,0,0,0,1,0,0,0,0,0,0,0,1
Land for Sale - Rs 78 Lakh Ropani,Land,"Narayanthan 8 Likhu, Nuwakot",7800000.0,0,0,0,0,0,1,0,0,0,0,0,0,0,1
Land for Sale - Rs 2 Crore 15 Lakh,Land,"Tikathali  Bhaktapur, Bhaktapur",21500000.0,0,0,0,0,0,1,0,0,0,0,0,0,0,1
Land for Sale - Rs 5 Crore 30 Lakh,Land,"Balkot  Bhaktapur, Bhaktapur",53000000.0,0,0,0,0,0,1,0,0,0,0,0,0,0,1
Land for Sale - Rs 3 Crore 95 Lakh,Land,"Kupondole  Mahalaxmi, Lalitpur",39500000.0,0,0,0,0,0,1,0,0,0,0,0,0,0,1
Land for Sale - Rs 3 Lakh 25 Thousand Ropani,Land,"Hupsekot 14 Madyebindu, Nawalparasi",325000.0,0,0,0,0,0,1,0,0,0,0,0,0,0,1
Land for Sale - Rs 65 Lakh Per Aana,Land,"Ganesh Chowk  Budhanilkantha, Kathmandu",32500000.0,0,0,0,0,0,1,0,0,0,0,0,0,0,1
Land for Sale - Rs 4 Crore 60 Lakh,Land,"Ganesh Chowk  Budhanilkantha, Kathmandu",46000000.0,0,0,0,0,0,1,0,0,0,0,0,0,0,1
Land for Sale - Rs 2 Crore 25 Lakh,Land,"Tikathali  Mahalaxmi, Lalitpur",22500000.0,0,0,0,0,0,1,0,0,0,0,0,0,0,1
Land for Sale - Rs 53 Lakh Per Aana,Land,"Bhaisepati  Mahalaxmi, Lalitpur",42400000.0,0,0,0,0,0,1,0,0,0,0,0,0,0,1
Land for Sale - Rs 3 Crore 80 Lakh,Land,"Binayak Colony ,Ganesh Chowk  Budhanilkantha, Kathmandu",38000000.0,0,0,0,0,0,1,0,0,0,0,0,0,0,1
Land for Sale - Rs 65 Lakh Per Aana,Land,"Chapal karkhana  kathmandu, Kathmandu",28031190.65010957,0,0,0,0,0,1,0,0,0,0,0,0,0,1
Land for Sale - Rs 3 Crore 35 Lakh,Land,"Imadol  Mahalaxmi, Lalitpur",33500000.0,0,0,0,0,0,1,0,0,0,0,0,0,0,1
Land for Sale - Rs 3 Crore 15 Lakh,Land,"Imadol  Mahalaxmi, Lalitpur",31500000.0,0,0,0,0,0,1,0,0,0,0,0,0,0,1
Land for Sale - Rs 18 Lakh Per Aana,Land,"Lamatar  Mahalaxmi, Lalitpur",80099973.70343317,0,0,0,0,0,1,0,0,0,0,0,0,0,1
Land for Sale - Rs 35 Lakh Per Aana,Land,"Dhapakhel  Mahalaxmi, Lalitpur",16187436.084733384,0,0,0,0,0,1,0,0,0,0,0,0,0,1
Land for Sale - Rs 27 Lakh Per Aana,Land,"Thecho  Godawari, Lalitpur",12824940.832724618,0,0,0,0,0,1,0,0,0,0,0,0,0,1
Land for Sale - Rs 43 Lakh,Land,"Imadol  Mahalaxmi, Lalitpur",4300000.0,0,0,0,0,0,1,0,0,0,0,0,0,0,1
Land for Sale - Rs 4 Crore 15 Lakh,Land,"khumaltar  Mahalaxmi, Lalitpur",41500000.0,0,0,0,0,0,1,0,0,0,0,0,0,0,1
Land for Sale - Rs 30 Lakh Per Aana,Land,"danchhi  kageshwori manohora, Kathmandu",12000000.0,0,0,0,0,0,1,0,0,0,0,0,0,0,1
Land for Sale - Rs 14 Crore,Land,"bhaisepati  lalitpur, Lalitpur",140000000.0,0,0,0,0,0,1,0,0,0,0,0,0,0,1
Land for Sale - Rs 40 Lakh Per Aana,Land,"kapan , Paiyutar  Budhanilkantha, Kathmandu",44000000.0,0,0,0,0,0,1,0,0,0,0,0,0,0,1
Land for Sale - Rs 26 Crore,Land,"Mudkhu  Tarkeshwor, Kathmandu",260000000.0,0,0,0,0,0,1,0,0,0,0,0,0,0,1
Land for Sale - Rs 6 Crore 50 Lakh,Land,"Bhaisepati Colony 25 Mahalaxmi, Lalitpur",65000000.0,0,0,0,0,0,1,0,0,0,0,0,0,0,1
Land for Sale - Rs 25 Lakh Per Aana,Land,"Lubhu 8 Mahalaxmi, Lalitpur",12500000.0,0,0,0,0,0,1,0,0,0,0,0,0,0,1
Land for Sale - Rs 32 Lakh Per Aana,Land,"Dapasi 5 Kathmandu Metropolis, Kathmandu",32000000.0,0,0,0,0,0,1,0,0,0,0,0,0,0,1
Land for Sale - Rs 7 Crore 25 Lakh,Land,"Khumaltar  15 Lalitpur , Lalitpur",72500000.0,0,0,0,0,0,1,0,0,0,0,0,0,0,1
Land for Sale - Rs 4 Crore 90 Lakh Per Aana,Land,"Dholahiti 29 Lalitpur , Lalitpur",289633308.9846603,0,0,0,0,0,1,0,0,0,0,0,0,0,1
Land for Sale - Rs 4 Crore 40 Lakh Sqft,Land,"Rajmargha choura 9 Butwal, Rupandehi",44000000.0,0,0,0,0,0,1,0,0,0,0,0,0,0,1
Land for Sale - Rs 1 Crore 45 Lakh Per Aana,Land,"Tejvinayak chowk 9 Kageshori manohara, Kathmandu",43500000.0,0,0,0,0,0,1,0,0,0,0,0,0,0,1
Land for Sale - Rs 90 Lakh Per Aana,Land,"Kalanki  14 Kathmandu Metropolis, Kathmandu",27000000.0,0,0,0,0,0,1,0,0,0,0,0,0,0,1
Land for Sale - Rs 30 Lakh Per Aana,Land,"badeli 2 Budhanilkantha, Kathmandu",28500043.8276114,0,0,0,0,0,1,0,0,0,0,0,0,0,1
Land for Sale - Rs 7 Crore Per Aana,Land,"pokhara malepatan 5 Pokhara Metropolis, Kaski",770000000.0,0,0,0,0,0,1,0,0,0,0,0,0,0,1
Land for Sale - Rs 26 Lakh Per Aana,Land,"Milan chowk, Nakhipot  13 Lalitpur, Lalitpur",13000000.0,0,0,0,0,0,1,0,0,0,0,0,0,0,1
House for Sale - Rs 1 Crore 40 Lakh Sqft,House,"Thali, Danchhi  4 Kathmandu Metropolis, Kathmandu",14000000.0,0,0,0,0,1,0,0,0,0,0,0,0,0,1
Land for Sale - Rs 10 Crore 50 Lakh Per Aana,Land,"New baneswor  Kathmandu Metropolis, Kathmandu",1050000000.0,0,0,0,0,0,1,0,0,0,0,0,0,0,1
Land for Sale - Rs 85 Lakh Per Aana,Land,"Chappal Karkhana  Kathmandu Metropolis, Kathmandu",25500000.0,0,0,0,0,0,1,0,0,0,0,0,0,0,1
Land for Sale - Rs 75 Lakh Per Aana,Land,"Dallu 19 Kathmandu, Kathmandu",33749890.43097151,0,0,0,0,0,1,0,0,0,0,0,0,0,1
House for Sale - Rs 2 Crore 70 Lakh,House,"Thulobharwang,swyambhu 2 Nagarjun, Kathmandu",27000000.0,0,0,0,0,1,0,0,0,0,0,0,0,0,1
Land for Sale - Rs 32 Lakh Per Aana,Land,"Nagdaha  Lalitpur Metropolis, Lalitpur",9600000.0,0,0,0,0,0,1,0,0,0,0,0,0,0,1
Land for Sale - Rs 58 Lakh Per Aana,Land,"Tinkune 9 Kathmandu Metropolis, Kathmandu",17400000.0,0,0,0,0,0,1,0,0,0,0,0,0,0,1
Land for Sale - Rs 20 Lakh Per Aana,Land,"Lubhu  Mahalaxmi, Lalitpur",14000000.0,0,0,0,0,0,1,0,0,0,0,0,0,0,1
Land for Sale - Rs 3 Crore Per Aana,Land,"Balaju chamati naya pull  Kathmandu Metropolis, Kathmandu",68999561.72388604,0,0,0,0,0,1,0,0,0,0,0,0,0,1
Land for Sale - Rs 3 Lakh 50 Thousand Dhur,Land,"Simara Bara  2 JeetpurSimara , Bara",350000.0,0,0,0,0,0,1,0,0,0,0,0,0,0,1
Land for Sale - Rs 11 Lakh Dhur,Land,"Simara Bara 2 JeetpurSimara , Bara",1100000.0,0,0,0,0,0,1,0,0,0,0,0,0,0,1
Land for Sale - Rs 17 Lakh Per Aana,Land,"Barmakhel  Kathmandu Metropolis, Kathmandu",7649975.164353542,0,0,0,0,0,1,0,0,0,0,0,0,0,1
Land for Sale - Rs 5 Crore 60 Lakh,Land,"Chandol   Naxal  4 Kathmandu Metropolis, Kathmandu",56000000.0,0,0,0,0,0,1,0,0,0,0,0,0,0,1
Land for Sale - Rs 70 Lakh Dhur,Land,"Mohoria chowk 31 Pokhara Metropolis, Kaski",7000000.0,0,0,0,0,0,1,0,0,0,0,0,0,0,1
Land for Sale - Rs 27 Lakh Per Aana,Land,"duwakot 01 chagunaryan, Bhaktapur",13500000.0,0,0,0,0,0,1,0,0,0,0,0,0,0,1
Land for Sale - Rs 26 Lakh 50 Thousand Per Aana,Land,"Gokarneshor Nayapati 2 Kathmandu Metropolis, Kathmandu",21200000.0,0,0,0,0,0,1,0,0,0,0,0,0,0,1
Land for Sale - Rs 85 Lakh Per Aana,Land,"Jharuwarasi  13 Bajrabarahi, Lalitpur",21249875.82176771,0,0,0,0,0,1,0,0,0,0,0,0,0,1
Land for Sale - Rs 5 Crore 56 Lakh,Land,"Deuba Chowk 1 Budhanilkantha, Kathmandu",55600000.0,0,0,0,0,0,1,0,0,0,0,0,0,0,1
Land for Sale - Rs 45 Lakh Per Aana,Land,"10 minutes walking distance to Grande Hospital  8 Tokha, Kathmandu",31500000.0,0,0,0,0,0,1,0,0,0,0,0,0,0,1
Land for Sale - Rs 29 Lakh Per Aana,Land,"Duwakot  ChanguNarayan Muncipality , Bhaktapur",16674936.449963478,0,0,0,0,0,1,0,0,0,0,0,0,0,1
Land for Sale - Rs 2 Crore 51 Lakh,Land,"Hattiban  Godawari, Lalitpur",25100000.0,0,0,0,0,0,1,0,0,0,0,0,0,0,1
Land for Sale - Rs 3 Crore 25 Lakh Per Aana,Land,"LMC 26 Lalitpur, Lalitpur",136500000.0,0,0,0,0,0,1,0,0,0,0,0,0,0,1
Land for Sale - Rs 20 Lakh Per Aana,Land,"Gokarneshwar Municipality-02 02 gokarneswor, Kathmandu",10000000.0,0,0,0,0,0,1,0,0,0,0,0,0,0,1
Land for Sale - Rs 10 Lakh Dhur,Land,"28°04'25.5""N 81°38'16.1""E  Nepalgunj, Banke",1000000.0,0,0,0,0,0,1,0,0,0,0,0,0,0,1
Land for Sale - Rs 85 Lakh Per Aana,Land,"Sitapaila  Kathmandu Metropolis, Kathmandu",204000000.0,0,0,0,0,0,1,0,0,0,0,0,0,0,1
Land for Sale - Rs 15 Lakh Per Aana,Land,"Gyarjati  18 Pokhara Metropolis, Kaski Pokhara",60000000.0,0,0,0,0,0,1,0,0,0,0,0,0,0,1
Land for Sale - Rs 28 Lakh Per Aana,Land,"Nayapati 2 gokarneswor, Sakhu",19600000.0,0,0,0,0,0,1,0,0,0,0,0,0,0,1
House for Sale - Rs 1 Crore 80 Lakh,House,"Parsyang 5 Pokhara-Lekhnath, Kaski",18000000.0,0,0,0,0,1,0,0,0,0,0,0,0,0,1
Land for Sale - Rs 60 Lakh Per Aana,Land,"Tinthana  Chandragiri, Kathmandu",24000000.0,0,0,0,0,0,1,0,0,0,0,0,0,0,1
Land for Sale - Rs 5 Lakh Dhur,Land,"Itahari, Aadarsha Tole 1 Itahari, Sunsari",500000.0,0,0,0,0,0,1,0,0,0,0,0,0,0,1
Land for Sale - Rs 1 Crore 20 Lakh Per Aana,Land,"Bhaisepati 18 Lalitpur Metropolis, Lalitpur",36000000.0,0,0,0,0,0,1,0,0,0,0,0,0,0,1
House for Rent - Rs 50 Thousand Per Month,House,"Baluwatar 4 Kathmandu Metropolis, Kathmandu",50000.0,0,0,0,0,1,0,0,0,0,0,0,0,0,0
Land for Sale - Rs 3 Crore 10 Lakh,Land,"setipakha  Mahalaxmi, Lalitpur",31000000.0,0,0,0,0,0,1,0,0,0,0,0,0,0,1
Land for Sale - Rs 3 Crore 36 Lakh Per Aana,Land,"Bhaktupur  49 BMC, Bhaktapur",352799509.1307524,0,0,0,0,0,1,0,0,0,0,0,0,0,1
House for Sale - Rs 1 Crore 55 Lakh,House,"Makalbari  Kathmandu Metropolis, Kathmandu",15500000.0,0,0,0,0,1,0,0,0,0,0,0,0,0,1
Land for Sale - Rs 25 Lakh Per Aana,Land,"Dhapakhel (9) 24 Lalitpur Metropolis, Lalitpur",15000000.0,0,0,0,0,0,1,0,0,0,0,0,0,0,1
Land for Sale - Rs 32 Lakh Per Aana,Land,"Chunikhel, Bhaisipati 7 Lalitpur Metropolis, Lalitpur",14399953.250547845,0,0,0,0,0,1,0,0,0,0,0,0,0,1
Land for Sale - Rs 40 Lakh Per Aana,Land,"Bhaisipati  7 Lalitpur Metropolis, Lalitpur",24499985.390796203,0,0,0,0,0,1,0,0,0,0,0,0,0,1
Land for Sale - Rs 35 Lakh Per Aana,Land,"Chobhar 5 Kathmandu, Kathmandu",24500000.0,0,0,0,0,0,1,0,0,0,0,0,0,0,1
Land for Sale - Rs 5 Crore Per Aana,Land,"Hattigauda 2 Budhanilkantha, Kathmandu",219138056.9758948,0,0,0,0,0,1,0,0,0,0,0,0,0,1
Land for Sale - Rs 23 Lakh Per Aana,Land,"Ramkot  8 Nagarjun, Kathmandu",8064280.496712929,0,0,0,0,0,1,0,0,0,0,0,0,0,1
Land for Sale - Rs 14 Lakh Ropani,Land,"Manikhel 2 Mahankal, Lalitpur",1400000.0,0,0,0,0,0,1,0,0,0,0,0,0,0,1
Land for Sale - Rs 4 Crore 25 Lakh,Land,"Shantinagar, New Baneshwor  Kathmandu Metropolis, Kathmandu",42500000.0,0,0,0,0,0,1,0,0,0,0,0,0,0,1
Land for Sale - Rs 25 Lakh Per Aana,Land,"Bandeli Heights 02 Budhanilkantha, Kathmandu",10956902.848794742,0,0,0,0,0,1,0,0,0,0,0,0,0,1
Land for Sale - Rs 9 Lakh 90 Thousand Per Aana,Land,"khokana 21 Lalitpur Metropolis, Lalitpur",4338933.5281227175,0,0,0,0,0,1,0,0,0,0,0,0,0,1
Land for Sale - Rs 28 Lakh Per Aana,Land,"Mulapani  Kageshwori-Manohara, Kathmandu",8400000.0,0,0,0,0,0,1,0,0,0,0,0,0,0,1
Apartment for Sale - Rs 1 Crore 80 Lakh flat,Apartment,"Oriental Colony  14 Kathmandu Metropolis, Kathmandu",18000000.0,0,0,1,0,0,0,0,0,0,0,0,0,0,1
Land for Sale - Rs 32 Lakh Per Aana,Land,"Tokha, Jhor  Tarkeshwor, Kathmandu",12800000.0,0,0,0,0,0,1,0,0,0,0,0,0,0,1
Land for Sale - Rs 6 Crore Per Aana,Land,"Bir Hospital  Kathmandu Metropolis, Kathmandu",122717311.90650111,0,0,0,0,0,1,0,0,0,0,0,0,0,1
Land for Sale - Rs 1 Crore 95 Lakh flat,Land,"Sainik Basti, Bhandardik 29 Pokhara Mahanagarpalika, Pokhara",19500000.0,0,0,1,0,0,1,0,0,0,0,0,0,0,1
Land for Sale - Rs 4 Crore 20 Lakh,Land,"Manohara BP Eye hospital 1 Madhyapur Thimi, Bhaktapur",42000000.0,0,0,0,0,0,1,0,0,0,0,0,0,0,1
Land for Sale - Rs 2 Crore 25 Lakh flat,Land,"NEAR Kapan Gumba 11 Budhanilkantha, Kathmandu",22500000.0,0,0,1,0,0,1,0,0,0,0,0,0,0,1
Land for Sale - Rs 6 Lakh Per Aana,Land,"kewalpur road 6 chatra deuralit, dhading",7200000.0,0,0,0,0,0,1,0,0,0,0,0,0,0,1
Land for Sale - Rs 39 Lakh 50 Thousand Per Aana,Land,"Thankot 7 Chandragiri, Kathmandu",23700000.0,0,0,0,0,0,1,0,0,0,0,0,0,0,1
Land for Sale - Rs 5 Crore 50 Lakh Per Aana,Land,"Dhumbhari pipalchock main road 4 Kathmandu Metropolis, Kathmandu",275000000.0,0,0,0,0,0,1,0,0,0,0,0,0,0,1
Land for Sale - Rs 21 Lakh Per Aana,Land,"Dhara Pani marg Ratamata Parsang 6.4 anna 5 Pokhara Metropolis, Kaski",13443681.519357195,0,0,0,0,0,1,0,0,0,0,0,0,0,1
Land for Sale - Rs 2 Crore 90 Lakh Per Aana,Land,"Iscon nepal  5 Budhanilkantha, Kathmandu",127100073.046019,0,0,0,0,0,1,0,0,0,0,0,0,0,1
Land for Sale - Rs 30 Lakh Per Aana,Land,"manamaiju 1 Kathmandu Metropolis, Kathmandu",31499956.1723886,0,0,0,0,0,1,0,0,0,0,0,0,0,1
Land for Sale - Rs 70 Lakh Per Aana,Land,"Way to Baluwatar Cricket Club 2 Kathmandu Metropolis, Kathmandu",22312461.650840033,0,0,0,0,0,1,0,0,0,0,0,0,0,1
Land for Sale - Rs 35 Lakh Per Aana,Land,"Tikathali  1 Mahalaxmi, Lalitpur",13124923.301680058,0,0,0,0,0,1,0,0,0,0,0,0,0,1
Land for Sale - Rs 2 Crore 50 Lakh Per Aana,Land,"Bhangal height 7 Kathmandu Metropolis, Kathmandu",87500365.23009497,0,0,0,0,0,1,0,0,0,0,0,0,0,1
Land for Sale - Rs 1 Crore 5 Lakh,Land,"Goldhunga  05 Tarakeshwor, Kathmandu",10500000.0,0,0,0,0,0,1,0,0,0,0,0,0,0,1
Land for Sale - Rs 57 Lakh Kathha,Land,"Shukrangar-4  25 Bharatpur-25, Chitwan",5700000.0,0,0,0,0,0,1,0,0,0,0,0,0,0,1
Land for Sale - Rs 5 Lakh Dhur,Land,"Near kakarvitta  9 Nagarpalika , Jhapa",500000.0,0,0,0,0,0,1,0,0,0,0,0,0,0,1
House for Sale - Rs 1 Crore 95 Lakh,House,"Gokarna 10 Gokarneshwor, Kathmandu",19500000.0,0,0,0,0,1,0,0,0,0,0,0,0,0,1
Land for Sale - Rs 35 Lakh Per Aana,Land,"very closed to high way  6 Chandragiri, Kathmandu",17500000.0,0,0,0,0,0,1,0,0,0,0,0,0,0,1
Land for Sale - Rs 6 Crore 75 Lakh,Land,"Golfutar, Near Navaraj & Niraj Sekuwa  Budhanilkantha, Kathmandu",67500000.0,0,0,0,0,0,1,0,0,0,0,0,0,0,1
Land for Sale - Rs 35 Lakh Per Aana,Land,"Tikathali 1 lalitpur, Lalitpur",13124923.301680058,0,0,0,0,0,1,0,0,0,0,0,0,0,1
Land for Sale - Rs 65 Lakh Per Aana,Land,"Patandhoka 10 Lalitpur, Lalitpur",110500000.0,0,0,0,0,0,1,0,0,0,0,0,0,0,1
Land for Sale - Rs 40 Lakh Per Aana,Land,"Sano Thimi 02 Madhyapur Thimi, Bhaktapur",12999970.781592404,0,0,0,0,0,1,0,0,0,0,0,0,0,1
Land for Sale - Rs 46 Lakh Per Aana,Land,"Dhapasi height 4 Tokha, Kathmandu",16100067.202337474,0,0,0,0,0,1,0,0,0,0,0,0,0,1
Land for Sale - Rs 2 Crore 35 Lakh Kathha,Land,"GAINDAKOT  2 Kathmandu Metropolis, Chitwan",23500000.0,0,0,0,0,0,1,0,0,0,0,0,0,0,1
Land for Sale - Rs 48 Lakh Ropani,Land,"BHATERI ,TANAHUN ,DEVGHAT GAUPALIKA  2 Kathmandu Metropolis, Chitwan",4800000.0,0,0,0,0,0,1,0,0,0,0,0,0,0,1
Land for Sale - Rs 3 Lakh 30 Thousand Per Aana,Land,"GAINDAKOT 1 Lalitpur Metropolis, Chitwan",990000.0,0,0,0,0,0,1,0,0,0,0,0,0,0,1
Apartment for Sale - Rs 3 Crore 30 Lakh flat,Apartment,"kapurdhara 26 Kathmandu Metropolis, Kathmandu",33000000.0,0,0,1,0,0,0,0,0,0,0,0,0,0,1
Land for Sale - Rs 16 Lakh flat,Land,"Devchuli Aaptadi 8 Devchuli, Nawalpur",1600000.0,0,0,1,0,0,1,0,0,0,0,0,0,0,1
Land for Sale - Rs 2 Lakh 90 Thousand Per Aana,Land,"Dudkula 8 Sundarbazar, Lamjung",4988000.0,0,0,0,0,0,1,0,0,0,0,0,0,0,1
Land for Sale - Rs 13 Lakh 50 Thousand Per Aana,Land,"Rithepani  03 Lekhnath , Kaski",611395.1789627465,0,0,0,0,0,1,0,0,0,0,0,0,0,1
Land for Sale - Rs 11 Lakh Kathha,Land,"Birpur  Shivraj, Kapilvastu",1100000.0,0,0,0,0,0,1,0,0,0,0,0,0,0,1
Land for Sale - Rs 15 Crore 50 Lakh Per Aana,Land,"Mahalaxmithan 15 Lalitpur Metropolis, Lalitpur",2790000000.0,0,0,0,0,0,1,0,0,0,0,0,0,0,1
House for Sale - Rs 2 Crore 60 Lakh,House,"near by Tokha road behind manohar school 10 Tokha, Kathmandu",26000000.0,0,0,0,0,1,0,0,0,0,0,0,0,0,1
House for Sale - Rs 2 Crore 60 Lakh,House,"Behind manohar School,  10 Tokha, Kathmandu",26000000.0,0,0,0,0,1,0,0,0,0,0,0,0,0,1
Land for Sale - Rs 38 Lakh Per Aana,Land,"Nayapati 7 Gokarneswor , Kathmandu",15200000.0,0,0,0,0,0,1,0,0,0,0,0,0,0,1
Land for Sale - Rs 10 Lakh Per Aana,Land,"Dahachowk, Gahate 1 Chandragiri, Kathmandu",17000000.0,0,0,0,0,0,1,0,0,0,0,0,0,0,1
Land for Sale - Rs 9 Crore,Land,"Maharajgunj  Kathmandu Metropolis, Kathmandu",90000000.0,0,0,0,0,0,1,0,0,0,0,0,0,0,1
House for Sale - Rs 1 Crore 10 Lakh,House,"Ganesh mandir jane bato  Suryabinayak, Bhaktapur",11000000.0,0,0,0,0,1,0,0,0,0,0,0,0,0,1
Land for Sale - Rs 44 Lakh Per Aana,Land,"Thankot 10 Chandragiri, Kathmandu",21726165.08400292,0,0,0,0,0,1,0,0,0,0,0,0,0,1
Land for Sale - Rs 1 Crore 10 Lakh Per Aana,Land,"Charikot 6 Bhimeshwor, Dolakha",48210372.53469686,0,0,0,0,0,1,0,0,0,0,0,0,0,1
Land for Sale - Rs 55 Lakh,Land,"Khanidada, Kailali 5 Chure, KAILALI",5500000.0,0,0,0,0,0,1,0,0,0,0,0,0,0,1
Land for Sale - Rs 3 Crore 15 Lakh Per Aana,Land,"Near ganesh chowk  Budhanilkantha, Kathmandu",110445580.71585098,0,0,0,0,0,1,0,0,0,0,0,0,0,1
Land for Sale - Rs 2 Crore 38 Lakh Sqft,Land,"Sitapaila 4 Nagarjun, Kathmandu",23800000.0,0,0,0,0,0,1,0,0,0,0,0,0,0,1
Land for Sale - Rs 85 Lakh Per Aana,Land,"Basundhara  3 Kathmandu, Kathmandu",123249875.82176772,0,0,0,0,0,1,0,0,0,0,0,0,0,1
Land for Sale - Rs 13 Lakh Dhur,Land,"Farsatiket near Beer factory  Butwal, Rupendehi",1300000.0,0,0,0,0,0,1,0,0,0,0,0,0,0,1
Apartment for Sale - Rs 1 Crore 65 Lakh flat,Apartment,"Dhumbarahi Apartment 23 Kathmandu Metropolis, Kathmandu",16500000.0,0,0,1,0,0,0,0,0,0,0,0,0,0,1
Land for Sale - Rs 40 Lakh Dhur,Land,"Bharatpur, Chitwan  06 BMC, Chitwan",4000000.0,0,0,0,0,0,1,0,0,0,0,0,0,0,1
Land for Sale - Rs 18 Lakh Per Aana,Land,"Thecho  Godawari, Lalitpur",10800000.0,0,0,0,0,0,1,0,0,0,0,0,0,0,1
Land for Sale - Rs 35 Lakh Per Aana,Land,"Balambu  6 Nagarjun , Kathmandu",35000000.0,0,0,0,0,0,1,0,0,0,0,0,0,0,1
Land for Sale - Rs 1 Crore 20 Lakh Per Aana,Land,"Kapan 7 Kathmandu Metropolis, Kathmandu",48000000.0,0,0,0,0,0,1,0,0,0,0,0,0,0,1
Land for Sale - Rs 35 Lakh Per Aana,Land,"Gairigaun 8 Tarkeshwor , Kathmandu",14874974.433893353,0,0,0,0,0,1,0,0,0,0,0,0,0,1
Land for Sale - Rs 85 Lakh Ropani,Land,"Naubise 6 Dhunibeshi , Dhading",8500000.0,0,0,0,0,0,1,0,0,0,0,0,0,0,1
Land for Sale - Rs 34 Lakh Per Aana,Land,"Katunje-5 5 Katunje, Bhaktapur",17000000.0,0,0,0,0,0,1,0,0,0,0,0,0,0,1
Land for Sale - Rs 3 Crore 58 Lakh 60 Thousand Ropani,Land,"Sadobato  Lalitpur Metropolis, Lalitpur",35860000.0,0,0,0,0,0,1,0,0,0,0,0,0,0,1
Land for Sale - Rs 2 Crore 68 Lakh Per Aana,Land,"imadol  Lalitpur Metropolis, Lalitpur",100500195.7633309,0,0,0,0,0,1,0,0,0,0,0,0,0,1
Land for Sale - Rs 3 Lakh 25 Thousand Dhur,Land,"Hetauda 15 Ratomate, makwanpur",325000.0,0,0,0,0,0,1,0,0,0,0,0,0,0,1
Land for Sale - Rs 70 Lakh Dhur,Land,"Nepalgunj 19 Nepalgunj sub metro, Banke",7000000.0,0,0,0,0,0,1,0,0,0,0,0,0,0,1
Land for Sale - Rs 1 Crore 55 Lakh,Land,"Gothatar  Kaageshwori-Manohara, Kathmandu",15500000.0,0,0,0,0,0,1,0,0,0,0,0,0,0,1
Land for Sale - Rs 2 Crore 17 Lakh,Land,"Kadaghari  Kaageshwori-Manohara, Kathmandu",21700000.0,0,0,0,0,0,1,0,0,0,0,0,0,0,1
Land for Sale - Rs 2 Crore 62 Lakh,Land,"Gothatar  Kaageshwori-Manohara, Kathmandu",26200000.0,0,0,0,0,0,1,0,0,0,0,0,0,0,1
Land for Sale - Rs 13 Lakh Per Aana,Land,"Lele  Lubhu, Lalitpur",41364499.63476991,0,0,0,0,0,1,0,0,0,0,0,0,0,1
Land for Sale - Rs 1 Crore 75 Lakh,Land,"Gothatar  Kaageshwori-Manohara, Kathmandu",17500000.0,0,0,0,0,0,1,0,0,0,0,0,0,0,1
Land for Sale - Rs 40 Lakh Per Aana,Land,"Khatrigaun  Budhanilkantha, Kathmandu",16000000.0,0,0,0,0,0,1,0,0,0,0,0,0,0,1
Land for Sale - Rs 2 Crore 70 Lakh,Land,"Bhangal  Budhanilkantha, Kathmandu",27000000.0,0,0,0,0,0,1,0,0,0,0,0,0,0,1
Land for Sale - Rs 35 Lakh Per Aana,Land,"Sallaghari  Suryabinayak, Bhaktapur",70000000.0,0,0,0,0,0,1,0,0,0,0,0,0,0,1
Land for Sale - Rs 3 Crore 95 Lakh,Land,"Imadol -1 Mahalaxmi, Lalitpur",39500000.0,0,0,0,0,0,1,0,0,0,0,0,0,0,1
Land for Sale - Rs 2 Crore 45 Lakh,Land,"Imadol  Mahalaxmi, Kathmandu",24500000.0,0,0,0,0,0,1,0,0,0,0,0,0,0,1
Land for Sale - Rs 2 Crore 20 Lakh,Land,"Tikathali  Mahalaxmi, Lalitpur",22000000.0,0,0,0,0,0,1,0,0,0,0,0,0,0,1
Apartment for Sale - Rs 3 Crore 25 Lakh flat,Apartment,"Kapan 10 Budhanilkantha, Kathmandu",32500000.0,0,0,1,0,0,0,0,0,0,0,0,0,0,1
Land for Sale - Rs 1 Crore 75 Lakh,Land,"Tilathali 5 Mahalakshmi, Lalitpur",17500000.0,0,0,0,0,0,1,0,0,0,0,0,0,0,1
Land for Sale - Rs 7 Crore 25 Lakh,Land,"150 meters from Deuba Residendent 1 Budhanilkantha, Kathmandu",72500000.0,0,0,0,0,0,1,0,0,0,0,0,0,0,1
House for Sale - Rs 1 Crore 20 Lakh,House,"Campus Road, Nijgadh 09 Nijgadh, Bara",12000000.0,0,0,0,0,1,0,0,0,0,0,0,0,0,1
Land for Sale - Rs 40 Lakh Kathha,Land,"Geta, Dhangadi  Dhangadi, Kailali",4000000.0,0,0,0,0,0,1,0,0,0,0,0,0,0,1
Land for Sale - Rs 25 Lakh Per Aana,Land,"Machhegau 4 Kirtipur, Kathmandu",10000000.0,0,0,0,0,0,1,0,0,0,0,0,0,0,1
Land for Sale - Rs 4 Crore 7 Lakh,Land,"Nakhu dobato, Bagdol, Lalitpur 4 Lalitpur Metropolis, Lalitpur",40700000.0,0,0,0,0,0,1,0,0,0,0,0,0,0,1
Land for Sale - Rs 5 Crore 70 Lakh flat,Land,"Gyaneshwor 30 Kathmandu Metropolis, Kathmandu",57000000.0,0,0,1,0,0,1,0,0,0,0,0,0,0,1
House for Rent - Rs 2 Lakh 15 Thousand Per Month,House,"Bhaisepati 25 Lalitpur Metropolis, Lalitpur",215000.0,0,0,0,0,1,0,0,0,0,0,0,0,0,0
Land for Sale - Rs 1 Crore 50 Lakh,Land,"Kapan durgamandir  Kapan, Kathmandu",15000000.0,0,0,0,0,0,1,0,0,0,0,0,0,0,1
Land for Sale - Rs 42 Lakh Per Aana,Land,"Hattiban 1 Lalitpur Metropolis, Lalitpur",16537384.952520087,0,0,0,0,0,1,0,0,0,0,0,0,0,1
Land for Sale - Rs 1 Crore 78 Lakh Per Aana,Land,"near vetenary hospital and SBI bank. 5 Kathmandu Metropolis, Kathmandu",143544192.84149012,0,0,0,0,0,1,0,0,0,0,0,0,0,1
Land for Sale - Rs 14 Lakh 50 Thousand Per Aana,Land,"Pharping 5 Kirtipur, Kathmandu",47853177.50182615,0,0,0,0,0,1,0,0,0,0,0,0,0,1
Land for Sale - Rs 35 Lakh,Land,"Hattiban 28 Lalitpur Metropolis, Lalitpur",3500000.0,0,0,0,0,0,1,0,0,0,0,0,0,0,1
Land for Sale - Rs 1 Crore 60 Lakh Per Aana,Land,"Ghatta Chowk -13 Budhanilkantha, Kathmandu",48000000.0,0,0,0,0,0,1,0,0,0,0,0,0,0,1
Land for Sale - Rs 3 Crore 25 Lakh,Land,"Imadol, Rajkulo  Mahalaxmi, Lalitpur",32500000.0,0,0,0,0,0,1,0,0,0,0,0,0,0,1
Land for Sale - Rs 2 Crore 80 Lakh,Land,"Chamati  Kathmandu, Kathmandu",28000000.0,0,0,0,0,0,1,0,0,0,0,0,0,0,1
Land for Sale - Rs 2 Crore 50 Lakh Per Aana,Land,"Sukedhara 4 Kathmandu Metropolis, Kathmandu",62499634.769905046,0,0,0,0,0,1,0,0,0,0,0,0,0,1
Land for Sale - Rs 37 Lakh,Land,"bhimbahadur chowk bata jamanapur jane bato ma 15 Ratnanagar, chitwan",3700000.0,0,0,0,0,0,1,0,0,0,0,0,0,0,1
Land for Sale - Rs 12 Crore,Land,"Ghattekulo 32 Kathmandu Metropolis, Kathmandu",120000000.0,0,0,0,0,0,1,0,0,0,0,0,0,0,1
Land for Sale - Rs 24 Lakh Per Aana,Land,"Godawari- Kitani  Lalitpur Metropolis, Lalitpur",10799964.937910885,0,0,0,0,0,1,0,0,0,0,0,0,0,1
Land for Sale - Rs 11 Lakh 50 Thousand Per Aana,Land,"Sudal  BMC, Bhaktapur",4600000.0,0,0,0,0,0,1,0,0,0,0,0,0,0,1
Land for Sale - Rs 23 Lakh Per Aana,Land,"Bhimdhunga  8 Nagarjun, Kathmandu",9200000.0,0,0,0,0,0,1,0,0,0,0,0,0,0,1
Land for Sale - Rs 7 Crore 20 Lakh Per Aana,Land,"Lukla 2 Khumbu pasang lamhu, Solukhumbu",288000000.0,0,0,0,0,0,1,0,0,0,0,0,0,0,1
Land for Sale - Rs 25 Crore 20 Lakh,Land,"Baneshwor Hight   Kathmandu Metropolis, Kathmandu",252000000.0,0,0,0,0,0,1,0,0,0,0,0,0,0,1
Land for Sale - Rs 50 Lakh Per Aana,Land,"Surye Darsan Height 3 Tokha, Kathmandu",27500073.046018995,0,0,0,0,0,1,0,0,0,0,0,0,0,1
Land for Sale - Rs 23 Crore,Land,"Dhapasi  Tokha, Kathmandu",230000000.0,0,0,0,0,0,1,0,0,0,0,0,0,0,1
Land for Sale - Rs 25 Lakh Per Aana,Land,"1500 meters from Deubachowk  Budhanilkantha, Kathmandu",13750036.523009498,0,0,0,0,0,1,0,0,0,0,0,0,0,1
Land for Sale - Rs 40 Lakh Per Aana,Land,"Satungal Chowk  Chandragiri, Kathmandu",28000000.0,0,0,0,0,0,1,0,0,0,0,0,0,0,1
Land for Sale - Rs 30 Lakh Per Aana,Land,"Tinthana 15 Chandragiri, Kathmandu",12000000.0,0,0,0,0,0,1,0,0,0,0,0,0,0,1
House for Sale - Rs 46 Lakh,House,"Bhangal  Budhanilkantha, Kathmandu",4600000.0,0,0,0,0,1,0,0,0,0,0,0,0,0,1
Land for Sale - Rs 35 Lakh Per Aana,Land,"Tikathali  5 Mahalaxmi, Lalitpur",9187436.084733382,0,0,0,0,0,1,0,0,0,0,0,0,0,1
Land for Sale - Rs 40 Lakh Per Aana,Land,"badeli 2 Budhanilkantha, Kathmandu",24399941.563184805,0,0,0,0,0,1,0,0,0,0,0,0,0,1
Land for Sale - Rs 5 Crore 25 Lakh,Land,"muhanpokhari  Budhanilkantha, Kathmandu",52500000.0,0,0,0,0,0,1,0,0,0,0,0,0,0,1
Land for Sale - Rs 13 Lakh 50 Thousand Per Aana,Land,"Suntol 2 Shankharapur, Kathmandu",5737490.138787436,0,0,0,0,0,1,0,0,0,0,0,0,0,1
Apartment for Sale - Rs 2 Crore 20 Lakh flat,Apartment,"Ratnanagar Municipality 9 Kathmandu Metropolis, Chitwan",22000000.0,0,0,1,0,0,0,0,0,0,0,0,0,0,1
Land for Sale - Rs 2 Crore 10 Lakh Per Aana,Land,"Kadaghari,birendra chowk 07 Madhyapur Thimi, Kathmandu",73500306.79327977,0,0,0,0,0,1,0,0,0,0,0,0,0,1
Land for Sale - Rs 13 Lakh Kathha,Land,"Near Karmohan chowk  11 Ishworpur , Sarlahi",1300000.0,0,0,0,0,0,1,0,0,0,0,0,0,0,1
Land for Sale - Rs 48 Lakh Per Aana,Land,"Nearest for sano gau bhatvateni   Tikathali, Lalitpur",14400000.0,0,0,0,0,0,1,0,0,0,0,0,0,0,1
Land for Sale - Rs 25 Lakh 50 Thousand Per Aana,Land,"Kalanki  Machhipokhari, Kalanki",11474962.746530311,0,0,0,0,0,1,0,0,0,0,0,0,0,1
Land for Sale - Rs 30 Lakh Kathha,Land,"Rapti-8 Chitwan  8 Rapti, Chitwan",3000000.0,0,0,0,0,0,1,0,0,0,0,0,0,0,1
Land for Sale - Rs 29 Lakh 50 Thousand Per Aana,Land,"Jharuwarashi / Nagdaha 13 Godawari, Lalitpur",8850000.0,0,0,0,0,0,1,0,0,0,0,0,0,0,1
Land for Sale - Rs 85 Lakh Per Aana,Land,"Sinamangal,  9 Kathmandu Metropolis, Kathmandu",102000000.0,0,0,0,0,0,1,0,0,0,0,0,0,0,1
Land for Sale - Rs 68 Lakh Kathha,Land,"Amarapuri   7 Kathmandu Metropolis, Chitwan",6800000.0,0,0,0,0,0,1,0,0,0,0,0,0,0,1
Land for Sale - Rs 10 Crore 50 Lakh,Land,"hattigauda 6 Budhanilkantha, Kathmandu",105000000.0,0,0,0,0,0,1,0,0,0,0,0,0,0,1
Land for Sale - Rs 1 Crore 27 Lakh Per Aana,Land,"Baluwatar(Near Nepal Rastra Bank) 04 Kathmandu Metropolis, Kaski",91440000.0,0,0,0,0,0,1,0,0,0,0,0,0,0,1
Land for Sale - Rs 2 Crore 10 Lakh flat,Land,"Thankot 3 Thankot, Kathmandu",21000000.0,0,0,1,0,0,1,0,0,0,0,0,0,0,1
Land for Rent - Rs 55 Thousand Per Aana,Land,"Lazimpat 26 kathmandu, Kathmandu",880000.0,0,0,0,0,0,1,0,0,0,0,0,0,0,0
Land for Sale - Rs 25 Lakh Kathha,Land,"Siwalaya Chowk  9 Ratnanagar , Chitwan",2500000.0,0,0,0,0,0,1,0,0,0,0,0,0,0,1
House for Sale - Rs 1 Crore 20 Lakh,House,"Behind army barrack  Lekhnath , Lekhnath",12000000.0,0,0,0,0,1,0,0,0,0,0,0,0,0,1
Land for Sale - Rs 3 Crore 20 Lakh,Land,"bhangal 11 Budhanilkantha, Kathmandu",32000000.0,0,0,0,0,0,1,0,0,0,0,0,0,0,1
Land for Sale - Rs 47 Lakh Per Aana,Land,"chapali 2 Budhanilkantha, Kathmandu",74774287.80131483,0,0,0,0,0,1,0,0,0,0,0,0,0,1
Land for Sale - Rs 63 Lakh Per Aana,Land,"Futung 07 Tarkeshowr , Kathmandu",18900000.0,0,0,0,0,0,1,0,0,0,0,0,0,0,1
House for Sale - Rs 6 Crore 3 Lakh,House,"Hepali Height 7 Budhanilkantha, Kathmandu",60300000.0,0,0,0,0,1,0,0,0,0,0,0,0,0,1
Land for Sale - Rs 2 Crore 50 Lakh Per Aana,Land,"Lasuntar,Kapan 11 Budhanilkantha, Kathmandu",75000000.0,0,0,0,0,0,1,0,0,0,0,0,0,0,1
Land for Sale - Rs 75 Lakh Per Aana,Land,"Bhimsengola Sinamangal  Kathmandu Metropolis, Kathmandu",41250109.56902849,0,0,0,0,0,1,0,0,0,0,0,0,0,1
Land for Sale - Rs 10 Lakh Per Aana,Land,"Chobar  Kirtipur, Kathmandu",10000000.0,0,0,0,0,0,1,0,0,0,0,0,0,0,1
Land for Sale - Rs 17 Lakh Per Aana,Land,"Matatirtha  Chandragiri, Kathmandu",9350024.835646458,0,0,0,0,0,1,0,0,0,0,0,0,0,1
Land for Sale - Rs 60 Lakh Per Aana,Land,"Golfutar  Budhanilkantha, Kathmandu",24000000.0,0,0,0,0,0,1,0,0,0,0,0,0,0,1
Land for Sale - Rs 50 Lakh Per Aana,Land,"Chappal Karkhana  Kathmandu Metropolis, Kathmandu",27500073.046018995,0,0,0,0,0,1,0,0,0,0,0,0,0,1
Land for Sale - Rs 98 Lakh Per Aana,Land,"Lazimpat  Kathmandu Metropolis, Kathmandu",83299856.82980277,0,0,0,0,0,1,0,0,0,0,0,0,0,1
Land for Sale - Rs 45 Lakh Per Aana,Land,"Katunje 5 Suryabinayak, Bhaktapur",18000000.0,0,0,0,0,0,1,0,0,0,0,0,0,0,1
Land for Sale - Rs 3 Crore Dhur,Land,"Chhapkaiya  2 Birgunj, Parsa",30000000.0,0,0,0,0,0,1,0,0,0,0,0,0,0,1
Land for Sale - Rs 2 Crore 90 Lakh,Land,"Lamachaur 16 Pokhara Metropolis, Kaski",29000000.0,0,0,0,0,0,1,0,0,0,0,0,0,0,1
Land for Sale - Rs 2 Crore 80 Lakh Per Aana,Land,"Puja pratisthan marg,Purano Baneshwor  10 Kathmandu Metropolis, Kathmandu",98000409.05770636,0,0,0,0,0,1,0,0,0,0,0,0,0,1
Apartment for Sale - Rs 2 Crore 40 Lakh flat,Apartment,"Maitidevi 30 Kathmandu, Kathmandu",24000000.0,0,0,1,0,0,0,0,0,0,0,0,0,0,1
Land for Sale - Rs 2 Lakh 50 Thousand dhur,Land,"Birtamod  Birtamod, Jhapa",250000.0,0,0,0,0,0,1,0,0,0,0,0,0,0,1
Land for Sale - Rs 15 Lakh Per Aana,Land,"Bageshwori 7 Changunarayan, Bhaktapur",8250021.913805698,0,0,0,0,0,1,0,0,0,0,0,0,0,1
Land for Sale - Rs 70 Lakh Per Aana,Land,"Panchamukhi Hanuman Mandir, Kharibot, Kumarigal-8, Boudhadwar Marg 8 Kathmandu Metropolis, Kathmandu",31499897.735573407,0,0,0,0,0,1,0,0,0,0,0,0,0,1
Apartment for Sale - Rs 5 Crore 25 Lakh flat,Apartment,"Thadodhunga 3 Lalitpur Metropolis, Lalitpur",52500000.0,0,0,1,0,0,0,0,0,0,0,0,0,0,1
Land for Sale - Rs 1 Lakh 30 Thousand Dhur,Land,"Lekhnath Chowk 07 Bhadrapur , Jhapa",130000.0,0,0,0,0,0,1,0,0,0,0,0,0,0,1
Land for Sale - Rs 75 Lakh Per Aana,Land,"Tripureshwor  11 Kathmandu Metropolis, Kathmandu",67500000.0,0,0,0,0,0,1,0,0,0,0,0,0,0,1
Land for Sale - Rs 60 Lakh Dhur,Land,"Hetauda 4 Hetauda sub, makwanpur",6000000.0,0,0,0,0,0,1,0,0,0,0,0,0,0,1
Land for Sale - Rs 24 Crore Kathha,Land,"hetauda 4 Hetauda sub , makwanpur",240000000.0,0,0,0,0,0,1,0,0,0,0,0,0,0,1
Land for Sale - Rs 10 Lakh 75 Thousand Per Aana,Land,"Bhakundebeshi 7 namobuddha, kavre",4300000.0,0,0,0,0,0,1,0,0,0,0,0,0,0,1
Land for Sale - Rs 60 Lakh Dhur,Land,"hetauda 4 hetauda sub, makwanpur",6000000.0,0,0,0,0,0,1,0,0,0,0,0,0,0,1
Land for Sale - Rs 24 Crore Kathha,Land,"Hetauda 4 hetauda sub muncipality, makwanpur",240000000.0,0,0,0,0,0,1,0,0,0,0,0,0,0,1
Land for Sale - Rs 24 Lakh Per Aana,Land,"Thali  Kaageshwori-Manohara, Kathmandu",12000000.0,0,0,0,0,0,1,0,0,0,0,0,0,0,1
Land for Sale - Rs 2 Crore Per Aana,Land,"3 ana 3 paisa  Kageshwori, Manohara, Kathmandu",74999561.72388604,0,0,0,0,0,1,0,0,0,0,0,0,0,1
Land for Sale - Rs 6 Crore,Land,"Kuleshore Awas Area, Link Road...  Kathmandu Metropolis, Kathmandu",60000000.0,0,0,0,0,0,1,0,0,0,0,0,0,0,1
Land for Sale - Rs 36 Lakh Per Aana,Land,"gothatar 8 Kathmandu Metropolis, Kathmandu",19806574.141709276,0,0,0,0,0,1,0,0,0,0,0,0,0,1
Land for Sale - Rs 55 Lakh Per Aana,Land,"Mahantar Chowk ra Tejbinayak Chowk ko bichmaa 9 Kageswari Manohara Municipality, Kathmandu",33000000.0,0,0,0,0,0,1,0,0,0,0,0,0,0,1
Land for Sale - Rs 60 Lakh Kathha,Land,"RAJAHAR  16 Devchuli , Nawalpur",6000000.0,0,0,0,0,0,1,0,0,0,0,0,0,0,1
Land for Sale - Rs 5 Crore 70 Lakh Per Aana,Land,"Kupondole  1 Lalitpur Metropolis, Lalitpur",285000000.0,0,0,0,0,0,1,0,0,0,0,0,0,0,1
Land for Sale - Rs 2 Crore 50 Lakh Per Month,Land,"Changathali 7 Mahalaxmi, Lalitpur",25000000.0,0,0,0,0,0,1,0,0,0,0,0,0,0,1
Land for Sale - Rs 3 Crore 50 Lakh flat,Land,"Sanepa  Lalitpur Metropolis, Lalitpur",35000000.0,0,0,1,0,0,1,0,0,0,0,0,0,0,1
Land for Sale - Rs 7 Crore 35 Lakh flat,Land,"Manamaiju  Tokha, Kathmandu",73500000.0,0,0,1,0,0,1,0,0,0,0,0,0,0,1
Land for Sale - Rs 40 Lakh Per Aana,Land,"ramkot, sitapaila   5 Nagarjun, Kathmandu",12000000.0,0,0,0,0,0,1,0,0,0,0,0,0,0,1
Land for Sale - Rs 85 Lakh Dhur,Land,"Yogikuti, Dingarnagar 04 Tilottoma, Rupandehi",8500000.0,0,0,0,0,0,1,0,0,0,0,0,0,0,1
House for Sale - Rs 35 Lakh,House,"Paddampokhari 2 Hetauda, makawanpur",3500000.0,0,0,0,0,1,0,0,0,0,0,0,0,0,1
Land for Sale - Rs 40 Lakh,Land,"Sakhu gagal Fedi   Sakhu , Kathmandu",4000000.0,0,0,0,0,0,1,0,0,0,0,0,0,0,1
Land for Sale - Rs 38 Lakh Per Aana,Land,"Balambu  Chandragiri, Kathmandu",15200000.0,0,0,0,0,0,1,0,0,0,0,0,0,0,1
Land for Sale - Rs 18 Lakh 50 Thousand Per Aana,Land,"Nayapati 8 Gokeneshwar , Kathmandu",7400000.0,0,0,0,0,0,1,0,0,0,0,0,0,0,1
Land for Sale - Rs 2 Crore 15 Lakh,Land,"Purwanchal Campus Football Ground, Panmara Road, LANGHALI CHOK, Dharan, Dharan Sub-Metropolitan, Dharan, Sunsari, Koshi Province, 56100, Nepal 4 Dhara",21500000.0,0,0,0,0,0,1,0,0,0,0,0,0,0,1
Land for Sale - Rs 3 Crore,Land,"Tallo gagangauda  32 Pokhara Metropolis, Kaski",30000000.0,0,0,0,0,0,1,0,0,0,0,0,0,0,1
House for Sale - Rs 10 Lakh,House,"Jp road, thamel 26 Kathmandu Metropolis, Kathmandu",1000000.0,0,0,0,0,1,0,0,0,0,0,0,0,0,1
Land for Sale - Rs 2 Crore 25 Lakh,Land,"400m from Bhadrakali Petrol Pump Imadol 4 Mahalaxmi, Lalitpur",22500000.0,0,0,0,0,0,1,0,0,0,0,0,0,0,1
Land for Sale - Rs 2 Crore 80 Lakh,Land,"Hattiban / 2 minutes drive from Ringroad.  Lalitpur Metropolis, Lalitpur",28000000.0,0,0,0,0,0,1,0,0,0,0,0,0,0,1
Land for Sale - Rs 3 Crore 15 Lakh,Land,"Beside Tikathali Water Tank 5 Mahalaxmi, Lalitpur",31500000.0,0,0,0,0,0,1,0,0,0,0,0,0,0,1
Land for Sale - Rs 3 Crore 40 Lakh,Land,"1500mtr from Deubachowk  Budhanilkantha, Kathmandu",34000000.0,0,0,0,0,0,1,0,0,0,0,0,0,0,1
Land for Sale - Rs 15 Lakh Dhur,Land,"Schooldada Chowk  Urlabari, Morang",1500000.0,0,0,0,0,0,1,0,0,0,0,0,0,0,1
Land for Sale - Rs 30 Lakh,Land,"Bhutkhel 6 Kirtipur, Kathmandu",3000000.0,0,0,0,0,0,1,0,0,0,0,0,0,0,1
Land for Sale - Rs 5 Lakh Dhur,Land,"Near Model College 5 Damak, Jhapa",500000.0,0,0,0,0,0,1,0,0,0,0,0,0,0,1
Land for Sale - Rs 1 Lakh 25 Thousand Dhur,Land,"Rajapur Bhansar Najikai 04 Rajapur, Bardiya",125000.0,0,0,0,0,0,1,0,0,0,0,0,0,0,1
Land for Sale - Rs 35 Lakh Per Aana,Land,"Phutung 7 Tarkeswor , Kathmandu",28000000.0,0,0,0,0,0,1,0,0,0,0,0,0,0,1
Land for Sale - Rs 45 Lakh Per Aana,Land,"Near Satungal, Chandragiri 44600 14 Chandragiri, Kathmandu",63003287.070854634,0,0,0,0,0,1,0,0,0,0,0,0,0,1
Land for Sale - Rs 2 Crore 25 Lakh,Land,"Belbari 02 belbari, morang",22500000.0,0,0,0,0,0,1,0,0,0,0,0,0,0,1
Land for Sale - Rs 18 Lakh Per Aana,Land,"Sanagaun, Bishnudol 8 Mahalaxmi, Lalitpur",81000000.0,0,0,0,0,0,1,0,0,0,0,0,0,0,1
Land for Sale - Rs 5 Crore 25 Lakh,Land,"Newroad, Bharatpur-3 3 Bharatpur, Chitwan",52500000.0,0,0,0,0,0,1,0,0,0,0,0,0,0,1
Land for Sale - Rs 90 Lakh Per Aana,Land,"sanjivani bazar  dhulikhel, kavre",27000000.0,0,0,0,0,0,1,0,0,0,0,0,0,0,1
Land for Sale - Rs 30 Lakh Per Aana,Land,"Thimi 7 Madhyapur Thimi, Bhaktapur",10518626.73484295,0,0,0,0,0,1,0,0,0,0,0,0,0,1
Land for Sale - Rs 65 Lakh Per Aana,Land,"Kapan  Budhanilkantha, Kathmandu",48750094.95982469,0,0,0,0,0,1,0,0,0,0,0,0,0,1
Land for Sale - Rs 25 Lakh Per Aana,Land,"Mahaldhara   Tansen , Palpa",30000000.0,0,0,0,0,0,1,0,0,0,0,0,0,0,1
Land for Sale - Rs 60 Lakh Per Aana,Land,"Kalanki   Chandragiri, Kathmandu",54000000.0,0,0,0,0,0,1,0,0,0,0,0,0,0,1
Land for Sale - Rs 65 Lakh Per Aana,Land,"Kapan faika 12 Budhanilkantha, Kathmandu",91000000.0,0,0,0,0,0,1,0,0,0,0,0,0,0,1
Land for Sale - Rs 8 Crore Per Aana,Land,"Dhobighat outside ringroad 4 Lalitpur Metropolis, Lalitpur",1360000000.0,0,0,0,0,0,1,0,0,0,0,0,0,0,1
Land for Sale - Rs 6 Crore Per Aana,Land,"Kuleshwor 14 Kathmandu Metropolis, Kathmandu",600000000.0,0,0,0,0,0,1,0,0,0,0,0,0,0,1
Land for Sale - Rs 28 Lakh Per Aana,Land,"Kavresthali 3 Tarkeshwor , Kathmandu",12271731.19065011,0,0,0,0,0,1,0,0,0,0,0,0,0,1
Land for Sale - Rs 60 Lakh Per Aana,Land,"green hill city mulpani 6 mulpani, Kathmandu",36000000.0,0,0,0,0,0,1,0,0,0,0,0,0,0,1
Land for Sale - Rs 6 Crore,Land,"Sitapaila 4 Nagarjun, Kathmandu",60000000.0,0,0,0,0,0,1,0,0,0,0,0,0,0,1
Land for Sale - Rs 1 Crore 80 Lakh Per Aana,Land,"dhapakhel height   Lalitpur Metropolis, Lalitpur",80999737.03433162,0,0,0,0,0,1,0,0,0,0,0,0,0,1
House for Sale - Rs 2 Crore 80 Lakh,House,"Chauthe  14 Pokhara Metropolis, Kaski",28000000.0,0,0,0,0,1,0,0,0,0,0,0,0,0,1
Land for Sale - Rs 23 Lakh Per Aana,Land,"568 m South-east from Bhatkyapati Chowk 5 Kirtipur, Kathmandu",10349966.398831263,0,0,0,0,0,1,0,0,0,0,0,0,0,1
Land for Sale - Rs 4 Lakh Per Aana,Land,"Padula, pachkhal 8 Pachkhal, Kavrepalanchowk",6000000.0,0,0,0,0,0,1,0,0,0,0,0,0,0,1
House for Sale - Rs 3 Crore,House,"Dhapasi  Tokha, kathmandu",30000000.0,0,0,0,0,1,0,0,0,0,0,0,0,0,1
Land for Sale - Rs 35 Lakh Per Aana,Land,"????? ???  Suryabinayak, Bhaktapur",9715120.525931336,0,0,0,0,0,1,0,0,0,0,0,0,0,1
Land for Sale - Rs 26 Lakh Per Aana,Land,"Nearby Milan chok 1 Chandragiri, Kathmandu",7800000.0,0,0,0,0,0,1,0,0,0,0,0,0,0,1
Land for Sale - Rs 53 Lakh Per Aana,Land,"Nearby Downtown Residency  Mahalaxmi, Lalitpur",58340727.53834917,0,0,0,0,0,1,0,0,0,0,0,0,0,1
Land for Sale - Rs 7 Lakh Dhur,Land,"Tintoliya 13 Biratnagar, Biratnagar",700000.0,0,0,0,0,0,1,0,0,0,0,0,0,0,1
Land for Sale - Rs 3 Crore 60 Lakh Per Aana,Land,"Tarkeshwar  5 Nagarjun, Kathmandu",216000000.0,0,0,0,0,0,1,0,0,0,0,0,0,0,1
House for Rent - Rs 1 Lakh 25 Thousand Per Month,House,"Bhainsepati Kathmandu   Lalitpur Metropolis, Lalitpur",125000.0,0,0,0,0,1,0,0,0,0,0,0,0,0,0
Land for Sale - Rs 40 Lakh Dhur,Land,"AITABARE 4 Itahari, Koshi",4000000.0,0,0,0,0,0,1,0,0,0,0,0,0,0,1
Land for Sale - Rs 1 Crore 85 Lakh Per Aana,Land,"Sangla  01 Tarkeshwor , Kathmandu",37837837.837837845,0,0,0,0,0,1,0,0,0,0,0,0,0,1
Land for Sale - Rs 38 Lakh 50 Thousand Per Aana,Land,"Naya Naikap 02 Chandragiri, Kathmandu",38018651.57048941,0,0,0,0,0,1,0,0,0,0,0,0,0,1
Land for Sale - Rs 38 Lakh Per Aana,Land,"Dhungeadda  Chandragiri, Kathmandu",15674986.12125639,0,0,0,0,0,1,0,0,0,0,0,0,0,1
Land for Sale - Rs 44 Lakh Per Aana,Land,"Bhaisepati  Lalitpur Metropolis, Lalitpur",19799935.719503287,0,0,0,0,0,1,0,0,0,0,0,0,0,1
Land for Sale - Rs 3 Lakh 50 Thousand Per Aana,Land,"Pipaltar 7 Siddhalek, Dhading",11136596.055514976,0,0,0,0,0,1,0,0,0,0,0,0,0,1
Land for Rent - Rs 13 Thousand Per Aana,Land,"Jorpati narayantar shivachowk  8 Kageswori manohara, Kathmandu",78000.0,0,0,0,0,0,1,0,0,0,0,0,0,0,0
House for Sale - Rs 3 Crore 80 Lakh,House,"tarksewor  04 Kathmandu Metropolis, Kathmandu",38000000.0,0,0,0,0,1,0,0,0,0,0,0,0,0,1
Land for Sale - Rs 2 Crore Per Aana,Land,"Hattiban 23 Lalitpur Metropolis, Lalitpur",60000000.0,0,0,0,0,0,1,0,0,0,0,0,0,0,1
Land for Sale - Rs 5 Crore 95 Lakh Per Aana,Land,"Dadhikot 4 Madhyapur Thimi, Bhaktapur",595000000.0,0,0,0,0,0,1,0,0,0,0,0,0,0,1
Land for Sale - Rs 18 Lakh Per Aana,Land,"Damauli  1 Byas, Tanahun",6840000.0,0,0,0,0,0,1,0,0,0,0,0,0,0,1
Land for Sale - Rs 6 Lakh 50 Thousand Per Aana,Land,"Balaju 9 Kathmandu Metropolis, Kathmandu",9100000.0,0,0,0,0,0,1,0,0,0,0,0,0,0,1
Land for Sale - Rs 3 Crore 50 Lakh Per Aana,Land,"Rudreshor chowk 3 Budhanilkantha, Kathmandu",210000000.0,0,0,0,0,0,1,0,0,0,0,0,0,0,1
Land for Sale - Rs 57 Lakh Dhur,Land,"Chitawon  3 BMC, Chitwan",5700000.0,0,0,0,0,0,1,0,0,0,0,0,0,0,1
Land for Sale - Rs 3 Crore 90 Lakh,Land,"Godawari  Lalitpur Metropolis, Lalitpur",39000000.0,0,0,0,0,0,1,0,0,0,0,0,0,0,1
Land for Sale - Rs 90 Lakh Per Aana,Land,"Pokhara mahanagar 14 Kaski, Kaski",36000000.0,0,0,0,0,0,1,0,0,0,0,0,0,0,1
Land for Sale - Rs 27 Lakh 50 Thousand Per Aana,Land,"Baad bhanjyang 1 Chandragiri, Kathmandu",10312520.087655224,0,0,0,0,0,1,0,0,0,0,0,0,0,1
Land for Sale - Rs 13 Lakh Dhur,Land,"Bhairab road  Hetauda , Makawanpur",1300000.0,0,0,0,0,0,1,0,0,0,0,0,0,0,1
House for Sale - Rs 4 Crore 35 Lakh,House,"kotesore 32 Kathmandu Metropolis, Kathmandu",43500000.0,0,0,0,0,1,0,0,0,0,0,0,0,0,1
Land for Sale - Rs 2 Crore 45 Lakh,Land,"Narayantar, Shiva Chowk, Aryal Goan  Gokarneshowr, Kathmandu",24500000.0,0,0,0,0,0,1,0,0,0,0,0,0,0,1
Land for Sale - Rs 40 Lakh Per Aana,Land,"Dhunge adda 15 Chandragiri, Kathmandu",36000000.0,0,0,0,0,0,1,0,0,0,0,0,0,0,1
House for Sale - Rs 2 Crore 65 Lakh,House,"Near Hattiban 4 Mahalaxmi, Lalitpur",26500000.0,0,0,0,0,1,0,0,0,0,0,0,0,0,1
House for Sale - Rs 3 Crore 68 Lakh,House,"In front of Padma colony 6 Nagarjun, Kathmandu",36800000.0,0,0,0,0,1,0,0,0,0,0,0,0,0,1
Land for Sale - Rs 28 Lakh Per Aana,Land,"Kageswori Monohara Nagarpalika 8 Kathmandu Metropolis, Kathmandu",5726807.888970052,0,0,0,0,0,1,0,0,0,0,0,0,0,1
Land for Sale - Rs 25 Lakh Per Aana,Land,"Danchi, Manohara  Kathmandu Metropolis, Kathmandu",10749963.476990504,0,0,0,0,0,1,0,0,0,0,0,0,0,1
Land for Sale - Rs 1 Crore 8 Lakh Per Aana,Land,"Nayagaun , Pokhara  15 Pokhara Metropolis, Kaski",69550737.76479183,0,0,0,0,0,1,0,0,0,0,0,0,0,1
Land for Sale - Rs 4 Lakh 80 Thousand Dhur,Land,"Hetauda  7 Hetauda sub metropolitian , Makawanpur",480000.0,0,0,0,0,0,1,0,0,0,0,0,0,0,1
Land for Sale - Rs 2 Lakh Dhur,Land,"Shanischare  Arjundhara, Jhapa",200000.0,0,0,0,0,0,1,0,0,0,0,0,0,0,1
Land for Sale - Rs 55 Lakh Kathha,Land,"BP chowk 12 Nepalgunj, Banke",5500000.0,0,0,0,0,0,1,0,0,0,0,0,0,0,1
House for Sale - Rs 1 Crore 35 Lakh,House,"balaju lolang hight tarkari Bazar 5 balaju, Kathmandu",13500000.0,0,0,0,0,1,0,0,0,0,0,0,0,0,1
Land for Sale - Rs 30 Lakh Per Aana,Land,"Bagmara Road 17 Pokhara Metropolis, Kaski",15000000.0,0,0,0,0,0,1,0,0,0,0,0,0,0,1
Land for Sale - Rs 7 Lakh 50 Thousand Per Aana,Land,"Way to Kalu Pade Daada 2 Chandragiri, Kathmandu",24000000.0,0,0,0,0,0,1,0,0,0,0,0,0,0,1
Land for Sale - Rs 30 Lakh Dhur,Land,"Dharan Bhanu Chowk  Dharan, Sunsari",3000000.0,0,0,0,0,0,1,0,0,0,0,0,0,0,1
Land for Sale - Rs 1 Crore 10 Lakh Per Aana,Land,"Bhotyabahal,wholesale market  21 Kathmandu Metropolis, Kathmandu",144099839.29875824,0,0,0,0,0,1,0,0,0,0,0,0,0,1
Land for Sale - Rs 1 Crore 25 Lakh Per Aana,Land,"Thamel, Bhagwanbahal marg  26 Kathmandu Metropolis, Kathmandu",64843681.5193572,0,0,0,0,0,1,0,0,0,0,0,0,0,1
Land for Sale - Rs 2 Crore 75 Lakh,Land,"Baluwakhani   Budhanilkantha, Kathmandu",27500000.0,0,0,0,0,0,1,0,0,0,0,0,0,0,1
House for Sale - Rs 5 Crore 25 Lakh,House,"Budhanilkantha 2 Budhanilkantha, Kathmandu",52500000.0,0,0,0,0,1,0,0,0,0,0,0,0,0,1
Land for Sale - Rs 65 Lakh Kathha,Land,"Tankisinwari 02 Budhiganga, Morang",6500000.0,0,0,0,0,0,1,0,0,0,0,0,0,0,1
Land for Sale - Rs 1 Crore 15 Lakh,Land,"Inedrayani 9 Shankharapur , Kathmandu",11500000.0,0,0,0,0,0,1,0,0,0,0,0,0,0,1
Land for Sale - Rs 39 Lakh Per Aana,Land,"sitapaila Temple 5 Nagarjun, Kathmandu",46800000.0,0,0,0,0,0,1,0,0,0,0,0,0,0,1
Land for Sale - Rs 23 Lakh Per Aana,Land,"Mata Tirtha   Kirtipur, Kathmandu",36800000.0,0,0,0,0,0,1,0,0,0,0,0,0,0,1
Land for Sale - Rs 60 Lakh Per Aana,Land,"Mallisa Marg 14 Chandragiri, Kathmandu",56403506.20891161,0,0,0,0,0,1,0,0,0,0,0,0,0,1
Land for Sale - Rs 1 Crore 70 Lakh Per Aana,Land,"Thankot  1 Chandragiri, Kathmandu",59500248.35646458,0,0,0,0,0,1,0,0,0,0,0,0,0,1
Land for Sale - Rs 36 Lakh Per Aana,Land,"Dadhikot 4 Suryabinayak, Bhaktapur",18359947.406866327,0,0,0,0,0,1,0,0,0,0,0,0,0,1
Land for Sale - Rs 56 Lakh Per Aana,Land,"Nakipot 14 Lalitpur Metropolis, Lalitpur",78400000.0,0,0,0,0,0,1,0,0,0,0,0,0,0,1
Land for Sale - Rs 95 Lakh Kathha,Land,"Nawadurga chowk   BMC, Chitwan",9500000.0,0,0,0,0,0,1,0,0,0,0,0,0,0,1
Land for Sale - Rs 37 Lakh Per Aana,Land,"Nakkhudol 25 Lalitpur Metropolis, Lalitpur",18962486.486486487,0,0,0,0,0,1,0,0,0,0,0,0,0,1
Land for Sale - Rs 75 Lakh Per Aana,Land,"jharuwarasi 7 Godawari, Lalitpur",30749890.43097151,0,0,0,0,0,1,0,0,0,0,0,0,0,1
Land for Sale - Rs 40 Lakh Kathha,Land,"(27.5140084, 83.7868402)  Bardaghat, Bardakhat",4000000.0,0,0,0,0,0,1,0,0,0,0,0,0,0,1
Land for Sale - Rs 60 Lakh Kathha,Land,"(27.6920358, 83.3657964)  Porahha, Porraha",6000000.0,0,0,0,0,0,1,0,0,0,0,0,0,0,1
Land for Sale - Rs 1 Crore 40 Lakh Dhur,Land,"Basudev Marg 2 Hetauda Sub metropolitan city, Makawanpur",14000000.0,0,0,0,0,0,1,0,0,0,0,0,0,0,1
Apartment for Sale - Rs 4 Crore 60 Lakh flat,Apartment,"laliguras shanti tole  (street no 7) 12 Pokhara Metropolis, Kaski",46000000.0,0,0,1,0,0,0,0,0,0,0,0,0,0,1
House for Sale - Rs 6 Lakh 50 Thousand,House,"nepaltar 10 Kathmandu Metropolis, Kathmandu",650000.0,0,0,0,0,1,0,0,0,0,0,0,0,0,1
Apartment for Sale - Rs 1 Crore 75 Lakh flat,Apartment,"Tarkeswor, Paiyatar 04 Nagarjun, Kathmandu",17500000.0,0,0,1,0,0,0,0,0,0,0,0,0,0,1
Land for Sale - Rs 68 Lakh Per Aana,Land,"Mahankal near Police bit 6 Kathmandu Metropolis, Kathmandu",20400000.0,0,0,0,0,0,1,0,0,0,0,0,0,0,1
Land for Sale - Rs 2 Lakh 23 Thousand 76 Dhur,Land,"Bharatpur 14 bharatpur, Chitwan",223000.0,0,0,0,0,0,1,0,0,0,0,0,0,0,1
Land for Sale - Rs 35 Lakh Per Aana,Land,"Thali  kagashowri, Kathmandu",8749948.867786705,0,0,0,0,0,1,0,0,0,0,0,0,0,1
Land for Sale - Rs 7 Lakh Kathha,Land,"Orali bajar 2 Badhuban, Bardiya",700000.0,0,0,0,0,0,1,0,0,0,0,0,0,0,1
House for Sale - Rs 7 Crore,House,"Budhanagar   Kathmandu , Kathmandu",70000000.0,0,0,0,0,1,0,0,0,0,0,0,0,0,1
Land for Sale - Rs 35 Lakh Kathha,Land,"khairakhani, chitwan  1 khairahani, Chitwan",3500000.0,0,0,0,0,0,1,0,0,0,0,0,0,0,1
Land For Sale In Kalikanagar | Butwal | Rupendehi,Land,Rupendehi,20475000.0,0,0,0,0,0,1,0,0,0,0,0,0,0,1
Land For Sale In Rupandehi At Madhawaliya | Tilottama | Nepal,Land,Nepal,75000000.0,0,0,0,0,0,1,0,0,0,0,0,0,0,1
"42 Dhur Land For Sale in Semalar, Butwal",Land,Butwal,7500000.0,0,0,0,0,0,1,0,0,0,0,0,0,0,1
"10 Dhur Commercial Land For Sale in Bhalwari, Tilottama",Land,Butwal,27000000.0,0,0,0,0,0,1,0,0,0,0,0,0,1,1
"10 Dhur Land For Sale in Divertol, Tilottama",Land,Butwal,5500000.0,0,0,0,0,0,1,0,0,0,0,0,0,0,1
"7.5 Dhur Land For Sale in Shankar Nagar, Tilottama",Land,Butwal,4999998.0,0,0,0,0,0,1,0,0,0,0,0,0,0,1
7 Kattha 1 Dhur Land For Sale In Devdaha Bhawanipur | Rupendehi,Land,Rupendehi,16500000.0,0,0,0,0,0,1,0,0,0,0,0,0,0,1
"7.75 Dhur Land On Sale Near Hill Park in Deepnagar, Butwal",Land,Butwal,9700000.0,0,0,0,0,0,1,0,0,0,0,0,0,0,1
"10 Dhur Land on Urgent Sale in Manigram, Tilottama",Land,Butwal,4900000.0,0,0,0,0,0,1,0,0,0,0,0,0,0,1
11 Dhur Land For Sale in Ramapur | Sainamaina,Land,Sainamaina,1650000.0,0,0,0,0,0,1,0,0,0,0,0,0,0,1
"1 Kattha Land For Sale in Manigram-4 N0, Tilottama",Land,Butwal,8000000.0,0,0,0,0,0,1,0,0,0,0,0,0,0,1
8.5 Dhur Land For Sale Nayamil-10 No. Tilottama,Land,Butwal,3700000.0,0,0,0,0,0,1,0,0,0,0,0,0,0,1
"11.25 Dhur Land For Sale In Bhaluhi, Mardani, Tilottama-10",Land,Butwal,3000000.0,0,0,0,0,0,1,0,0,0,0,0,0,0,1
"12 | 24 Dhur Land For Sale In Manigram, Campus Road",Land,"24 Dhur Land For Sale In Manigram, Campus Road",19000000.0,0,0,0,0,0,1,0,0,0,0,0,0,0,1
"7.5 Dhur Land For Sale At Near Lumbini Water Park, Manigram",Land,Lumbini,4000000.0,0,0,0,0,0,1,0,0,0,0,0,0,0,1
"10 Dhur Land For Sale In Devinagar, Butwal",Land,Butwal,9900000.0,0,0,0,0,0,1,0,0,0,0,0,0,0,1
"1.5 Storey House For Sale in Deepnagar, Butwal",House,Butwal,14500000.0,0,0,0,0,1,0,0,0,0,0,0,0,0,1
"2 Storey House For Sale In Kataiya, Bhairahawa Rupendehi Nepal",House,Bhairahawa,10500000.0,0,0,0,0,1,0,0,0,0,0,0,0,0,1
"1 Storey House For Sale in Padsari, Bhairahawaha",House,Bhairahawa,8800000.0,0,0,0,0,1,0,0,0,0,0,0,0,0,1
Bhairahawa 2.5 Storey House On Sale Real Estate Butwal,House,Butwal,25000000.0,0,0,0,0,1,0,0,0,0,0,0,0,0,1
"Dudhrash, Sainamaina, One Storey House For Sale | Rupendehi",House,Rupendehi,7500000.0,0,0,0,0,1,0,0,0,0,0,0,0,0,1
"3.5 Storey House For Sale In Bhalwari, Tilottama-7",House,Butwal,19000000.0,0,0,0,0,1,0,0,0,0,0,0,0,0,1
"1 Storey House For Sale In Sankarnagar, Tilottama",House,Butwal,9900000.0,0,0,0,0,1,0,0,0,0,0,0,0,0,1
"3 Taley House For Sale In Belbas Jitgadhi, Butwal",House,Butwal,20000000.0,0,0,0,0,1,0,0,0,0,0,0,0,0,1
"2 Storey House For Sale in Bhalwari, Tilottama",House,Butwal,13000000.0,0,0,0,0,1,0,0,0,0,0,0,0,0,1
"1 Storey House For Sale Devinagar, Butwal",House,Butwal,7000000.0,0,0,0,0,1,0,0,0,0,0,0,0,0,1
"House on Sale at Tinkune , Subidhnagar",House,Subidhnagar,48500000.0,0,0,0,0,1,0,0,0,0,0,0,0,0,1
"3 Storey Commercial Building For Sale Tamnagar, Butwal",House,Butwal,15000000.0,0,0,0,0,0,0,0,0,0,0,0,0,1,1
"2.5 Storey House For Sale Devi Nagar, Butwal",House,Butwal,7500000.0,0,0,0,0,1,0,0,0,0,0,0,0,0,1
"3.5 Storey House For Sale Shankar Nagar, Tilottama",House,Butwal,25000000.0,0,0,0,0,1,0,0,0,0,0,0,0,0,1
"3.5 Storey House For Sale Jitgadi, Butwal",House,Butwal,22500000.0,0,0,0,0,1,0,0,0,0,0,0,0,0,1
"2.5 Storey House For Sale Sukkha Nagar, Butwal",House,Butwal,22500000.0,0,0,0,0,1,0,0,0,0,0,0,0,0,1
"2.5 Storey House For Sale Itahari, Sunsari",House,Dharan,9000000.0,0,0,0,0,1,0,0,0,0,0,0,0,0,1
"House For sale at Near Koshi Project, Biratnagar",House,Biratnagar,10900000.0,0,0,0,0,1,0,0,0,0,0,0,0,0,1
"House for sale in Sipadole, Bhaktapur",House,Bhaktapur,8000000.0,0,0,0,0,1,0,0,0,0,0,0,0,0,1
"5 Storey Commercial House For Sale Surunga, Jhapa",House,Jhapa,24500000.0,0,0,0,0,1,0,0,0,0,0,0,0,1,1
"House For Sale Dhapasi, Kathmandu",House,Kathmandu,26000000.0,0,0,0,0,1,0,0,0,0,0,0,0,0,1
"2 Storey House For Sale at Dharan, Sunsari",House,Dharan,8500000.0,0,0,0,0,1,0,0,0,0,0,0,0,0,1
"4.5 Storey House on Sale dallu, tallo Bijeshwori Kathmandu",House,Kathmandu,18500000.0,0,0,0,0,1,0,0,0,0,0,0,0,0,1
"15 Dhur Land with House for Sale Manigram, Rupandehi",House,Butwal,7000000.0,0,0,0,0,1,1,0,0,0,0,0,0,0,1
"2.5 Storey Home For Sale Tikathali, Lalitpur",House,Lalitpur,6300000.0,0,0,0,0,1,0,0,0,0,0,0,0,0,1
"Beautiful House For Sale Imadol, Lalitpur",House,Lalitpur,6000000.0,0,0,0,0,1,0,0,0,0,0,0,0,0,1
"2.5 Storey House For Sale in Lakeside, Pokhara",House,Pokhara,20000000.0,0,0,0,0,1,0,0,0,0,0,0,0,0,1
"3 Storey Home For Sale in Kapan, Kathmandu",House,Kathmandu,12000000.0,0,0,0,0,1,0,0,0,0,0,0,0,0,1
"Home for Sale at Sukedhara, Kathmandu",House,Kathmandu,8500000.0,0,0,0,0,1,0,0,0,0,0,0,0,0,1
"House for sale in Durga Colony, Bhairahawa",House,Bhairahawa,4650000.0,0,0,0,0,1,0,0,0,0,0,0,0,0,1
"1 Kattha Land & House for Sale hetauda 8 kamane, Makwanpur",House,Hetauda,4800000.0,0,0,0,0,1,1,0,0,0,0,0,0,0,1
"3 Storey House For sale at Pasikot, Budhanilkantha, Kathmandu",House,Kathmandu,11500000.0,0,0,0,0,1,0,0,0,0,0,0,0,0,1
"2 Storey House For Sale at Naya Thimi Bhaktapur, Dadhikot",House,Bhaktapur,5600000.0,0,0,0,0,1,0,0,0,0,0,0,0,0,1
"7.5 Aana Land with old building For Sale at kalanki, Kathmandu",House,Kathmandu,68200000.0,0,0,0,0,0,1,0,0,0,0,0,0,0,1
"3 Storey House on Sale at Gurjudhara, Kathmandu",House,Kathmandu,11000000.0,0,0,0,0,1,0,0,0,0,0,0,0,0,1
"House on rent at Bishalnagar, Kathmandu",House,Kathmandu,300000.0,0,0,0,0,1,0,0,0,0,0,0,0,0,0
"Land in Lumbini, Kapilvastu",Land,"Labani, Sudhhodhna, Kapilvastu",88888888.0,0,0,0,0,0,1,0,0,0,0,0,0,0,0
House for Sale in Sunawal-4 | Laxmi Path | 20 Dhur | Double Mohada | Prime Location,Land,Butwal,11000000.0,0,0,0,0,1,0,0,0,0,0,0,0,0,1
3.5 aana land for urgent sale,Land,"Taudaha Trail, Kritipur",3600000.0,0,0,0,0,0,1,0,0,0,0,0,0,0,1
"Prime Land for Sale in Butwal, Rupandehi, Nepal",Land,Butwal,2600000.0,0,0,0,0,0,1,0,0,0,0,0,0,0,1
Affordable One Bigha Land for Sale in Kapilvastu Nepal,Land,Lumbini,11000000.0,0,0,0,0,0,1,0,0,0,0,0,0,0,1
"House for Sale in Butwal, Manigram-5, Rupandehi",House,Butwal,10500000.0,0,0,0,0,1,0,0,0,0,0,0,0,0,1
Land for sale in Kanchanpur Purnabas Municipality,Land,Other,80000000.0,0,0,0,0,0,1,0,0,0,0,0,0,0,1
Land for Sale in Butwal Rupandehi: Your Dream Residential Property Awaits!,Land,Butwal,5600000.0,0,0,0,0,0,1,0,0,0,0,0,0,0,1
Cheap house and land for sale in Nawalparasi,Land,Other,5500000.0,0,0,0,0,1,1,0,0,0,0,0,0,0,1
