title,tokens,tokens_text,num_tokens,category,location,price_numeric
 House for Sale,"['house', 'sale']",house sale,2,House,"Imadol, Lalitpur",29000000.0
 House for Sale,"['house', 'sale']",house sale,2,House,"Satdobato, Lalitpur",47500000.0
4 BHK House for Sale,"['bhk', 'house', 'sale']",bhk house sale,3,House,"Imadol, Lalitpur",19900000.0
Bungalow House for Sale,"['bungalow', 'house', 'sale']",bungalow house sale,3,House,"Bhaisepati, Lalitpur",40000000.0
 House for Rent,"['house', 'rent']",house rent,2,House,"Maharajgunj, Kathmandu",12000000.0
Bungalow House for Rent,"['bungalow', 'house', 'rent']",bungalow house rent,3,House,"Bhaisepati, Lalitpur",27000000.0
3 BHK House for Sale,"['bhk', 'house', 'sale']",bhk house sale,3,House,"Bhaisepati, Lalitpur",33000000.0
 House for Sale,"['house', 'sale']",house sale,2,House,"Budhanilkantha, Kathmandu",40000000.0
 House for Sale,"['house', 'sale']",house sale,2,House,"Gyaneshwor, Kathmandu",45000000.0
 House for Sale,"['house', 'sale']",house sale,2,House,"Bhaisepati, Lalitpur",30000000.0
 House for Sale,"['house', 'sale']",house sale,2,House,"Imadol, Lalitpur",49900000.0
 House for Sale,"['house', 'sale']",house sale,2,House,"Kharibot, Kathmandu",24500000.0
Bungalow House for Sale,"['bungalow', 'house', 'sale']",bungalow house sale,3,House,"Bafal, Kathmandu",25000000.0
4 BHK House for Sale,"['bhk', 'house', 'sale']",bhk house sale,3,House,"Khumaltar, Lalitpur",42500000.0
Bungalow House for Sale,"['bungalow', 'house', 'sale']",bungalow house sale,3,House,"Bhaisepati, Lalitpur",65000000.0
4 BHK House for Sale,"['bhk', 'house', 'sale']",bhk house sale,3,House,"Bhaisepati, Lalitpur",36000000.0
 House for Sale,"['house', 'sale']",house sale,2,House,"Khumaltar, Lalitpur",58000000.0
Bungalow House for Sale,"['bungalow', 'house', 'sale']",bungalow house sale,3,House,"Bhaisepati, Lalitpur",25000000.0
4 BHK House for Sale,"['bhk', 'house', 'sale']",bhk house sale,3,House,"Bhaisepati, Lalitpur",48000000.0
4 BHK House for Sale,"['bhk', 'house', 'sale']",bhk house sale,3,House,"Tahachal, Kathmandu",66500000.0
Bungalow House for Sale,"['bungalow', 'house', 'sale']",bungalow house sale,3,House,"Dhapasi, Kathmandu",133000000.0
Villa House for Sale,"['villa', 'house', 'sale']",villa house sale,3,House,"Thecho, Lalitpur",85000000.0
Bungalow House for Sale,"['bungalow', 'house', 'sale']",bungalow house sale,3,House,"Bhaisepati, Lalitpur",55000000.0
 House for Sale,"['house', 'sale']",house sale,2,House,"Bhaisepati, Lalitpur",47500000.0
 House for Sale,"['house', 'sale']",house sale,2,House,"Imadol, Lalitpur",29500000.0
 House for Sale,"['house', 'sale']",house sale,2,House,"Sanepa, Lalitpur",63500000.0
Bungalow House for Sale,"['bungalow', 'house', 'sale']",bungalow house sale,3,House,"Bhaisepati, Lalitpur",85000000.0
Bungalow House for Sale,"['bungalow', 'house', 'sale']",bungalow house sale,3,House,"Maharajgunj, Kathmandu",105000000.0
4 BHK House for Sale,"['bhk', 'house', 'sale']",bhk house sale,3,House,"Bhaisepati, Lalitpur",64000000.0
3 BHK House for Sale,"['bhk', 'house', 'sale']",bhk house sale,3,House,"Sunakothi, Lalitpur",35000000.0
 House for Sale,"['house', 'sale']",house sale,2,House,"Kapan, Kathmandu",22000000.0
4 BHK House for Sale,"['bhk', 'house', 'sale']",bhk house sale,3,House,"Dhobighat, Lalitpur",37500000.0
 House for Sale,"['house', 'sale']",house sale,2,House,"Hattiban, Lalitpur",80000000.0
Bungalow House for Sale,"['bungalow', 'house', 'sale']",bungalow house sale,3,House,"Satdobato, Lalitpur",55000000.0
 House for Sale,"['house', 'sale']",house sale,2,House,"Sanepa, Lalitpur",77500000.0
 House for Sale,"['house', 'sale']",house sale,2,House,"Budhanilkantha, Kathmandu",160000000.0
 House for Sale,"['house', 'sale']",house sale,2,House,"Imadol, Lalitpur",31900000.0
4 BHK House for Sale,"['bhk', 'house', 'sale']",bhk house sale,3,House,"Sitapaila, Kathmandu",25000000.0
 House for Sale,"['house', 'sale']",house sale,2,House,"Pokhara, Kaski",120000000.0
Bungalow House for Sale,"['bungalow', 'house', 'sale']",bungalow house sale,3,House,"Bhaisepati, Lalitpur",62500000.0
4 BHK House for Sale,"['bhk', 'house', 'sale']",bhk house sale,3,House,"Hattiban, Lalitpur",28000000.0
Bungalow House for Sale,"['bungalow', 'house', 'sale']",bungalow house sale,3,House,"Imadol, Lalitpur",59900000.0
 House for Sale,"['house', 'sale']",house sale,2,House,"Bhaisepati, Lalitpur",48000000.0
 House for Sale,"['house', 'sale']",house sale,2,House,"Imadol, Lalitpur",25000000.0
4 BHK House for Rent,"['bhk', 'house', 'rent']",bhk house rent,3,House,"Sanepa, Lalitpur",33500000.0
4 BHK House for Rent,"['bhk', 'house', 'rent']",bhk house rent,3,House,"Sanepa, Lalitpur",35000000.0
4 BHK House for Sale,"['bhk', 'house', 'sale']",bhk house sale,3,House,"Bhaisepati, Lalitpur",40000000.0
Bungalow House for Sale,"['bungalow', 'house', 'sale']",bungalow house sale,3,House,"Nakhipot, Lalitpur",60000000.0
4 BHK House for Sale,"['bhk', 'house', 'sale']",bhk house sale,3,House,"Imadol, Lalitpur",25000000.0
 House for Sale,"['house', 'sale']",house sale,2,House,"Imadol, Lalitpur",27000000.0
Bungalow House for Sale,"['bungalow', 'house', 'sale']",bungalow house sale,3,House,"Gwarko, Lalitpur",27500000.0
 House for Sale,"['house', 'sale']",house sale,2,House,"Budhanilkantha, Kathmandu",110000000.0
 House for Sale,"['house', 'sale']",house sale,2,House,"Hattiban, Lalitpur",32500000.0
 House for Sale,"['house', 'sale']",house sale,2,House,"Hattiban, Lalitpur",28000000.0
 House for Sale,"['house', 'sale']",house sale,2,House,"Imadol, Lalitpur",31000000.0
4 BHK House for Sale,"['bhk', 'house', 'sale']",bhk house sale,3,House,"Baneshwor, Kathmandu",40000000.0
House for Sale,"['house', 'sale']",house sale,2,House,"Tokha, Kathmandu",35000000.0
 House for Sale,"['house', 'sale']",house sale,2,House,"Imadol, Lalitpur",31500000.0
 House for Sale,"['house', 'sale']",house sale,2,House,"Ochu Height, Lalitpur",29000000.0
 House for Sale,"['house', 'sale']",house sale,2,House,"Imadol, Lalitpur",42500000.0
4 BHK House for Sale,"['bhk', 'house', 'sale']",bhk house sale,3,House,"Bhaisepati, Lalitpur",46500000.0
Luxurious Villa  for Sale,"['luxurious', 'villa', 'sale']",luxurious villa sale,3,House,"Bhaisepati, Lalitpur",40000000.0
Bungalow House for Sale,"['bungalow', 'house', 'sale']",bungalow house sale,3,House,"Sanepa, Lalitpur",59500000.0
4 BHK House for Sale,"['bhk', 'house', 'sale']",bhk house sale,3,House,"Nakkhu, Lalitpur",39000000.0
 House for Sale,"['house', 'sale']",house sale,2,House,"Setipakha, Lalitpur",32000000.0
 House for Sale,"['house', 'sale']",house sale,2,House,"Setipakha, Lalitpur",32500000.0
4 BHK House for Sale,"['bhk', 'house', 'sale']",bhk house sale,3,House,"Sunakothi, Lalitpur",51500000.0
 House for Sale,"['house', 'sale']",house sale,2,House,"Kalanki, Kathmandu",35000000.0
Bungalow House for Sale,"['bungalow', 'house', 'sale']",bungalow house sale,3,House,"Imadol, Lalitpur",32500000.0
 House for Sale,"['house', 'sale']",house sale,2,House,"Bhangal , Kathmandu",32000000.0
 House for Sale,"['house', 'sale']",house sale,2,House,"Sukedhara, Kathmandu",55000000.0
House for Sale,"['house', 'sale']",house sale,2,House,"Setipakha, Lalitpur",23000000.0
 House for Sale,"['house', 'sale']",house sale,2,House,"Chandragiri, Kathmandu",17000000.0
 House for Sale,"['house', 'sale']",house sale,2,House,"Imadol, Lalitpur",24000000.0
4 BHK House for Sale,"['bhk', 'house', 'sale']",bhk house sale,3,House,"Tikathali, Lalitpur",27500000.0
 House for Sale,"['house', 'sale']",house sale,2,House,"Tikathali, Lalitpur",22500000.0
4 BHK House for Sale,"['bhk', 'house', 'sale']",bhk house sale,3,House,"Lubhu, Lalitpur",18000000.0
3 BHK House for Sale,"['bhk', 'house', 'sale']",bhk house sale,3,House,"Imadol, Lalitpur",25000000.0
 House for Sale,"['house', 'sale']",house sale,2,House,"Setipakha, Lalitpur",16500000.0
 House for Sale,"['house', 'sale']",house sale,2,House,"Bhaisepati, Lalitpur",51000000.0
 House for Sale,"['house', 'sale']",house sale,2,House,"Imadol, Lalitpur",59900000.0
 House for Sale,"['house', 'sale']",house sale,2,House,"Imadol, Lalitpur",32500000.0
 House for Sale,"['house', 'sale']",house sale,2,House,"Bhaisepati, Lalitpur",27500000.0
 House for Sale,"['house', 'sale']",house sale,2,House,"Sudal, Bhaktapur",12700000.0
Bungalow House for Rent,"['bungalow', 'house', 'rent']",bungalow house rent,3,House,"Baluwatar, Kathmandu",22500000.0
Bungalow House for Sale,"['bungalow', 'house', 'sale']",bungalow house sale,3,House,"Bhaisepati, Lalitpur",61000000.0
Bungalow House for Sale,"['bungalow', 'house', 'sale']",bungalow house sale,3,House,"Hattiban, Lalitpur",36900000.0
3 BHK House at Civil Homes Phase V,"['bhk', 'house', 'civil', 'home', 'phase']",bhk house civil home phase,5,House,"Sunakothi, Lalitpur",23000000.0
Luxurious Villa for Sale,"['luxurious', 'villa', 'sale']",luxurious villa sale,3,House,"Budhanilkantha, Kathmandu",32000000.0
 House for Sale,"['house', 'sale']",house sale,2,House,"Nil Barahi Mandir, Bhaktapur",15500000.0
Duplex House for Sale,"['duplex', 'house', 'sale']",duplex house sale,3,House,"Dhapasi, Kathmandu",42500000.0
Exquisite property for sale,"['exquisite', 'property', 'sale']",exquisite property sale,3,House,"Katyani Chowk, Kathmandu",65000000.0
Bungalow for Sale,"['bungalow', 'sale']",bungalow sale,2,House,"Gaurighat, Kathmandu",35000000.0
 House for Sale,"['house', 'sale']",house sale,2,House,"Budhanilkantha, Kathmandu",28000000.0
2 BHK House for Sale,"['bhk', 'house', 'sale']",bhk house sale,3,House,"Lubhu, Lalitpur",13300000.0
 House for Sale,"['house', 'sale']",house sale,2,House,"Imadol, Lalitpur",16000000.0
 House for Sale,"['house', 'sale']",house sale,2,House,"Harisiddhi, Lalitpur",25000000.0
 House for Sale,"['house', 'sale']",house sale,2,House,"Harisiddhi, Lalitpur",28000000.0
 House for Sale,"['house', 'sale']",house sale,2,House,"Bhaisepati, Lalitpur",39900000.0
4 BHK House for Sale,"['bhk', 'house', 'sale']",bhk house sale,3,House,"Bhaisepati, Lalitpur",49900000.0
 House for Sale,"['house', 'sale']",house sale,2,House,"Lubhu, Lalitpur",17000000.0
 House for Sale,"['house', 'sale']",house sale,2,House,"Bhaisepati, Lalitpur",42500000.0
 House For Sale,"['house', 'sale']",house sale,2,House,"Sanagaun, Lalitpur",17000000.0
Bungalow House for Sale,"['bungalow', 'house', 'sale']",bungalow house sale,3,House,"Balkot, Bhaktapur",52500000.0
 House for Sale,"['house', 'sale']",house sale,2,House,"Bageshwori, Bhaktapur",25000000.0
Duplex House for Sale,"['duplex', 'house', 'sale']",duplex house sale,3,House,"Bhangal , Kathmandu",32000000.0
 House for Sale,"['house', 'sale']",house sale,2,House,"Tikathali, Lalitpur",25000000.0
4 BHK House for Sale,"['bhk', 'house', 'sale']",bhk house sale,3,House,"Imadol, Lalitpur",23500000.0
 House for Rent,"['house', 'rent']",house rent,2,House,"Muhanpokhari, Kathmandu",20000000.0
3 BHK House for Sale,"['bhk', 'house', 'sale']",bhk house sale,3,House,"Samakhusi, Kathmandu",39000000.0
 House for Sale,"['house', 'sale']",house sale,2,House,"Budhanilkantha, Kathmandu",33000000.0
Bungalow House for Sale,"['bungalow', 'house', 'sale']",bungalow house sale,3,House,"Chandol, Kathmandu",85000000.0
Bungalow House for Sale,"['bungalow', 'house', 'sale']",bungalow house sale,3,House,"Hepali Height, Kathmandu",60300000.0
House for Sale,"['house', 'sale']",house sale,2,House,"Imadol, Lalitpur",16500000.0
4 BHK House for Sale,"['bhk', 'house', 'sale']",bhk house sale,3,House,"Imadol, Lalitpur",22500000.0
 House for Sale,"['house', 'sale']",house sale,2,House,"Hepali Height, Kathmandu",33000000.0
Bungalow House for Sale,"['bungalow', 'house', 'sale']",bungalow house sale,3,House,"Mandikhatar, Kathmandu",75000000.0
 House for Sale,"['house', 'sale']",house sale,2,House,"Imadol, Lalitpur",27500000.0
 House for Sale,"['house', 'sale']",house sale,2,House,"Bojepokhari, Lalitpur",28500000.0
Semi Furnished House for Sale,"['semi', 'furnished', 'house', 'sale']",semi furnished house sale,4,House,"Hattigaunda, Kathmandu",31500000.0
 House for Sale,"['house', 'sale']",house sale,2,House,"Tikathali, Lalitpur",27500000.0
 House for Sale,"['house', 'sale']",house sale,2,House,"Imadol, Lalitpur",23500000.0
 House for Sale,"['house', 'sale']",house sale,2,House,"Thaiba, Lalitpur",29000000.0
 House for Sale,"['house', 'sale']",house sale,2,House,"Tikathali, Lalitpur",25500000.0
3 BHK House for Sale,"['bhk', 'house', 'sale']",bhk house sale,3,House,"Imadol, Lalitpur",32500000.0
4 BHK House for Sale,"['bhk', 'house', 'sale']",bhk house sale,3,House,"Imadol, Lalitpur",24500000.0
 House for Sale ,"['house', 'sale']",house sale,2,House,"Lasuntar, Kathmandu",25000000.0
 House for Rent,"['house', 'rent']",house rent,2,House,"Dhapakhel, Lalitpur",38800000.0
 House for Sale,"['house', 'sale']",house sale,2,House,"Khumaltar, Lalitpur",45000000.0
4 BHK House for Sale,"['bhk', 'house', 'sale']",bhk house sale,3,House,"Imadol, Lalitpur",24000000.0
4 BHK House for Sale,"['bhk', 'house', 'sale']",bhk house sale,3,House,"Imadol, Lalitpur",23000000.0
4 BHK House for Sale,"['bhk', 'house', 'sale']",bhk house sale,3,House,"Imadol, Lalitpur",26500000.0
 House for Sale,"['house', 'sale']",house sale,2,House,"Tikathali, Lalitpur",32000000.0
3 BHK House for Sale,"['bhk', 'house', 'sale']",bhk house sale,3,House,"Imadol, Lalitpur",29000000.0
 House for Sale,"['house', 'sale']",house sale,2,House,"Imadol, Lalitpur",34000000.0
4 BHK House for Sale,"['bhk', 'house', 'sale']",bhk house sale,3,House,"Nakkhu, Lalitpur",27500000.0
 House for Sale,"['house', 'sale']",house sale,2,House,"Sanagaun, Lalitpur",16000000.0
Duplex House for Sale,"['duplex', 'house', 'sale']",duplex house sale,3,House,"Samakhushi chowk, Kathmandu",35500000.0
 House for Sale,"['house', 'sale']",house sale,2,House,"Lubhu, Lalitpur",59000000.0
4 BHK House for Rent,"['bhk', 'house', 'rent']",bhk house rent,3,House,"Bhaisepati, Lalitpur",28500000.0
 House for Sale,"['house', 'sale']",house sale,2,House,"Taukhel, Lalitpur",27500000.0
 House for Sale,"['house', 'sale']",house sale,2,House,"Sundarbasti, Kathmandu",39000000.0
4 BHK House for Sale,"['bhk', 'house', 'sale']",bhk house sale,3,House,"Narayanthan , Kathmandu",42500000.0
 House for Sale,"['house', 'sale']",house sale,2,House,"Katunje, Bhaktapur",34000000.0
Bungalow House for Sale,"['bungalow', 'house', 'sale']",bungalow house sale,3,House,"Dhapasi, Kathmandu",47500000.0
 House for Sale,"['house', 'sale']",house sale,2,House,"Sundarbasti, Kathmandu",34500000.0
 House for Sale,"['house', 'sale']",house sale,2,House,"Nayapati, Kathmandu",29000000.0
 House for Rent,"['house', 'rent']",house rent,2,House,"Satdobato, Lalitpur",15000000.0
 House for Sale,"['house', 'sale']",house sale,2,House,"Nakhipot, Lalitpur",42500000.0
 House for Sale,"['house', 'sale']",house sale,2,House,"Khumaltar, Lalitpur",42000000.0
 House for Rent,"['house', 'rent']",house rent,2,House,"Basundhara, Kathmandu",27500000.0
 House for Sale,"['house', 'sale']",house sale,2,House,"Jyotinagar, Kathmandu",29500000.0
 House for Sale,"['house', 'sale']",house sale,2,House,"Kuleshwor, Kathmandu",45000000.0
4 BHK House for Rent,"['bhk', 'house', 'rent']",bhk house rent,3,House,"Bansbari, Kathmandu",21000000.0
 House for Sale,"['house', 'sale']",house sale,2,House,"Khumaltar, Lalitpur",39000000.0
4 BHK House for Rent,"['bhk', 'house', 'rent']",bhk house rent,3,House,"Bhaisepati, Lalitpur",27500000.0
4 BHK House for Sale,"['bhk', 'house', 'sale']",bhk house sale,3,House,"Dhapasi, Kathmandu",46000000.0
 House for Sale,"['house', 'sale']",house sale,2,House,"Bhangal , Kathmandu",24000000.0
 House for Sale,"['house', 'sale']",house sale,2,House,"Mahadevtar, Kathmandu",60000000.0
 House for Sale,"['house', 'sale']",house sale,2,House,"Budhanilkantha, Kathmandu",38500000.0
 House for Sale,"['house', 'sale']",house sale,2,House,"Pasikot, Kathmandu",28000000.0
 House for Rent,"['house', 'rent']",house rent,2,House,"Bhaisepati, Lalitpur",30000000.0
 House for Sale,"['house', 'sale']",house sale,2,House,"Imadol, Lalitpur",23000000.0
 House for Sale,"['house', 'sale']",house sale,2,House,"Satdobato, Lalitpur",26000000.0
 House for Sale,"['house', 'sale']",house sale,2,House,"Budhanilkantha, Kathmandu",25500000.0
 Commercial house for Sale,"['commercial', 'house', 'sale']",commercial house sale,3,House,"Banasthali, Kathmandu",50000000.0
 House for Sale,"['house', 'sale']",house sale,2,House,"Hattigaunda, Kathmandu",33000000.0
 House for Sale,"['house', 'sale']",house sale,2,House,"Phutung, Kathmandu",16000000.0
 House for Sale,"['house', 'sale']",house sale,2,House,"Gurjudhara, Kathmandu",32500000.0
Bungalow House for Sale,"['bungalow', 'house', 'sale']",bungalow house sale,3,House,"Pasikot, Kathmandu",39000000.0
 House for Sale,"['house', 'sale']",house sale,2,House,"Balkumari, Lalitpur",55000000.0
Bungalow House for Sale,"['bungalow', 'house', 'sale']",bungalow house sale,3,House,"Bhaisepati, Lalitpur",42500000.0
Bungalow House for Sale,"['bungalow', 'house', 'sale']",bungalow house sale,3,House,"Sitapaila, Kathmandu",35000000.0
Bungalow House for Sale,"['bungalow', 'house', 'sale']",bungalow house sale,3,House,"Balkhu, Kathmandu",37000000.0
 Commercial house on sale,"['commercial', 'house', 'sale']",commercial house sale,3,House,"Chandol, Kathmandu",72500000.0
 House for Sale,"['house', 'sale']",house sale,2,House,"Tikathali, Lalitpur",28500000.0
 House for Sale,"['house', 'sale']",house sale,2,House,"Imadol, Lalitpur",36500000.0
 Duplex House for Sale,"['duplex', 'house', 'sale']",duplex house sale,3,House,"Grande Hospital, Kathmandu",33000000.0
Bungalow House for Sale,"['bungalow', 'house', 'sale']",bungalow house sale,3,House,"Hattigaunda, Kathmandu",62500000.0
 House for Sale,"['house', 'sale']",house sale,2,House,"Hattigaunda, Kathmandu",75000000.0
3 BHK House for Sale,"['bhk', 'house', 'sale']",bhk house sale,3,House,"Imadol, Lalitpur",35000000.0
 House for Sale,"['house', 'sale']",house sale,2,House,"Gwarko, Lalitpur",23500000.0
4 BHK House for Sale,"['bhk', 'house', 'sale']",bhk house sale,3,House,"Gwarko, Lalitpur",29500000.0
 House for Sale,"['house', 'sale']",house sale,2,House,"Budhanilkantha, Kathmandu",46500000.0
 House for Sale,"['house', 'sale']",house sale,2,House,"Budhanilkantha, Kathmandu",31500000.0
 House for Sale in land price,"['house', 'sale', 'land', 'price']",house sale land price,4,House,"Uttardhoka, Kathmandu",15000000.0
House for Sale,"['house', 'sale']",house sale,2,House,"Budhanilkantha, Kathmandu",22500000.0
 House for Sale,"['house', 'sale']",house sale,2,House,"Imadol, Lalitpur",19000000.0
4 BHK House for Sale,"['bhk', 'house', 'sale']",bhk house sale,3,House,"Satdobato, Lalitpur",31000000.0
4 BHK House for Sale,"['bhk', 'house', 'sale']",bhk house sale,3,House,"Bhaisepati, Lalitpur",43500000.0
 House for Sale,"['house', 'sale']",house sale,2,House,"Gwarko, Lalitpur",22000000.0
 House for Sale,"['house', 'sale']",house sale,2,House,"Sitapaila, Kathmandu",55000000.0
 House for Sale,"['house', 'sale']",house sale,2,House,"Gongabu, Kathmandu",60000000.0
 House for Sale,"['house', 'sale']",house sale,2,House,"Imadol, Lalitpur",28000000.0
 House for Sale,"['house', 'sale']",house sale,2,House,"Ochu Height, Lalitpur",27500000.0
 House for Sale,"['house', 'sale']",house sale,2,House,"Gwarko, Lalitpur",29500000.0
 House for Sale,"['house', 'sale']",house sale,2,House,"Lubhu, Lalitpur",19500000.0
 House for Sale,"['house', 'sale']",house sale,2,House,"Lalitpur, Lalitpur",27000000.0
 House for Sale,"['house', 'sale']",house sale,2,House,"Bhaisepati, Lalitpur",45000000.0
4 BHK House for Sale,"['bhk', 'house', 'sale']",bhk house sale,3,House,"Dhapasi, Kathmandu",22500000.0
Bungalow House for Sale,"['bungalow', 'house', 'sale']",bungalow house sale,3,House,"Golfutar, Kathmandu",26000000.0
House for Sale,"['house', 'sale']",house sale,2,House,"Dadhikot, Bhaktapur",33000000.0
3 BHK House for Sale,"['bhk', 'house', 'sale']",bhk house sale,3,House,"Harisiddhi, Lalitpur",27000000.0
 House for Sale,"['house', 'sale']",house sale,2,House,"Imadol, Lalitpur",22500000.0
 House for Sale,"['house', 'sale']",house sale,2,House,"Mulpani, Kathmandu",16000000.0
 House for Sale,"['house', 'sale']",house sale,2,House,"Bafal, Kathmandu",47000000.0
 House for Sale,"['house', 'sale']",house sale,2,House,"Sanepa, Lalitpur",90000000.0
 House for Sale,"['house', 'sale']",house sale,2,House,"Khumaltar, Lalitpur",65000000.0
 House for Sale,"['house', 'sale']",house sale,2,House,"Sitapaila, Kathmandu",23000000.0
 House for Sale,"['house', 'sale']",house sale,2,House,"Lainchaur, Kathmandu",35000000.0
 House for Sale,"['house', 'sale']",house sale,2,House,"Greenhill City, Kathmandu",27000000.0
Villa House for Sale,"['villa', 'house', 'sale']",villa house sale,3,House,"Sunakothi, Lalitpur",85000000.0
Villa House for Sale,"['villa', 'house', 'sale']",villa house sale,3,House,"Hattiban, Lalitpur",70000000.0
 House for Sale,"['house', 'sale']",house sale,2,House,"Hattiban, Lalitpur",35000000.0
 Commercial House for Sale,"['commercial', 'house', 'sale']",commercial house sale,3,House,"Kamalpokhari, Kathmandu",180000000.0
 Flat system house for Sale,"['flat', 'system', 'house', 'sale']",flat system house sale,4,House,"Lolang, Kathmandu",18000000.0
 House for Sale,"['house', 'sale']",house sale,2,House,"Dhapakhel, Lalitpur",25000000.0
 House for Sale,"['house', 'sale']",house sale,2,House,"Shantinagar, Kathmandu",45000000.0
Bungalow House for Sale,"['bungalow', 'house', 'sale']",bungalow house sale,3,House,"Dakshindhoka, Kathmandu",26000000.0
 House for Sale,"['house', 'sale']",house sale,2,House,"Budhanilkantha, Kathmandu",34500000.0
 House for Sale,"['house', 'sale']",house sale,2,House,"Budhanilkantha, Kathmandu",37500000.0
 House for Sale,"['house', 'sale']",house sale,2,House,"Mhaipi, Kathmandu",42500000.0
 House for Sale,"['house', 'sale']",house sale,2,House,"Dadhikot, Bhaktapur",30000000.0
 House for Sale,"['house', 'sale']",house sale,2,House,"Mandikhatar, Kathmandu",65000000.0
 House for Sale,"['house', 'sale']",house sale,2,House,"Pasikot, Kathmandu",30000000.0
 House for Sale,"['house', 'sale']",house sale,2,House,"Lolang, Kathmandu",17500000.0
 House for Sale,"['house', 'sale']",house sale,2,House,"Satungal, Kathmandu",29500000.0
 House for Sale,"['house', 'sale']",house sale,2,House,"Dhapakhel, Lalitpur",43000000.0
 House for Sale,"['house', 'sale']",house sale,2,House,"Imadol, Lalitpur",45000000.0
 House for Sale,"['house', 'sale']",house sale,2,House,"Imadol, Lalitpur",26500000.0
Bungalow House for Sale,"['bungalow', 'house', 'sale']",bungalow house sale,3,House,"Greenland Chowk, Kathmandu",37500000.0
Bungalow House for Sale,"['bungalow', 'house', 'sale']",bungalow house sale,3,House,"Bhaisepati, Lalitpur",150000000.0
 Modern house for Sale,"['modern', 'house', 'sale']",modern house sale,3,House,"Italitar, Kathmandu",105000000.0
4 BHK House for Sale,"['bhk', 'house', 'sale']",bhk house sale,3,House,"Tikathali, Lalitpur",25500000.0
 House for Sale,"['house', 'sale']",house sale,2,House,"Sanagaun, Lalitpur",22500000.0
5 BHK house for Sale at Balkumari,"['bhk', 'house', 'sale', 'balkumari']",bhk house sale balkumari,4,House,"Balkumari, Lalitpur",105000000.0
4 BHK House for Sale,"['bhk', 'house', 'sale']",bhk house sale,3,House,"Maharajgunj, Kathmandu",125000000.0
 House for Sale,"['house', 'sale']",house sale,2,House,"Deuwa Chowk, Kathmandu",60000000.0
 House for Sale,"['house', 'sale']",house sale,2,House,"Kageshwori, Kathmandu",16500000.0
 House for Sale,"['house', 'sale']",house sale,2,House,"Budhanilkantha, Kathmandu",33500000.0
 House for Sale in Suryadarshan Height,"['house', 'sale', 'suryadarshan', 'height']",house sale suryadarshan height,4,House,"SuryadaRs.han Height, Kathmandu",35000000.0
 House for Sale,"['house', 'sale']",house sale,2,House,"Wasik, Kathmandu",27500000.0
 House for Sale,"['house', 'sale']",house sale,2,House,"Bojepokhari, Lalitpur",22500000.0
4 BHK House for Sale,"['bhk', 'house', 'sale']",bhk house sale,3,House,"Sanagaun, Lalitpur",28000000.0
 House for Sale,"['house', 'sale']",house sale,2,House,"Imadol, Lalitpur",26000000.0
4 BHK House for Sale,"['bhk', 'house', 'sale']",bhk house sale,3,House,"Imadol, Lalitpur",28000000.0
 House for Sale,"['house', 'sale']",house sale,2,House,"Old Baneshwor, Kathmandu",29000000.0
4 BHK House for Sale,"['bhk', 'house', 'sale']",bhk house sale,3,House,"Deuwa chowk, Kathmandu",65000000.0
 Flat system house for Sale,"['flat', 'system', 'house', 'sale']",flat system house sale,4,House,"Thamel, Kathmandu",23000000.0
Bungalow House for Sale,"['bungalow', 'house', 'sale']",bungalow house sale,3,House,"Budhanilkantha, Kathmandu",57500000.0
 House for Sale,"['house', 'sale']",house sale,2,House,"Sitapaila, Kathmandu",50000000.0
 House for Sale in land price ,"['house', 'sale', 'land', 'price']",house sale land price,4,House,"Mid Baneshwor, Kathmandu",17500000.0
House on sale at Budhanilkantha ,"['house', 'sale', 'budhanilkantha']",house sale budhanilkantha,3,House,"Narayanthan , Kathmandu",55000000.0
 House for Sale,"['house', 'sale']",house sale,2,House,"Hepali Height, Kathmandu",46500000.0
 House for Sale,"['house', 'sale']",house sale,2,House,"Sanepa, Lalitpur",35000000.0
 Flat system House for Sale,"['flat', 'system', 'house', 'sale']",flat system house sale,4,House,"Old Baneshwor, Kathmandu",28000000.0
 House for Sale,"['house', 'sale']",house sale,2,House,"Baluwatar, Kathmandu",76000000.0
Bungalow House for Sale,"['bungalow', 'house', 'sale']",bungalow house sale,3,House,"Manamaiju, Kathmandu",73500000.0
Newly built house on sale ,"['newly', 'built', 'house', 'sale']",newly built house sale,4,House,"Greenhill City, Kathmandu",23000000.0
Bungalow  for Sale,"['bungalow', 'sale']",bungalow sale,2,House,"Budhanilkantha, Kathmandu",39000000.0
 House for Sale,"['house', 'sale']",house sale,2,House,"Sainbu, Lalitpur",35000000.0
 House for Sale,"['house', 'sale']",house sale,2,House,"Thali, Kathmandu",16000000.0
Bungalow House for Sale,"['bungalow', 'house', 'sale']",bungalow house sale,3,House,"Balkot, Bhaktapur",28000000.0
 House for Sale,"['house', 'sale']",house sale,2,House,"Pasikot, Kathmandu",22500000.0
4 BHK House for Sale,"['bhk', 'house', 'sale']",bhk house sale,3,House,"Bhaisepati, Lalitpur",29000000.0
 House for Sale,"['house', 'sale']",house sale,2,House,"Jyotinagar, Kathmandu",26500000.0
Flat system house for sale in land price at Bagdurbar,"['flat', 'system', 'house', 'sale', 'land', 'price', 'bagdurbar']",flat system house sale land price bagdurbar,7,House,"Bagdurbar, Kathmandu",30000000.0
 House for Sale in Pepsicola ,"['house', 'sale', 'pepsicola']",house sale pepsicola,3,House,"Pepsicola, Kathmandu",55500000.0
House for Sale in Babarmahal,"['house', 'sale', 'babarmahal']",house sale babarmahal,3,House,"Bijulibajar, Kathmandu",85000000.0
 House for Sale,"['house', 'sale']",house sale,2,House,"Sundarbasti, Kathmandu",33800000.0
 House for Sale,"['house', 'sale']",house sale,2,House,"Pepsicola, Kathmandu",29000000.0
 House for Sale,"['house', 'sale']",house sale,2,House,"Harisiddhi, Lalitpur",26000000.0
 House for Sale,"['house', 'sale']",house sale,2,House,"Ghattekulo, Kathmandu",32500000.0
 House for Sale,"['house', 'sale']",house sale,2,House,"Bhangal , Kathmandu",45000000.0
4 BHK House for Sale,"['bhk', 'house', 'sale']",bhk house sale,3,House,"Nakhudole, Lalitpur",15500000.0
 House for Sale,"['house', 'sale']",house sale,2,House,"Baluwakhani, Kathmandu",27500000.0
4 BHK House for Sale,"['bhk', 'house', 'sale']",bhk house sale,3,House,"Lele, Lalitpur",73000000.0
4 BHK House for Sale,"['bhk', 'house', 'sale']",bhk house sale,3,House,"Syuchatar, Kathmandu",25000000.0
 House for Sale,"['house', 'sale']",house sale,2,House,"Kapan, Kathmandu",32000000.0
Commercial flat system House for Sale,"['commercial', 'flat', 'system', 'house', 'sale']",commercial flat system house sale,5,House,"Khusibu Town Planning, Kathmandu",39000000.0
 House for Sale,"['house', 'sale']",house sale,2,House,"Imadol, Lalitpur",60000000.0
 House for Sale,"['house', 'sale']",house sale,2,House,"Nakhipot, Lalitpur",46000000.0
 House for Sale,"['house', 'sale']",house sale,2,House,"Sitapaila, Kathmandu",49500000.0
House on sale,"['house', 'sale']",house sale,2,House,"Pasikot, Kathmandu",28000000.0
House for Sale,"['house', 'sale']",house sale,2,House,"Imadol, Lalitpur",21500000.0
4 BHK House for Sale,"['bhk', 'house', 'sale']",bhk house sale,3,House,"Baluwakhani, Kathmandu",21500000.0
House for Sale,"['house', 'sale']",house sale,2,House,"Sampang Chowk, Lalitpur",38000000.0
House for Sale,"['house', 'sale']",house sale,2,House,"Balambu, Kathmandu",27500000.0
House on sale ,"['house', 'sale']",house sale,2,House,"Ganesh Chowk, Kathmandu",58000000.0
4 BHK House for Sale,"['bhk', 'house', 'sale']",bhk house sale,3,House,"Makalbari, Kathmandu",27500000.0
4 BHK House for Sale,"['bhk', 'house', 'sale']",bhk house sale,3,House,"Thaiba, Lalitpur",50000000.0
House for Sale,"['house', 'sale']",house sale,2,House,"Icimod, Lalitpur",39000000.0
Beautiful House for Sale,"['beautiful', 'house', 'sale']",beautiful house sale,3,House,"Imadol, Lalitpur",42500000.0
4 BHK House for Sale,"['bhk', 'house', 'sale']",bhk house sale,3,House,"Tahachal, Kathmandu",56500000.0
 House for Sale,"['house', 'sale']",house sale,2,House,"Lasuntar, Kathmandu",31000000.0
Attractive house on sale ,"['attractive', 'house', 'sale']",attractive house sale,3,House,"Imadol, Lalitpur",22500000.0
4 BHK House for Sale,"['bhk', 'house', 'sale']",bhk house sale,3,House,"Imadol, Lalitpur",45000000.0
5 BHK House for Sale,"['bhk', 'house', 'sale']",bhk house sale,3,House,"Lubhu, Lalitpur",22000000.0
Under construction  House for Sale,"['construction', 'house', 'sale']",construction house sale,3,House,"Thecho, Lalitpur",85000000.0
4 BHK House for Sale,"['bhk', 'house', 'sale']",bhk house sale,3,House,"Nakhipot, Lalitpur",20000000.0
Beautiful House for Sale,"['beautiful', 'house', 'sale']",beautiful house sale,3,House,"Naxal, Kathmandu",55000000.0
Villa House for Sale,"['villa', 'house', 'sale']",villa house sale,3,House,"Dhaksi, Kathmandu",36000000.0
4 BHK House for Sale,"['bhk', 'house', 'sale']",bhk house sale,3,House,"Bafal, Kathmandu",37000000.0
6 BHK House for Sale,"['bhk', 'house', 'sale']",bhk house sale,3,House,"Banasthali, Kathmandu",34000000.0
4 BHK House for Sale,"['bhk', 'house', 'sale']",bhk house sale,3,House,"Budhanilkantha, Kathmandu",57500000.0
Bungalow House for Sale,"['bungalow', 'house', 'sale']",bungalow house sale,3,House,"Chundevi, Kathmandu",67500000.0
Villa House for Sale,"['villa', 'house', 'sale']",villa house sale,3,House,"Chabahil, Kathmandu",120000000.0
6 BHK House for Sale,"['bhk', 'house', 'sale']",bhk house sale,3,House,"Thankot, Kathmandu",22000000.0
5 BHK House for Sale,"['bhk', 'house', 'sale']",bhk house sale,3,House,"Sampang Chowk, Lalitpur",23000000.0
Single Storey House for Sale,"['single', 'storey', 'house', 'sale']",single storey house sale,4,House,"Danchhi, Kathmandu",15000000.0
House for Sale in New Baneswor ,"['house', 'sale', 'new', 'baneswor']",house sale new baneswor,4,House,"New Baneshwor, Kathmandu",16800000.0
House on sale at Kadaghari,"['house', 'sale', 'kadaghari']",house sale kadaghari,3,House,"Kadaghari, Kathmandu",17300000.0
4BHK  Bungalow for SALE ,"['4bhk', 'bungalow', 'sale']",4bhk bungalow sale,3,House,"Hattigaunda, Kathmandu",77000000.0
Villa House for Sale,"['villa', 'house', 'sale']",villa house sale,3,House,"Mahadevsthan, Kathmandu",22000000.0
5 BHK House for Sale,"['bhk', 'house', 'sale']",bhk house sale,3,House,"Pasikot, Kathmandu",31000000.0
Brand new House for Sale,"['brand', 'new', 'house', 'sale']",brand new house sale,4,House,"Pasikot, Kathmandu",29900000.000000004
"Amazing Bungalow for Sale , Bhaisepati ","['amazing', 'bungalow', 'sale', 'bhaisepati']",amazing bungalow sale bhaisepati,4,House,"Bhaisepati, Lalitpur",135000000.0
Beautiful House for Sale,"['beautiful', 'house', 'sale']",beautiful house sale,3,House,"Gothatar, Kathmandu",21000000.0
2 BHK House for Sale,"['bhk', 'house', 'sale']",bhk house sale,3,House,"Dharmasthali, Kathmandu",13000000.0
House for Sale,"['house', 'sale']",house sale,2,House,"Dulal Gaun, Kathmandu",18500000.0
Single storied House for Sale,"['single', 'storied', 'house', 'sale']",single storied house sale,4,House,"Narayanthan , Kathmandu",17000000.0
2 BHK House for Sale,"['bhk', 'house', 'sale']",bhk house sale,3,House,"Kalanki, Kathmandu",60000000.0
"House on sale at Dhalmal, Tokha","['house', 'sale', 'dhalmal', 'tokha']",house sale dhalmal tokha,4,House,"Dhalmal, Kathmandu",26500000.0
Bungalow House for Sale,"['bungalow', 'house', 'sale']",bungalow house sale,3,House,"Imadol, Lalitpur",19500000.0
House for Sale,"['house', 'sale']",house sale,2,House,"Sainbu, Lalitpur",85000000.0
Commercial House for Sale,"['commercial', 'house', 'sale']",commercial house sale,3,House,"Saraswotinagar, Kathmandu",23000000.0
 House for Sale in Land price ,"['house', 'sale', 'land', 'price']",house sale land price,4,House,"Mid Baneshwor, Kathmandu",104000000.0
5 BHK House for Sale,"['bhk', 'house', 'sale']",bhk house sale,3,House,"Thecho, Lalitpur",32500000.0
4 BHK House for Sale,"['bhk', 'house', 'sale']",bhk house sale,3,House,"Thecho, Lalitpur",26000000.0
"House on sale near Kist Hospital, Imadol","['house', 'sale', 'near', 'kist', 'hospital', 'imadol']",house sale near kist hospital imadol,6,House,"Imadol, Lalitpur",29500000.0
House for Sale,"['house', 'sale']",house sale,2,House, Lalitpur,19000000.0
"House for sale at Baluwatar, Kathmandu","['house', 'sale', 'baluwatar', 'kathmandu']",house sale baluwatar kathmandu,4,House,"Baluwatar, Kathmandu",68000000.0
House for Sale,"['house', 'sale']",house sale,2,House,"Dhapasi, Kathmandu",15500000.0
Duplex House for Sale,"['duplex', 'house', 'sale']",duplex house sale,3,House,"Tikathali, Lalitpur",22000000.0
"5 BHK house on sale at Gamcha, Bhaktapur","['bhk', 'house', 'sale', 'gamcha', 'bhaktapur']",bhk house sale gamcha bhaktapur,5,House,"Gamcha, Bhaktapur",43000000.0
6 BHK residential house for sale in Budhanilkantha,"['bhk', 'residential', 'house', 'sale', 'budhanilkantha']",bhk residential house sale budhanilkantha,5,House,"Budhanilkantha, Kathmandu",34500000.0
"House on sale at Hattidanda, Kageshwori","['house', 'sale', 'hattidanda', 'kageshwori']",house sale hattidanda kageshwori,4,House,"Hattidanda, Kathmandu",25000000.0
Residential house on sale at Sainbu ,"['residential', 'house', 'sale', 'sainbu']",residential house sale sainbu,4,House,"Sainbu, Lalitpur",36500000.0
5 BHK house on sale at Golfutar,"['bhk', 'house', 'sale', 'golfutar']",bhk house sale golfutar,4,House,"Golfutar, Kathmandu",54900000.0
"Attractive house on sale at Dhapasi, Tokha","['attractive', 'house', 'sale', 'dhapasi', 'tokha']",attractive house sale dhapasi tokha,5,House,"Dhapasi, Kathmandu",75000000.0
"House for sale in Chhauni, Kathmandu","['house', 'sale', 'chhauni', 'kathmandu']",house sale chhauni kathmandu,4,House,"Chhauni, Kathmandu",37000000.0
"Beautiful house for sale in Dhapakhel, Lalitpur","['beautiful', 'house', 'sale', 'dhapakhel', 'lalitpur']",beautiful house sale dhapakhel lalitpur,5,House,"Dhapakhel, Lalitpur",38000000.0
House on sale at Mid Baneshwor,"['house', 'sale', 'mid', 'baneshwor']",house sale mid baneshwor,4,House,"Mid Baneshwor, Kathmandu",67500000.0
"Beautiful house on sale at Cozy Homes, Lalitpur","['beautiful', 'house', 'sale', 'cozy', 'home', 'lalitpur']",beautiful house sale cozy home lalitpur,6,House,"Lalitpur, Lalitpur",31000000.0
"House on Sale at Gatthaghar, Bhaktapur-built on 2075 BS","['house', 'sale', 'gatthaghar', 'bhaktapurbuilt', '2075', 'b']",house sale gatthaghar bhaktapurbuilt 2075 b,6,House,"Gatthaghar, Bhaktapur",40000000.0
"Attractive house on sale at Hepali Height, Budhanilkantha","['attractive', 'house', 'sale', 'hepali', 'height', 'budhanilkantha']",attractive house sale hepali height budhanilkantha,6,House,"Hepali Height, Kathmandu",55000000.0
"Beautiful house for sale near Karuna Hospital, Kapan","['beautiful', 'house', 'sale', 'near', 'karuna', 'hospital', 'kapan']",beautiful house sale near karuna hospital kapan,7,House,"Kapan, Kathmandu",31000000.0
"Flat system house on sale at Thulo Bharyang, Gairigaun","['flat', 'system', 'house', 'sale', 'thulo', 'bharyang', 'gairigaun']",flat system house sale thulo bharyang gairigaun,7,House,"Thulobharyang, Kathmandu",22000000.0
"House for sale at Shanti Chowk, Nakhipot","['house', 'sale', 'shanti', 'chowk', 'nakhipot']",house sale shanti chowk nakhipot,5,House,"Nakhipot, Lalitpur",33000000.0
"House on sale at Shanti Chowk, Nakhipot","['house', 'sale', 'shanti', 'chowk', 'nakhipot']",house sale shanti chowk nakhipot,5,House,"Nakhipot, Lalitpur",29000000.0
House on sale in Satdobato,"['house', 'sale', 'satdobato']",house sale satdobato,3,House,"Satdobato, Lalitpur",52500000.0
"Beautiful 6 bhk house on sale at Imadol, Lalitpur","['beautiful', 'bhk', 'house', 'sale', 'imadol', 'lalitpur']",beautiful bhk house sale imadol lalitpur,6,House,"Imadol, Lalitpur",39900000.0
"Beautiful house for sale in Hattiban, Lalitpur","['beautiful', 'house', 'sale', 'hattiban', 'lalitpur']",beautiful house sale hattiban lalitpur,5,House,"Hattiban, Lalitpur",55000000.0
"Duplex house on sale at Imadol, Lalitpur","['duplex', 'house', 'sale', 'imadol', 'lalitpur']",duplex house sale imadol lalitpur,5,House,"Imadol, Lalitpur",27500000.0
"House on sale at Nayabasti, Boudha","['house', 'sale', 'nayabasti', 'boudha']",house sale nayabasti boudha,4,House,"Naya Basti, Kathmandu",35000000.0
Flat system house for sale in Basundhara,"['flat', 'system', 'house', 'sale', 'basundhara']",flat system house sale basundhara,5,House,"Basundhara, Kathmandu",38000000.0
House on sale at Bharatpur,"['house', 'sale', 'bharatpur']",house sale bharatpur,3,House,"Bharatpur, Chitwan",20000000.0
Residential house for sale in Sukedhara,"['residential', 'house', 'sale', 'sukedhara']",residential house sale sukedhara,4,House,"Sukedhara, Kathmandu",38500000.0
"House for sale in Kapan, Budhanilkantha","['house', 'sale', 'kapan', 'budhanilkantha']",house sale kapan budhanilkantha,4,House,"Kapan, Kathmandu",25000000.0
"Beautiful house on sale at Aakasedhara, Budhanilkantha","['beautiful', 'house', 'sale', 'aakasedhara', 'budhanilkantha']",beautiful house sale aakasedhara budhanilkantha,5,House,"Aakasedhara, Kathmandu",28000000.0
"Beautiful house on sale at Aadeshwor, Sitapaila","['beautiful', 'house', 'sale', 'aadeshwor', 'sitapaila']",beautiful house sale aadeshwor sitapaila,5,House,"Nagarjun, Kathmandu",40000000.0
Attractive villa on sale at Mandikhatar,"['attractive', 'villa', 'sale', 'mandikhatar']",attractive villa sale mandikhatar,4,House,"Mandikhatar, Kathmandu",27500000.0
"House on sale at Grande Villa, Tokha","['house', 'sale', 'grande', 'villa', 'tokha']",house sale grande villa tokha,5,House,"Grande Villa, Kathmandu",32500000.0
"House for sale in Matatirtha, Nagsthan","['house', 'sale', 'matatirtha', 'nagsthan']",house sale matatirtha nagsthan,4,House,"Matatirtha, Kathmandu",12000000.0
House for sale in Tokha Kathmandu,"['house', 'sale', 'tokha', 'kathmandu']",house sale tokha kathmandu,4,House,"Grande Hospital, Kathmandu",19000000.0
"Villa on sale at Bhaisepati, Lalitpur","['villa', 'sale', 'bhaisepati', 'lalitpur']",villa sale bhaisepati lalitpur,4,House,"Bhaisepati, Lalitpur",100000000.0
"Bungalow on sale at Ishan Colony, Budhanilkantha","['bungalow', 'sale', 'ishan', 'colony', 'budhanilkantha']",bungalow sale ishan colony budhanilkantha,5,House,"Budhanilkantha, Kathmandu",55000000.0
"House on sale in Lambagar, Tarkeshwor","['house', 'sale', 'lambagar', 'tarkeshwor']",house sale lambagar tarkeshwor,4,House,"Lambagar, Kathmandu",16000000.0
"House on sale at Swargadwari Colony, Budhanilkantha","['house', 'sale', 'swargadwari', 'colony', 'budhanilkantha']",house sale swargadwari colony budhanilkantha,5,House,"Budhanilkantha, Kathmandu",24500000.0
"Residential house on sale at Satungal, Chandragiri","['residential', 'house', 'sale', 'satungal', 'chandragiri']",residential house sale satungal chandragiri,5,House,"Satungal, Kathmandu",21000000.0
"House on sale at Kapan, Budhanilkantha ","['house', 'sale', 'kapan', 'budhanilkantha']",house sale kapan budhanilkantha,4,House,"Kapan, Kathmandu",39000000.0
"Modern House on Sale at Bhaisepati, Lalitpur","['modern', 'house', 'sale', 'bhaisepati', 'lalitpur']",modern house sale bhaisepati lalitpur,5,House,"Bhaisepati, Lalitpur",45000000.0
Beautiful house on sale at Kupondole,"['beautiful', 'house', 'sale', 'kupondole']",beautiful house sale kupondole,4,House,"Kupandole, Lalitpur",100000000.0
"House for sale in Kapan, Ekatabasti","['house', 'sale', 'kapan', 'ekatabasti']",house sale kapan ekatabasti,4,House,"Ekatabasti, Kathmandu",31000000.0
House on sale at Handigaun,"['house', 'sale', 'handigaun']",house sale handigaun,3,House,"Handigaun, Kathmandu",160000000.0
"House for sale at Adeshwor Height, Nagarjun","['house', 'sale', 'adeshwor', 'height', 'nagarjun']",house sale adeshwor height nagarjun,5,House,"Sitapaila, Kathmandu",23500000.0
"House for sale in Bindhyabasini, Pokhara","['house', 'sale', 'bindhyabasini', 'pokhara']",house sale bindhyabasini pokhara,4,House,"Pokhara, Kaski",20000000.0
"House on sale behind Namaste Petrol Pump, Balkumari","['house', 'sale', 'behind', 'namaste', 'petrol', 'pump', 'balkumari']",house sale behind namaste petrol pump balkumari,7,House,"Balkumari, Lalitpur",47000000.0
"Residential house for sale near Birendra Chowk, Kadaghari","['residential', 'house', 'sale', 'near', 'birendra', 'chowk', 'kadaghari']",residential house sale near birendra chowk kadaghari,7,House,"Birendra Chowk, Kathmandu",30500000.0
"Residential house on sale at Dhaneshwor, Tokha","['residential', 'house', 'sale', 'dhaneshwor', 'tokha']",residential house sale dhaneshwor tokha,5,House,"Dhaneshwor, Kathmandu",20000000.0
Residential house for sale at Kausaltar,"['residential', 'house', 'sale', 'kausaltar']",residential house sale kausaltar,4,House,"Kaushaltar, Bhaktapur",30000000.0
"House for sale near Buddha Party Palace, Imadol","['house', 'sale', 'near', 'buddha', 'party', 'palace', 'imadol']",house sale near buddha party palace imadol,7,House,"Imadol, Lalitpur",28000000.0
"House for sale in Nakkhu, Lalitpur","['house', 'sale', 'nakkhu', 'lalitpur']",house sale nakkhu lalitpur,4,House,"Nakkhu, Lalitpur",36000000.0
House for Sale in Pokhara,"['house', 'sale', 'pokhara']",house sale pokhara,3,House,"Lakeside, Kaski",85000000.0
"Attractive house for sale at Pasikot, Budhanilkantha","['attractive', 'house', 'sale', 'pasikot', 'budhanilkantha']",attractive house sale pasikot budhanilkantha,5,House,"Pasikot, Kathmandu",28500000.0
Semi Commercial house for sale at Imadol,"['semi', 'commercial', 'house', 'sale', 'imadol']",semi commercial house sale imadol,5,House,"Imadol, Lalitpur",25000000.0
"House on sale at Tundaldevi, Baluwatar","['house', 'sale', 'tundaldevi', 'baluwatar']",house sale tundaldevi baluwatar,4,House,"Tundaldevi, Kathmandu",75000000.0
Modern house for sale in Pokhara,"['modern', 'house', 'sale', 'pokhara']",modern house sale pokhara,4,House,"Pokhara, Kaski",37500000.0
"House for sale at Prithvi Highway, Gajuri","['house', 'sale', 'prithvi', 'highway', 'gajuri']",house sale prithvi highway gajuri,5,House,"Gajuri, Dhading",17800000.0
"House on sale at Gairigaun, Thulobharyang","['house', 'sale', 'gairigaun', 'thulobharyang']",house sale gairigaun thulobharyang,4,House,"Gairi Gaun, Kathmandu",22000000.0
Semi Commercial house for sale in Shankhamul,"['semi', 'commercial', 'house', 'sale', 'shankhamul']",semi commercial house sale shankhamul,5,House,"Shankhamul, Kathmandu",45000000.0
"House on sale at Dhalmal Chowk, Tokha","['house', 'sale', 'dhalmal', 'chowk', 'tokha']",house sale dhalmal chowk tokha,5,House,"Dhalmal, Kathmandu",22000000.0
"House on sale at Sanagaun, Imadol","['house', 'sale', 'sanagaun', 'imadol']",house sale sanagaun imadol,4,House,"Sanagaun, Lalitpur",19000000.0
"House on sale at Gurjudhara, Chandragiri","['house', 'sale', 'gurjudhara', 'chandragiri']",house sale gurjudhara chandragiri,4,House,"Gurjudhara, Kathmandu",30000000.0
"Beautiful house for sale in Bansbari, Dakshinkali","['beautiful', 'house', 'sale', 'bansbari', 'dakshinkali']",beautiful house sale bansbari dakshinkali,5,House,"Bansbari, Kathmandu",10000000.0
"House for sale near Samiti Bhawan, Hattiban","['house', 'sale', 'near', 'samiti', 'bhawan', 'hattiban']",house sale near samiti bhawan hattiban,6,House,"Hattiban, Lalitpur",20000000.0
"Attractive house on sale at Aarubari, Gokarneshwor","['attractive', 'house', 'sale', 'aarubari', 'gokarneshwor']",attractive house sale aarubari gokarneshwor,5,House,"Aarubari, Kathmandu",35000000.0
"Residential house for sale on Imadol, Lalitpur","['residential', 'house', 'sale', 'imadol', 'lalitpur']",residential house sale imadol lalitpur,5,House,"Imadol, Lalitpur",24000000.0
"Residential house on sale at Tokha, Kathmandu","['residential', 'house', 'sale', 'tokha', 'kathmandu']",residential house sale tokha kathmandu,5,House,"Tokha, Kathmandu",26500000.0
Residential house is on sale at Budhanilkantha,"['residential', 'house', 'sale', 'budhanilkantha']",residential house sale budhanilkantha,4,House,"Budhanilkantha, Kathmandu",30000000.0
Brand new semi Bungalow for sale in Imadol,"['brand', 'new', 'semi', 'bungalow', 'sale', 'imadol']",brand new semi bungalow sale imadol,6,House,"Imadol, Lalitpur",26000000.0
"Flat system house on sale at Ghattekulo, Kathmandu","['flat', 'system', 'house', 'sale', 'ghattekulo', 'kathmandu']",flat system house sale ghattekulo kathmandu,6,House,"Ghattekulo, Kathmandu",37500000.0
"House for sale in Bhangal, Budanilakantha ","['house', 'sale', 'bhangal', 'budanilakantha']",house sale bhangal budanilakantha,4,House,"Bhangal , Kathmandu",40000000.0
"House on sale at Gairidhara, Lazimpat","['house', 'sale', 'gairidhara', 'lazimpat']",house sale gairidhara lazimpat,4,House,"Lazimpat, Kathmandu",40000000.0
"House on urgent sale at Rudreshwor, Budhanilkantha","['house', 'urgent', 'sale', 'rudreshwor', 'budhanilkantha']",house urgent sale rudreshwor budhanilkantha,5,House,"Rudreshwor, Kathmandu",35000000.0
"Beautiful house on Sale at Matatirtha, Chandragiri","['beautiful', 'house', 'sale', 'matatirtha', 'chandragiri']",beautiful house sale matatirtha chandragiri,5,House,"Matatirtha, Kathmandu",29000000.0
"House for sale in Tarkeshwor 6, Dharmasthali","['house', 'sale', 'tarkeshwor', 'dharmasthali']",house sale tarkeshwor dharmasthali,4,House,"Dharmasthali, Kathmandu",13000000.0
"House for Sale in Ganeshthan, Gongabu ","['house', 'sale', 'ganeshthan', 'gongabu']",house sale ganeshthan gongabu,4,House,"Gongabu, Kathmandu",35000000.0
"House on sale at Kapan, Budhanilkatha","['house', 'sale', 'kapan', 'budhanilkatha']",house sale kapan budhanilkatha,4,House,"Kapan, Kathmandu",35500000.0
"Bungalow for sale in Dhapasi, Tokha","['bungalow', 'sale', 'dhapasi', 'tokha']",bungalow sale dhapasi tokha,4,House,"Dhapasi, Kathmandu",115000000.0
"Beautiful house for sale at Hattiban, Lalitpur","['beautiful', 'house', 'sale', 'hattiban', 'lalitpur']",beautiful house sale hattiban lalitpur,5,House,"Hattiban, Lalitpur",55000000.0
"House on sale at Naxal, Kathmandu","['house', 'sale', 'naxal', 'kathmandu']",house sale naxal kathmandu,4,House,"Naxal, Kathmandu",140000000.0
"Residential House on sale at Lalitpur, Imadol","['residential', 'house', 'sale', 'lalitpur', 'imadol']",residential house sale lalitpur imadol,5,House,"Imadol, Lalitpur",36000000.0
"Residential house on sale at Goldhunga, Tarakeshwor","['residential', 'house', 'sale', 'goldhunga', 'tarakeshwor']",residential house sale goldhunga tarakeshwor,5,House,"Goldhunga, Kathmandu",12000000.0
"House on sale at Sundarbasti, Lubhu","['house', 'sale', 'sundarbasti', 'lubhu']",house sale sundarbasti lubhu,4,House,"Lubhu, Lalitpur",17000000.0
"House on sale at Thaiba, Godawari","['house', 'sale', 'thaiba', 'godawari']",house sale thaiba godawari,4,House,"Thaiba, Lalitpur",28500000.0
Bungalow for sale,"['bungalow', 'sale']",bungalow sale,2,House,"Hattiban, Lalitpur",65000000.0
4 BHK Semi Furnished house for sale in Bhaisepati,"['bhk', 'semi', 'furnished', 'house', 'sale', 'bhaisepati']",bhk semi furnished house sale bhaisepati,6,House,"Bhaisepati, Lalitpur",59000000.0
Newly built house for sale in Budhanilkantha,"['newly', 'built', 'house', 'sale', 'budhanilkantha']",newly built house sale budhanilkantha,5,House,"Budhanilkantha, Kathmandu",36500000.0
"Brand new house for sale in Nayabazar, Kirtipur","['brand', 'new', 'house', 'sale', 'nayabazar', 'kirtipur']",brand new house sale nayabazar kirtipur,6,House,"Nayabazar, Kathmandu",27500000.0
"House on sale at Chardhara, Kirtipur","['house', 'sale', 'chardhara', 'kirtipur']",house sale chardhara kirtipur,4,House,"Chardhara, Kathmandu",16000000.0
"House on sale at Nagaun, Kirtipur","['house', 'sale', 'nagaun', 'kirtipur']",house sale nagaun kirtipur,4,House,"Nagaun, Kathmandu",25000000.0
"House on sale in Sankata Homes, Nagarjun","['house', 'sale', 'sankata', 'home', 'nagarjun']",house sale sankata home nagarjun,5,House,"Nagarjun, Kathmandu",38700000.0
"Newly built house on sale in Shree Tole, Tokha","['newly', 'built', 'house', 'sale', 'shree', 'tole', 'tokha']",newly built house sale shree tole tokha,7,House,"Tokha, Kathmandu",45000000.0
House on sale in Mulpani,"['house', 'sale', 'mulpani']",house sale mulpani,3,House,"Mulpani, Kathmandu",24500000.0
"Modern House for sale at Hattigauda, Budhanilkantha","['modern', 'house', 'sale', 'hattigauda', 'budhanilkantha']",modern house sale hattigauda budhanilkantha,5,House,"Hattigaunda, Kathmandu",30000000.0
"Residential house on sale at Kalopul, Kathmandu","['residential', 'house', 'sale', 'kalopul', 'kathmandu']",residential house sale kalopul kathmandu,5,House,"Kalopool, Kathmandu",22000000.0
"Attractive house on sale at Sitapaila, Nagarjun","['attractive', 'house', 'sale', 'sitapaila', 'nagarjun']",attractive house sale sitapaila nagarjun,5,House,"Sitapaila, Kathmandu",26500000.0
Brand new house for sale in Kapan,"['brand', 'new', 'house', 'sale', 'kapan']",brand new house sale kapan,5,House,"Kapan, Kathmandu",16500000.0
"Beautiful 7 bhk house on sale at Bhaisepati, Lalitpur","['beautiful', 'bhk', 'house', 'sale', 'bhaisepati', 'lalitpur']",beautiful bhk house sale bhaisepati lalitpur,6,House,"Bhaisepati, Lalitpur",36000000.0
"Residential house for sale at Pasikot, Budhanilkantha","['residential', 'house', 'sale', 'pasikot', 'budhanilkantha']",residential house sale pasikot budhanilkantha,5,House,"Pasikot, Kathmandu",23000000.0
"Residential house for sale at Kapan, Chunikhel","['residential', 'house', 'sale', 'kapan', 'chunikhel']",residential house sale kapan chunikhel,5,House,"Chunikhel, Kathmandu",16000000.0
"Beautiful house on sale at Naikap, Chandragiri","['beautiful', 'house', 'sale', 'naikap', 'chandragiri']",beautiful house sale naikap chandragiri,5,House,"Naikap, Kathmandu",47500000.0
"House on sale at Thulobharyang, Nagarjun","['house', 'sale', 'thulobharyang', 'nagarjun']",house sale thulobharyang nagarjun,4,House,"Thulobharyang, Kathmandu",29000000.0
"Residential house for sale in Khusibu, Kathmandu","['residential', 'house', 'sale', 'khusibu', 'kathmandu']",residential house sale khusibu kathmandu,5,House,"Khusibu, Kathmandu",34000000.0
"2.5 Story Beautiful House Behind GreenHill CIty VIP Housing in Narayantar, Shiva Chowk on Sale","['25', 'story', 'beautiful', 'house', 'behind', 'greenhill', 'city', 'vip', 'housing', 'narayantar', 'shiva', 'chowk', 'sale']",25 story beautiful house behind greenhill city vip housing narayantar shiva chowk sale,13,House,"Narayantar, Kathmandu",24500000.0
"Attractive houses on sale at Thulo Bharyang, Swoyambhu","['attractive', 'house', 'sale', 'thulo', 'bharyang', 'swoyambhu']",attractive house sale thulo bharyang swoyambhu,6,House,"Thulobharyang, Kathmandu",140000000.0
"House on sale at Italitar, Budhanilkantha","['house', 'sale', 'italitar', 'budhanilkantha']",house sale italitar budhanilkantha,4,House,"Italitar, Kathmandu",100000000.0
"House on sale at Bafal, Nagarjun","['house', 'sale', 'bafal', 'nagarjun']",house sale bafal nagarjun,4,House,"Bafal, Kathmandu",37500000.0
Furnished house for sale in Khumaltar,"['furnished', 'house', 'sale', 'khumaltar']",furnished house sale khumaltar,4,House,"Khumaltar, Lalitpur",42500000.0
"House on sale at Nayabasti, Imadol ","['house', 'sale', 'nayabasti', 'imadol']",house sale nayabasti imadol,4,House,"Imadol, Lalitpur",21500000.0
"Attractive 5 BHK house for sale at Imadol, Lalitpur","['attractive', 'bhk', 'house', 'sale', 'imadol', 'lalitpur']",attractive bhk house sale imadol lalitpur,6,House,"Imadol, Lalitpur",37500000.0
"Residential 7 BHK house on sale at Imadol, Lalitpur","['residential', 'bhk', 'house', 'sale', 'imadol', 'lalitpur']",residential bhk house sale imadol lalitpur,6,House,"Gwarko, Lalitpur",47500000.0
"Beautiful house on sale at Kamalpokhari, Imadol","['beautiful', 'house', 'sale', 'kamalpokhari', 'imadol']",beautiful house sale kamalpokhari imadol,5,House,"Imadol, Lalitpur",23500000.0
Semi Commercial house for sale in Koteshwor,"['semi', 'commercial', 'house', 'sale', 'koteshwor']",semi commercial house sale koteshwor,5,House,"Koteshwor, Kathmandu",47000000.0
"Residential house on sale at Bafal, Kathmandu","['residential', 'house', 'sale', 'bafal', 'kathmandu']",residential house sale bafal kathmandu,5,House,"Bafal, Kathmandu",90000000.0
"Residential house on sale at Nepaltar, Tarakeshwor","['residential', 'house', 'sale', 'nepaltar', 'tarakeshwor']",residential house sale nepaltar tarakeshwor,5,House,"Nepaltar, Kathmandu",22400000.000000004
Beautiful house on sale at Kapan,"['beautiful', 'house', 'sale', 'kapan']",beautiful house sale kapan,4,House,"Kapan, Kathmandu",26500000.0
"House for sale near API School, Dhapasi","['house', 'sale', 'near', 'api', 'school', 'dhapasi']",house sale near api school dhapasi,6,House,"Dhapasi, Kathmandu",39900000.0
Newly constructed house on sale at Kuleshwor,"['newly', 'constructed', 'house', 'sale', 'kuleshwor']",newly constructed house sale kuleshwor,5,House,"Kuleshwor, Kathmandu",33500000.0
"Brand new House on sale at Sano Thimi, Bhaktapur","['brand', 'new', 'house', 'sale', 'sano', 'thimi', 'bhaktapur']",brand new house sale sano thimi bhaktapur,7,House,"Sano thimi, Bhaktapur",49000000.0
Residential house for sale in Makalbari,"['residential', 'house', 'sale', 'makalbari']",residential house sale makalbari,4,House,"Makalbari, Kathmandu",37000000.0
"Attractive 5 bhk house on sale at Imadol, Lalitpur","['attractive', 'bhk', 'house', 'sale', 'imadol', 'lalitpur']",attractive bhk house sale imadol lalitpur,6,House,"Imadol, Lalitpur",27500000.0
Modern Villa for sale in Bhaisepati,"['modern', 'villa', 'sale', 'bhaisepati']",modern villa sale bhaisepati,4,House,"Bhaisepati, Lalitpur",64000000.0
"House on sale at Durbarmarg, Kathmandu","['house', 'sale', 'durbarmarg', 'kathmandu']",house sale durbarmarg kathmandu,4,House,"Durbar Marga, Kathmandu",40000000.0
"House on sale at Taulung, Budhanilkantha","['house', 'sale', 'taulung', 'budhanilkantha']",house sale taulung budhanilkantha,4,House,"Taulung, Kathmandu",40000000.0
"Residential house on sale at Phutung, Tarakeshwor","['residential', 'house', 'sale', 'phutung', 'tarakeshwor']",residential house sale phutung tarakeshwor,5,House,"Phutung, Kathmandu",29900000.000000004
Newly built house on sale at Budhanilkantha,"['newly', 'built', 'house', 'sale', 'budhanilkantha']",newly built house sale budhanilkantha,5,House,"Budhanilkantha, Kathmandu",38500000.0
Residential house for sale in Duwakot,"['residential', 'house', 'sale', 'duwakot']",residential house sale duwakot,4,House,"Duwakot, Bhaktapur",32500000.0
"Semi furnished house for sale in Narayantar, Jorpati","['semi', 'furnished', 'house', 'sale', 'narayantar', 'jorpati']",semi furnished house sale narayantar jorpati,6,House,"Narayantar, Kathmandu",37500000.0
Flat system house for sale in Imadol,"['flat', 'system', 'house', 'sale', 'imadol']",flat system house sale imadol,5,House,"Imadol, Lalitpur",25000000.0
"Residential house on sale at near Sesmati Bridge, Nepaltar","['residential', 'house', 'sale', 'near', 'sesmati', 'bridge', 'nepaltar']",residential house sale near sesmati bridge nepaltar,7,House,"Nepaltar, Kathmandu",19600000.0
Luxurious cheapest bungalow for sale at Jarankhu,"['luxurious', 'cheapest', 'bungalow', 'sale', 'jarankhu']",luxurious cheapest bungalow sale jarankhu,5,House,"Jarankhu, Kathmandu",28400000.0
"Beautiful house on sale at Sesmati, Nepaltar","['beautiful', 'house', 'sale', 'sesmati', 'nepaltar']",beautiful house sale sesmati nepaltar,5,House,"Nepaltar, Kathmandu",16200000.000000002
"Beautiful house on sale at Maitrinagar, Kirtipur","['beautiful', 'house', 'sale', 'maitrinagar', 'kirtipur']",beautiful house sale maitrinagar kirtipur,5,House,"Maitrinagar, Kathmandu",55000000.0
"Attractive bungalow on sale at Thimi, Bhaktapur ","['attractive', 'bungalow', 'sale', 'thimi', 'bhaktapur']",attractive bungalow sale thimi bhaktapur,5,House,"Thimi, Bhaktapur",50000000.0
Attractive house for sale in Imadol,"['attractive', 'house', 'sale', 'imadol']",attractive house sale imadol,4,House,"Imadol, Lalitpur",33000000.0
"Residential house for sale at Bhangal, Budhanilkantha","['residential', 'house', 'sale', 'bhangal', 'budhanilkantha']",residential house sale bhangal budhanilkantha,5,House,"Bhangal , Kathmandu",27500000.0
"Bungalow house for sale in Kharibot, Kapan","['bungalow', 'house', 'sale', 'kharibot', 'kapan']",bungalow house sale kharibot kapan,5,House,"Kharibot, Kathmandu",42500000.0
"House for sale in Dharmasthali, Tarakeshwor","['house', 'sale', 'dharmasthali', 'tarakeshwor']",house sale dharmasthali tarakeshwor,4,House,"Dharmasthali, Kathmandu",21000000.0
"4 BHK house on sale at Shital Height, Imadol","['bhk', 'house', 'sale', 'shital', 'height', 'imadol']",bhk house sale shital height imadol,6,House,"Imadol, Lalitpur",23000000.0
"5 BHK house for sale at Imadol, Lalitpur","['bhk', 'house', 'sale', 'imadol', 'lalitpur']",bhk house sale imadol lalitpur,5,House,"Imadol, Lalitpur",42500000.0
"Attractive house for sale at Setipakha, Hattiban","['attractive', 'house', 'sale', 'setipakha', 'hattiban']",attractive house sale setipakha hattiban,5,House,"Setipakha, Lalitpur",26500000.0
"Residential 4bhk house for sale at Bhaisepati, Lalitpur","['residential', '4bhk', 'house', 'sale', 'bhaisepati', 'lalitpur']",residential 4bhk house sale bhaisepati lalitpur,6,House,"Bhaisepati, Lalitpur",70000000.0
House and land for sale in Nuwakot,"['house', 'land', 'sale', 'nuwakot']",house land sale nuwakot,4,House, Nuwakot,20000000.0
"Residential house on sale at Kapan, Budhanilkantha","['residential', 'house', 'sale', 'kapan', 'budhanilkantha']",residential house sale kapan budhanilkantha,5,House,"Kapan, Kathmandu",24000000.0
"Residential house on sale at Ochu Height, Imadol","['residential', 'house', 'sale', 'ochu', 'height', 'imadol']",residential house sale ochu height imadol,6,House,"Ochu Height, Lalitpur",41000000.0
"Attractive house on sale at Thapathali, Kathmandu","['attractive', 'house', 'sale', 'thapathali', 'kathmandu']",attractive house sale thapathali kathmandu,5,House,"Thapathali, Kathmandu",44500000.0
"Beautiful house on sale at Kharibot, Kapan","['beautiful', 'house', 'sale', 'kharibot', 'kapan']",beautiful house sale kharibot kapan,5,House,"Kharibot, Kathmandu",45000000.0
"Residential house on sale at Manamaiju, Kathmandu","['residential', 'house', 'sale', 'manamaiju', 'kathmandu']",residential house sale manamaiju kathmandu,5,House,"Manamaiju, Kathmandu",27500000.0
"Beautiful house on sale at Downtown Housing, Imadol ","['beautiful', 'house', 'sale', 'downtown', 'housing', 'imadol']",beautiful house sale downtown housing imadol,6,House,"Imadol, Lalitpur",45000000.0
"Attractive house on sale at Bagaicha Colony, Budhanilkantha","['attractive', 'house', 'sale', 'bagaicha', 'colony', 'budhanilkantha']",attractive house sale bagaicha colony budhanilkantha,6,House,"Budhanilkantha, Kathmandu",68000000.0
"Newly built residential house on sale at Jyotinagar, Budhanilkantha","['newly', 'built', 'residential', 'house', 'sale', 'jyotinagar', 'budhanilkantha']",newly built residential house sale jyotinagar budhanilkantha,7,House,"Jyotinagar, Kathmandu",46500000.0
"House on sale at Hattigauda, Budhanilkantha","['house', 'sale', 'hattigauda', 'budhanilkantha']",house sale hattigauda budhanilkantha,4,House,"Hattigaunda, Kathmandu",34500000.0
"House on sale at Pokhara Hemja, Kaski","['house', 'sale', 'pokhara', 'hemja', 'kaski']",house sale pokhara hemja kaski,5,House,"Hemja, Kaski",21000000.0
"House on sale at Basundhara, Kathmandu","['house', 'sale', 'basundhara', 'kathmandu']",house sale basundhara kathmandu,4,House,"Basundhara, Kathmandu",42000000.0
"Beautiful 4 bhk house on sale at Imadol, Lalitpur","['beautiful', 'bhk', 'house', 'sale', 'imadol', 'lalitpur']",beautiful bhk house sale imadol lalitpur,6,House,"Imadol, Lalitpur",43000000.0
"Beautiful house on sale near Krishna Mandir, Imadol","['beautiful', 'house', 'sale', 'near', 'krishna', 'mandir', 'imadol']",beautiful house sale near krishna mandir imadol,7,House,"Imadol, Lalitpur",25500000.0
"5 BHK house on sale at Greenhill City, Imadol","['bhk', 'house', 'sale', 'greenhill', 'city', 'imadol']",bhk house sale greenhill city imadol,6,House,"Imadol, Lalitpur",27500000.0
"Attarctive house on sale at Harisiddhi, Lalitpur","['attarctive', 'house', 'sale', 'harisiddhi', 'lalitpur']",attarctive house sale harisiddhi lalitpur,5,House,"Harisiddhi, Lalitpur",27000000.0
"Residential house on sale at Thaiba, Lalitpur","['residential', 'house', 'sale', 'thaiba', 'lalitpur']",residential house sale thaiba lalitpur,5,House,"Thaiba, Lalitpur",24000000.0
"Beautiful house on sale at Grande, Dhapasi","['beautiful', 'house', 'sale', 'grande', 'dhapasi']",beautiful house sale grande dhapasi,5,House,"Dhapasi, Kathmandu",29000000.0
"Attractive house on sale at Chandol, Kathmadu","['attractive', 'house', 'sale', 'chandol', 'kathmadu']",attractive house sale chandol kathmadu,5,House,"Chandol, Kathmandu",36000000.0
"Beautiful house on sale at Tyanglaphat, Kirtipur","['beautiful', 'house', 'sale', 'tyanglaphat', 'kirtipur']",beautiful house sale tyanglaphat kirtipur,5,House,"Tyanglafat, Kathmandu",57000000.0
"Newly Built House for Sale at Ganesh Chowk, Budhanilkantha ","['newly', 'built', 'house', 'sale', 'ganesh', 'chowk', 'budhanilkantha']",newly built house sale ganesh chowk budhanilkantha,7,House,"Ganesh Chowk, Kathmandu",41700000.0
"Attractive house on sale at Mandikhatar, Budhanilkantha","['attractive', 'house', 'sale', 'mandikhatar', 'budhanilkantha']",attractive house sale mandikhatar budhanilkantha,5,House,"Budhanilkantha, Kathmandu",29900000.000000004
"House on urgent sale at Imadol, Lalitpur","['house', 'urgent', 'sale', 'imadol', 'lalitpur']",house urgent sale imadol lalitpur,5,House,"Imadol, Lalitpur",20000000.0
"Beautiful house on sale at Grande Villa Housing,Tokha ","['beautiful', 'house', 'sale', 'grande', 'villa', 'housingtokha']",beautiful house sale grande villa housingtokha,6,House,"Grande Hospital, Kathmandu",33000000.0
"Beautiful 6 bhk house for sale at Nakhipot, Lalitpur","['beautiful', 'bhk', 'house', 'sale', 'nakhipot', 'lalitpur']",beautiful bhk house sale nakhipot lalitpur,6,House,"Nakhipot, Lalitpur",39000000.0
"House for sale at Setipakha, Lalitpur","['house', 'sale', 'setipakha', 'lalitpur']",house sale setipakha lalitpur,4,House,"Setipakha, Lalitpur",26500000.0
House on sale or rent at Budhanilkantha ,"['house', 'sale', 'rent', 'budhanilkantha']",house sale rent budhanilkantha,4,House,"Budhanilkantha, Kathmandu",55000000.0
"8 BHK attractive house on sale at Sanagaun, Lalitpur","['bhk', 'attractive', 'house', 'sale', 'sanagaun', 'lalitpur']",bhk attractive house sale sanagaun lalitpur,6,House,"Sanagaun, Lalitpur",33500000.0
1 BHK residential house on sale at Imadol,"['bhk', 'residential', 'house', 'sale', 'imadol']",bhk residential house sale imadol,5,House,"Imadol, Lalitpur",14000000.0
"House on sale at Krishna Mandir, Imadol","['house', 'sale', 'krishna', 'mandir', 'imadol']",house sale krishna mandir imadol,5,House,"Tikathali, Lalitpur",25500000.0
"Residential house for sale near Krishna Mandir, Imadol","['residential', 'house', 'sale', 'near', 'krishna', 'mandir', 'imadol']",residential house sale near krishna mandir imadol,7,House,"Imadol, Lalitpur",32500000.0
"Beautiful house on sale at Padma Colony, Sitapaila ","['beautiful', 'house', 'sale', 'padma', 'colony', 'sitapaila']",beautiful house sale padma colony sitapaila,6,House,"Sitapaila, Kathmandu",22500000.0
7 BHK attractive house on sale at Tikathali ,"['bhk', 'attractive', 'house', 'sale', 'tikathali']",bhk attractive house sale tikathali,5,House,"Tikathali, Lalitpur",23000000.0
"Beautiful house on sale at Pasikot, Budhanilkantha","['beautiful', 'house', 'sale', 'pasikot', 'budhanilkantha']",beautiful house sale pasikot budhanilkantha,5,House,"Pasikot, Kathmandu",35000000.0
"Residential house for sale at Imadol, Lalitpur","['residential', 'house', 'sale', 'imadol', 'lalitpur']",residential house sale imadol lalitpur,5,House,"Imadol, Lalitpur",26500000.0
"Attractive house on sale at Sanagaun, Lalitpur","['attractive', 'house', 'sale', 'sanagaun', 'lalitpur']",attractive house sale sanagaun lalitpur,5,House,"Sanagaun, Lalitpur",29500000.0
"2 BHK house for sale at Tikathali, Imadol","['bhk', 'house', 'sale', 'tikathali', 'imadol']",bhk house sale tikathali imadol,5,House,"Tikathali, Lalitpur",16000000.0
"Residential house for sale in Chapali, Budhanilkantha","['residential', 'house', 'sale', 'chapali', 'budhanilkantha']",residential house sale chapali budhanilkantha,5,House,"Chapali, Kathmandu",27000000.0
"Attractive house on sale at Tikathali, Imadol","['attractive', 'house', 'sale', 'tikathali', 'imadol']",attractive house sale tikathali imadol,5,House,"Tikathali, Lalitpur",23000000.0
"Attractive house on sale at Sundarbasti, Budhanilkantha","['attractive', 'house', 'sale', 'sundarbasti', 'budhanilkantha']",attractive house sale sundarbasti budhanilkantha,5,House,"Sundarbasti, Kathmandu",38800000.0
"Beautiful house for sale at Mandhkhatar, Budhanilkantha","['beautiful', 'house', 'sale', 'mandhkhatar', 'budhanilkantha']",beautiful house sale mandhkhatar budhanilkantha,5,House,"Mandikhatar, Kathmandu",39800000.0
5 BHK house for sale at Budhanilkantha,"['bhk', 'house', 'sale', 'budhanilkantha']",bhk house sale budhanilkantha,4,House,"Budhanilkantha, Kathmandu",43500000.0
"House for sale at Syuchatar, Kalanki","['house', 'sale', 'syuchatar', 'kalanki']",house sale syuchatar kalanki,4,House,"Syuchatar, Kathmandu",23000000.0
"Residential house on sale at Syuchatar, Kalanki","['residential', 'house', 'sale', 'syuchatar', 'kalanki']",residential house sale syuchatar kalanki,5,House,"Kalanki, Kathmandu",23000000.0
Beautiful Residential house on sale in Pepsicola,"['beautiful', 'residential', 'house', 'sale', 'pepsicola']",beautiful residential house sale pepsicola,5,House,"Pepsicola, Kathmandu",34000000.0
"House on sale at Satungal, Chandragiri","['house', 'sale', 'satungal', 'chandragiri']",house sale satungal chandragiri,4,House,"Satungal, Kathmandu",15000000.0
"House on sale at Ghumti Marg, Bhimsengola, Old Baneshwor, Kathmandu","['house', 'sale', 'ghumti', 'marg', 'bhimsengola', 'old', 'baneshwor', 'kathmandu']",house sale ghumti marg bhimsengola old baneshwor kathmandu,8,House,"Baneshwor, Kathmandu",38000000.0
"Beautiful house for sale at Kapan, Budhanilkantha","['beautiful', 'house', 'sale', 'kapan', 'budhanilkantha']",beautiful house sale kapan budhanilkantha,5,House,"Kapan, Kathmandu",35000000.0
"Brand new house on sale at Mandikhatar, Budhanilkantha","['brand', 'new', 'house', 'sale', 'mandikhatar', 'budhanilkantha']",brand new house sale mandikhatar budhanilkantha,6,House,"Mandikhatar, Kathmandu",37500000.0
"Residential house for sale at Tikathali, Imadol","['residential', 'house', 'sale', 'tikathali', 'imadol']",residential house sale tikathali imadol,5,House,"Tikathali, Lalitpur",42500000.0
"Beautiful house for sale at Sital Height, Imadol","['beautiful', 'house', 'sale', 'sital', 'height', 'imadol']",beautiful house sale sital height imadol,6,House,"Imadol, Lalitpur",34500000.0
"House for sale at Sital Height, Imadol","['house', 'sale', 'sital', 'height', 'imadol']",house sale sital height imadol,5,House,"Imadol, Lalitpur",26500000.0
"Attractive house on sale at Sital Height, Imadol","['attractive', 'house', 'sale', 'sital', 'height', 'imadol']",attractive house sale sital height imadol,6,House,"Imadol, Lalitpur",31500000.0
"Beautiful house on sale at Tikathali, Mahalaxmi","['beautiful', 'house', 'sale', 'tikathali', 'mahalaxmi']",beautiful house sale tikathali mahalaxmi,5,House,"Tikathali, Lalitpur",37500000.0
"Residential house for sale at Kantipur Colony, Nakhipot","['residential', 'house', 'sale', 'kantipur', 'colony', 'nakhipot']",residential house sale kantipur colony nakhipot,6,House,"Nakhipot, Lalitpur",27000000.0
"Residential house on sale at Buddhachowk, Thulobharyang","['residential', 'house', 'sale', 'buddhachowk', 'thulobharyang']",residential house sale buddhachowk thulobharyang,5,House,"Buddha Chowk, Kathmandu",39000000.0
"House for sale at Pabitranagar, New Buspark","['house', 'sale', 'pabitranagar', 'new', 'buspark']",house sale pabitranagar new buspark,5,House,"New Buspark, Kathmandu",40000000.0
"Beautiful house on sale at Chhauni, Kathmandu","['beautiful', 'house', 'sale', 'chhauni', 'kathmandu']",beautiful house sale chhauni kathmandu,5,House,"Chhauni, Kathmandu",35000000.0
"Premium Villas on Sale at CG Hills Premium, Bhaisepati ","['premium', 'villa', 'sale', 'cg', 'hill', 'premium', 'bhaisepati']",premium villa sale cg hill premium bhaisepati,7,House,"Bhaisepati, Lalitpur",58600000.0
"Residential house on sale at Balkot, Bhaktapur","['residential', 'house', 'sale', 'balkot', 'bhaktapur']",residential house sale balkot bhaktapur,5,House,"Balkot, Bhaktapur",45000000.0
Flat system house for sale in Dhumbarahi,"['flat', 'system', 'house', 'sale', 'dhumbarahi']",flat system house sale dhumbarahi,5,House,"Dhumbarahi, Kathmandu",55000000.0
Under Construction bungalow house for sale at Bansbari,"['construction', 'bungalow', 'house', 'sale', 'bansbari']",construction bungalow house sale bansbari,5,House,"Bansbari, Kathmandu",51000000.0
"Residential house on sale at Nayabasti, Jorpati","['residential', 'house', 'sale', 'nayabasti', 'jorpati']",residential house sale nayabasti jorpati,5,House,"Naya Basti, Kathmandu",26000000.0
"House on sale at Dhapasi, Tokha","['house', 'sale', 'dhapasi', 'tokha']",house sale dhapasi tokha,4,House,"Dhapasi, Kathmandu",27000000.0
"Beautiful house on sale at Megha City, Tokha","['beautiful', 'house', 'sale', 'megha', 'city', 'tokha']",beautiful house sale megha city tokha,6,House,"Megha City, Kathmandu",12000000.0
"Residential house on sale at Sital Height, Imadol","['residential', 'house', 'sale', 'sital', 'height', 'imadol']",residential house sale sital height imadol,6,House,"Imadol, Lalitpur",38500000.0
Under Construction house for sale at Bansbari,"['construction', 'house', 'sale', 'bansbari']",construction house sale bansbari,4,House,"Bansbari, Kathmandu",52000000.0
"House on sale at Thaiba, Lalitpur","['house', 'sale', 'thaiba', 'lalitpur']",house sale thaiba lalitpur,4,House,"Thaiba, Lalitpur",26000000.0
"Residential house for sale at Greenhiil City, Imadol","['residential', 'house', 'sale', 'greenhiil', 'city', 'imadol']",residential house sale greenhiil city imadol,6,House,"Imadol, Lalitpur",31000000.0
"6 BHK house for sale at Imadol, Lalitpur","['bhk', 'house', 'sale', 'imadol', 'lalitpur']",bhk house sale imadol lalitpur,5,House,"Imadol, Lalitpur",25500000.0
"Beautiful house on sale at Bojepokhari, Imadol","['beautiful', 'house', 'sale', 'bojepokhari', 'imadol']",beautiful house sale bojepokhari imadol,5,House,"Bojepokhari, Lalitpur",28500000.0
"Commercial house on sale at Koteshwor, Kathmandu","['commercial', 'house', 'sale', 'koteshwor', 'kathmandu']",commercial house sale koteshwor kathmandu,5,House,"Koteshwor, Kathmandu",85000000.0
"Beautiful house on sale at Sunakothi, Lalitpur","['beautiful', 'house', 'sale', 'sunakothi', 'lalitpur']",beautiful house sale sunakothi lalitpur,5,House,"Sunakothi, Lalitpur",51500000.0
"Brand new house on sale at Sampang Chowk, Lalitpur","['brand', 'new', 'house', 'sale', 'sampang', 'chowk', 'lalitpur']",brand new house sale sampang chowk lalitpur,7,House,"Sampang Chowk, Lalitpur",22000000.0
"Residential house on sale at Baniyatar, Dhalmal","['residential', 'house', 'sale', 'baniyatar', 'dhalmal']",residential house sale baniyatar dhalmal,5,House,"Baniyatar, Kathmandu",27000000.0
"Beautiful house on sale near Karuna Hospital, Budhanilkantha","['beautiful', 'house', 'sale', 'near', 'karuna', 'hospital', 'budhanilkantha']",beautiful house sale near karuna hospital budhanilkantha,7,House,"Kapan, Kathmandu",29500000.0
"Residential house for sale at Budhanilkantha, Kathmandu","['residential', 'house', 'sale', 'budhanilkantha', 'kathmandu']",residential house sale budhanilkantha kathmandu,5,House,"Budhanilkantha, Kathmandu",28000000.0
Brand new bungalow for sale in Boharatar,"['brand', 'new', 'bungalow', 'sale', 'boharatar']",brand new bungalow sale boharatar,5,House,"Boharatar, Kathmandu",57500000.0
Attractive house on sale at Banasthali. Kathmandu,"['attractive', 'house', 'sale', 'banasthali', 'kathmandu']",attractive house sale banasthali kathmandu,5,House,"Banasthali, Kathmandu",35000000.0
"4 BHK house on sale at Bhaisepati, Lalitpur","['bhk', 'house', 'sale', 'bhaisepati', 'lalitpur']",bhk house sale bhaisepati lalitpur,5,House,"Bhaisepati, Lalitpur",140000000.0
"House on sale at Godawari, Lalitpur","['house', 'sale', 'godawari', 'lalitpur']",house sale godawari lalitpur,4,House,"Godawari, Lalitpur",17500000.0
Attractive house for sale at Budhanilkantha,"['attractive', 'house', 'sale', 'budhanilkantha']",attractive house sale budhanilkantha,4,House,"Budhanilkantha, Kathmandu",28800000.0
"Semi commercial house for sale behind Tennis Court, Mandikhatar","['semi', 'commercial', 'house', 'sale', 'behind', 'tennis', 'court', 'mandikhatar']",semi commercial house sale behind tennis court mandikhatar,8,House,"Mandikhatar, Kathmandu",43500000.0
Beautiful House for sale in Dhapakhel,"['beautiful', 'house', 'sale', 'dhapakhel']",beautiful house sale dhapakhel,4,House,"Dhapakhel, Lalitpur",27500000.0
"Beautiful house on sale at Syuchatar Height, Kalanki","['beautiful', 'house', 'sale', 'syuchatar', 'height', 'kalanki']",beautiful house sale syuchatar height kalanki,6,House,"Kalanki, Kathmandu",23500000.0
"Attractive house on sale at Simaltar, Boudha","['attractive', 'house', 'sale', 'simaltar', 'boudha']",attractive house sale simaltar boudha,5,House,"Bouddha, Kathmandu",25000000.0
"Beautiful house on sale at Greenland, Dhapasi","['beautiful', 'house', 'sale', 'greenland', 'dhapasi']",beautiful house sale greenland dhapasi,5,House,"Dhapasi, Kathmandu",51000000.0
"Modern house on sale at Sanepa, Lalitpur","['modern', 'house', 'sale', 'sanepa', 'lalitpur']",modern house sale sanepa lalitpur,5,House,"Sanepa, Lalitpur",63500000.0
"Bungalow for sale in Shanta Colony, Hepali Height","['bungalow', 'sale', 'shanta', 'colony', 'hepali', 'height']",bungalow sale shanta colony hepali height,6,House,"Hepali Height, Kathmandu",70000000.0
Luxurious Residential Bungalow for sale in Bhaisepati,"['luxurious', 'residential', 'bungalow', 'sale', 'bhaisepati']",luxurious residential bungalow sale bhaisepati,5,House,"Bhaisepati, Lalitpur",78000000.0
Newly built bungalow on sale at Bhaisepati,"['newly', 'built', 'bungalow', 'sale', 'bhaisepati']",newly built bungalow sale bhaisepati,5,House,"Bhaisepati, Lalitpur",85000000.0
Attractive 5 bhk house on sale at Imadol,"['attractive', 'bhk', 'house', 'sale', 'imadol']",attractive bhk house sale imadol,5,House,"Imadol, Lalitpur",25000000.0
"2 BHK house on sale at Tikathali, Imadol","['bhk', 'house', 'sale', 'tikathali', 'imadol']",bhk house sale tikathali imadol,5,House,"Tikathali, Lalitpur",16500000.0
"6 BHK house on sale in Budhanilkantha, Kathmandu","['bhk', 'house', 'sale', 'budhanilkantha', 'kathmandu']",bhk house sale budhanilkantha kathmandu,5,House,"Budhanilkantha, Kathmandu",34500000.0
"Beautiful house on sale at Bafal, Kathmandu","['beautiful', 'house', 'sale', 'bafal', 'kathmandu']",beautiful house sale bafal kathmandu,5,House,"Bafal, Kathmandu",23500000.0
"House on sale at Kalanki, Kathmandu","['house', 'sale', 'kalanki', 'kathmandu']",house sale kalanki kathmandu,4,House,"Kalanki, Kathmandu",38500000.0
"Bungalow for sale in Rudreshwor, Narayanthan","['bungalow', 'sale', 'rudreshwor', 'narayanthan']",bungalow sale rudreshwor narayanthan,4,House,"Rudreshwor, Kathmandu",33500000.0
"Beautiful house on sale at Tikathali, Lalitpur","['beautiful', 'house', 'sale', 'tikathali', 'lalitpur']",beautiful house sale tikathali lalitpur,5,House,"Tikathali, Lalitpur",21500000.0
"House on sale at Kunwar Colony, Dhapasi","['house', 'sale', 'kunwar', 'colony', 'dhapasi']",house sale kunwar colony dhapasi,5,House,"Dhapasi, Kathmandu",39000000.0
"Beautiful house on sale at Mandikhatar, Budhanilkantha","['beautiful', 'house', 'sale', 'mandikhatar', 'budhanilkantha']",beautiful house sale mandikhatar budhanilkantha,5,House,"Mandikhatar, Kathmandu",29500000.0
Attractive house for sale at Chandragiri,"['attractive', 'house', 'sale', 'chandragiri']",attractive house sale chandragiri,4,House,"Chandragiri, Kathmandu",16000000.0
"Beautiful house on sale at Ganesh Basti, Maharajgunj","['beautiful', 'house', 'sale', 'ganesh', 'basti', 'maharajgunj']",beautiful house sale ganesh basti maharajgunj,6,House,"Maharajgunj, Kathmandu",72500000.0
"Newly built house on sale at Sundarbasti, Budhanilkatha","['newly', 'built', 'house', 'sale', 'sundarbasti', 'budhanilkatha']",newly built house sale sundarbasti budhanilkatha,6,House,"Sundarbasti, Kathmandu",38500000.0
Beautiful house on sale at Golfutar Basketball Court,"['beautiful', 'house', 'sale', 'golfutar', 'basketball', 'court']",beautiful house sale golfutar basketball court,6,House,"Golfutar, Kathmandu",29500000.0
"Attarctive house on sale at Dhapasi, Tokha","['attarctive', 'house', 'sale', 'dhapasi', 'tokha']",attarctive house sale dhapasi tokha,5,House,"Dhapasi, Kathmandu",25000000.0
"3 BHK house on sale at Nayabasti, Lalitpur","['bhk', 'house', 'sale', 'nayabasti', 'lalitpur']",bhk house sale nayabasti lalitpur,5,House,"Imadol, Lalitpur",26000000.0
"Residential house on sale at Nayabasti, Lalitpur","['residential', 'house', 'sale', 'nayabasti', 'lalitpur']",residential house sale nayabasti lalitpur,5,House,"Imadol, Lalitpur",32500000.0
"5 BHK house on sale at Imadol, Lalitpur","['bhk', 'house', 'sale', 'imadol', 'lalitpur']",bhk house sale imadol lalitpur,5,House,"Imadol, Lalitpur",22500000.0
Beautiful house on sale at Kamalpokhari,"['beautiful', 'house', 'sale', 'kamalpokhari']",beautiful house sale kamalpokhari,4,House,"Imadol, Lalitpur",40000000.0
Residential house on sale at Kamalpokhari,"['residential', 'house', 'sale', 'kamalpokhari']",residential house sale kamalpokhari,4,House,"Imadol, Lalitpur",31500000.0
Under construction house on sale at Kamalpokhari,"['construction', 'house', 'sale', 'kamalpokhari']",construction house sale kamalpokhari,4,House,"Imadol, Lalitpur",33000000.0
"Residential house on sale at Panitanki, Tikathali ","['residential', 'house', 'sale', 'panitanki', 'tikathali']",residential house sale panitanki tikathali,5,House,"Tikathali, Lalitpur",27000000.0
"Attractive house on sale at Setipakha, Hattiban","['attractive', 'house', 'sale', 'setipakha', 'hattiban']",attractive house sale setipakha hattiban,5,House,"Setipakha, Lalitpur",22500000.0
"Beautiful house on sale at Ochu Hight, Imadol","['beautiful', 'house', 'sale', 'ochu', 'hight', 'imadol']",beautiful house sale ochu hight imadol,6,House,"Ochu Height, Lalitpur",33000000.0
"Beautiful house on sale at Raniban, Nagrajun (Kathmandu Metropolitan -16)","['beautiful', 'house', 'sale', 'raniban', 'nagrajun', 'kathmandu', 'metropolitan', '16']",beautiful house sale raniban nagrajun kathmandu metropolitan 16,8,House,"Raniban, Kathmandu",36000000.0
"Brand new house for sale in Ochu Height, Imadol","['brand', 'new', 'house', 'sale', 'ochu', 'height', 'imadol']",brand new house sale ochu height imadol,7,House,"Ochu Height, Lalitpur",37500000.0
"Beautiful house for sale at Nakkhu, Lalitpur","['beautiful', 'house', 'sale', 'nakkhu', 'lalitpur']",beautiful house sale nakkhu lalitpur,5,House,"Nakkhu, Lalitpur",39900000.0
House on sale near Changathali Buspark,"['house', 'sale', 'near', 'changathali', 'buspark']",house sale near changathali buspark,5,House,"Changathali, Lalitpur",17000000.0
"Brand new house on sale at Ochu Height, Imadol","['brand', 'new', 'house', 'sale', 'ochu', 'height', 'imadol']",brand new house sale ochu height imadol,7,House,"Ochu Height, Lalitpur",24500000.0
"House on sale at Timalsina Chowk, Imadol","['house', 'sale', 'timalsina', 'chowk', 'imadol']",house sale timalsina chowk imadol,5,House,"Imadol, Lalitpur",35000000.0
"Attractive villa house on sale at Pasikot, Budhanilkantha","['attractive', 'villa', 'house', 'sale', 'pasikot', 'budhanilkantha']",attractive villa house sale pasikot budhanilkantha,6,House,"Pasikot, Kathmandu",32000000.0
"House for sale in Kwalakhu, Lalitpur","['house', 'sale', 'kwalakhu', 'lalitpur']",house sale kwalakhu lalitpur,4,House,"Kwalakhu, Lalitpur",30000000.0
"Beautiful house on sale at Sitapaila, Nagarjun","['beautiful', 'house', 'sale', 'sitapaila', 'nagarjun']",beautiful house sale sitapaila nagarjun,5,House,"Sitapaila, Kathmandu",38000000.0
A modern house on sale at Pepsicola,"['modern', 'house', 'sale', 'pepsicola']",modern house sale pepsicola,4,House,"Pepsicola, Kathmandu",75000000.0
"Beautiful house on sale at Ichangunarayan, Nagarjun","['beautiful', 'house', 'sale', 'ichangunarayan', 'nagarjun']",beautiful house sale ichangunarayan nagarjun,5,House,"Ichangu Narayan, Kathmandu",31000000.0
Newly built house for sale in Sitapaila,"['newly', 'built', 'house', 'sale', 'sitapaila']",newly built house sale sitapaila,5,House,"Sitapaila, Kathmandu",38000000.0
"House on sale near NIC Asia Bank, Pepsicola","['house', 'sale', 'near', 'nic', 'asia', 'bank', 'pepsicola']",house sale near nic asia bank pepsicola,7,House,"Pepsicola, Kathmandu",32500000.0
"Flat system house on sale at Pasikot, Budhanilkantha","['flat', 'system', 'house', 'sale', 'pasikot', 'budhanilkantha']",flat system house sale pasikot budhanilkantha,6,House,"Pasikot, Kathmandu",32500000.0
Newly built house on sale at Kharibot. Kapan,"['newly', 'built', 'house', 'sale', 'kharibot', 'kapan']",newly built house sale kharibot kapan,6,House,"Kharibot, Kathmandu",29000000.0
"Residential house on sale at Pasikot, Budhanilkantha","['residential', 'house', 'sale', 'pasikot', 'budhanilkantha']",residential house sale pasikot budhanilkantha,5,House,"Pasikot, Kathmandu",28000000.0
"House For Sale in Balkumari, Lalitpur","['house', 'sale', 'balkumari', 'lalitpur']",house sale balkumari lalitpur,4,House,"Balkumari, Lalitpur",66000000.0
Residential House For Sale in Nepaltar,"['residential', 'house', 'sale', 'nepaltar']",residential house sale nepaltar,4,House,"Nepaltar, Kathmandu",21900000.0
Brand new house on sale at Nakhipot,"['brand', 'new', 'house', 'sale', 'nakhipot']",brand new house sale nakhipot,5,House,"Nakhipot, Lalitpur",28000000.0
"Beautiful house on sale at Ramkot, Nagarjun ","['beautiful', 'house', 'sale', 'ramkot', 'nagarjun']",beautiful house sale ramkot nagarjun,5,House,"Ramkot, Kathmandu",17500000.0
"Beautiful house for sale at Nakhipot, Lalitpur","['beautiful', 'house', 'sale', 'nakhipot', 'lalitpur']",beautiful house sale nakhipot lalitpur,5,House,"Nakhipot, Lalitpur",27000000.0
"Residential house on sale at Hattiban, Lalitpur","['residential', 'house', 'sale', 'hattiban', 'lalitpur']",residential house sale hattiban lalitpur,5,House,"Hattiban, Lalitpur",25500000.0
"Newly build house on sale at Tenzing Chowk, Kapan","['newly', 'build', 'house', 'sale', 'tenzing', 'chowk', 'kapan']",newly build house sale tenzing chowk kapan,7,House,"Tenzing Chowk, Kathmandu",36500000.0
Residential house on sale at Old Baneshwor,"['residential', 'house', 'sale', 'old', 'baneshwor']",residential house sale old baneshwor,5,House,"Old Baneshwor, Kathmandu",45000000.0
"Full furnished house on sale at Dhobikhola, Kathmandu","['full', 'furnished', 'house', 'sale', 'dhobikhola', 'kathmandu']",full furnished house sale dhobikhola kathmandu,6,House,"Dhobikhola, Kathmandu",46000000.0
"Residential house on sale at Bhangal, Budhanilkantha","['residential', 'house', 'sale', 'bhangal', 'budhanilkantha']",residential house sale bhangal budhanilkantha,5,House,"Bhangal , Kathmandu",17800000.0
"Beautiful house on sale at Hattigauda, Budhanilkantha","['beautiful', 'house', 'sale', 'hattigauda', 'budhanilkantha']",beautiful house sale hattigauda budhanilkantha,5,House,"Hattigaunda, Kathmandu",34500000.0
"House for sale near Kist Hospital, Imadol","['house', 'sale', 'near', 'kist', 'hospital', 'imadol']",house sale near kist hospital imadol,6,House,"Imadol, Lalitpur",35000000.0
Attractive house on sale in Kapan,"['attractive', 'house', 'sale', 'kapan']",attractive house sale kapan,4,House,"Kapan, Kathmandu",18800000.0
"House on sale at Bhandari Road, Imadol","['house', 'sale', 'bhandari', 'road', 'imadol']",house sale bhandari road imadol,5,House,"Imadol, Lalitpur",27000000.0
"Residential house on sale at Phutung, Kathmandu","['residential', 'house', 'sale', 'phutung', 'kathmandu']",residential house sale phutung kathmandu,5,House,"Phutung, Kathmandu",15000000.0
Commercial house for sale in Kadaghari,"['commercial', 'house', 'sale', 'kadaghari']",commercial house sale kadaghari,4,House,"Kadaghari, Kathmandu",65000000.0
"Attractive house on sale at Lolang, Kathmandu","['attractive', 'house', 'sale', 'lolang', 'kathmandu']",attractive house sale lolang kathmandu,5,House,"Lolang, Kathmandu",25500000.0
"Residential house on sale at Tikathali, Imadol","['residential', 'house', 'sale', 'tikathali', 'imadol']",residential house sale tikathali imadol,5,House,"Tikathali, Lalitpur",25000000.0
"Commercial house on sale at Nakhipot, Lalitpur","['commercial', 'house', 'sale', 'nakhipot', 'lalitpur']",commercial house sale nakhipot lalitpur,5,House,"Nakhipot, Lalitpur",71000000.0
"6 BHK house on sale at Imadol, Lalitpur","['bhk', 'house', 'sale', 'imadol', 'lalitpur']",bhk house sale imadol lalitpur,5,House,"Imadol, Lalitpur",37000000.0
"Beautiful house on sale at Kusunti, Lalitpur","['beautiful', 'house', 'sale', 'kusunti', 'lalitpur']",beautiful house sale kusunti lalitpur,5,House,"Kusunti, Lalitpur",39500000.0
"Residential house on sale at Kharibot, Kapan","['residential', 'house', 'sale', 'kharibot', 'kapan']",residential house sale kharibot kapan,5,House,"Kharibot, Kathmandu",32500000.0
"Luxurious classic villa for sale at Dhapasi, Kathmandu","['luxurious', 'classic', 'villa', 'sale', 'dhapasi', 'kathmandu']",luxurious classic villa sale dhapasi kathmandu,6,House,"Dhapasi, Kathmandu",135000000.0
"Brand New House for sale at Imadol, Shanti Colony","['brand', 'new', 'house', 'sale', 'imadol', 'shanti', 'colony']",brand new house sale imadol shanti colony,7,House,"Imadol, Lalitpur",22000000.0
"House on sale at Dhapasi, Kathmandu","['house', 'sale', 'dhapasi', 'kathmandu']",house sale dhapasi kathmandu,4,House,"Dhapasi, Kathmandu",12000000.0
"Commercial house on sale at Bagbazar, Kathmandu","['commercial', 'house', 'sale', 'bagbazar', 'kathmandu']",commercial house sale bagbazar kathmandu,5,House,"Bagbazar, Kathmandu",70000000.0
Under construction house on sale at Sukedhara,"['construction', 'house', 'sale', 'sukedhara']",construction house sale sukedhara,4,House,"Sukedhara, Kathmandu",55000000.0
Single storied house for sale in Pasikot,"['single', 'storied', 'house', 'sale', 'pasikot']",single storied house sale pasikot,5,House,"Pasikot, Kathmandu",28000000.0
A modern house on sale at Satdobato,"['modern', 'house', 'sale', 'satdobato']",modern house sale satdobato,4,House,"Satdobato, Lalitpur",45000000.0
"House on sale at Bistachhap, Godawari","['house', 'sale', 'bistachhap', 'godawari']",house sale bistachhap godawari,4,House,"Bistachhap, Lalitpur",13500000.0
Brand new house for sale in Imadol,"['brand', 'new', 'house', 'sale', 'imadol']",brand new house sale imadol,5,House,"Imadol, Lalitpur",32500000.0
Bungalow house for sale in Imadol,"['bungalow', 'house', 'sale', 'imadol']",bungalow house sale imadol,4,House,"Imadol, Lalitpur",37500000.0
"Beautiful house on sale at Checkpost,Thankot","['beautiful', 'house', 'sale', 'checkpostthankot']",beautiful house sale checkpostthankot,4,House,"Thankot, Kathmandu",14500000.0
Attractive house on sale at Kalanki,"['attractive', 'house', 'sale', 'kalanki']",attractive house sale kalanki,4,House,"Kalanki, Kathmandu",26000000.0
"House on sale at Dhanus Galli, Maharajgunj","['house', 'sale', 'dhanus', 'galli', 'maharajgunj']",house sale dhanus galli maharajgunj,5,House,"Maharajgunj, Kathmandu",24000000.0
House for sale in Dhumbarahi,"['house', 'sale', 'dhumbarahi']",house sale dhumbarahi,3,House,"Dhumbarahi, Kathmandu",38000000.0
"New house for sale at Kapan, Budhanilkantha","['new', 'house', 'sale', 'kapan', 'budhanilkantha']",new house sale kapan budhanilkantha,5,House,"Kapan, Kathmandu",29500000.0
Semi furnished house on sale at Kalanki,"['semi', 'furnished', 'house', 'sale', 'kalanki']",semi furnished house sale kalanki,5,House,"Kalanki, Kathmandu",25500000.0
"Residential house on sale at Bibek Chowk, Kapan","['residential', 'house', 'sale', 'bibek', 'chowk', 'kapan']",residential house sale bibek chowk kapan,6,House,"Kapan, Kathmandu",31000000.0
"House for sale in Lolang Height, Tarkeshwor","['house', 'sale', 'lolang', 'height', 'tarkeshwor']",house sale lolang height tarkeshwor,5,House,"Lolang, Kathmandu",24000000.0
"House for Sale at Downtown Residency, Imadol","['house', 'sale', 'downtown', 'residency', 'imadol']",house sale downtown residency imadol,5,House,"Imadol, Lalitpur",42500000.0
Neoclassic house on sale at Maharajgunj,"['neoclassic', 'house', 'sale', 'maharajgunj']",neoclassic house sale maharajgunj,4,House,"Maharajgunj, Kathmandu",30000000.0
Flat system house for sale in Ratopul,"['flat', 'system', 'house', 'sale', 'ratopul']",flat system house sale ratopul,5,House,"Ratopool, Kathmandu",138000000.0
Beautiful house on sale at Sanobharyang,"['beautiful', 'house', 'sale', 'sanobharyang']",beautiful house sale sanobharyang,4,House,"Sanobharyang, Kathmandu",74000000.0
"Bungalow for sale at CG Villa, Sunakothi","['bungalow', 'sale', 'cg', 'villa', 'sunakothi']",bungalow sale cg villa sunakothi,5,House,"Sunakothi, Lalitpur",37500000.0
Brand new Lavish house for sale at Bhaisepati,"['brand', 'new', 'lavish', 'house', 'sale', 'bhaisepati']",brand new lavish house sale bhaisepati,6,House,"Bhaisepati, Lalitpur",85000000.0
Beautiful house on sale at Bhaktapur,"['beautiful', 'house', 'sale', 'bhaktapur']",beautiful house sale bhaktapur,4,House,"Bhaktapur, Bhaktapur",20000000.0
"House for sale at Hattigaunda, Budhanilkantha","['house', 'sale', 'hattigaunda', 'budhanilkantha']",house sale hattigaunda budhanilkantha,4,House,"Hattigaunda, Kathmandu",34500000.0
Commercial house for sale in Panipokhari,"['commercial', 'house', 'sale', 'panipokhari']",commercial house sale panipokhari,4,House,"Panipokhari, Kathmandu",65000000.0
Semi Commercial house for sale at Gokarna,"['semi', 'commercial', 'house', 'sale', 'gokarna']",semi commercial house sale gokarna,5,House,"Gokarna, Kathmandu",30000000.0
"House for sale in Budhanilkantha, Pasikot","['house', 'sale', 'budhanilkantha', 'pasikot']",house sale budhanilkantha pasikot,4,House,"Pasikot, Kathmandu",34000000.0
"9BHK house on sale at Dhumbarahi, Kathmandu","['9bhk', 'house', 'sale', 'dhumbarahi', 'kathmandu']",9bhk house sale dhumbarahi kathmandu,5,House,"Dhumbarahi, Kathmandu",67500000.0
"Attractive house on sale at Budhanilkantha, Kathmandu","['attractive', 'house', 'sale', 'budhanilkantha', 'kathmandu']",attractive house sale budhanilkantha kathmandu,5,House,"Budhanilkantha, Kathmandu",47000000.0
Beautiful bungalow on sale at Chabahil,"['beautiful', 'bungalow', 'sale', 'chabahil']",beautiful bungalow sale chabahil,4,House,"Chabahil, Kathmandu",50000000.0
"Beautiful house on sale at Khadka Gaun, Kalanki","['beautiful', 'house', 'sale', 'khadka', 'gaun', 'kalanki']",beautiful house sale khadka gaun kalanki,6,House,"Khadka Gaun, Kathmandu",33000000.0
Residential Bungalow for sale at Dhumbarahi,"['residential', 'bungalow', 'sale', 'dhumbarahi']",residential bungalow sale dhumbarahi,4,House,"Dhumbarahi, Kathmandu",140000000.0
"Newly built house for sale at Budhanilkantha, Kathmandu","['newly', 'built', 'house', 'sale', 'budhanilkantha', 'kathmandu']",newly built house sale budhanilkantha kathmandu,6,House,"Budhanilkantha, Kathmandu",34000000.0
"House on sale at Khursanitar, Lazimpat","['house', 'sale', 'khursanitar', 'lazimpat']",house sale khursanitar lazimpat,4,House,"Lazimpat, Kathmandu",42000000.0
"House for sale in CG Villa, Sunakothi","['house', 'sale', 'cg', 'villa', 'sunakothi']",house sale cg villa sunakothi,5,House,"Sunakothi, Lalitpur",37500000.0
"Bungalow for sale in Sangam Awas, Bhaisepati","['bungalow', 'sale', 'sangam', 'awas', 'bhaisepati']",bungalow sale sangam awas bhaisepati,5,House,"Bhaisepati, Lalitpur",78000000.0
"Beautiful house for sale in CG Hills, Hattigauda","['beautiful', 'house', 'sale', 'cg', 'hill', 'hattigauda']",beautiful house sale cg hill hattigauda,6,House,"Hattigaunda, Kathmandu",77000000.0
Brand new house on sale at Syuchatar,"['brand', 'new', 'house', 'sale', 'syuchatar']",brand new house sale syuchatar,5,House,"Syuchatar, Kathmandu",38000000.0
"Residential house for sale at Gwarko, Lalitpur","['residential', 'house', 'sale', 'gwarko', 'lalitpur']",residential house sale gwarko lalitpur,5,House,"Gwarko, Lalitpur",15500000.0
Furnished Bungalow for rent at Maharajgunj,"['furnished', 'bungalow', 'rent', 'maharajgunj']",furnished bungalow rent maharajgunj,4,House,"Maharajgunj, Kathmandu",105000000.0
"Commercial house for sale behind of Hotel Harati,�Chhetrapati","['commercial', 'house', 'sale', 'behind', 'hotel', 'haratichhetrapati']",commercial house sale behind hotel haratichhetrapati,6,House,"Chhetrapati, Kathmandu",125000000.0
"4BHK beautiful house on sale at Imadol, Lalitpur","['4bhk', 'beautiful', 'house', 'sale', 'imadol', 'lalitpur']",4bhk beautiful house sale imadol lalitpur,6,House,"Imadol, Lalitpur",23500000.0
"House on sale near European Bakery, Baluwatar","['house', 'sale', 'near', 'european', 'bakery', 'baluwatar']",house sale near european bakery baluwatar,6,House,"Baluwatar, Kathmandu",35000000.0
Luxurious Bungalow for sale in Sitapaila,"['luxurious', 'bungalow', 'sale', 'sitapaila']",luxurious bungalow sale sitapaila,4,House,"Sitapaila, Kathmandu",62500000.0
"Residential house on sale at Thaiba, Godawari","['residential', 'house', 'sale', 'thaiba', 'godawari']",residential house sale thaiba godawari,5,House,"Thaiba, Lalitpur",18000000.0
"Beautiful house on sale at Ochu Height, Imadol","['beautiful', 'house', 'sale', 'ochu', 'height', 'imadol']",beautiful house sale ochu height imadol,6,House,"Ochu Height, Lalitpur",27000000.0
Residential house on sale at Koteshwor ,"['residential', 'house', 'sale', 'koteshwor']",residential house sale koteshwor,4,House,"Koteshwor, Kathmandu",41500000.0
"New house on sale in Sanagaun, Lalitpur","['new', 'house', 'sale', 'sanagaun', 'lalitpur']",new house sale sanagaun lalitpur,5,House,"Sanagaun, Lalitpur",20400000.0
4BHK house on sale at Bhaisepati,"['4bhk', 'house', 'sale', 'bhaisepati']",4bhk house sale bhaisepati,4,House,"Bhaisepati, Lalitpur",78000000.0
"Residential house on sale at Madhyapur Thimi, Bhaktpur","['residential', 'house', 'sale', 'madhyapur', 'thimi', 'bhaktpur']",residential house sale madhyapur thimi bhaktpur,6,House,"Chardobato, Bhaktapur",41000000.0
Attractive house on sale at Mandikhatar,"['attractive', 'house', 'sale', 'mandikhatar']",attractive house sale mandikhatar,4,House,"Mandikhatar, Kathmandu",40000000.0
Booking open for two bungalows in Budhanilakantha,"['booking', 'open', 'two', 'bungalow', 'budhanilakantha']",booking open two bungalow budhanilakantha,5,House,"Deuwa chowk, Kathmandu",43500000.0
Beautiful house on sale at Dhapasi Height,"['beautiful', 'house', 'sale', 'dhapasi', 'height']",beautiful house sale dhapasi height,5,House,"Dhapasi, Kathmandu",58000000.0
"House on sale in Gothatar, Kathmandu","['house', 'sale', 'gothatar', 'kathmandu']",house sale gothatar kathmandu,4,House,"Gothatar, Kathmandu",38000000.0
House for sale in Tokha,"['house', 'sale', 'tokha']",house sale tokha,3,House,"Grande Hospital, Kathmandu",30000000.0
"Residential house on sale at Danchhi, Kageshwori","['residential', 'house', 'sale', 'danchhi', 'kageshwori']",residential house sale danchhi kageshwori,5,House,"Danchhi, Kathmandu",15000000.0
"Beautiful house on sale at Sainbu, Lalitpur","['beautiful', 'house', 'sale', 'sainbu', 'lalitpur']",beautiful house sale sainbu lalitpur,5,House,"Sainbu, Lalitpur",30000000.0
House for Sale in Harisddhi,"['house', 'sale', 'harisddhi']",house sale harisddhi,3,House,"Harisiddhi, Lalitpur",35000000.0
"Attractive house on sale at Thali, Kageshwori","['attractive', 'house', 'sale', 'thali', 'kageshwori']",attractive house sale thali kageshwori,5,House,"Thali, Kathmandu",15500000.0
"Beautiful house on sale at Kapan, Budhanilkantha","['beautiful', 'house', 'sale', 'kapan', 'budhanilkantha']",beautiful house sale kapan budhanilkantha,5,House,"Kapan, Kathmandu",29500000.0
"Under construction house on sale at Budhanilkantha, Kathmandu","['construction', 'house', 'sale', 'budhanilkantha', 'kathmandu']",construction house sale budhanilkantha kathmandu,5,House,"Budhanilkantha, Kathmandu",33500000.0
Beautiful house on sale at Nakhipot,"['beautiful', 'house', 'sale', 'nakhipot']",beautiful house sale nakhipot,4,House,"Nakhipot, Lalitpur",50000000.0
House for sale in Khumaltar ,"['house', 'sale', 'khumaltar']",house sale khumaltar,3,House,"Khumaltar, Lalitpur",55000000.0
Commercial house for sale in Maharajgunj,"['commercial', 'house', 'sale', 'maharajgunj']",commercial house sale maharajgunj,4,House,"Maharajgunj, Kathmandu",75000000.0
"Under construction house on sale at Bhangal, Budhanilkantha","['construction', 'house', 'sale', 'bhangal', 'budhanilkantha']",construction house sale bhangal budhanilkantha,5,House,"Bhangal , Kathmandu",29500000.0
"House for sale at Shankhamul, Kathmandu","['house', 'sale', 'shankhamul', 'kathmandu']",house sale shankhamul kathmandu,4,House,"Shankhamul, Kathmandu",68000000.0
"House for sale at Gaurighat, Kathmandu","['house', 'sale', 'gaurighat', 'kathmandu']",house sale gaurighat kathmandu,4,House,"Gaurighat, Kathmandu",23000000.0
"Residential house on sale at Gwarko, Lalitpur","['residential', 'house', 'sale', 'gwarko', 'lalitpur']",residential house sale gwarko lalitpur,5,House,"Gwarko, Lalitpur",27000000.0
"Beautiful house on sale at Imadol, Mahalaxmi","['beautiful', 'house', 'sale', 'imadol', 'mahalaxmi']",beautiful house sale imadol mahalaxmi,5,House,"Imadol, Lalitpur",27500000.0
Newly built House for sale at Narayantar,"['newly', 'built', 'house', 'sale', 'narayantar']",newly built house sale narayantar,5,House,"Narayantar, Kathmandu",35000000.0
"Beautiful house on sale at Thali, Kageshwori","['beautiful', 'house', 'sale', 'thali', 'kageshwori']",beautiful house sale thali kageshwori,5,House,"Thali, Kathmandu",13300000.0
"Attractive house on sale at Bhangal, Budhanilkantha","['attractive', 'house', 'sale', 'bhangal', 'budhanilkantha']",attractive house sale bhangal budhanilkantha,5,House,"Bhangal , Kathmandu",28500000.0
Beautiful house on sale at Dhapasi,"['beautiful', 'house', 'sale', 'dhapasi']",beautiful house sale dhapasi,4,House,"Dhapasi, Kathmandu",61000000.0
Residential house on sale at Suryabinayak ,"['residential', 'house', 'sale', 'suryabinayak']",residential house sale suryabinayak,4,House,"Suryabinayak, Bhaktapur",82000000.0
"Attractive house on sale in Budhanilkantha, Kathmandu","['attractive', 'house', 'sale', 'budhanilkantha', 'kathmandu']",attractive house sale budhanilkantha kathmandu,5,House,"Budhanilkantha, Kathmandu",46000000.0
"Residential house for sale near Mahalaxmi Temple, Lubhu","['residential', 'house', 'sale', 'near', 'mahalaxmi', 'temple', 'lubhu']",residential house sale near mahalaxmi temple lubhu,7,House,"Lubhu, Lalitpur",17000000.0
Full furnished house on sale at Golfutar,"['full', 'furnished', 'house', 'sale', 'golfutar']",full furnished house sale golfutar,5,House,"Golfutar, Kathmandu",80000000.0
Fully furnished house on sale at Budhanilkantha,"['fully', 'furnished', 'house', 'sale', 'budhanilkantha']",fully furnished house sale budhanilkantha,5,House,"Budhanilkantha, Kathmandu",39000000.0
"Residential house on sale at Jarankhu, Kathmandu","['residential', 'house', 'sale', 'jarankhu', 'kathmandu']",residential house sale jarankhu kathmandu,5,House,"Jarankhu, Kathmandu",16000000.0
"House on sale near Chirayu Hospital, Basundhara","['house', 'sale', 'near', 'chirayu', 'hospital', 'basundhara']",house sale near chirayu hospital basundhara,6,House,"Basundhara, Kathmandu",75000000.0
"House on sale in Katunje, Bhaktpur","['house', 'sale', 'katunje', 'bhaktpur']",house sale katunje bhaktpur,4,House,"Katunje, Bhaktapur",35000000.0
"Newly Built residential house for sale in Chyau Danda, Lalitpur","['newly', 'built', 'residential', 'house', 'sale', 'chyau', 'danda', 'lalitpur']",newly built residential house sale chyau danda lalitpur,8,House,"Chyau Danda, Lalitpur",24000000.0
Under construction house for sale in Bansbari,"['construction', 'house', 'sale', 'bansbari']",construction house sale bansbari,4,House,"Bansbari, Kathmandu",65000000.0
House on urgent sale at Imadol,"['house', 'urgent', 'sale', 'imadol']",house urgent sale imadol,4,House,"Imadol, Lalitpur",26500000.0
"Residential house on sale at Nayabazar, Kathmandu","['residential', 'house', 'sale', 'nayabazar', 'kathmandu']",residential house sale nayabazar kathmandu,5,House,"Naya Bazar, Kathmandu",33000000.0
"Luxurious Houses available at Dhapakhel, Downtown Residency","['luxurious', 'house', 'available', 'dhapakhel', 'downtown', 'residency']",luxurious house available dhapakhel downtown residency,6,House,"Nagdaha, Lalitpur",41500000.0
Brand new house for sale in Thecho,"['brand', 'new', 'house', 'sale', 'thecho']",brand new house sale thecho,5,House,"Thecho, Lalitpur",19000000.0
Bungalow House for sale in Mandikhatar,"['bungalow', 'house', 'sale', 'mandikhatar']",bungalow house sale mandikhatar,4,House,"Mandikhatar, Kathmandu",65000000.0
"Residential house for sale in Icimod, Khumaltar","['residential', 'house', 'sale', 'icimod', 'khumaltar']",residential house sale icimod khumaltar,5,House,"Icimod, Lalitpur",30500000.0
Commercial house on sale in Imadol,"['commercial', 'house', 'sale', 'imadol']",commercial house sale imadol,4,House,"Imadol, Lalitpur",40000000.0
Under Construction Bungalow for sale in Chundevi,"['construction', 'bungalow', 'sale', 'chundevi']",construction bungalow sale chundevi,4,House,"Chundevi, Kathmandu",75000000.0
"Modern Houses for Sale at Godawari Valley, Taukhel","['modern', 'house', 'sale', 'godawari', 'valley', 'taukhel']",modern house sale godawari valley taukhel,6,House,"Godawari, Lalitpur",41900000.00000001
"House on sale at Kapan, Chunikhel","['house', 'sale', 'kapan', 'chunikhel']",house sale kapan chunikhel,4,House,"Chunikhel, Kathmandu",25000000.0
Residential house for sale in Gairidhara,"['residential', 'house', 'sale', 'gairidhara']",residential house sale gairidhara,4,House,"Gairidhara, Kathmandu",51000000.0
"Residential house for sale at Khursanitar, Lazimpat","['residential', 'house', 'sale', 'khursanitar', 'lazimpat']",residential house sale khursanitar lazimpat,5,House,"Lazimpat, Kathmandu",56000000.0
"House on sale at Lampokhari, Chabahil","['house', 'sale', 'lampokhari', 'chabahil']",house sale lampokhari chabahil,4,House,"Chabahil, Kathmandu",35000000.0
Attractive house on sale at Chandragiri,"['attractive', 'house', 'sale', 'chandragiri']",attractive house sale chandragiri,4,House,"Matatirtha, Kathmandu",18000000.0
"Bungalow on sale at Basbari, Kathmandu","['bungalow', 'sale', 'basbari', 'kathmandu']",bungalow sale basbari kathmandu,4,House,"Bansbari, Kathmandu",55000000.0
Brand new house on sale in Dahachowk,"['brand', 'new', 'house', 'sale', 'dahachowk']",brand new house sale dahachowk,5,House,"Dahachowk, Kathmandu",29000000.0
 Full furnished house on sale at Bhaisepati,"['full', 'furnished', 'house', 'sale', 'bhaisepati']",full furnished house sale bhaisepati,5,House,"Bhaisepati, Lalitpur",55000000.0
"House on sale in Swoyambhu, Nagarjun","['house', 'sale', 'swoyambhu', 'nagarjun']",house sale swoyambhu nagarjun,4,House,"Swoyambhu, Kathmandu",27500000.0
"Residential house on sale in Bafal, Nagarjun","['residential', 'house', 'sale', 'bafal', 'nagarjun']",residential house sale bafal nagarjun,5,House,"Bafal, Kathmandu",36500000.0
"Beautiful house on sale at Chapali, Budhanilkantha","['beautiful', 'house', 'sale', 'chapali', 'budhanilkantha']",beautiful house sale chapali budhanilkantha,5,House,"Chapali, Kathmandu",61500000.0
House on sale at Chandragiri,"['house', 'sale', 'chandragiri']",house sale chandragiri,3,House,"Chandragiri, Kathmandu",17000000.0
"4BHK house on sale at Imadol, Lalitpur","['4bhk', 'house', 'sale', 'imadol', 'lalitpur']",4bhk house sale imadol lalitpur,5,House,"Imadol, Lalitpur",25500000.0
"Residential house on sale in Imadol, Lalitpur","['residential', 'house', 'sale', 'imadol', 'lalitpur']",residential house sale imadol lalitpur,5,House,"Imadol, Lalitpur",32500000.0
Attractive house for sale at Imadol,"['attractive', 'house', 'sale', 'imadol']",attractive house sale imadol,4,House,"Imadol, Lalitpur",26500000.0
"Beautiful house on sale at Hattiban, Lalitpur","['beautiful', 'house', 'sale', 'hattiban', 'lalitpur']",beautiful house sale hattiban lalitpur,5,House,"Hattiban, Lalitpur",20500000.0
"House on sale at Manamaiju, Tarkeshwor","['house', 'sale', 'manamaiju', 'tarkeshwor']",house sale manamaiju tarkeshwor,4,House,"Manamaiju, Kathmandu",25000000.0
"House for sale at Godamchaur, Godawari","['house', 'sale', 'godamchaur', 'godawari']",house sale godamchaur godawari,4,House,"Godamchaur, Lalitpur",29000000.0
"Old house on sale at Tripureshwor, Kathmandu","['old', 'house', 'sale', 'tripureshwor', 'kathmandu']",old house sale tripureshwor kathmandu,5,House,"Tripureshwor, Kathmandu",32000000.0
Beautiful fully furnished bungalow for sale in Budhanilkantha,"['beautiful', 'fully', 'furnished', 'bungalow', 'sale', 'budhanilkantha']",beautiful fully furnished bungalow sale budhanilkantha,6,House,"Budhanilkantha, Kathmandu",51500000.0
"Residential house on sale in Dhapasi Height, Tokha","['residential', 'house', 'sale', 'dhapasi', 'height', 'tokha']",residential house sale dhapasi height tokha,6,House,"Dhapasi, Kathmandu",58000000.0
"Beautiful house on sale at Banasthali, Kathmandu","['beautiful', 'house', 'sale', 'banasthali', 'kathmandu']",beautiful house sale banasthali kathmandu,5,House,"Banasthali, Kathmandu",23500000.0
"Residential house on sale in Kumaripati, Lalitpur","['residential', 'house', 'sale', 'kumaripati', 'lalitpur']",residential house sale kumaripati lalitpur,5,House,"Kumaripati, Lalitpur",45000000.0
"Residential house on sale at Swoyambhu, Nagarjun","['residential', 'house', 'sale', 'swoyambhu', 'nagarjun']",residential house sale swoyambhu nagarjun,5,House,"Swoyambhu, Kathmandu",31500000.0
"Beautiful house on sale in Tindhara, Swoyambhu","['beautiful', 'house', 'sale', 'tindhara', 'swoyambhu']",beautiful house sale tindhara swoyambhu,5,House,"Swoyambhu, Kathmandu",29500000.0
"Residential house on sale in Shantinagar, Kathmandu","['residential', 'house', 'sale', 'shantinagar', 'kathmandu']",residential house sale shantinagar kathmandu,5,House,"Shantinagar, Kathmandu",49800000.00000001
"Beautiful house on sale in Sundarbasti, Budhanilkantha","['beautiful', 'house', 'sale', 'sundarbasti', 'budhanilkantha']",beautiful house sale sundarbasti budhanilkantha,5,House,"Sundarbasti, Kathmandu",27000000.0
Modern Houses for Sale at Godawari Valley ,"['modern', 'house', 'sale', 'godawari', 'valley']",modern house sale godawari valley,5,House,"Taukhel, Lalitpur",38000000.0
"House on sale in Tahachal, Kathmandu","['house', 'sale', 'tahachal', 'kathmandu']",house sale tahachal kathmandu,4,House,"Tahachal, Kathmandu",13500000.0
"Residential house for sale at Sundarbasti, Budhanilkantha","['residential', 'house', 'sale', 'sundarbasti', 'budhanilkantha']",residential house sale sundarbasti budhanilkantha,5,House,"Sundarbasti, Kathmandu",39500000.0
Beautiful House on Sale at Pokhara ,"['beautiful', 'house', 'sale', 'pokhara']",beautiful house sale pokhara,4,House,"Gagangauda, Kaski",100000000.0
"Residential house for sale at Kapan, Budhanilkantha","['residential', 'house', 'sale', 'kapan', 'budhanilkantha']",residential house sale kapan budhanilkantha,5,House,"Kapan, Kathmandu",32500000.0
Residential house on sale at Imadol,"['residential', 'house', 'sale', 'imadol']",residential house sale imadol,4,House,"Imadol, Lalitpur",28500000.0
"6BHK beautiful house on sale in Imadol, Lalitpur","['6bhk', 'beautiful', 'house', 'sale', 'imadol', 'lalitpur']",6bhk beautiful house sale imadol lalitpur,6,House,"Imadol, Lalitpur",25000000.0
"4BHK house on sale in Danchhi, Kageshwori Manohara","['4bhk', 'house', 'sale', 'danchhi', 'kageshwori', 'manohara']",4bhk house sale danchhi kageshwori manohara,6,House,"Danchhi, Kathmandu",15000000.0
"8BHK beautiful house for sale at Bhaisepati, Lalitpur","['8bhk', 'beautiful', 'house', 'sale', 'bhaisepati', 'lalitpur']",8bhk beautiful house sale bhaisepati lalitpur,6,House,"Bhaisepati, Lalitpur",67500000.0
"Beautiful house on sale in Bhangal, Budhanilkantha","['beautiful', 'house', 'sale', 'bhangal', 'budhanilkantha']",beautiful house sale bhangal budhanilkantha,5,House,"Bhangal , Kathmandu",29000000.0
"Residential house on sale in Sundarbasti, Budhanilkantha","['residential', 'house', 'sale', 'sundarbasti', 'budhanilkantha']",residential house sale sundarbasti budhanilkantha,5,House,"Sundarbasti, Kathmandu",29800000.0
"Newly built house on sale in Jhaukhel, Changunarayan","['newly', 'built', 'house', 'sale', 'jhaukhel', 'changunarayan']",newly built house sale jhaukhel changunarayan,6,House,"Jhaukhel, Bhaktapur",14000000.0
"Beautiful houses on sale in Bhaisepati, Lalitpur","['beautiful', 'house', 'sale', 'bhaisepati', 'lalitpur']",beautiful house sale bhaisepati lalitpur,5,House,"Bhaisepati, Lalitpur",38000000.0
"Full furnished bungalow on sale in Budhanilkantha, Kathmandu","['full', 'furnished', 'bungalow', 'sale', 'budhanilkantha', 'kathmandu']",full furnished bungalow sale budhanilkantha kathmandu,6,House,"Budhanilkantha, Kathmandu",67500000.0
"Beautiful house for sale at Budhanilkantha, Kathmandu","['beautiful', 'house', 'sale', 'budhanilkantha', 'kathmandu']",beautiful house sale budhanilkantha kathmandu,5,House,"Budhanilkantha, Kathmandu",65000000.0
" Residential house on sale at Sanagau, Imadol","['residential', 'house', 'sale', 'sanagau', 'imadol']",residential house sale sanagau imadol,5,House,"Imadol, Lalitpur",23500000.0
"5BHK Beautiful house for sale at Imadol, Lalitpur","['5bhk', 'beautiful', 'house', 'sale', 'imadol', 'lalitpur']",5bhk beautiful house sale imadol lalitpur,6,House,"Imadol, Lalitpur",26000000.0
"Residential house for sale in Tyanglafat, Kirtipur","['residential', 'house', 'sale', 'tyanglafat', 'kirtipur']",residential house sale tyanglafat kirtipur,5,House,"Tyanglafat, Kathmandu",24500000.0
New house on sale in Kageshwori,"['new', 'house', 'sale', 'kageshwori']",new house sale kageshwori,4,House,"Kageshwori, Kathmandu",25500000.0
"Beautiful house for sale at Checkpost, Chandragiri","['beautiful', 'house', 'sale', 'checkpost', 'chandragiri']",beautiful house sale checkpost chandragiri,5,House,"Chandragiri, Kathmandu",13100000.0
"House on sale in Nayapati, Gokarneshwar","['house', 'sale', 'nayapati', 'gokarneshwar']",house sale nayapati gokarneshwar,4,House,"Nayapati, Kathmandu",33000000.0
"House on sale in Thaiba, Godawari","['house', 'sale', 'thaiba', 'godawari']",house sale thaiba godawari,4,House,"Thaiba, Lalitpur",22000000.0
"4BHK house on sale in Imadol, Lalitpur","['4bhk', 'house', 'sale', 'imadol', 'lalitpur']",4bhk house sale imadol lalitpur,5,House,"Imadol, Lalitpur",23500000.0
"Attractive house for sale at Imadol, Lalitpur","['attractive', 'house', 'sale', 'imadol', 'lalitpur']",attractive house sale imadol lalitpur,5,House,"Imadol, Lalitpur",42500000.0
"Beautiful house on sale at Checkpost, Chandragiri","['beautiful', 'house', 'sale', 'checkpost', 'chandragiri']",beautiful house sale checkpost chandragiri,5,House,"Chandragiri, Kathmandu",19000000.0
"New house on sale in Pasikot, Tokha","['new', 'house', 'sale', 'pasikot', 'tokha']",new house sale pasikot tokha,5,House,"Tokha, Kathmandu",23000000.0
Semi furnished beautiful house for sale in Budhanilkantha,"['semi', 'furnished', 'beautiful', 'house', 'sale', 'budhanilkantha']",semi furnished beautiful house sale budhanilkantha,6,House,"Budhanilkantha, Kathmandu",40000000.0
"House for sale at Thulobharayang, Nagarjun","['house', 'sale', 'thulobharayang', 'nagarjun']",house sale thulobharayang nagarjun,4,House,"Thulobharyang, Kathmandu",30000000.0
House on sale in Chappalkarkhana,"['house', 'sale', 'chappalkarkhana']",house sale chappalkarkhana,3,House,"Chappal karkhana, Kathmandu",62000000.0
"Semi furnished house on sale in Pasikot, Budhanilkantha","['semi', 'furnished', 'house', 'sale', 'pasikot', 'budhanilkantha']",semi furnished house sale pasikot budhanilkantha,6,House,"Pasikot, Kathmandu",38000000.0
Beautiful house on sale in Nakhipot,"['beautiful', 'house', 'sale', 'nakhipot']",beautiful house sale nakhipot,4,House,"Nakhipot, Lalitpur",25500000.0
"Brand new residential house for sale in Sheetal Height, Imadol","['brand', 'new', 'residential', 'house', 'sale', 'sheetal', 'height', 'imadol']",brand new residential house sale sheetal height imadol,8,House,"Imadol, Lalitpur",21000000.0
"Beautiful house on sale in Dhobighat, sanepa","['beautiful', 'house', 'sale', 'dhobighat', 'sanepa']",beautiful house sale dhobighat sanepa,5,House,"Dhobighat, Lalitpur",76500000.0
Under construction duplex house for sale in Budhanilkantha,"['construction', 'duplex', 'house', 'sale', 'budhanilkantha']",construction duplex house sale budhanilkantha,5,House,"Budhanilkantha, Kathmandu",25000000.0
"House for sale at Gairi gaun, Ichangu Narayan","['house', 'sale', 'gairi', 'gaun', 'ichangu', 'narayan']",house sale gairi gaun ichangu narayan,6,House,"Gairi Gaun, Kathmandu",25000000.0
"House on sale at Ichangunarayan, Nagarjun","['house', 'sale', 'ichangunarayan', 'nagarjun']",house sale ichangunarayan nagarjun,4,House,"Ichangu Narayan, Kathmandu",25000000.0
"House on sale at Mitranagar, Gangabu","['house', 'sale', 'mitranagar', 'gangabu']",house sale mitranagar gangabu,4,House,"Gongabu, Kathmandu",29000000.0
Semi furnished house on sale in Bhaisepati,"['semi', 'furnished', 'house', 'sale', 'bhaisepati']",semi furnished house sale bhaisepati,5,House,"Bhaisepati, Lalitpur",31000000.0
"House on sale in Sukedhara, Kathmandu","['house', 'sale', 'sukedhara', 'kathmandu']",house sale sukedhara kathmandu,4,House,"Sukedhara, Kathmandu",39800000.0
2 Beautiful houses on sale in Budhanilkantha,"['beautiful', 'house', 'sale', 'budhanilkantha']",beautiful house sale budhanilkantha,4,House,"Budhanilkantha, Kathmandu",45000000.0
Commercial house on sale in Goldhunga,"['commercial', 'house', 'sale', 'goldhunga']",commercial house sale goldhunga,4,House,"Goldhunga, Kathmandu",15000000.0
"Residential house on sale in Thapathali, Kathmandu","['residential', 'house', 'sale', 'thapathali', 'kathmandu']",residential house sale thapathali kathmandu,5,House,"Thapathali, Kathmandu",110000000.0
"Newly built house on sale at Bhaisepati, Lalitpur","['newly', 'built', 'house', 'sale', 'bhaisepati', 'lalitpur']",newly built house sale bhaisepati lalitpur,6,House,"Bhaisepati, Lalitpur",55000000.0
"Semi bungalow house on sale in Gokul Awas, Bhaisepati","['semi', 'bungalow', 'house', 'sale', 'gokul', 'awas', 'bhaisepati']",semi bungalow house sale gokul awas bhaisepati,7,House,"Bhaisepati, Lalitpur",32500000.0
"Beautiful house for sale at Imadol, Lalitpur","['beautiful', 'house', 'sale', 'imadol', 'lalitpur']",beautiful house sale imadol lalitpur,5,House,"Imadol, Lalitpur",36000000.0
Commercial house on sale in Lolang Height,"['commercial', 'house', 'sale', 'lolang', 'height']",commercial house sale lolang height,5,House,"Lolang, Kathmandu",25000000.0
"Residential house on sale in Lainchaur, kathmandu","['residential', 'house', 'sale', 'lainchaur', 'kathmandu']",residential house sale lainchaur kathmandu,5,House,"Lainchaur, Kathmandu",43000000.0
"House on sale in Bhaktpur, Balkot","['house', 'sale', 'bhaktpur', 'balkot']",house sale bhaktpur balkot,4,House,"Balkot, Bhaktapur",29500000.0
"Residential house on sale in Thadodhunga, Sanepa","['residential', 'house', 'sale', 'thadodhunga', 'sanepa']",residential house sale thadodhunga sanepa,5,House,"Thado Dhunga, Lalitpur",77500000.0
"Beautiful house on sale in Sunakothi, Lalitpur","['beautiful', 'house', 'sale', 'sunakothi', 'lalitpur']",beautiful house sale sunakothi lalitpur,5,House,"Sunakothi, Lalitpur",42500000.0
"Residential house for sale at Bhaisepati, Lalitpur","['residential', 'house', 'sale', 'bhaisepati', 'lalitpur']",residential house sale bhaisepati lalitpur,5,House,"Bhaisepati, Lalitpur",35000000.0
"Attractive house on sale in Bagdol, Lalitpur","['attractive', 'house', 'sale', 'bagdol', 'lalitpur']",attractive house sale bagdol lalitpur,5,House,"Bagdol, Lalitpur",54000000.0
Semi furnished residential house for sale at Budhanilkantha,"['semi', 'furnished', 'residential', 'house', 'sale', 'budhanilkantha']",semi furnished residential house sale budhanilkantha,6,House,"Budhanilkantha, Kathmandu",45000000.0
"Bungalow on sale in Pasikot, Budhanilkantha","['bungalow', 'sale', 'pasikot', 'budhanilkantha']",bungalow sale pasikot budhanilkantha,4,House,"Pasikot, Kathmandu",38000000.0
"Under construction house on sale in Bhangal, Budhanilkantha","['construction', 'house', 'sale', 'bhangal', 'budhanilkantha']",construction house sale bhangal budhanilkantha,5,House,"Bhangal , Kathmandu",29500000.0
"Brand new house on sale in Baluwakhani, Kapan","['brand', 'new', 'house', 'sale', 'baluwakhani', 'kapan']",brand new house sale baluwakhani kapan,6,House,"Baluwakhani, Kathmandu",34500000.0
"Newly built house on sale in Aakasedhara, Kapan","['newly', 'built', 'house', 'sale', 'aakasedhara', 'kapan']",newly built house sale aakasedhara kapan,6,House,"Aakasedhara, Kathmandu",28500000.0
"Newly built house on sale in Katunje, Suryabinayak ","['newly', 'built', 'house', 'sale', 'katunje', 'suryabinayak']",newly built house sale katunje suryabinayak,6,House,"Katunje, Bhaktapur",20500000.0
"Beautiful house for sale at Rudreshwor, Budhanilkantha","['beautiful', 'house', 'sale', 'rudreshwor', 'budhanilkantha']",beautiful house sale rudreshwor budhanilkantha,5,House,"Rudreshwor, Kathmandu",50000000.0
Bungalow on sale in Golfutar Height,"['bungalow', 'sale', 'golfutar', 'height']",bungalow sale golfutar height,4,House,"Golfutar, Kathmandu",29000000.0
"Attractive house for sale in Bhaisepati, Lalitpur","['attractive', 'house', 'sale', 'bhaisepati', 'lalitpur']",attractive house sale bhaisepati lalitpur,5,House,"Bhaisepati, Lalitpur",31000000.0
"House on sale in Bauthali, Chandragiri","['house', 'sale', 'bauthali', 'chandragiri']",house sale bauthali chandragiri,4,House,"Bauthali, Kathmandu",25000000.0
Beautiful house on sale in Raniban,"['beautiful', 'house', 'sale', 'raniban']",beautiful house sale raniban,4,House,"Raniban, Kathmandu",31000000.0
"Residential house on sale Goldhunga, Tarkeshwor","['residential', 'house', 'sale', 'goldhunga', 'tarkeshwor']",residential house sale goldhunga tarkeshwor,5,House,"Goldhunga, Kathmandu",29500000.0
"Duplex house on sale in Tikathali, Imadol","['duplex', 'house', 'sale', 'tikathali', 'imadol']",duplex house sale tikathali imadol,5,House,"Tikathali, Lalitpur",29500000.0
"House on sale in land price near Maya Nursery, Kalopool","['house', 'sale', 'land', 'price', 'near', 'maya', 'nursery', 'kalopool']",house sale land price near maya nursery kalopool,8,House,"Kalopool, Kathmandu",30000000.0
"House on sale in Civil Homes, Bhaisepati ","['house', 'sale', 'civil', 'home', 'bhaisepati']",house sale civil home bhaisepati,5,House,"Bhaisepati, Lalitpur",62500000.0
Old house on sale land price in Mid Baneshwor Kathmandu,"['old', 'house', 'sale', 'land', 'price', 'mid', 'baneshwor', 'kathmandu']",old house sale land price mid baneshwor kathmandu,8,House,"Mid Baneshwor, Kathmandu",100000000.0
"Newly built houses on sale in Sitapaila, Kathmandu ","['newly', 'built', 'house', 'sale', 'sitapaila', 'kathmandu']",newly built house sale sitapaila kathmandu,6,House,"Sitapaila, Kathmandu",31000000.0
"Residential house on sale in Nakhudole, Lalitpur","['residential', 'house', 'sale', 'nakhudole', 'lalitpur']",residential house sale nakhudole lalitpur,5,House,"Nakhudole, Lalitpur",29000000.0
"Beautiful house for sale in Imadol, Lalitpur","['beautiful', 'house', 'sale', 'imadol', 'lalitpur']",beautiful house sale imadol lalitpur,5,House,"Imadol, Lalitpur",26000000.0
"Duplex house on sale in Magargaun, Lalitpur","['duplex', 'house', 'sale', 'magargaun', 'lalitpur']",duplex house sale magargaun lalitpur,5,House,"Bhaisepati, Lalitpur",41000000.0
"Attractive house on sale in Mandikatar, Kathmandu","['attractive', 'house', 'sale', 'mandikatar', 'kathmandu']",attractive house sale mandikatar kathmandu,5,House,"Mandikatar, Kathmandu",44500000.0
"Beautiful house on sale in Ekatabasti, Jyotinagar","['beautiful', 'house', 'sale', 'ekatabasti', 'jyotinagar']",beautiful house sale ekatabasti jyotinagar,5,House,"Jyotinagar, Kathmandu",31500000.0
"Commercial house on sale in Tilingtar, Tokha","['commercial', 'house', 'sale', 'tilingtar', 'tokha']",commercial house sale tilingtar tokha,5,House,"Tilingtar, Kathmandu",45000000.0
"Commercial house on sale in Nayabazar, Kathmandu","['commercial', 'house', 'sale', 'nayabazar', 'kathmandu']",commercial house sale nayabazar kathmandu,5,House,"Naya Bazar, Kathmandu",50000000.0
"Beautiful house on sale in Checkpost, Chandragiri","['beautiful', 'house', 'sale', 'checkpost', 'chandragiri']",beautiful house sale checkpost chandragiri,5,House,"Chandragiri, Kathmandu",17500000.0
"Beautiful house on sale in High Vision Colony, Chandragiri","['beautiful', 'house', 'sale', 'high', 'vision', 'colony', 'chandragiri']",beautiful house sale high vision colony chandragiri,7,House,"High Vision Colony, Kathmandu",26000000.0
"Beautiful house on sale at Imadol, Lalitpur","['beautiful', 'house', 'sale', 'imadol', 'lalitpur']",beautiful house sale imadol lalitpur,5,House,"Imadol, Lalitpur",65000000.0
"3 BHK house on sale in Bhaisepati, Lalitpur","['bhk', 'house', 'sale', 'bhaisepati', 'lalitpur']",bhk house sale bhaisepati lalitpur,5,House,"Bhaisepati, Lalitpur",38500000.0
"House for sale in Sitapaila, Nagarjun","['house', 'sale', 'sitapaila', 'nagarjun']",house sale sitapaila nagarjun,4,House,"Sitapaila, Kathmandu",37500000.0
Guthi house for sale in Nayabasti,"['guthi', 'house', 'sale', 'nayabasti']",guthi house sale nayabasti,4,House,"Naya Basti, Kathmandu",23500000.0
"Residential house on sale in Pasikot, Budhanilkantha","['residential', 'house', 'sale', 'pasikot', 'budhanilkantha']",residential house sale pasikot budhanilkantha,5,House,"Budhanilkantha, Kathmandu",55000000.0
"Beautiful house on sale in Upper Pasikot, Budhanilkantha","['beautiful', 'house', 'sale', 'upper', 'pasikot', 'budhanilkantha']",beautiful house sale upper pasikot budhanilkantha,6,House,"Pasikot, Kathmandu",53500000.0
Newly built bungalow on sale in Bhaisepati,"['newly', 'built', 'bungalow', 'sale', 'bhaisepati']",newly built bungalow sale bhaisepati,5,House,"Bhaisepati, Lalitpur",50000000.0
"Beautiful house for sale in Kusunti, Lalitpur","['beautiful', 'house', 'sale', 'kusunti', 'lalitpur']",beautiful house sale kusunti lalitpur,5,House,"Kusunti, Lalitpur",115000000.0
"House on sale in Syuchatar, Kathmandu","['house', 'sale', 'syuchatar', 'kathmandu']",house sale syuchatar kathmandu,4,House,"Syuchatar, Kathmandu",32500000.0
Luxurious bungalow on sale in Bhaisepati Aawas,"['luxurious', 'bungalow', 'sale', 'bhaisepati', 'aawas']",luxurious bungalow sale bhaisepati aawas,5,House,"Bhaisepati, Lalitpur",170000000.0
"Villas for Sale at CG Village, Panauti","['villa', 'sale', 'cg', 'village', 'panauti']",villa sale cg village panauti,5,House,"Panauti, Kavrepalanchok",19500000.0
"Premium Villas on Sale at CG Villas, Sunakothi","['premium', 'villa', 'sale', 'cg', 'villa', 'sunakothi']",premium villa sale cg villa sunakothi,6,House,"Sunakothi, Lalitpur",35000000.0
"Ultra Luxurious Villas on Sale at Bhaisepati Heights, CG Properties ","['ultra', 'luxurious', 'villa', 'sale', 'bhaisepati', 'height', 'cg', 'property']",ultra luxurious villa sale bhaisepati height cg property,8,House,"Bhaisepati, Lalitpur",41000000.0
"House for sale at Gahana Pokhari, Kathmandu","['house', 'sale', 'gahana', 'pokhari', 'kathmandu']",house sale gahana pokhari kathmandu,5,House,"Gahana Pokhari, Kathmandu",70000000.0
"Villa for sale at Hattiban, Lalitpur","['villa', 'sale', 'hattiban', 'lalitpur']",villa sale hattiban lalitpur,4,House,"Hattiban, Lalitpur",85000000.0
"Luxurious house for sale in Tahachal, Chauni","['luxurious', 'house', 'sale', 'tahachal', 'chauni']",luxurious house sale tahachal chauni,5,House,"Tahachal, Kathmandu",190000000.0
"Residential house for sale at Bistachhap, Godawari","['residential', 'house', 'sale', 'bistachhap', 'godawari']",residential house sale bistachhap godawari,5,House,"Bistachhap, Lalitpur",22000000.0
"Bungalow for sale at Bhimsengola, Katyani Temple","['bungalow', 'sale', 'bhimsengola', 'katyani', 'temple']",bungalow sale bhimsengola katyani temple,5,House,"Bhimsengola, Kathmandu",102000000.0
"Bungalow for sale at Battisputali, Old Baneshwor","['bungalow', 'sale', 'battisputali', 'old', 'baneshwor']",bungalow sale battisputali old baneshwor,5,House,"Battisputali, Kathmandu",95000000.0
"House for Sale at Kapan, Near Bhangal ","['house', 'sale', 'kapan', 'near', 'bhangal']",house sale kapan near bhangal,5,House,"Sundarbasti, Kathmandu",39000000.0
"House on sale in Besigaun, Jorpati","['house', 'sale', 'besigaun', 'jorpati']",house sale besigaun jorpati,4,House,"Besigaun, Kathmandu",27000000.0
House for sale in Gokarna,"['house', 'sale', 'gokarna']",house sale gokarna,3,House,"Gorkarneshwor, Kathmandu",13000000.0
"Newly built bungalow for sale in Kusunti, Lalitpur","['newly', 'built', 'bungalow', 'sale', 'kusunti', 'lalitpur']",newly built bungalow sale kusunti lalitpur,6,House,"Kusunti, Lalitpur",40500000.0
"House on sale at Khusibu, Nayabazar","['house', 'sale', 'khusibu', 'nayabazar']",house sale khusibu nayabazar,4,House,"Khusibu, Kathmandu",32500000.0
Brand new residential bungalow for sale in Pasikot,"['brand', 'new', 'residential', 'bungalow', 'sale', 'pasikot']",brand new residential bungalow sale pasikot,6,House,"Pasikot, Kathmandu",33000000.0
Newly built Bungalow for sale in Budhanilkantha,"['newly', 'built', 'bungalow', 'sale', 'budhanilkantha']",newly built bungalow sale budhanilkantha,5,House,"Budhanilkantha, Kathmandu",62500000.0
"Beautiful house on sale in Baniyatar, Kathmandu","['beautiful', 'house', 'sale', 'baniyatar', 'kathmandu']",beautiful house sale baniyatar kathmandu,5,House,"Baniyatar, Kathmandu",20500000.0
"Semi furnished house on sale in Bansbari, Kathmandu","['semi', 'furnished', 'house', 'sale', 'bansbari', 'kathmandu']",semi furnished house sale bansbari kathmandu,6,House,"Bansbari, Kathmandu",50000000.0
"Semi furnished house on rent in Imadol, Lalitpur","['semi', 'furnished', 'house', 'rent', 'imadol', 'lalitpur']",semi furnished house rent imadol lalitpur,6,House,"Imadol, Lalitpur",26000000.0
"Semi bungalow house on sale in Imadol, Lalitpur","['semi', 'bungalow', 'house', 'sale', 'imadol', 'lalitpur']",semi bungalow house sale imadol lalitpur,6,House,"Imadol, Lalitpur",23500000.0
"Semi furnished house on sale in Satdobato, Lalitpur","['semi', 'furnished', 'house', 'sale', 'satdobato', 'lalitpur']",semi furnished house sale satdobato lalitpur,6,House,"Satdobato, Lalitpur",70000000.0
"Beautiful house on sale in Samakhusi, Tokha","['beautiful', 'house', 'sale', 'samakhusi', 'tokha']",beautiful house sale samakhusi tokha,5,House,"Samakhushi chowk, Kathmandu",29500000.0
Attractive bungalow on sale in Budhanilkantha,"['attractive', 'bungalow', 'sale', 'budhanilkantha']",attractive bungalow sale budhanilkantha,4,House,"Budhanilkantha, Kathmandu",95000000.0
"Beautiful house on sale in Gausala, Kathmandu","['beautiful', 'house', 'sale', 'gausala', 'kathmandu']",beautiful house sale gausala kathmandu,5,House,"Gaushala, Kathmandu",32500000.0
"Residential house on sale in Bhimsengola, Kathmandu","['residential', 'house', 'sale', 'bhimsengola', 'kathmandu']",residential house sale bhimsengola kathmandu,5,House,"Bhimsengola, Kathmandu",73500000.0
Newly built house on sale in Goldhunga Housing,"['newly', 'built', 'house', 'sale', 'goldhunga', 'housing']",newly built house sale goldhunga housing,6,House,"Goldhunga, Kathmandu",32000000.0
"Residential house for rent in Dhumbarahi, Kathmandu","['residential', 'house', 'rent', 'dhumbarahi', 'kathmandu']",residential house rent dhumbarahi kathmandu,5,House,"Dhumbarahi, Kathmandu",25000000.0
"Beautiful bungalow on sale in Budhanilkantha, Kathmandu","['beautiful', 'bungalow', 'sale', 'budhanilkantha', 'kathmandu']",beautiful bungalow sale budhanilkantha kathmandu,5,House,"Budhanilkantha, Kathmandu",125000000.0
"Semi furnished house on sale in Ganeshchowk, Budhanilkantha","['semi', 'furnished', 'house', 'sale', 'ganeshchowk', 'budhanilkantha']",semi furnished house sale ganeshchowk budhanilkantha,6,House,"Ganesh Chowk, Kathmandu",32500000.0
Commercial Property for sale at Samakhusi,"['commercial', 'property', 'sale', 'samakhusi']",commercial property sale samakhusi,4,House,"Samakhusi, Kathmandu",160000000.0
Residential house on sale at Ranibari,"['residential', 'house', 'sale', 'ranibari']",residential house sale ranibari,4,House,"Ranibari, Kathmandu",130000000.0
"Beautiful house for sale in Rato Gumba, Nagarjun","['beautiful', 'house', 'sale', 'rato', 'gumba', 'nagarjun']",beautiful house sale rato gumba nagarjun,6,House,"Nagarjun, Kathmandu",25000000.0
"Commercial house on sale in Pepsicola, Kathmandu","['commercial', 'house', 'sale', 'pepsicola', 'kathmandu']",commercial house sale pepsicola kathmandu,5,House,"Pepsicola, Kathmandu",29000000.0
Residential Property for Sale in Sanepa,"['residential', 'property', 'sale', 'sanepa']",residential property sale sanepa,4,House,"Sanepa, Lalitpur",190000000.0
"Beautiful house for sale at Wasik, Budhanilkantha","['beautiful', 'house', 'sale', 'wasik', 'budhanilkantha']",beautiful house sale wasik budhanilkantha,5,House,"Wasik, Kathmandu",41000000.0
Modern house for sale in Sukedhara,"['modern', 'house', 'sale', 'sukedhara']",modern house sale sukedhara,4,House,"Sukedhara, Kathmandu",45000000.0
"House for sale at Southern Heights Colony, Thaiba","['house', 'sale', 'southern', 'height', 'colony', 'thaiba']",house sale southern height colony thaiba,6,House,"Thaiba, Lalitpur",50000000.0
"Residential Bungalow for sale in Katunje, Bhaktapur","['residential', 'bungalow', 'sale', 'katunje', 'bhaktapur']",residential bungalow sale katunje bhaktapur,5,House,"Katunje, Bhaktapur",95000000.0
"Residential house for sale at Subha Homes, Tokha","['residential', 'house', 'sale', 'subha', 'home', 'tokha']",residential house sale subha home tokha,6,House,"Dhapasi, Kathmandu",47500000.0
Commercial house for sale in Basundhara,"['commercial', 'house', 'sale', 'basundhara']",commercial house sale basundhara,4,House,"Basundhara, Kathmandu",87500000.0
Flat system house for sale in Bhaisepati,"['flat', 'system', 'house', 'sale', 'bhaisepati']",flat system house sale bhaisepati,5,House,"Bhaisepati, Lalitpur",35000000.0
"House on sale at Narayantar, Jorpati","['house', 'sale', 'narayantar', 'jorpati']",house sale narayantar jorpati,4,House,"Narayantar, Kathmandu",53500000.0
"Newly built house on sale in Sukedhara Chowk, Kathmandu","['newly', 'built', 'house', 'sale', 'sukedhara', 'chowk', 'kathmandu']",newly built house sale sukedhara chowk kathmandu,7,House,"Sukedhara, Kathmandu",39000000.0
Residential house for sale in Ranibari,"['residential', 'house', 'sale', 'ranibari']",residential house sale ranibari,4,House,"Ranibari, Kathmandu",35000000.0
"Beautiful house for sale in Goldhunga, Hariyali","['beautiful', 'house', 'sale', 'goldhunga', 'hariyali']",beautiful house sale goldhunga hariyali,5,House,"Goldhunga, Kathmandu",25000000.0
"Magnificent house on sale in Bhisepati, Lalitpur","['magnificent', 'house', 'sale', 'bhisepati', 'lalitpur']",magnificent house sale bhisepati lalitpur,5,House,"Bhaisepati, Lalitpur",75000000.0
"Under construction house for sale in Baluwakhani, Budhanilkantha","['construction', 'house', 'sale', 'baluwakhani', 'budhanilkantha']",construction house sale baluwakhani budhanilkantha,5,House,"Baluwakhani, Kathmandu",31500000.0
"Newly built house on sale in  Kapan, Tenzingchowk","['newly', 'built', 'house', 'sale', 'kapan', 'tenzingchowk']",newly built house sale kapan tenzingchowk,6,House,"Tenzing Chowk, Kathmandu",26500000.0
"Beautiful house on sale in Sukedhara, Kathmandu","['beautiful', 'house', 'sale', 'sukedhara', 'kathmandu']",beautiful house sale sukedhara kathmandu,5,House,"Sukedhara, Kathmandu",35000000.0
Bungalow house for sale in Narayanthan,"['bungalow', 'house', 'sale', 'narayanthan']",bungalow house sale narayanthan,4,House,"Narayanthan , Kathmandu",55000000.0
Ful furnished house on sale at Rudreshwor Chowk,"['ful', 'furnished', 'house', 'sale', 'rudreshwor', 'chowk']",ful furnished house sale rudreshwor chowk,6,House,"Rudreshwor, Kathmandu",49000000.0
"Newly Built house on sale at Bafal, Kathmandu","['newly', 'built', 'house', 'sale', 'bafal', 'kathmandu']",newly built house sale bafal kathmandu,6,House,"Bafal, Kathmandu",28500000.0
"Residential house for sale at Ichangunarayan, Nagarjun","['residential', 'house', 'sale', 'ichangunarayan', 'nagarjun']",residential house sale ichangunarayan nagarjun,5,House,"Ichangu Narayan, Kathmandu",21500000.0
"House for sale at Basanti Chowk, Nagarjun","['house', 'sale', 'basanti', 'chowk', 'nagarjun']",house sale basanti chowk nagarjun,5,House,"Basanti Chowk, Kathmandu",22000000.0
"Residential house for sale at Tindhara, Nagarjun","['residential', 'house', 'sale', 'tindhara', 'nagarjun']",residential house sale tindhara nagarjun,5,House,"Tindhara, Kathmandu",22000000.0
"House for sale at Buddha Chowk, Nagarjun","['house', 'sale', 'buddha', 'chowk', 'nagarjun']",house sale buddha chowk nagarjun,5,House,"Buddha Chowk, Kathmandu",24000000.0
Beautiful residential bungalow for sale in Bansbari,"['beautiful', 'residential', 'bungalow', 'sale', 'bansbari']",beautiful residential bungalow sale bansbari,5,House,"Bansbari, Kathmandu",88000000.0
"Residential house for sale in Hattigauda, Budhanilkantha","['residential', 'house', 'sale', 'hattigauda', 'budhanilkantha']",residential house sale hattigauda budhanilkantha,5,House,"Hattigaunda, Kathmandu",36500000.0
Beautiful house on sale in Dholahiti Height,"['beautiful', 'house', 'sale', 'dholahiti', 'height']",beautiful house sale dholahiti height,5,House,"Dhapakhel, Lalitpur",27000000.0
Semi furnished houses on sale in Dholahiti Height,"['semi', 'furnished', 'house', 'sale', 'dholahiti', 'height']",semi furnished house sale dholahiti height,6,House,"Dholahiti, Lalitpur",33000000.0
"House on sale in Gwarko, Lalitpur","['house', 'sale', 'gwarko', 'lalitpur']",house sale gwarko lalitpur,4,House,"Gwarko, Lalitpur",27000000.0
"House for sale at Amarawati Awas, Chandragiri","['house', 'sale', 'amarawati', 'awas', 'chandragiri']",house sale amarawati awas chandragiri,5,House,"Matatirtha, Kathmandu",20000000.0
Residential Bungalow for sale in Imadol,"['residential', 'bungalow', 'sale', 'imadol']",residential bungalow sale imadol,4,House,"Imadol, Lalitpur",36000000.0
"House for sale in Sitapaila, Padma Colony","['house', 'sale', 'sitapaila', 'padma', 'colony']",house sale sitapaila padma colony,5,House,"Sitapaila, Kathmandu",27000000.0
"Beautiful house on sale in Lalitpur, Bhaisepati","['beautiful', 'house', 'sale', 'lalitpur', 'bhaisepati']",beautiful house sale lalitpur bhaisepati,5,House,"Bhaisepati, Lalitpur",30000000.0
"Attractive residential house on sale in Bhaisepati, Lalitpur","['attractive', 'residential', 'house', 'sale', 'bhaisepati', 'lalitpur']",attractive residential house sale bhaisepati lalitpur,6,House,"Bhaisepati, Lalitpur",51000000.0
New built house on sale in Kapan,"['new', 'built', 'house', 'sale', 'kapan']",new built house sale kapan,5,House,"Kapan, Kathmandu",29800000.0
Residential Bungalow for sale in Mahalaxmisthan,"['residential', 'bungalow', 'sale', 'mahalaxmisthan']",residential bungalow sale mahalaxmisthan,4,House,"Mahalaxmisthan, Lalitpur",130000000.0
"House on sale near Star Hotel, Budhanilkantha Height","['house', 'sale', 'near', 'star', 'hotel', 'budhanilkantha', 'height']",house sale near star hotel budhanilkantha height,7,House,"Budhanilkantha, Kathmandu",48000000.0
"Bungalow on sale in Bhaisepati, Lalitpur","['bungalow', 'sale', 'bhaisepati', 'lalitpur']",bungalow sale bhaisepati lalitpur,4,House,"Bhaisepati, Lalitpur",210000000.0
Semi furnished house on sale in Imadol,"['semi', 'furnished', 'house', 'sale', 'imadol']",semi furnished house sale imadol,5,House,"Imadol, Lalitpur",23500000.0
Flat system house for sale at Satdobato,"['flat', 'system', 'house', 'sale', 'satdobato']",flat system house sale satdobato,5,House,"Satdobato, Lalitpur",70000000.0
"Residential house for sale at Syuchatar, Kathmandu","['residential', 'house', 'sale', 'syuchatar', 'kathmandu']",residential house sale syuchatar kathmandu,5,House,"Syuchatar, Kathmandu",25000000.0
Beautiful residential house on sale in Budhanilkantha,"['beautiful', 'residential', 'house', 'sale', 'budhanilkantha']",beautiful residential house sale budhanilkantha,5,House,"Budhanilkantha, Kathmandu",115000000.0
"Residential house on sale in Bafal, Kathmandu","['residential', 'house', 'sale', 'bafal', 'kathmandu']",residential house sale bafal kathmandu,5,House,"Bafal, Kathmandu",28500000.0
"Newly built House for sale at Civil Homes, Sitapaila","['newly', 'built', 'house', 'sale', 'civil', 'home', 'sitapaila']",newly built house sale civil home sitapaila,7,House,"Sitapaila, Kathmandu",27500000.0
"Beautiful Bungalow House for sale at Padma Colony, Sitapaila","['beautiful', 'bungalow', 'house', 'sale', 'padma', 'colony', 'sitapaila']",beautiful bungalow house sale padma colony sitapaila,7,House,"Sitapaila, Kathmandu",29500000.0
House on sale at Purano Naikap,"['house', 'sale', 'purano', 'naikap']",house sale purano naikap,4,House,"Purano Naikap, Kathmandu",48000000.0
Newly built house on urgent sale at Battisputali,"['newly', 'built', 'house', 'urgent', 'sale', 'battisputali']",newly built house urgent sale battisputali,6,House,"Battisputali, Kathmandu",32000000.0
Beautiful house for sale in Sitapaila,"['beautiful', 'house', 'sale', 'sitapaila']",beautiful house sale sitapaila,4,House,"Sitapaila, Kathmandu",31500000.0
"House for sale at Buddha chowk, Thulobharyang","['house', 'sale', 'buddha', 'chowk', 'thulobharyang']",house sale buddha chowk thulobharyang,5,House,"Thulobharyang, Kathmandu",15000000.0
"House for sale at Jorpati, Gokarneshwor","['house', 'sale', 'jorpati', 'gokarneshwor']",house sale jorpati gokarneshwor,4,House,"Jorpati, Kathmandu",23000000.0
"House for sale at Nilbarahi, Madhyapur Thimi","['house', 'sale', 'nilbarahi', 'madhyapur', 'thimi']",house sale nilbarahi madhyapur thimi,5,House,"Nil Barahi Mandir, Bhaktapur",20000000.0
House for sale at Balaju Height,"['house', 'sale', 'balaju', 'height']",house sale balaju height,4,House,"Balaju, Kathmandu",57500000.0
House for sale at Ramkot,"['house', 'sale', 'ramkot']",house sale ramkot,3,House,"Sitapaila, Kathmandu",12000000.0
"Residential house on sale in Naikap, Kalanki","['residential', 'house', 'sale', 'naikap', 'kalanki']",residential house sale naikap kalanki,5,House,"Naikap, Kathmandu",20000000.0
"Attractive house for sale in Machhapokhari, Kathmandu","['attractive', 'house', 'sale', 'machhapokhari', 'kathmandu']",attractive house sale machhapokhari kathmandu,5,House,"Machhapokhari, Kathmandu",30000000.0
"Beautiful house on sale in Gothatar, Kathmandu","['beautiful', 'house', 'sale', 'gothatar', 'kathmandu']",beautiful house sale gothatar kathmandu,5,House,"Gothatar, Kathmandu",26800000.0
"Brand new duplex house is on sale at Dhapakhel, Height","['brand', 'new', 'duplex', 'house', 'sale', 'dhapakhel', 'height']",brand new duplex house sale dhapakhel height,7,House,"Dhapakhel, Lalitpur",30000000.0
"House on sale at Simaltar, Budhanilkantha","['house', 'sale', 'simaltar', 'budhanilkantha']",house sale simaltar budhanilkantha,4,House,"Simaltar, Kathmandu",95000000.0
Commercial house on sale at Pepsicola,"['commercial', 'house', 'sale', 'pepsicola']",commercial house sale pepsicola,4,House,"Pepsicola, Kathmandu",50000000.0
Residential house on sale in Mandikatar Height,"['residential', 'house', 'sale', 'mandikatar', 'height']",residential house sale mandikatar height,5,House,"Budhanilkantha, Kathmandu",53500000.0
Beautiful house for sale in Satdobato,"['beautiful', 'house', 'sale', 'satdobato']",beautiful house sale satdobato,4,House,"Satdobato, Lalitpur",26000000.0
"Newly built house on sale in Bafal, Kathmandu","['newly', 'built', 'house', 'sale', 'bafal', 'kathmandu']",newly built house sale bafal kathmandu,6,House,"Bafal, Kathmandu",24000000.0
"Semi furnished house on rent in Maharajgunj, Losal","['semi', 'furnished', 'house', 'rent', 'maharajgunj', 'losal']",semi furnished house rent maharajgunj losal,6,House,"Maharajgunj, Kathmandu",30000000.0
House for sale in land price at Budhanilkantha,"['house', 'sale', 'land', 'price', 'budhanilkantha']",house sale land price budhanilkantha,5,House,"Budhanilkantha, Kathmandu",46500000.0
Beautiful residential house for sale in Budhanilkantha,"['beautiful', 'residential', 'house', 'sale', 'budhanilkantha']",beautiful residential house sale budhanilkantha,5,House,"Budhanilkantha, Kathmandu",36000000.0
Residential house for sale at Manamaiju,"['residential', 'house', 'sale', 'manamaiju']",residential house sale manamaiju,4,House,"Manamaiju, Kathmandu",27500000.0
"Residential House for sale at Grande Housing, Dhapasi","['residential', 'house', 'sale', 'grande', 'housing', 'dhapasi']",residential house sale grande housing dhapasi,6,House,"Dhapasi, Kathmandu",42500000.0
House for sale in Balkumari,"['house', 'sale', 'balkumari']",house sale balkumari,3,House,"Balkumari, Lalitpur",42500000.0
Commercial house for rent at Maharajgunj,"['commercial', 'house', 'rent', 'maharajgunj']",commercial house rent maharajgunj,4,House,"Maharajgunj, Kathmandu",45000000.0
Residential House on sale in Kadaghari,"['residential', 'house', 'sale', 'kadaghari']",residential house sale kadaghari,4,House,"Kadaghari, Kathmandu",27000000.0
"Newly built house for sale near Grande Housing, Dhapasi","['newly', 'built', 'house', 'sale', 'near', 'grande', 'housing', 'dhapasi']",newly built house sale near grande housing dhapasi,8,House,"Dhapasi, Kathmandu",28500000.0
"House on sale near Harmony Housing, Tokha","['house', 'sale', 'near', 'harmony', 'housing', 'tokha']",house sale near harmony housing tokha,6,House,"Tokha, Kathmandu",29000000.0
"Beautiful house for sale in Kantipur Colony, Nakhipot","['beautiful', 'house', 'sale', 'kantipur', 'colony', 'nakhipot']",beautiful house sale kantipur colony nakhipot,6,House,"Nakhipot, Lalitpur",32000000.0
Colony House for sale at Goldhunga Heights,"['colony', 'house', 'sale', 'goldhunga', 'height']",colony house sale goldhunga height,5,House,"Goldhunga, Kathmandu",30000000.0
"Newly built house is on sale Italitar, Budhanilkantha","['newly', 'built', 'house', 'sale', 'italitar', 'budhanilkantha']",newly built house sale italitar budhanilkantha,6,House,"Italitar, Kathmandu",77500000.0
"Beautiful house for sale in Macchegaun, Chandragiri","['beautiful', 'house', 'sale', 'macchegaun', 'chandragiri']",beautiful house sale macchegaun chandragiri,5,House,"Machhe Gaun, Kathmandu",14000000.0
"Beautiful house on sale in Imadol, Lalitpur","['beautiful', 'house', 'sale', 'imadol', 'lalitpur']",beautiful house sale imadol lalitpur,5,House,"Imadol, Lalitpur",16500000.0
"Beautiful house on sale at Nakhipot, Lalitpur","['beautiful', 'house', 'sale', 'nakhipot', 'lalitpur']",beautiful house sale nakhipot lalitpur,5,House,"Nakhipot, Lalitpur",24000000.0
"Residential house for sale in Chapali, Bhangal","['residential', 'house', 'sale', 'chapali', 'bhangal']",residential house sale chapali bhangal,5,House,"Chapali, Kathmandu",28000000.0
"Semi furnished house on sale at Fulbari Colony, Budhanilkantha","['semi', 'furnished', 'house', 'sale', 'fulbari', 'colony', 'budhanilkantha']",semi furnished house sale fulbari colony budhanilkantha,7,House,"Phulbari Colony, Kathmandu",92000000.0
"Beautiful house on sale at Jarankhu, Kathmandu","['beautiful', 'house', 'sale', 'jarankhu', 'kathmandu']",beautiful house sale jarankhu kathmandu,5,House,"Jarankhu, Kathmandu",35000000.0
"House for sale in land price at Koteshwor, Kathmandu","['house', 'sale', 'land', 'price', 'koteshwor', 'kathmandu']",house sale land price koteshwor kathmandu,6,House,"Koteshwor, Kathmandu",27500000.0
"Bungalow house on sale at Hattigauda, Budhanilkantha","['bungalow', 'house', 'sale', 'hattigauda', 'budhanilkantha']",bungalow house sale hattigauda budhanilkantha,5,House,"Hattigaunda, Kathmandu",36500000.0
"Semi furnished house on sale in Hattigauda, Budhanilkantha","['semi', 'furnished', 'house', 'sale', 'hattigauda', 'budhanilkantha']",semi furnished house sale hattigauda budhanilkantha,6,House,"Hattigaunda, Kathmandu",45000000.0
"House for sale in Matatirtha, Chandragiri","['house', 'sale', 'matatirtha', 'chandragiri']",house sale matatirtha chandragiri,4,House,"Matatirtha, Kathmandu",20000000.0
"Attractive residential house on sale in Balkhu, Kathmandu","['attractive', 'residential', 'house', 'sale', 'balkhu', 'kathmandu']",attractive residential house sale balkhu kathmandu,6,House,"Balkhu, Kathmandu",72000000.0
"Furnished House for rent near Basketball Court, Golfutar","['furnished', 'house', 'rent', 'near', 'basketball', 'court', 'golfutar']",furnished house rent near basketball court golfutar,7,House,"Golfutar, Kathmandu",25000000.0
"House in Sale at Taukhel, Godawari ","['house', 'sale', 'taukhel', 'godawari']",house sale taukhel godawari,4,House,"Taukhel, Lalitpur",30000000.0
Fully furnished house for rent at Chhauni,"['fully', 'furnished', 'house', 'rent', 'chhauni']",fully furnished house rent chhauni,5,House,"Chhauni, Kathmandu",26000000.0
House on sale in land price at Mandikhatar,"['house', 'sale', 'land', 'price', 'mandikhatar']",house sale land price mandikhatar,5,House,"Mandikhatar, Kathmandu",18500000.0
"Bungalow For Sale At Deuba Chowk, Budhanilkantha","['bungalow', 'sale', 'deuba', 'chowk', 'budhanilkantha']",bungalow sale deuba chowk budhanilkantha,5,House,"Deuwa chowk, Kathmandu",45000000.0
"Semi Bungalow House On Sale At Hattigaunda, Budhanilkatha","['semi', 'bungalow', 'house', 'sale', 'hattigaunda', 'budhanilkatha']",semi bungalow house sale hattigaunda budhanilkatha,6,House,"Hattigaunda, Kathmandu",45000000.0
"House for sale at Nakkhu, Bhaisepati","['house', 'sale', 'nakkhu', 'bhaisepati']",house sale nakkhu bhaisepati,4,House,"Nakkhu, Lalitpur",39500000.0
"House On Sale In Shanta Colony, Hepali Height","['house', 'sale', 'shanta', 'colony', 'hepali', 'height']",house sale shanta colony hepali height,6,House,"Hepali Height, Kathmandu",45000000.0
Residential house on sale at Bhadrabas,"['residential', 'house', 'sale', 'bhadrabas']",residential house sale bhadrabas,4,House,"Bhadrabas, Kathmandu",12500000.0
Bungalow For Sale At Dhapasi Tokha,"['bungalow', 'sale', 'dhapasi', 'tokha']",bungalow sale dhapasi tokha,4,House,"Dhapasi, Kathmandu",41000000.0
"House On Sale At Manjushree marga, Bhaisepati","['house', 'sale', 'manjushree', 'marga', 'bhaisepati']",house sale manjushree marga bhaisepati,5,House,"Bhaisepati, Lalitpur",38000000.0
Semi Bungalow House On Sale At Dhapasi,"['semi', 'bungalow', 'house', 'sale', 'dhapasi']",semi bungalow house sale dhapasi,5,House,"Dhapasi, Kathmandu",37500000.0
"Bungalow On Sale At Hattigaunda, Budhanilkantha","['bungalow', 'sale', 'hattigaunda', 'budhanilkantha']",bungalow sale hattigaunda budhanilkantha,4,House,"Hattigaunda, Kathmandu",65000000.0
"Beautiful bungalow for sale in Hattiban, Lalitpur","['beautiful', 'bungalow', 'sale', 'hattiban', 'lalitpur']",beautiful bungalow sale hattiban lalitpur,5,House,"Hattiban, Lalitpur",90000000.0
Colony House for sale at Balkhu,"['colony', 'house', 'sale', 'balkhu']",colony house sale balkhu,4,House,"Balkhu, Lalitpur",24900000.000000004
"Residential house for sale in Changunarayan, Bhaktapur","['residential', 'house', 'sale', 'changunarayan', 'bhaktapur']",residential house sale changunarayan bhaktapur,5,House,"Bhaktapur, Bhaktapur",14000000.0
"Residential House on sale in Rudreshwor, Budhanilkantha","['residential', 'house', 'sale', 'rudreshwor', 'budhanilkantha']",residential house sale rudreshwor budhanilkantha,5,House,"Rudreshwor, Kathmandu",59500000.0
House for sale at Jarankhu,"['house', 'sale', 'jarankhu']",house sale jarankhu,3,House,"Jarankhu, Kathmandu",35000000.0
"House for sale at Kapan, Paiyutar","['house', 'sale', 'kapan', 'paiyutar']",house sale kapan paiyutar,4,House,"Paiyuntar, Kathmandu",30000000.0
"Residential house for sale in Budhanilkantha, Kathmandu","['residential', 'house', 'sale', 'budhanilkantha', 'kathmandu']",residential house sale budhanilkantha kathmandu,5,House,"Budhanilkantha, Kathmandu",50000000.0
"Under construction house on sale at Ganesh Chowk, Budhanilkantha","['construction', 'house', 'sale', 'ganesh', 'chowk', 'budhanilkantha']",construction house sale ganesh chowk budhanilkantha,6,House,"Ganesh Chowk, Kathmandu",45000000.0
"Beautiful house on sale at Kalimati, Kathmandu","['beautiful', 'house', 'sale', 'kalimati', 'kathmandu']",beautiful house sale kalimati kathmandu,5,House,"Kalimati, Kathmandu",82000000.0
House for sale at Kalikasthan,"['house', 'sale', 'kalikasthan']",house sale kalikasthan,3,House,"Kalikasthan, Kathmandu",25000000.0
"Newly built house on sale near Karuna Hospital, Budhanilkantha","['newly', 'built', 'house', 'sale', 'near', 'karuna', 'hospital', 'budhanilkantha']",newly built house sale near karuna hospital budhanilkantha,8,House,"Budhanilkantha, Kathmandu",29800000.0
"Beautiful house for sale in Gurjudhara, Kalanki","['beautiful', 'house', 'sale', 'gurjudhara', 'kalanki']",beautiful house sale gurjudhara kalanki,5,House,"Gurjudhara, Kathmandu",19000000.0
Flat system residential house on sale at Thulobharyang,"['flat', 'system', 'residential', 'house', 'sale', 'thulobharyang']",flat system residential house sale thulobharyang,6,House,"Thulobharyang, Kathmandu",29000000.0
"Beautiful house for sale in Bansbari, Kathmandu","['beautiful', 'house', 'sale', 'bansbari', 'kathmandu']",beautiful house sale bansbari kathmandu,5,House,"Bansbari, Kathmandu",96000000.0
"Semi bungalow house for sale at Dhapasi Height, Kathmandu","['semi', 'bungalow', 'house', 'sale', 'dhapasi', 'height', 'kathmandu']",semi bungalow house sale dhapasi height kathmandu,7,House,"Dhapasi, Kathmandu",23000000.0
Residential house for sale at Bhadrabas,"['residential', 'house', 'sale', 'bhadrabas']",residential house sale bhadrabas,4,House,"Bhadrabas, Kathmandu",12500000.0
"Residential house for sale at Bagdol, Lalitpur","['residential', 'house', 'sale', 'bagdol', 'lalitpur']",residential house sale bagdol lalitpur,5,House,"Bagdol, Lalitpur",55000000.0
Beautiful Bungalow for sale at Dhapasi Height,"['beautiful', 'bungalow', 'sale', 'dhapasi', 'height']",beautiful bungalow sale dhapasi height,5,House,"Dhapasi, Kathmandu",125000000.0
"Bungalow house for sale at Ganesh Chowk, Budhanilkantha","['bungalow', 'house', 'sale', 'ganesh', 'chowk', 'budhanilkantha']",bungalow house sale ganesh chowk budhanilkantha,6,House,"Ganesh Chowk, Kathmandu",67500000.0
"Fully furnished bungalow for sale in Bhaisepati, Lalitpur","['fully', 'furnished', 'bungalow', 'sale', 'bhaisepati', 'lalitpur']",fully furnished bungalow sale bhaisepati lalitpur,6,House,"Bhaisepati, Lalitpur",150000000.0
"Beautiful house for sale at Kapan, Kathmandu ","['beautiful', 'house', 'sale', 'kapan', 'kathmandu']",beautiful house sale kapan kathmandu,5,House,"Kapan, Kathmandu",36000000.0
"Under construction house for sale in Siddhartha Colony, Budhanilkantha","['construction', 'house', 'sale', 'siddhartha', 'colony', 'budhanilkantha']",construction house sale siddhartha colony budhanilkantha,6,House,"Siddhartha Colony, Kathmandu",35000000.0
"Semi furnished house on sale at Narayanthan, Budhanilkantha","['semi', 'furnished', 'house', 'sale', 'narayanthan', 'budhanilkantha']",semi furnished house sale narayanthan budhanilkantha,6,House,"Narayanthan , Kathmandu",42500000.0
"House on sale at Nakkhu, Bhaisepati","['house', 'sale', 'nakkhu', 'bhaisepati']",house sale nakkhu bhaisepati,4,House,"Nakkhu, Lalitpur",53000000.0
"House for sale in Mangal Colony, Bhaisepati","['house', 'sale', 'mangal', 'colony', 'bhaisepati']",house sale mangal colony bhaisepati,5,House,"Bhaisepati, Lalitpur",40000000.0
Luxurious Bungalow for sale in Bhaisepati,"['luxurious', 'bungalow', 'sale', 'bhaisepati']",luxurious bungalow sale bhaisepati,4,House,"Bhaisepati, Lalitpur",150000000.0
"Residential house for sale in Hattigauda Chowk, Budhanilkantha","['residential', 'house', 'sale', 'hattigauda', 'chowk', 'budhanilkantha']",residential house sale hattigauda chowk budhanilkantha,6,House,"Hattigaunda, Kathmandu",36500000.0
"Residential house on sale Near Medicity, Bhaisepati","['residential', 'house', 'sale', 'near', 'medicity', 'bhaisepati']",residential house sale near medicity bhaisepati,6,House,"Bhaisepati, Lalitpur",39900000.0
Newly built residential house for sale in Budhanilkantha,"['newly', 'built', 'residential', 'house', 'sale', 'budhanilkantha']",newly built residential house sale budhanilkantha,6,House,"Sundarbasti, Kathmandu",38500000.0
"Brand new semi bungalow house for sale in Sundarbasti, Budhanilkantha","['brand', 'new', 'semi', 'bungalow', 'house', 'sale', 'sundarbasti', 'budhanilkantha']",brand new semi bungalow house sale sundarbasti budhanilkantha,8,House,"Sundarbasti, Kathmandu",38500000.0
"Premium Residential house for sale in Ramkot, Sitapaila","['premium', 'residential', 'house', 'sale', 'ramkot', 'sitapaila']",premium residential house sale ramkot sitapaila,6,House,"Sitapaila, Kathmandu",67400000.0
"Beautiful house for sale in Kathmandu, Budhanilkantha","['beautiful', 'house', 'sale', 'kathmandu', 'budhanilkantha']",beautiful house sale kathmandu budhanilkantha,5,House,"Budhanilkantha, Kathmandu",110000000.0
"House for sale in Gothatar, Kathmandu","['house', 'sale', 'gothatar', 'kathmandu']",house sale gothatar kathmandu,4,House,"Gothatar, Kathmandu",14000000.0
"Residential house for sale in Ganeshthan, Gongabhu","['residential', 'house', 'sale', 'ganeshthan', 'gongabhu']",residential house sale ganeshthan gongabhu,5,House,"Gongabu, Kathmandu",31500000.0
"Bungalow for sale near Wai Wai Factory, Bhaisepati","['bungalow', 'sale', 'near', 'wai', 'wai', 'factory', 'bhaisepati']",bungalow sale near wai wai factory bhaisepati,7,House,"Bhaisepati, Lalitpur",47500000.0
"House on sale in Jarankhu, Tarkeshwor","['house', 'sale', 'jarankhu', 'tarkeshwor']",house sale jarankhu tarkeshwor,4,House,"Jarankhu, Kathmandu",25000000.0
Residential Bungalow for sale at Dhapakhel,"['residential', 'bungalow', 'sale', 'dhapakhel']",residential bungalow sale dhapakhel,4,House,"Dhapakhel, Lalitpur",18500000.0
"House for sale at Sudal, Changunarayan","['house', 'sale', 'sudal', 'changunarayan']",house sale sudal changunarayan,4,House,"Sudal, Bhaktapur",21000000.0
"Residential house for sale in Khumaltar, Lalitpur","['residential', 'house', 'sale', 'khumaltar', 'lalitpur']",residential house sale khumaltar lalitpur,5,House,"Khumaltar, Lalitpur",35000000.0
"Three houses for sale at Kantipur Colony, Nakhipot","['three', 'house', 'sale', 'kantipur', 'colony', 'nakhipot']",three house sale kantipur colony nakhipot,6,House,"Nakhipot, Lalitpur",27500000.0
"House for sale in Aarubari, Gokarneshwor","['house', 'sale', 'aarubari', 'gokarneshwor']",house sale aarubari gokarneshwor,4,House,"Aarubari, Kathmandu",19000000.0
"House for sale in Baluwa, Gokarneshwar","['house', 'sale', 'baluwa', 'gokarneshwar']",house sale baluwa gokarneshwar,4,House,"Baluwa, Kathmandu",19000000.0
"Brand new house on sale in Deuwa Chowk, Budhanilkantha","['brand', 'new', 'house', 'sale', 'deuwa', 'chowk', 'budhanilkantha']",brand new house sale deuwa chowk budhanilkantha,7,House,"Deuwa chowk, Kathmandu",52500000.0
"House for sale in Kalanki, Tinthana","['house', 'sale', 'kalanki', 'tinthana']",house sale kalanki tinthana,4,House,"Tinthana, Kathmandu",19800000.0
"Brand new bungalow for sale in Machhegaun, Kritipur","['brand', 'new', 'bungalow', 'sale', 'machhegaun', 'kritipur']",brand new bungalow sale machhegaun kritipur,6,House,"Machhegaun , Kathmandu",45000000.0
"House for sale at Imadol, Kamalpokhari","['house', 'sale', 'imadol', 'kamalpokhari']",house sale imadol kamalpokhari,4,House,"Imadol, Lalitpur",26500000.0
House for sale behind Satdobato Swimming Pool,"['house', 'sale', 'behind', 'satdobato', 'swimming', 'pool']",house sale behind satdobato swimming pool,6,House,"Satdobato, Lalitpur",45000000.0
"Non furnished house for sale in Dhungedhara, Swoyambhu","['non', 'furnished', 'house', 'sale', 'dhungedhara', 'swoyambhu']",non furnished house sale dhungedhara swoyambhu,6,House,"Swoyambhu, Kathmandu",110000000.0
"Under construction house for sale in Imadol, Lalitpur ","['construction', 'house', 'sale', 'imadol', 'lalitpur']",construction house sale imadol lalitpur,5,House,"Imadol, Lalitpur",27500000.0
Semi furnished house for sale at Sinamangal,"['semi', 'furnished', 'house', 'sale', 'sinamangal']",semi furnished house sale sinamangal,5,House,"Sinamangal, Kathmandu",45000000.0
Semi furnished house for sale in Khumaltar,"['semi', 'furnished', 'house', 'sale', 'khumaltar']",semi furnished house sale khumaltar,5,House,"Khumaltar, Lalitpur",42500000.0
"House for sale near Bhatbhateni, Radhe Radhe, Bhaktapur","['house', 'sale', 'near', 'bhatbhateni', 'radhe', 'radhe', 'bhaktapur']",house sale near bhatbhateni radhe radhe bhaktapur,7,House,"Radhe Radhe, Bhaktapur",62500000.0
"Attractive house for sale in Dhapakhel, Height","['attractive', 'house', 'sale', 'dhapakhel', 'height']",attractive house sale dhapakhel height,5,House,"Dhapakhel, Lalitpur",42000000.0
"Beautiful house for sale in Chunikhel, Budhanilkantha","['beautiful', 'house', 'sale', 'chunikhel', 'budhanilkantha']",beautiful house sale chunikhel budhanilkantha,5,House,"Chunikhel, Kathmandu",15500000.0
"Newly built house on sale in Kapan, Baluwakhani","['newly', 'built', 'house', 'sale', 'kapan', 'baluwakhani']",newly built house sale kapan baluwakhani,6,House,"Kapan, Kathmandu",33500000.0
"Beautiful house for sale in Surya Darshan Height, Tokha ","['beautiful', 'house', 'sale', 'surya', 'darshan', 'height', 'tokha']",beautiful house sale surya darshan height tokha,7,House,"SuryadaRs.han Height, Kathmandu",32500000.0
"Beautiful house for sale in Khumaltar, Dhapakhel","['beautiful', 'house', 'sale', 'khumaltar', 'dhapakhel']",beautiful house sale khumaltar dhapakhel,5,House,"Dhapakhel, Lalitpur",29000000.0
Under construction house for sale in Budhanilkantha,"['construction', 'house', 'sale', 'budhanilkantha']",construction house sale budhanilkantha,4,House,"Budhanilkantha, Kathmandu",32000000.0
"Beautiful house for sale in Kathmandu,  Budhanilkantha","['beautiful', 'house', 'sale', 'kathmandu', 'budhanilkantha']",beautiful house sale kathmandu budhanilkantha,5,House,"Budhanilkantha, Kathmandu",32500000.0
"House on Sale in Sukedhara ,Only 300 meters from Ring Road","['house', 'sale', 'sukedhara', '300', 'meter', 'ring', 'road']",house sale sukedhara 300 meter ring road,7,House,"Sukedhara, Kathmandu",49500000.0
Furnished House on sale at a gated colony of Bhaisepati,"['furnished', 'house', 'sale', 'gated', 'colony', 'bhaisepati']",furnished house sale gated colony bhaisepati,6,House,"Bhaisepati, Lalitpur",55000000.0
Booking open for newly built houses at Budhanilkantha,"['booking', 'open', 'newly', 'built', 'house', 'budhanilkantha']",booking open newly built house budhanilkantha,6,House,"Budhanilkantha, Kathmandu",42500000.0
Residential bungalow for sale at Sanepa,"['residential', 'bungalow', 'sale', 'sanepa']",residential bungalow sale sanepa,4,House,"Sanepa, Lalitpur",77500000.0
Residential house for sale in Boharatar,"['residential', 'house', 'sale', 'boharatar']",residential house sale boharatar,4,House,"Boharatar, Kathmandu",20000000.0
"Semi furnished house on sale in Budhanilkantha, Kathmandu","['semi', 'furnished', 'house', 'sale', 'budhanilkantha', 'kathmandu']",semi furnished house sale budhanilkantha kathmandu,6,House,"Budhanilkantha, Kathmandu",48000000.0
"House on sale at Gundu, Bhaktapur","['house', 'sale', 'gundu', 'bhaktapur']",house sale gundu bhaktapur,4,House,"Gundu, Bhaktapur",105000000.0
"Full furnished house for sale in Jhamsikhel, Lalitpur","['full', 'furnished', 'house', 'sale', 'jhamsikhel', 'lalitpur']",full furnished house sale jhamsikhel lalitpur,6,House,"Jhamsikhel, Lalitpur",40000000.0
"House for sale in Kusunti, Ekantakuna","['house', 'sale', 'kusunti', 'ekantakuna']",house sale kusunti ekantakuna,4,House,"Ekantakuna, Lalitpur",36000000.0
"Luxurious Villas available at Downtown Housing, Bhaisepati","['luxurious', 'villa', 'available', 'downtown', 'housing', 'bhaisepati']",luxurious villa available downtown housing bhaisepati,6,House,"Bhaisepati, Lalitpur",36500000.0
"Bungalow house for sale at Grande Villa, Tokha","['bungalow', 'house', 'sale', 'grande', 'villa', 'tokha']",bungalow house sale grande villa tokha,6,House,"Grande Villa, Kathmandu",53500000.0
Brand new residential bungalow house for sale at Budhanilkantha,"['brand', 'new', 'residential', 'bungalow', 'house', 'sale', 'budhanilkantha']",brand new residential bungalow house sale budhanilkantha,7,House,"Budhanilkantha, Kathmandu",50000000.0
"Beautiful house for sale in Budhanilkantha, Kathmandu","['beautiful', 'house', 'sale', 'budhanilkantha', 'kathmandu']",beautiful house sale budhanilkantha kathmandu,5,House,"Budhanilkantha, Kathmandu",35000000.0
"Residential house for sale in Saibu, Bhaisepati","['residential', 'house', 'sale', 'saibu', 'bhaisepati']",residential house sale saibu bhaisepati,5,House,"Sainbu, Lalitpur",30000000.0
"Residential house for sale in Pepsicola, Kathmandu","['residential', 'house', 'sale', 'pepsicola', 'kathmandu']",residential house sale pepsicola kathmandu,5,House,"Pepsicola, Kathmandu",26000000.0
Booking open for under construction house at Thankot Checkpost,"['booking', 'open', 'construction', 'house', 'thankot', 'checkpost']",booking open construction house thankot checkpost,6,House,"Thankot, Kathmandu",19500000.0
Commercial property for sale at Thamel,"['commercial', 'property', 'sale', 'thamel']",commercial property sale thamel,4,House,"Thamel, Kathmandu",130000000.0
House on sale at Sanobharyang Housing,"['house', 'sale', 'sanobharyang', 'housing']",house sale sanobharyang housing,4,House,"Sanobharyang, Kathmandu",45000000.0
Bungalow house for sale in Khusibu Townplanning,"['bungalow', 'house', 'sale', 'khusibu', 'townplanning']",bungalow house sale khusibu townplanning,5,House,"Khusibu, Kathmandu",105000000.0
Semi furnished bungalow for sale at Sukedhara,"['semi', 'furnished', 'bungalow', 'sale', 'sukedhara']",semi furnished bungalow sale sukedhara,5,House,"Sukedhara, Kathmandu",70000000.0
"House on sale in Khadpu, Dhulikhel","['house', 'sale', 'khadpu', 'dhulikhel']",house sale khadpu dhulikhel,4,House,"Khadpu, Kavrepalanchok",13500000.0
Under Construction house on sale at Thulobharyang,"['construction', 'house', 'sale', 'thulobharyang']",construction house sale thulobharyang,4,House,"Thulobharyang, Kathmandu",35000000.0
"Brand new house for sale in Imadol, Nayabasti","['brand', 'new', 'house', 'sale', 'imadol', 'nayabasti']",brand new house sale imadol nayabasti,6,House,"Imadol, Lalitpur",20500000.0
Full furnished house for sale in Thankot,"['full', 'furnished', 'house', 'sale', 'thankot']",full furnished house sale thankot,5,House,"Thankot, Kathmandu",30000000.0
"Residential house on sale in Lazimpat, Kathmandu","['residential', 'house', 'sale', 'lazimpat', 'kathmandu']",residential house sale lazimpat kathmandu,5,House,"Lazimpat, Kathmandu",22500000.0
"Beautiful house for sale in Tokha, Kathmandu","['beautiful', 'house', 'sale', 'tokha', 'kathmandu']",beautiful house sale tokha kathmandu,5,House,"Tokha, Kathmandu",24000000.0
"Residential house for sale at Ganesh Chowk, Budhanilkantha","['residential', 'house', 'sale', 'ganesh', 'chowk', 'budhanilkantha']",residential house sale ganesh chowk budhanilkantha,6,House,"Ganesh Chowk, Kathmandu",65000000.0
"Beautiful house for sale in Checkpost, Chandragiri","['beautiful', 'house', 'sale', 'checkpost', 'chandragiri']",beautiful house sale checkpost chandragiri,5,House,"Chandragiri, Kathmandu",18500000.0
Full furnished house for sale in Maharajgunj,"['full', 'furnished', 'house', 'sale', 'maharajgunj']",full furnished house sale maharajgunj,5,House,"Maharajgunj, Kathmandu",90000000.0
"Semi furnished house for sale in Khumaltar, Lalitpur","['semi', 'furnished', 'house', 'sale', 'khumaltar', 'lalitpur']",semi furnished house sale khumaltar lalitpur,6,House,"Khumaltar, Lalitpur",40000000.0
"Beautiful house for sale in Kapan, Kathmandu","['beautiful', 'house', 'sale', 'kapan', 'kathmandu']",beautiful house sale kapan kathmandu,5,House,"Kapan, Kathmandu",16000000.0
"Newly built house on sale in Bhangal, Budhanilkantha","['newly', 'built', 'house', 'sale', 'bhangal', 'budhanilkantha']",newly built house sale bhangal budhanilkantha,6,House,"Budhanilkantha, Kathmandu",39000000.0
Attractive house for sale at Bansbari,"['attractive', 'house', 'sale', 'bansbari']",attractive house sale bansbari,4,House,"Bansbari, Kathmandu",62500000.0
Beautiful old house for sale at Bansbari,"['beautiful', 'old', 'house', 'sale', 'bansbari']",beautiful old house sale bansbari,5,House,"Bansbari, Kathmandu",62500000.0
"Residential house for sale at New Plaza Road, Putalisadak","['residential', 'house', 'sale', 'new', 'plaza', 'road', 'putalisadak']",residential house sale new plaza road putalisadak,7,House,"Putalisadak, Kathmandu",85000000.0
Residential house on sale in Kalanki,"['residential', 'house', 'sale', 'kalanki']",residential house sale kalanki,4,House,"Kalanki, Kathmandu",32000000.0
"Semi furnished house for sale in Fulbari, Budhanilkantha","['semi', 'furnished', 'house', 'sale', 'fulbari', 'budhanilkantha']",semi furnished house sale fulbari budhanilkantha,6,House,"Budhanilkantha, Kathmandu",70000000.0
Bungalow house for sale at Golfutar,"['bungalow', 'house', 'sale', 'golfutar']",bungalow house sale golfutar,4,House,"Golfutar, Kathmandu",31500000.0
"House on urgent sale at Pasikot, Budhanilkantha","['house', 'urgent', 'sale', 'pasikot', 'budhanilkantha']",house urgent sale pasikot budhanilkantha,5,House,"Pasikot, Kathmandu",33000000.0
"Luxurious house for sale in Budhanilkantha, Rudreshwor","['luxurious', 'house', 'sale', 'budhanilkantha', 'rudreshwor']",luxurious house sale budhanilkantha rudreshwor,5,House,"Rudreshwor, Kathmandu",57500000.0
"House for sale near Milan Chowk, Kapan","['house', 'sale', 'near', 'milan', 'chowk', 'kapan']",house sale near milan chowk kapan,6,House,"Kapan, Kathmandu",29500000.0
Residential house for sale near Sukedhara,"['residential', 'house', 'sale', 'near', 'sukedhara']",residential house sale near sukedhara,5,House,"Sukedhara, Kathmandu",22500000.0
Bungalow for sale at Bishalnagar,"['bungalow', 'sale', 'bishalnagar']",bungalow sale bishalnagar,3,House,"Bishalnagar, Kathmandu",100000000.0
Fully furnished house for sale in Budhanilkantha,"['fully', 'furnished', 'house', 'sale', 'budhanilkantha']",fully furnished house sale budhanilkantha,5,House,"Budhanilkantha, Kathmandu",67500000.0
Modern house for sale at Pasikot,"['modern', 'house', 'sale', 'pasikot']",modern house sale pasikot,4,House,"Pasikot, Kathmandu",33500000.0
Brand new residential bungalow house on sale in Budhanilkantha,"['brand', 'new', 'residential', 'bungalow', 'house', 'sale', 'budhanilkantha']",brand new residential bungalow house sale budhanilkantha,7,House,"Budhanilkantha, Kathmandu",175000000.0
"Booking open for luxurious house at Madhuban Homes, Budhanilkantha","['booking', 'open', 'luxurious', 'house', 'madhuban', 'home', 'budhanilkantha']",booking open luxurious house madhuban home budhanilkantha,7,House,"Deuwa Niwas, Kathmandu",41500000.0
Residential house on sale at Harishiddhi,"['residential', 'house', 'sale', 'harishiddhi']",residential house sale harishiddhi,4,House,"Harisiddhi, Lalitpur",30000000.0
Residential house for sale at Nepaltar,"['residential', 'house', 'sale', 'nepaltar']",residential house sale nepaltar,4,House,"Nepaltar, Kathmandu",21000000.0
"Brand new house on sale at Checkpost, Chandragiri","['brand', 'new', 'house', 'sale', 'checkpost', 'chandragiri']",brand new house sale checkpost chandragiri,6,House,"Thankot, Kathmandu",26000000.0
House on sale at Setipakha,"['house', 'sale', 'setipakha']",house sale setipakha,3,House,"Setipakha, Lalitpur",31000000.0
"Residential house for sale near Akasedhara Petrol Pump, Ekatabasti","['residential', 'house', 'sale', 'near', 'akasedhara', 'petrol', 'pump', 'ekatabasti']",residential house sale near akasedhara petrol pump ekatabasti,8,House,"Ekatabasti, Kathmandu",16000000.0
"Residential house for sale in Budhanilkantha, Kathmandu","['residential', 'house', 'sale', 'budhanilkantha', 'kathmandu']",residential house sale budhanilkantha kathmandu,5,House,"Budhanilkantha, Kathmandu",33500000.0
Commercial house for sale at Sorhakhutte,"['commercial', 'house', 'sale', 'sorhakhutte']",commercial house sale sorhakhutte,4,House,"Sorhakhutte, Kathmandu",45000000.0
"Full furnished house on sale at Bhaisepati, Lalitpur","['full', 'furnished', 'house', 'sale', 'bhaisepati', 'lalitpur']",full furnished house sale bhaisepati lalitpur,6,House,"Bhaisepati, Lalitpur",14000000.0
"Furnished bungalow for sale at Thado Dhunga, Lalitpur","['furnished', 'bungalow', 'sale', 'thado', 'dhunga', 'lalitpur']",furnished bungalow sale thado dhunga lalitpur,6,House,"Thado Dhunga, Lalitpur",18000000.0
"Beautiful house for sale in Tempo Park, Imadol","['beautiful', 'house', 'sale', 'tempo', 'park', 'imadol']",beautiful house sale tempo park imadol,6,House,"Imadol, Lalitpur",34500000.0
"Residential house for sale near Buddha Party Palace, Imadol","['residential', 'house', 'sale', 'near', 'buddha', 'party', 'palace', 'imadol']",residential house sale near buddha party palace imadol,8,House,"Imadol, Lalitpur",14500000.0
"Residential house on sale in Budhanilkantha, Kathmandu","['residential', 'house', 'sale', 'budhanilkantha', 'kathmandu']",residential house sale budhanilkantha kathmandu,5,House,"Budhanilkantha, Kathmandu",18500000.0
"Beautiful house on sale in Nayabazar, Khusibu","['beautiful', 'house', 'sale', 'nayabazar', 'khusibu']",beautiful house sale nayabazar khusibu,5,House,"Naya Bazar, Kathmandu",77500000.0
Residential house for sale at Dahachowk,"['residential', 'house', 'sale', 'dahachowk']",residential house sale dahachowk,4,House,"Dahachowk, Kathmandu",17500000.0
"House on sale at Khadpu, Dhulikhel","['house', 'sale', 'khadpu', 'dhulikhel']",house sale khadpu dhulikhel,4,House,"Khadpu, Kavrepalanchok",14500000.0
"Semi furnished house for sale in Bhaisepati, Lalitpur","['semi', 'furnished', 'house', 'sale', 'bhaisepati', 'lalitpur']",semi furnished house sale bhaisepati lalitpur,6,House,"Bhaisepati, Lalitpur",44000000.0
"Brand new house on sale near Tempo Park, Imadol","['brand', 'new', 'house', 'sale', 'near', 'tempo', 'park', 'imadol']",brand new house sale near tempo park imadol,8,House,"Imadol, Lalitpur",36000000.0
Attractive house on sale at Budhanilkantha,"['attractive', 'house', 'sale', 'budhanilkantha']",attractive house sale budhanilkantha,4,House,"Budhanilkantha, Kathmandu",75000000.0
"Attractive house on sale in Budhanilkantha, Kathmandu","['attractive', 'house', 'sale', 'budhanilkantha', 'kathmandu']",attractive house sale budhanilkantha kathmandu,5,House,"Budhanilkantha, Kathmandu",39500000.0
"Commercial house for sale in Khichapokhari, Newroad","['commercial', 'house', 'sale', 'khichapokhari', 'newroad']",commercial house sale khichapokhari newroad,5,House,"New Road, Kathmandu",45000000.0
"Beautiful house for sale in Dhaneshwor, Banepa","['beautiful', 'house', 'sale', 'dhaneshwor', 'banepa']",beautiful house sale dhaneshwor banepa,5,House,"Banepa, Kavrepalanchok",20000000.0
"Commercial house for sale at Khichapokhari, Newroad","['commercial', 'house', 'sale', 'khichapokhari', 'newroad']",commercial house sale khichapokhari newroad,5,House,"New Road, Kathmandu",22500000.0
Semi furnished house for sale in Sitapaila,"['semi', 'furnished', 'house', 'sale', 'sitapaila']",semi furnished house sale sitapaila,5,House,"Sitapaila, Kathmandu",30000000.0
"Beautiful house for sale in Kapan, Budhanilkantha","['beautiful', 'house', 'sale', 'kapan', 'budhanilkantha']",beautiful house sale kapan budhanilkantha,5,House,"Kapan, Kathmandu",33800000.0
Brand new house for sale in Kapan Budhanilkantha,"['brand', 'new', 'house', 'sale', 'kapan', 'budhanilkantha']",brand new house sale kapan budhanilkantha,6,House,"Kapan, Kathmandu",18500000.0
"House for rent in Man Bhawan, Lalitpur","['house', 'rent', 'man', 'bhawan', 'lalitpur']",house rent man bhawan lalitpur,5,House,"Manbhawan, Lalitpur",20000000.0
Single storey house for sale at Kapan,"['single', 'storey', 'house', 'sale', 'kapan']",single storey house sale kapan,5,House,"Kapan, Kathmandu",14000000.0
"Beautiful house on sale in Kathmandu, Budhanilkantha","['beautiful', 'house', 'sale', 'kathmandu', 'budhanilkantha']",beautiful house sale kathmandu budhanilkantha,5,House,"Budhanilkantha, Kathmandu",26000000.0
"Beautiful house for sale in Gopikrishna, Chabahil","['beautiful', 'house', 'sale', 'gopikrishna', 'chabahil']",beautiful house sale gopikrishna chabahil,5,House,"Gopikrishna Hall, Kathmandu",28500000.0
"Colony House for sale at Grande Villa, Tokha","['colony', 'house', 'sale', 'grande', 'villa', 'tokha']",colony house sale grande villa tokha,6,House,"Grande Villa, Kathmandu",39000000.0
Booking open for residential house at Nakhipot,"['booking', 'open', 'residential', 'house', 'nakhipot']",booking open residential house nakhipot,5,House,"Nakhipot, Lalitpur",29000000.0
"Residential house on sale near West Wing School, Lubhu","['residential', 'house', 'sale', 'near', 'west', 'wing', 'school', 'lubhu']",residential house sale near west wing school lubhu,8,House,"Lubhu, Lalitpur",17500000.0
"Beauitiful house for sale in Budhanilkantha, Kathmandu","['beauitiful', 'house', 'sale', 'budhanilkantha', 'kathmandu']",beauitiful house sale budhanilkantha kathmandu,5,House,"Budhanilkantha, Kathmandu",33500000.0
"House for sale in Sirutar, Bhaktapur","['house', 'sale', 'sirutar', 'bhaktapur']",house sale sirutar bhaktapur,4,House,"Sirutar, Bhaktapur",26500000.0
"House on sale in Panga, Kirtipur","['house', 'sale', 'panga', 'kirtipur']",house sale panga kirtipur,4,House,"Panga, Kathmandu",27500000.0
"Attractive house for sale in Budhanilkantha, Kathmandu","['attractive', 'house', 'sale', 'budhanilkantha', 'kathmandu']",attractive house sale budhanilkantha kathmandu,5,House,"Budhanilkantha, Kathmandu",60000000.0
"House on sale behind of Civil Homes, Khumaltar","['house', 'sale', 'behind', 'civil', 'home', 'khumaltar']",house sale behind civil home khumaltar,6,House,"Khumaltar, Lalitpur",28500000.0
"House on sale near Madan Bhandari College, Anamnagar","['house', 'sale', 'near', 'madan', 'bhandari', 'college', 'anamnagar']",house sale near madan bhandari college anamnagar,7,House,"Anamnagar, Kathmandu",13000000.0
"Beautiful house on sale near Greenhill City Housing, Kageshwori","['beautiful', 'house', 'sale', 'near', 'greenhill', 'city', 'housing', 'kageshwori']",beautiful house sale near greenhill city housing kageshwori,8,House,"Greenhill City, Kathmandu",25500000.0
"House for sale in Golfutar, Budhanilkantha","['house', 'sale', 'golfutar', 'budhanilkantha']",house sale golfutar budhanilkantha,4,House,"Golfutar, Kathmandu",39000000.0
"Beautiful house for sale in Budhanilkantha, Kathmandu","['beautiful', 'house', 'sale', 'budhanilkantha', 'kathmandu']",beautiful house sale budhanilkantha kathmandu,5,House,"Budhanilkantha, Kathmandu",42500000.0
"Brand New House On Sale At Birendra Chowk, Kadaghari","['brand', 'new', 'house', 'sale', 'birendra', 'chowk', 'kadaghari']",brand new house sale birendra chowk kadaghari,7,House,"Birendra Chowk, Kathmandu",40000000.0
"Beautiful house for sale in Budhanilkantha, Kathmandu","['beautiful', 'house', 'sale', 'budhanilkantha', 'kathmandu']",beautiful house sale budhanilkantha kathmandu,5,House,"Budhanilkantha, Kathmandu",75000000.0
"Residential house for sale at Civil Homes, Khumaltar","['residential', 'house', 'sale', 'civil', 'home', 'khumaltar']",residential house sale civil home khumaltar,6,House,"Khumaltar, Lalitpur",36500000.0
"House for Sale at Jawalakhel, Lalitpur","['house', 'sale', 'jawalakhel', 'lalitpur']",house sale jawalakhel lalitpur,4,House,"Jawalakhel, Lalitpur",110000000.0
"House for sale in Jyotinagar, Budhanilkantha","['house', 'sale', 'jyotinagar', 'budhanilkantha']",house sale jyotinagar budhanilkantha,4,House,"Jyotinagar, Kathmandu",38800000.0
"House for sale at Southern Heights Housing, Thaiba","['house', 'sale', 'southern', 'height', 'housing', 'thaiba']",house sale southern height housing thaiba,6,House,"Thaiba, Lalitpur",45000000.0
"House on sale near Balkumari, Lalitpur","['house', 'sale', 'near', 'balkumari', 'lalitpur']",house sale near balkumari lalitpur,5,House,"Balkumari, Lalitpur",35000000.0
"House for sale beside LRI School, Kalanki","['house', 'sale', 'beside', 'lri', 'school', 'kalanki']",house sale beside lri school kalanki,6,House,"Kalanki, Kathmandu",24000000.0
"Semi furnished house for sale in Gokul Aawash, Bhaisepati","['semi', 'furnished', 'house', 'sale', 'gokul', 'aawash', 'bhaisepati']",semi furnished house sale gokul aawash bhaisepati,7,House,"Bhaisepati, Lalitpur",59500000.0
"Beautiful house for sale in Bhaisepati, Lalitpur","['beautiful', 'house', 'sale', 'bhaisepati', 'lalitpur']",beautiful house sale bhaisepati lalitpur,5,House,"Bhaisepati, Lalitpur",41000000.0
"House on sale near Venus Hospital, Mid Baneshwor","['house', 'sale', 'near', 'venus', 'hospital', 'mid', 'baneshwor']",house sale near venus hospital mid baneshwor,7,House,"Mid Baneshwor, Kathmandu",70000000.0
Residential bungalow for sale in Hattigauda,"['residential', 'bungalow', 'sale', 'hattigauda']",residential bungalow sale hattigauda,4,House,"Hattigaunda, Kathmandu",59000000.0
"Brand new bungalow for sale in Hepali Height, Budhanilkantha","['brand', 'new', 'bungalow', 'sale', 'hepali', 'height', 'budhanilkantha']",brand new bungalow sale hepali height budhanilkantha,7,House,"Hepali Height, Kathmandu",45500000.0
"House for sale at Nayabasti, Gokarneshwor","['house', 'sale', 'nayabasti', 'gokarneshwor']",house sale nayabasti gokarneshwor,4,House,"Naya Basti, Kathmandu",20500000.0
"House for sale in Tokha Road, Gongabu","['house', 'sale', 'tokha', 'road', 'gongabu']",house sale tokha road gongabu,5,House,"Gongabu, Kathmandu",37500000.0
"House on sale in Santa Colony, Golfutar","['house', 'sale', 'santa', 'colony', 'golfutar']",house sale santa colony golfutar,5,House,"Golfutar, Kathmandu",43500000.0
House on Sale at Manamaiju,"['house', 'sale', 'manamaiju']",house sale manamaiju,3,House,"Manamaiju, Kathmandu",32500000.0
"House on sale in Grande, Dhapasi Kathmandu","['house', 'sale', 'grande', 'dhapasi', 'kathmandu']",house sale grande dhapasi kathmandu,5,House,"Dhapasi, Kathmandu",31000000.0
"House on sale at Banasthali, Kharibot","['house', 'sale', 'banasthali', 'kharibot']",house sale banasthali kharibot,4,House,"Banasthali, Kathmandu",31000000.0
Brand new residential bungalow house for sale in Budhanilkantha,"['brand', 'new', 'residential', 'bungalow', 'house', 'sale', 'budhanilkantha']",brand new residential bungalow house sale budhanilkantha,7,House,"Budhanilkantha, Kathmandu",47500000.0
"House on sale in Manjushree Marga, Bhaisepati","['house', 'sale', 'manjushree', 'marga', 'bhaisepati']",house sale manjushree marga bhaisepati,5,House,"Manjushree Marga, Lalitpur",27500000.0
"Semi furnished house for sale in Budhanilkantha, Kathmandu","['semi', 'furnished', 'house', 'sale', 'budhanilkantha', 'kathmandu']",semi furnished house sale budhanilkantha kathmandu,6,House,"Budhanilkantha, Kathmandu",32000000.0
Beautiful house for sale in Handigaun,"['beautiful', 'house', 'sale', 'handigaun']",beautiful house sale handigaun,4,House,"Handigaun, Kathmandu",52500000.0
Comfort house on sale at Chakupat,"['comfort', 'house', 'sale', 'chakupat']",comfort house sale chakupat,4,House,"Chakupat, Lalitpur",60000000.0
"Brand new house for sale at Sundarbasti, Budhanilkantha","['brand', 'new', 'house', 'sale', 'sundarbasti', 'budhanilkantha']",brand new house sale sundarbasti budhanilkantha,6,House,"Sundarbasti, Kathmandu",24500000.0
"Newly built house for sale near Deuba Chowk, Budhanilkantha","['newly', 'built', 'house', 'sale', 'near', 'deuba', 'chowk', 'budhanilkantha']",newly built house sale near deuba chowk budhanilkantha,8,House,"Deuwa chowk, Kathmandu",70000000.0
"House on sale at Dhaulagiri Aawas, Satungal","['house', 'sale', 'dhaulagiri', 'aawas', 'satungal']",house sale dhaulagiri aawas satungal,5,House,"Satungal, Kathmandu",21500000.0
Semi furnished bungalow on sale at Hattigauda,"['semi', 'furnished', 'bungalow', 'sale', 'hattigauda']",semi furnished bungalow sale hattigauda,5,House,"Hattigaunda, Kathmandu",57500000.0
"House on sale next to Alice Restaurant, Naxal","['house', 'sale', 'next', 'alice', 'restaurant', 'naxal']",house sale next alice restaurant naxal,6,House,"Naxal, Kathmandu",82000000.0
"Atractive house for sale in Bansbari, Kathmandu","['atractive', 'house', 'sale', 'bansbari', 'kathmandu']",atractive house sale bansbari kathmandu,5,House,"Bansbari, Kathmandu",55000000.0
"Beautiful house for sale in Ram Mandir, Kapan","['beautiful', 'house', 'sale', 'ram', 'mandir', 'kapan']",beautiful house sale ram mandir kapan,6,House,"Kapan, Kathmandu",19500000.0
Newly built house for sale in Mandikhatar Faat,"['newly', 'built', 'house', 'sale', 'mandikhatar', 'faat']",newly built house sale mandikhatar faat,6,House,"Mandikhatar, Kathmandu",28500000.0
Semi furnished bungalow for sale at Bhimsengola,"['semi', 'furnished', 'bungalow', 'sale', 'bhimsengola']",semi furnished bungalow sale bhimsengola,5,House,"Bhimsengola, Kathmandu",150000000.0
"House on sale near Akshar Academy, Ghattekulo","['house', 'sale', 'near', 'akshar', 'academy', 'ghattekulo']",house sale near akshar academy ghattekulo,6,House,"Ghattekulo, Kathmandu",35000000.0
"House for sale near Akshar Academy, Ghattekulo","['house', 'sale', 'near', 'akshar', 'academy', 'ghattekulo']",house sale near akshar academy ghattekulo,6,House,"Ghattekulo, Kathmandu",65000000.0
"House for sale behind Civil Hospital, Minbhawan","['house', 'sale', 'behind', 'civil', 'hospital', 'minbhawan']",house sale behind civil hospital minbhawan,6,House,"Minbhawan, Kathmandu",35000000.0
"House on sale in near Akasedhara, Kapan","['house', 'sale', 'near', 'akasedhara', 'kapan']",house sale near akasedhara kapan,5,House,"Kapan, Kathmandu",22500000.0
Newly built bungalow for sale at Hattigauda,"['newly', 'built', 'bungalow', 'sale', 'hattigauda']",newly built bungalow sale hattigauda,5,House,"Hattigaunda, Kathmandu",67500000.0
House on sale at a gated colony of Bhaisepati,"['house', 'sale', 'gated', 'colony', 'bhaisepati']",house sale gated colony bhaisepati,5,House,"Bhaisepati, Lalitpur",43000000.0
"House for sale in Prayashnagar, Samakhushi","['house', 'sale', 'prayashnagar', 'samakhushi']",house sale prayashnagar samakhushi,4,House,"Samakhusi, Kathmandu",30500000.0
Luxurious house for sale at Budhanilkantha,"['luxurious', 'house', 'sale', 'budhanilkantha']",luxurious house sale budhanilkantha,4,House,"Budhanilkantha, Kathmandu",69000000.0
"Furnished house on sale at Bhaisepati, Lalitpur","['furnished', 'house', 'sale', 'bhaisepati', 'lalitpur']",furnished house sale bhaisepati lalitpur,5,House,"Bhaisepati, Lalitpur",40000000.0
Semi furnished beautiful house on sale in Budhanilkantha,"['semi', 'furnished', 'beautiful', 'house', 'sale', 'budhanilkantha']",semi furnished beautiful house sale budhanilkantha,6,House,"Budhanilkantha, Kathmandu",82000000.0
Brand new bungalow for sale at Budhanilkantha,"['brand', 'new', 'bungalow', 'sale', 'budhanilkantha']",brand new bungalow sale budhanilkantha,5,House,"Budhanilkantha, Kathmandu",47000000.0
New built house for sale in Budhanilkantha,"['new', 'built', 'house', 'sale', 'budhanilkantha']",new built house sale budhanilkantha,5,House,"Budhanilkantha, Kathmandu",19000000.0
"Beautiful house on sale in Panityanki, Mahankal","['beautiful', 'house', 'sale', 'panityanki', 'mahankal']",beautiful house sale panityanki mahankal,5,House,"Mahankal, Kathmandu",33500000.0
Residential house for sale at Dhumbarahi,"['residential', 'house', 'sale', 'dhumbarahi']",residential house sale dhumbarahi,4,House,"Dhumbarahi, Kathmandu",33000000.0
"House on sale near Rai School, Narayantar","['house', 'sale', 'near', 'rai', 'school', 'narayantar']",house sale near rai school narayantar,6,House,"Narayantar, Kathmandu",30000000.0
"Semi furnished house for sale in Budhanilkantha, Kathmandu","['semi', 'furnished', 'house', 'sale', 'budhanilkantha', 'kathmandu']",semi furnished house sale budhanilkantha kathmandu,6,House,"Budhanilkantha, Kathmandu",46500000.0
"House on sale in Narayantar, Kathmandu","['house', 'sale', 'narayantar', 'kathmandu']",house sale narayantar kathmandu,4,House,"Narayantar, Kathmandu",24000000.0
"House on sale at Bhairabchaur, Gokarneshwor","['house', 'sale', 'bhairabchaur', 'gokarneshwor']",house sale bhairabchaur gokarneshwor,4,House,"Bhairabchaur, Kathmandu",35000000.0
New built house on sale in Budhanilkantha,"['new', 'built', 'house', 'sale', 'budhanilkantha']",new built house sale budhanilkantha,5,House,"Budhanilkantha, Kathmandu",32000000.0
"Luxurious Houses available at Downtown Residency, Dhapakhel","['luxurious', 'house', 'available', 'downtown', 'residency', 'dhapakhel']",luxurious house available downtown residency dhapakhel,6,House,"Nagdaha, Lalitpur",33000000.0
House for sale at Sorhakhutte,"['house', 'sale', 'sorhakhutte']",house sale sorhakhutte,3,House,"Sorhakhutte, Kathmandu",47500000.0
Beautiful house on sale at Raniban,"['beautiful', 'house', 'sale', 'raniban']",beautiful house sale raniban,4,House,"Raniban, Kathmandu",28000000.0
"House on sale in Dhapasi, Kathmandu","['house', 'sale', 'dhapasi', 'kathmandu']",house sale dhapasi kathmandu,4,House,"Dhapasi, Kathmandu",37500000.0
"Beautiful house for sale in Budhanilkantha, Kathmandu","['beautiful', 'house', 'sale', 'budhanilkantha', 'kathmandu']",beautiful house sale budhanilkantha kathmandu,5,House,"Budhanilkantha, Kathmandu",29000000.0
"House on sale near Shemrock School, Gongabu","['house', 'sale', 'near', 'shemrock', 'school', 'gongabu']",house sale near shemrock school gongabu,6,House,"Gongabu, Kathmandu",37000000.0
"House on sale at Sampang Chowk, Lalitpur","['house', 'sale', 'sampang', 'chowk', 'lalitpur']",house sale sampang chowk lalitpur,5,House,"Sampang Chowk, Lalitpur",38500000.0
Brand new bungalow house for sale at Budhanilkantha,"['brand', 'new', 'bungalow', 'house', 'sale', 'budhanilkantha']",brand new bungalow house sale budhanilkantha,6,House,"Budhanilkantha, Kathmandu",47500000.0
"House on sale near Panchakanya School, Baluwatar","['house', 'sale', 'near', 'panchakanya', 'school', 'baluwatar']",house sale near panchakanya school baluwatar,6,House,"Baluwatar, Kathmandu",71500000.0
"House on sale in Ganeshchowk, Budhanilkantha","['house', 'sale', 'ganeshchowk', 'budhanilkantha']",house sale ganeshchowk budhanilkantha,4,House,"Ganesh Chowk, Kathmandu",62000000.0
"Semi bungalow house for sale in Budhanilkantha, Kathmandu","['semi', 'bungalow', 'house', 'sale', 'budhanilkantha', 'kathmandu']",semi bungalow house sale budhanilkantha kathmandu,6,House,"Budhanilkantha, Kathmandu",45000000.0
"Beautiful house on sale in Budhanilkantha, kathmandu","['beautiful', 'house', 'sale', 'budhanilkantha', 'kathmandu']",beautiful house sale budhanilkantha kathmandu,5,House,"Budhanilkantha, Kathmandu",37500000.0
"House for sale near Mediciti Hospital, Nakkhu","['house', 'sale', 'near', 'mediciti', 'hospital', 'nakkhu']",house sale near mediciti hospital nakkhu,6,House,"Nakkhu, Lalitpur",31000000.0
"Brand new house for sale in Gwarko, Lalitpur","['brand', 'new', 'house', 'sale', 'gwarko', 'lalitpur']",brand new house sale gwarko lalitpur,6,House,"Gwarko, Lalitpur",35500000.0
"House on sale near ward office, Gothatar","['house', 'sale', 'near', 'ward', 'office', 'gothatar']",house sale near ward office gothatar,6,House,"Gothatar, Kathmandu",56000000.0
House on sale at Kalimati,"['house', 'sale', 'kalimati']",house sale kalimati,3,House,"Kalimati, Kathmandu",92500000.0
"House for sale in Nalinchowk, Bhaktpur ","['house', 'sale', 'nalinchowk', 'bhaktpur']",house sale nalinchowk bhaktpur,4,House,"Nalinchwok, Bhaktapur",11000000.0
"Bungalow for sale near Euro School, Ganesh Chowk","['bungalow', 'sale', 'near', 'euro', 'school', 'ganesh', 'chowk']",bungalow sale near euro school ganesh chowk,7,House,"Ganesh Chowk, Kathmandu",70000000.0
"Residential house for sale in Grande Villa, Tokha","['residential', 'house', 'sale', 'grande', 'villa', 'tokha']",residential house sale grande villa tokha,6,House,"Grande Villa, Kathmandu",39000000.0
"Beautiful bungalow for sale in Thecho, Lalitpur","['beautiful', 'bungalow', 'sale', 'thecho', 'lalitpur']",beautiful bungalow sale thecho lalitpur,5,House,"Thecho, Lalitpur",79500000.0
"Beautiful house on sale in Kharibot, Samakhusi","['beautiful', 'house', 'sale', 'kharibot', 'samakhusi']",beautiful house sale kharibot samakhusi,5,House,"Samakhushi chowk, Kathmandu",33000000.0
"Attractive house on sale in Aakasedhara, Kapan","['attractive', 'house', 'sale', 'aakasedhara', 'kapan']",attractive house sale aakasedhara kapan,5,House,"Aakasedhara, Kathmandu",32000000.0
Brand new bungalow for sale in Dhumbarahi,"['brand', 'new', 'bungalow', 'sale', 'dhumbarahi']",brand new bungalow sale dhumbarahi,5,House,"Dhumbarahi, Kathmandu",65000000.0
"Brand new house on sale in Kharibot, Kapan","['brand', 'new', 'house', 'sale', 'kharibot', 'kapan']",brand new house sale kharibot kapan,6,House,"Kharibot, Kathmandu",23500000.0
Modern bungalow for sale in Lazimpat,"['modern', 'bungalow', 'sale', 'lazimpat']",modern bungalow sale lazimpat,4,House,"Lazimpat, Kathmandu",130000000.0
"Beautiful house for sale in Mandikhatar, Kathmandu","['beautiful', 'house', 'sale', 'mandikhatar', 'kathmandu']",beautiful house sale mandikhatar kathmandu,5,House,"Mandikhatar, Kathmandu",38800000.0
"House for sale in Ekatabasti, Jyotingar","['house', 'sale', 'ekatabasti', 'jyotingar']",house sale ekatabasti jyotingar,4,House,"Sukedhara, Kathmandu",28500000.0
"House for sale near Medicity Hospital,Lalitpur","['house', 'sale', 'near', 'medicity', 'hospitallalitpur']",house sale near medicity hospitallalitpur,5,House,"Nakkhu, Lalitpur",36000000.0
"Beautiful house for sale at Ochu Height, Imadol","['beautiful', 'house', 'sale', 'ochu', 'height', 'imadol']",beautiful house sale ochu height imadol,6,House,"Ochu Height, Lalitpur",22500000.0
Brand new house on sale at Tikathali,"['brand', 'new', 'house', 'sale', 'tikathali']",brand new house sale tikathali,5,House,"Tikathali, Lalitpur",23000000.0
Single storey house on sale at Tikathali,"['single', 'storey', 'house', 'sale', 'tikathali']",single storey house sale tikathali,5,House,"Tikathali, Lalitpur",15000000.0
Attractive house on sale at Imadol,"['attractive', 'house', 'sale', 'imadol']",attractive house sale imadol,4,House,"Imadol, Lalitpur",30000000.0
"House on sale at Mount View Residency, Hattiban","['house', 'sale', 'mount', 'view', 'residency', 'hattiban']",house sale mount view residency hattiban,6,House,"Hattiban, Lalitpur",35000000.0
Residential house for sale at Hattiban,"['residential', 'house', 'sale', 'hattiban']",residential house sale hattiban,4,House,"Hattiban, Lalitpur",25000000.0
Residential house on sale at Tikathali,"['residential', 'house', 'sale', 'tikathali']",residential house sale tikathali,4,House,"Tikathali, Lalitpur",19500000.0
Residential house for sale at Tikathali,"['residential', 'house', 'sale', 'tikathali']",residential house sale tikathali,4,House,"Tikathali, Lalitpur",19500000.0
"Beautiful house for sale in Tenzing Chowk, Kapan","['beautiful', 'house', 'sale', 'tenzing', 'chowk', 'kapan']",beautiful house sale tenzing chowk kapan,6,House,"Kapan, Kathmandu",38500000.0
"House on sale in Bulbule, Chabahil","['house', 'sale', 'bulbule', 'chabahil']",house sale bulbule chabahil,4,House,"Chabahil, Kathmandu",21500000.0
"Semi furnished house on sale in Chapali Height, Budhanilkantha","['semi', 'furnished', 'house', 'sale', 'chapali', 'height', 'budhanilkantha']",semi furnished house sale chapali height budhanilkantha,7,House,"Chapali, Kathmandu",33500000.0
Fully furnished bungalow for sale in Hattigauda,"['fully', 'furnished', 'bungalow', 'sale', 'hattigauda']",fully furnished bungalow sale hattigauda,5,House,"Hattigaunda, Kathmandu",37800000.0
Semi furnished house on sale in Budhanilkantha,"['semi', 'furnished', 'house', 'sale', 'budhanilkantha']",semi furnished house sale budhanilkantha,5,House,"Budhanilkantha, Kathmandu",26500000.0
Beautiful house on sale in Budhanilkantha,"['beautiful', 'house', 'sale', 'budhanilkantha']",beautiful house sale budhanilkantha,4,House,"Budhanilkantha, Kathmandu",37000000.0
Newly built house on sale at Lamatar,"['newly', 'built', 'house', 'sale', 'lamatar']",newly built house sale lamatar,5,House,"Lamatar, Lalitpur",12000000.0
Beautiful bungalow on sale at Bafal,"['beautiful', 'bungalow', 'sale', 'bafal']",beautiful bungalow sale bafal,4,House,"Bafal, Kathmandu",60000000.0
Semi furnished house on sale at Kadaghari,"['semi', 'furnished', 'house', 'sale', 'kadaghari']",semi furnished house sale kadaghari,5,House,"Kadaghari, Kathmandu",29000000.0
Newly built bungalow on sale at Hattigauda,"['newly', 'built', 'bungalow', 'sale', 'hattigauda']",newly built bungalow sale hattigauda,5,House,"Hattigaunda, Kathmandu",47000000.0
Residential bungalow for sale at Budhanilkantha,"['residential', 'bungalow', 'sale', 'budhanilkantha']",residential bungalow sale budhanilkantha,4,House,"Budhanilkantha, Kathmandu",82000000.0
Brand new residential house for sale in Hattigauda,"['brand', 'new', 'residential', 'house', 'sale', 'hattigauda']",brand new residential house sale hattigauda,6,House,"Hattigaunda, Kathmandu",44000000.0
"New duplex house on sale in Hattiban, Lalitpur","['new', 'duplex', 'house', 'sale', 'hattiban', 'lalitpur']",new duplex house sale hattiban lalitpur,6,House,"Hattiban, Lalitpur",39500000.0
"House on sale in Karyabinayak, Lalitpur","['house', 'sale', 'karyabinayak', 'lalitpur']",house sale karyabinayak lalitpur,4,House,"Karyabinayak, Lalitpur",35000000.0
"Semi furnished house on sale in Gwarko, Lalitpur","['semi', 'furnished', 'house', 'sale', 'gwarko', 'lalitpur']",semi furnished house sale gwarko lalitpur,6,House,"Gwarko, Lalitpur",25000000.0
House on sale in affordable price at Mulpani Chaur,"['house', 'sale', 'affordable', 'price', 'mulpani', 'chaur']",house sale affordable price mulpani chaur,6,House,"Mulpani, Kathmandu",15500000.0
Residential house for sale at Sanobharyang,"['residential', 'house', 'sale', 'sanobharyang']",residential house sale sanobharyang,4,House,"Sanobharyang, Kathmandu",39500000.0
"Semi furnished bungalow for sale in Mahatomarg, Bhaisepati","['semi', 'furnished', 'bungalow', 'sale', 'mahatomarg', 'bhaisepati']",semi furnished bungalow sale mahatomarg bhaisepati,6,House,"Bhaisepati, Lalitpur",62500000.0
"House on sale in Sipadol, Bhaktapur","['house', 'sale', 'sipadol', 'bhaktapur']",house sale sipadol bhaktapur,4,House,"Sipadol, Bhaktapur",15000000.0
"Beautiful house on sale in Kapan, Budhanilkantha","['beautiful', 'house', 'sale', 'kapan', 'budhanilkantha']",beautiful house sale kapan budhanilkantha,5,House,"Kapan, Kathmandu",24000000.0
"Duplex house for sale in Deuwa Chowk, Budhanilkantha","['duplex', 'house', 'sale', 'deuwa', 'chowk', 'budhanilkantha']",duplex house sale deuwa chowk budhanilkantha,6,House,"Deuwa chowk, Kathmandu",49500000.0
"Under construction house is on sale at Taudaha, Kirtipur","['construction', 'house', 'sale', 'taudaha', 'kirtipur']",construction house sale taudaha kirtipur,5,House,"Taudaha, Kathmandu",18000000.0
Beautiful bungalow on sale in Budhanilkantha,"['beautiful', 'bungalow', 'sale', 'budhanilkantha']",beautiful bungalow sale budhanilkantha,4,House,"Budhanilkantha, Kathmandu",45000000.0
Brand new bungalow for sale in Mandikhatar,"['brand', 'new', 'bungalow', 'sale', 'mandikhatar']",brand new bungalow sale mandikhatar,5,House,"Mandikhatar, Kathmandu",87500000.0
Brand new duplex house for sale in Dholahiti,"['brand', 'new', 'duplex', 'house', 'sale', 'dholahiti']",brand new duplex house sale dholahiti,6,House,"Dholahiti, Lalitpur",41000000.0
"Attractive house for sale in Milan Chowk, Mulpani","['attractive', 'house', 'sale', 'milan', 'chowk', 'mulpani']",attractive house sale milan chowk mulpani,6,House,"Mulpani, Kathmandu",19500000.0
"Bungalow on sale near Buddha Colony, Pasikot","['bungalow', 'sale', 'near', 'buddha', 'colony', 'pasikot']",bungalow sale near buddha colony pasikot,6,House,"Pasikot, Kathmandu",34000000.0
"House for sale in Budhanilkantha, Kathmandu","['house', 'sale', 'budhanilkantha', 'kathmandu']",house sale budhanilkantha kathmandu,4,House, undefined,34000000.0
"House for sale in Golfutar, Hepali Height","['house', 'sale', 'golfutar', 'hepali', 'height']",house sale golfutar hepali height,5,House,"Golfutar, Kathmandu",44500000.0
"House on sale in Gurjudhara, Chandragiri","['house', 'sale', 'gurjudhara', 'chandragiri']",house sale gurjudhara chandragiri,4,House,"Gurjudhara, Kathmandu",22000000.0
"Brand new house on sale near Karuna Hospital, Chunikhel","['brand', 'new', 'house', 'sale', 'near', 'karuna', 'hospital', 'chunikhel']",brand new house sale near karuna hospital chunikhel,8,House,"Chunikhel, Kathmandu",28500000.0
"Semi furnished house on sale in Manjushreemarg, Bhaisepati","['semi', 'furnished', 'house', 'sale', 'manjushreemarg', 'bhaisepati']",semi furnished house sale manjushreemarg bhaisepati,6,House,"Bhaisepati, Lalitpur",27500000.0
"Single storey house on sale in Baluwakhani, Kapan","['single', 'storey', 'house', 'sale', 'baluwakhani', 'kapan']",single storey house sale baluwakhani kapan,6,House,"Baluwakhani, Kathmandu",17000000.0
"Semi furnished house for sale in Hasantar, Nagarjun","['semi', 'furnished', 'house', 'sale', 'hasantar', 'nagarjun']",semi furnished house sale hasantar nagarjun,6,House,"Hasantar, Kathmandu",48500000.0
Brand new bungalow house for sale in Golfutar,"['brand', 'new', 'bungalow', 'house', 'sale', 'golfutar']",brand new bungalow house sale golfutar,6,House,"Golfutar, Kathmandu",65000000.0
"Furnished bungalow for sale at Mahatomarg, Bhaisepati","['furnished', 'bungalow', 'sale', 'mahatomarg', 'bhaisepati']",furnished bungalow sale mahatomarg bhaisepati,5,House,"Bhaisepati, Lalitpur",49500000.0
"Beautiful house on sale in Jyotinagar, Budhanilkantha","['beautiful', 'house', 'sale', 'jyotinagar', 'budhanilkantha']",beautiful house sale jyotinagar budhanilkantha,5,House,"Jyotinagar, Kathmandu",35000000.0
"House on sale at Baluwakhani, Kapan","['house', 'sale', 'baluwakhani', 'kapan']",house sale baluwakhani kapan,4,House,"Baluwakhani, Kathmandu",24500000.0
"Residential house for sale in Goldhunga, Kathmandu","['residential', 'house', 'sale', 'goldhunga', 'kathmandu']",residential house sale goldhunga kathmandu,5,House,"Goldhunga, Kathmandu",17000000.0
"Beautiful house for sale in Changathali, Lalitpur","['beautiful', 'house', 'sale', 'changathali', 'lalitpur']",beautiful house sale changathali lalitpur,5,House,"Changathali, Lalitpur",18500000.0
"Modern house for sale inside Manjushree Colony, Bhaisepati","['modern', 'house', 'sale', 'inside', 'manjushree', 'colony', 'bhaisepati']",modern house sale inside manjushree colony bhaisepati,7,House,"Bhaisepati, Lalitpur",25000000.0
Residential bungalow for sale at Baluwatar,"['residential', 'bungalow', 'sale', 'baluwatar']",residential bungalow sale baluwatar,4,House,"Baluwatar, Kathmandu",80000000.0
"House on sale in Nayabasti, Banepa","['house', 'sale', 'nayabasti', 'banepa']",house sale nayabasti banepa,4,House,"Nayabasti, Kavrepalanchok",18900000.0
"House for sale in Panauti, Kavre","['house', 'sale', 'panauti', 'kavre']",house sale panauti kavre,4,House,"Panauti, Kavrepalanchok",10000000.0
"Beautiful bungalow for sale in Bhangal, Budhanilkantha","['beautiful', 'bungalow', 'sale', 'bhangal', 'budhanilkantha']",beautiful bungalow sale bhangal budhanilkantha,5,House,"Bhangal , Kathmandu",35000000.0
"Bungalow for sale near Thapa Chowk, Sitapaila","['bungalow', 'sale', 'near', 'thapa', 'chowk', 'sitapaila']",bungalow sale near thapa chowk sitapaila,6,House,"Sitapaila, Kathmandu",30000000.0
"House for sale in Pingalasthan, Gaushala","['house', 'sale', 'pingalasthan', 'gaushala']",house sale pingalasthan gaushala,4,House,"Pingalasthan, Kathmandu",45000000.0
"House on sale Budhanilkantha, Kathmandu","['house', 'sale', 'budhanilkantha', 'kathmandu']",house sale budhanilkantha kathmandu,4,House,"Budhanilkantha, Kathmandu",44800000.00000001
"Modern house for sale at Rudreshwor, Budhanilkantha","['modern', 'house', 'sale', 'rudreshwor', 'budhanilkantha']",modern house sale rudreshwor budhanilkantha,5,House,"Rudreshwor, Kathmandu",35000000.0
Beautiful residential house on sale at Budhanilkantha,"['beautiful', 'residential', 'house', 'sale', 'budhanilkantha']",beautiful residential house sale budhanilkantha,5,House,"Budhanilkantha, Kathmandu",60000000.0
"Commercial house on sale in Sitapaila, Kathmandu","['commercial', 'house', 'sale', 'sitapaila', 'kathmandu']",commercial house sale sitapaila kathmandu,5,House,"Sitapaila, Kathmandu",22000000.0
"Full furnished house on sale at Syuchatar, Kathmandu","['full', 'furnished', 'house', 'sale', 'syuchatar', 'kathmandu']",full furnished house sale syuchatar kathmandu,6,House,"Syuchatar, Kathmandu",85000000.0
"House on sale at Sundarbasti, Budhanilkantha","['house', 'sale', 'sundarbasti', 'budhanilkantha']",house sale sundarbasti budhanilkantha,4,House,"Sundarbasti, Kathmandu",24900000.000000004
Brand new house for sale in Nikhileshwor,"['brand', 'new', 'house', 'sale', 'nikhileshwor']",brand new house sale nikhileshwor,5,House,"Nikhileshwor, Kathmandu",27500000.0
"Attractive house on sale near Karuna Hospital, Chunikhel","['attractive', 'house', 'sale', 'near', 'karuna', 'hospital', 'chunikhel']",attractive house sale near karuna hospital chunikhel,7,House,"Chunikhel, Kathmandu",31500000.0
"House on sale in Bhatkeko Pul, Tokha","['house', 'sale', 'bhatkeko', 'pul', 'tokha']",house sale bhatkeko pul tokha,5,House,"Tokha, Kathmandu",19000000.0
"Bungalow house for sale near Grande Hospital, Tokha","['bungalow', 'house', 'sale', 'near', 'grande', 'hospital', 'tokha']",bungalow house sale near grande hospital tokha,7,House,"Grande Hospital, Kathmandu",26000000.0
"House on sale in Jyotinagar, Ektabasti","['house', 'sale', 'jyotinagar', 'ektabasti']",house sale jyotinagar ektabasti,4,House,"Jyotinagar, Kathmandu",22500000.0
Brand new house on sale at Mandikhatar,"['brand', 'new', 'house', 'sale', 'mandikhatar']",brand new house sale mandikhatar,5,House,"Mandikhatar, Kathmandu",145000000.0
House on sale at Yetkha,"['house', 'sale', 'yetkha']",house sale yetkha,3,House,"Yetkha, Kathmandu",25000000.0
"Newly built house for Sale at Bafal, Kathmandu","['newly', 'built', 'house', 'sale', 'bafal', 'kathmandu']",newly built house sale bafal kathmandu,6,House,"Bafal, Kathmandu",27500000.0
Beautiful house on sale in Suryabinayak,"['beautiful', 'house', 'sale', 'suryabinayak']",beautiful house sale suryabinayak,4,House,"Suryabinayak, Bhaktapur",32200000.000000004
"House on sale in Mhepi, Kathmandu","['house', 'sale', 'mhepi', 'kathmandu']",house sale mhepi kathmandu,4,House,"Mhaipi, Kathmandu",35000000.0
"House for sale at Vinayek Colony, Bhaisepati","['house', 'sale', 'vinayek', 'colony', 'bhaisepati']",house sale vinayek colony bhaisepati,5,House,"Vinayak Colony, Lalitpur",51000000.0
"Attractive house on sale at Bhaisepati, Lalitpur","['attractive', 'house', 'sale', 'bhaisepati', 'lalitpur']",attractive house sale bhaisepati lalitpur,5,House,"Bhaisepati, Lalitpur",27500000.0
"Residential bungalow on sale at Dhapakhel, Kathmandu","['residential', 'bungalow', 'sale', 'dhapakhel', 'kathmandu']",residential bungalow sale dhapakhel kathmandu,5,House,"Dhapakhel, Lalitpur",40000000.0
Beautiful residential house for sale at Budhanilkantha,"['beautiful', 'residential', 'house', 'sale', 'budhanilkantha']",beautiful residential house sale budhanilkantha,5,House,"Budhanilkantha, Kathmandu",61000000.0
Brand new house for sale at Kadaghari,"['brand', 'new', 'house', 'sale', 'kadaghari']",brand new house sale kadaghari,5,House,"Kadaghari, Kathmandu",26000000.0
"Semi furnished house for sale in Syuchatar, Kalanki","['semi', 'furnished', 'house', 'sale', 'syuchatar', 'kalanki']",semi furnished house sale syuchatar kalanki,6,House,"Syuchatar, Kathmandu",39000000.0
"House on sale at Bafal, Kathmandu","['house', 'sale', 'bafal', 'kathmandu']",house sale bafal kathmandu,4,House,"Bafal, Kathmandu",28500000.0
House for sale at Makalbari,"['house', 'sale', 'makalbari']",house sale makalbari,3,House,"Makalbari, Kathmandu",19500000.0
"Residential house on sale at Imadol, Lalitpur","['residential', 'house', 'sale', 'imadol', 'lalitpur']",residential house sale imadol lalitpur,5,House,"Imadol, Lalitpur",32500000.0
"Residential house on sale at Budhanilkantha, Kathmandu","['residential', 'house', 'sale', 'budhanilkantha', 'kathmandu']",residential house sale budhanilkantha kathmandu,5,House,"Budhanilkantha, Kathmandu",15500000.0
"Beautiful house on sale near Karuna Hospital, Kapan","['beautiful', 'house', 'sale', 'near', 'karuna', 'hospital', 'kapan']",beautiful house sale near karuna hospital kapan,7,House,"Kapan, Kathmandu",28500000.0
"Newly built bungalow on sale at Tenzing Chowk, Kapan","['newly', 'built', 'bungalow', 'sale', 'tenzing', 'chowk', 'kapan']",newly built bungalow sale tenzing chowk kapan,7,House,"Tenzing Chowk, Kathmandu",65500000.0
"Attractive house on sale in Magargaun, Lalitpur","['attractive', 'house', 'sale', 'magargaun', 'lalitpur']",attractive house sale magargaun lalitpur,5,House,"Bhaisepati, Lalitpur",32000000.0
"Bungalow for sale at Siddhartha Colony, Budhanilkantha","['bungalow', 'sale', 'siddhartha', 'colony', 'budhanilkantha']",bungalow sale siddhartha colony budhanilkantha,5,House,"Siddhartha Colony, Kathmandu",125000000.0
"Attractive house on sale at Grande, Dhapasi","['attractive', 'house', 'sale', 'grande', 'dhapasi']",attractive house sale grande dhapasi,5,House,"Dhapasi, Kathmandu",36000000.0
"House on sale at Nardevi, Kathmandu","['house', 'sale', 'nardevi', 'kathmandu']",house sale nardevi kathmandu,4,House,"Nardevi, Kathmandu",18000000.0
Semi commercial house on sale at Budhanilkantha,"['semi', 'commercial', 'house', 'sale', 'budhanilkantha']",semi commercial house sale budhanilkantha,5,House,"Budhanilkantha, Kathmandu",18000000.0
"House for sale in Paiyutar, Kapan","['house', 'sale', 'paiyutar', 'kapan']",house sale paiyutar kapan,4,House,"Paiyuntar, Kathmandu",18500000.0
"Residential house on sale at Maitidevi, Kathmandu","['residential', 'house', 'sale', 'maitidevi', 'kathmandu']",residential house sale maitidevi kathmandu,5,House,"Maitidevi, Kathmandu",100000000.0
Under construction house on sale at Dhapakhel ,"['construction', 'house', 'sale', 'dhapakhel']",construction house sale dhapakhel,4,House,"Dhapakhel, Lalitpur",27000000.0
"House on sale in Changathali, Lalitpur","['house', 'sale', 'changathali', 'lalitpur']",house sale changathali lalitpur,4,House,"Changathali, Lalitpur",28500000.0
"Bungalow for sale near Kist Hospital, Imadol","['bungalow', 'sale', 'near', 'kist', 'hospital', 'imadol']",bungalow sale near kist hospital imadol,6,House,"Imadol, Lalitpur",33000000.0
Beautiful house on sale at Imadol,"['beautiful', 'house', 'sale', 'imadol']",beautiful house sale imadol,4,House,"Imadol, Lalitpur",36500000.0
Under construction house is on sale at Imadol,"['construction', 'house', 'sale', 'imadol']",construction house sale imadol,4,House,"Imadol, Lalitpur",36500000.0
" Full furnished house for sale at Vinayak Colony, Bhaisepati","['full', 'furnished', 'house', 'sale', 'vinayak', 'colony', 'bhaisepati']",full furnished house sale vinayak colony bhaisepati,7,House,"Vinayak Colony, Lalitpur",51000000.0
Brand new bungalow on sale in Balkot,"['brand', 'new', 'bungalow', 'sale', 'balkot']",brand new bungalow sale balkot,5,House,"Balkot, Bhaktapur",25000000.0
Brand new house for sale at Tikathali,"['brand', 'new', 'house', 'sale', 'tikathali']",brand new house sale tikathali,5,House,"Tikathali, Lalitpur",22000000.0
Beautiful bungalow for sale at Mandikhatar,"['beautiful', 'bungalow', 'sale', 'mandikhatar']",beautiful bungalow sale mandikhatar,4,House,"Mandikhatar, Kathmandu",120000000.0
"House for sale near Krishna Mandir, Imadol","['house', 'sale', 'near', 'krishna', 'mandir', 'imadol']",house sale near krishna mandir imadol,6,House,"Imadol, Lalitpur",23000000.0
Residential house on sale in Sanagaun,"['residential', 'house', 'sale', 'sanagaun']",residential house sale sanagaun,4,House,"Sanagaun, Lalitpur",22000000.0
"Attractive house for sale in Imadol, Sheetal Height","['attractive', 'house', 'sale', 'imadol', 'sheetal', 'height']",attractive house sale imadol sheetal height,6,House,"Imadol, Lalitpur",25000000.0
"House on sale at Cozy Homes, Imadol","['house', 'sale', 'cozy', 'home', 'imadol']",house sale cozy home imadol,5,House,"Imadol, Lalitpur",35000000.0
"House on sale in Cozy Homes, Imadol","['house', 'sale', 'cozy', 'home', 'imadol']",house sale cozy home imadol,5,House,"Imadol, Lalitpur",35000000.0
"Beautiful house for sale in Imadol, Sheetal Height","['beautiful', 'house', 'sale', 'imadol', 'sheetal', 'height']",beautiful house sale imadol sheetal height,6,House,"Imadol, Lalitpur",22000000.0
"House on sale at Imadol, Sheetal Height","['house', 'sale', 'imadol', 'sheetal', 'height']",house sale imadol sheetal height,5,House,"Imadol, Lalitpur",23000000.0
"House for sale at Imadol, Sheetal Height","['house', 'sale', 'imadol', 'sheetal', 'height']",house sale imadol sheetal height,5,House,"Imadol, Lalitpur",28500000.0
"House for sale in Imadol, Sheetal Height","['house', 'sale', 'imadol', 'sheetal', 'height']",house sale imadol sheetal height,5,House,"Imadol, Lalitpur",26000000.0
"House on sale at Balkhu, Kathmandu","['house', 'sale', 'balkhu', 'kathmandu']",house sale balkhu kathmandu,4,House,"Balkhu, Kathmandu",42500000.0
Residential house on sale at Khumaltar,"['residential', 'house', 'sale', 'khumaltar']",residential house sale khumaltar,4,House,"Khumaltar, Lalitpur",24000000.0
Beautiful house on sale at Balkhu,"['beautiful', 'house', 'sale', 'balkhu']",beautiful house sale balkhu,4,House,"Balkhu, Kathmandu",22300000.0
"House on sale in Thulo Bharyang, Kathmandu","['house', 'sale', 'thulo', 'bharyang', 'kathmandu']",house sale thulo bharyang kathmandu,5,House,"Thulobharyang, Kathmandu",100000000.0
Attractive bungalow house for sale in Mandikhatar,"['attractive', 'bungalow', 'house', 'sale', 'mandikhatar']",attractive bungalow house sale mandikhatar,5,House,"Mandikhatar, Kathmandu",27500000.0
"Beautiful house for sale in Kapan, Kharibot","['beautiful', 'house', 'sale', 'kapan', 'kharibot']",beautiful house sale kapan kharibot,5,House,"Kharibot, Kathmandu",28800000.0
Residential house for sale at Ghattekulo,"['residential', 'house', 'sale', 'ghattekulo']",residential house sale ghattekulo,4,House,"Ghattekulo, Kathmandu",25500000.0
"Villa for rent in Maharajgunj, Chakrapath","['villa', 'rent', 'maharajgunj', 'chakrapath']",villa rent maharajgunj chakrapath,4,House,"Maharajgunj, Kathmandu",25000000.0
Commercial house on sale in Pespicola,"['commercial', 'house', 'sale', 'pespicola']",commercial house sale pespicola,4,House,"Pepsicola, Kathmandu",50000000.0
House on sale in Pasikot Height,"['house', 'sale', 'pasikot', 'height']",house sale pasikot height,4,House,"Pasikot, Kathmandu",30000000.0
"House on sale at Goldhunga, Kathmandu","['house', 'sale', 'goldhunga', 'kathmandu']",house sale goldhunga kathmandu,4,House,"Goldhunga, Kathmandu",29900000.000000004
"Commercial house for sale in Ranibari, Samakhusi","['commercial', 'house', 'sale', 'ranibari', 'samakhusi']",commercial house sale ranibari samakhusi,5,House,"Samakhushi chowk, Kathmandu",45000000.0
"Beautiful house on sale in Kaushaltar, Bhaktpur","['beautiful', 'house', 'sale', 'kaushaltar', 'bhaktpur']",beautiful house sale kaushaltar bhaktpur,5,House,"Kaushaltar, Bhaktapur",10000000.0
Residential house on urgent sale in Goldhunga,"['residential', 'house', 'urgent', 'sale', 'goldhunga']",residential house urgent sale goldhunga,5,House,"Goldhunga, Kathmandu",29900000.000000004
"House on sale in Goldhunga, Purano Gujeswori","['house', 'sale', 'goldhunga', 'purano', 'gujeswori']",house sale goldhunga purano gujeswori,5,House,"Guheshwori, Kathmandu",35000000.0
Semi furnished bungalow for sale at Nakkhudole,"['semi', 'furnished', 'bungalow', 'sale', 'nakkhudole']",semi furnished bungalow sale nakkhudole,5,House,"Nakhudole, Lalitpur",40000000.0
"House on sale near Karuna Hospital, Chunikhel","['house', 'sale', 'near', 'karuna', 'hospital', 'chunikhel']",house sale near karuna hospital chunikhel,6,House,"Chunikhel, Kathmandu",13300000.0
"House on sale near Police Station, Imadol","['house', 'sale', 'near', 'police', 'station', 'imadol']",house sale near police station imadol,6,House,"Imadol, Lalitpur",19000000.0
"House for Sale near Khushi Khushi Resort, Matatirtha","['house', 'sale', 'near', 'khushi', 'khushi', 'resort', 'matatirtha']",house sale near khushi khushi resort matatirtha,7,House,"Matatirtha, Kathmandu",40000000.0
"House on sale in Dhunchepakha, Thimi","['house', 'sale', 'dhunchepakha', 'thimi']",house sale dhunchepakha thimi,4,House,"Dhunchepakha, Bhaktapur",70000000.0
"Commercial house on sale behind Patan Museum, Patan","['commercial', 'house', 'sale', 'behind', 'patan', 'museum', 'patan']",commercial house sale behind patan museum patan,7,House,"Patan, Lalitpur",18000000.0
"House for sale at Dhapasi, Grande","['house', 'sale', 'dhapasi', 'grande']",house sale dhapasi grande,4,House,"Dhapasi, Kathmandu",32500000.0
Beautiful house on sale in Budhanilkantha,"['beautiful', 'house', 'sale', 'budhanilkantha']",beautiful house sale budhanilkantha,4,House,"Budhanilkantha, Kathmandu",45000000.0
Semi commercial house for sale at Hattigauda,"['semi', 'commercial', 'house', 'sale', 'hattigauda']",semi commercial house sale hattigauda,5,House,"Hattigaunda, Kathmandu",37500000.0
"Beautiful house on sale in Baluwakhani, Kapan","['beautiful', 'house', 'sale', 'baluwakhani', 'kapan']",beautiful house sale baluwakhani kapan,5,House,"Baluwakhani, Kathmandu",34500000.0
"House on sale in Jambu Danda, Jorpati","['house', 'sale', 'jambu', 'danda', 'jorpati']",house sale jambu danda jorpati,5,House,"Jorpati, Kathmandu",14300000.0
"House on sale at Uttardhoka, Gairidhara","['house', 'sale', 'uttardhoka', 'gairidhara']",house sale uttardhoka gairidhara,4,House,"Uttardhoka, Kathmandu",65000000.0
House on sale in land price at New Buspark,"['house', 'sale', 'land', 'price', 'new', 'buspark']",house sale land price new buspark,6,House,"New Buspark, Kathmandu",85000000.0
Residential house on sale at Mitrapark,"['residential', 'house', 'sale', 'mitrapark']",residential house sale mitrapark,4,House,"Mitrapark, Kathmandu",95000000.0
House on sale at Bohoratar,"['house', 'sale', 'bohoratar']",house sale bohoratar,3,House,"Boharatar, Kathmandu",23000000.0
Bungalow house on sale at Chappal Karkhana,"['bungalow', 'house', 'sale', 'chappal', 'karkhana']",bungalow house sale chappal karkhana,5,House,"Chappal karkhana, Kathmandu",75000000.0
Residential house on sale at Sitapaila,"['residential', 'house', 'sale', 'sitapaila']",residential house sale sitapaila,4,House,"Sitapaila, Kathmandu",27500000.0
"Semi furnished house on sale in Bhaisepati, Lalitpur","['semi', 'furnished', 'house', 'sale', 'bhaisepati', 'lalitpur']",semi furnished house sale bhaisepati lalitpur,6,House,"Bhaisepati, Lalitpur",50000000.0
"House on sale in Ganeshbasti, Maharajgunj","['house', 'sale', 'ganeshbasti', 'maharajgunj']",house sale ganeshbasti maharajgunj,4,House,"Maharajgunj, Kathmandu",120000000.0
"Residential house for sale at Imadol, Sheetal Height","['residential', 'house', 'sale', 'imadol', 'sheetal', 'height']",residential house sale imadol sheetal height,6,House,"Imadol, Lalitpur",26000000.0
"Residential house on sale in Imadol, Sheetal Height","['residential', 'house', 'sale', 'imadol', 'sheetal', 'height']",residential house sale imadol sheetal height,6,House,"Imadol, Lalitpur",17500000.0
"Residential house for sale in Imadol, Sheetal Height","['residential', 'house', 'sale', 'imadol', 'sheetal', 'height']",residential house sale imadol sheetal height,6,House,"Imadol, Lalitpur",23500000.0
"House on sale in Kharibot, Dhapasi","['house', 'sale', 'kharibot', 'dhapasi']",house sale kharibot dhapasi,4,House,"Dhapasi, Kathmandu",29500000.0
New bungalow for sale in Dholahiti Heights,"['new', 'bungalow', 'sale', 'dholahiti', 'height']",new bungalow sale dholahiti height,5,House,"Dholahiti, Lalitpur",40000000.0
Newly built furnished house for sale in Jyotinagar,"['newly', 'built', 'furnished', 'house', 'sale', 'jyotinagar']",newly built furnished house sale jyotinagar,6,House,"Jyotinagar, Kathmandu",35000000.0
"Residential house for sale in Sheetal Height, Imadol","['residential', 'house', 'sale', 'sheetal', 'height', 'imadol']",residential house sale sheetal height imadol,6,House,"Imadol, Lalitpur",22500000.0
"Residential house for sale at Sheetal Height, Imadol","['residential', 'house', 'sale', 'sheetal', 'height', 'imadol']",residential house sale sheetal height imadol,6,House,"Imadol, Lalitpur",21000000.0
"House for sale at Ochu Height, Imadol","['house', 'sale', 'ochu', 'height', 'imadol']",house sale ochu height imadol,5,House,"Ochu Height, Lalitpur",22500000.0
"Residential house on sale at Sheetal Height, Imadol","['residential', 'house', 'sale', 'sheetal', 'height', 'imadol']",residential house sale sheetal height imadol,6,House,"Imadol, Lalitpur",25500000.0
"Attractive house on sale at Sundarbasti, Bhangal","['attractive', 'house', 'sale', 'sundarbasti', 'bhangal']",attractive house sale sundarbasti bhangal,5,House,"Bhangal , Kathmandu",27000000.0
"Duplex house for sale in Padma Colony, Sitapaila","['duplex', 'house', 'sale', 'padma', 'colony', 'sitapaila']",duplex house sale padma colony sitapaila,6,House,"Sitapaila, Kathmandu",29500000.0
"Bungalow for sale in Padma Colony, Sitapaila","['bungalow', 'sale', 'padma', 'colony', 'sitapaila']",bungalow sale padma colony sitapaila,5,House,"Sitapaila, Kathmandu",37500000.0
Beautiful residential house for sale in Goldhunga,"['beautiful', 'residential', 'house', 'sale', 'goldhunga']",beautiful residential house sale goldhunga,5,House,"Goldhunga, Kathmandu",20500000.0
"House on sale at Mandikhatar,Ekatabasti","['house', 'sale', 'mandikhatarekatabasti']",house sale mandikhatarekatabasti,3,House,"Mandikhatar, Kathmandu",25000000.0
Attractive house on sale in Bhaisepati,"['attractive', 'house', 'sale', 'bhaisepati']",attractive house sale bhaisepati,4,House,"Bhaisepati, Lalitpur",38000000.0
Attractive house on sale at Sitapaila,"['attractive', 'house', 'sale', 'sitapaila']",attractive house sale sitapaila,4,House,"Sitapaila, Kathmandu",47000000.0
Duplex house on sale at Imadol ,"['duplex', 'house', 'sale', 'imadol']",duplex house sale imadol,4,House,"Imadol, Lalitpur",34000000.0
"House on sale near Medical college, Attarkhel","['house', 'sale', 'near', 'medical', 'college', 'attarkhel']",house sale near medical college attarkhel,6,House,"Attarkhel, Kathmandu",30000000.0
Attractive house on sale in Syuchatar,"['attractive', 'house', 'sale', 'syuchatar']",attractive house sale syuchatar,4,House,"Syuchatar, Kathmandu",22000000.0
Newly built house for sale in Kapan,"['newly', 'built', 'house', 'sale', 'kapan']",newly built house sale kapan,5,House,"Kapan, Kathmandu",22500000.0
"Bungalow for sale at Grande Villa, Tokha","['bungalow', 'sale', 'grande', 'villa', 'tokha']",bungalow sale grande villa tokha,5,House,"Grande Villa, Kathmandu",60000000.0
"House for sale in Miteri Marg, Baneshwor","['house', 'sale', 'miteri', 'marg', 'baneshwor']",house sale miteri marg baneshwor,5,House,"Baneshwor, Kathmandu",49900000.0
"Semi furnished bungalow for sale at Bhaisepati, Lalitpur","['semi', 'furnished', 'bungalow', 'sale', 'bhaisepati', 'lalitpur']",semi furnished bungalow sale bhaisepati lalitpur,6,House,"Bhaisepati, Lalitpur",50000000.0
"Bungalow for sale in Khursanitar, Lazimpat","['bungalow', 'sale', 'khursanitar', 'lazimpat']",bungalow sale khursanitar lazimpat,4,House,"Lazimpat, Kathmandu",60000000.0
Beautiful house for sale at Budhanilkantha ,"['beautiful', 'house', 'sale', 'budhanilkantha']",beautiful house sale budhanilkantha,4,House,"Budhanilkantha, Kathmandu",62000000.0
"House on sale in Lambagar shantitol, Tarakeshwar","['house', 'sale', 'lambagar', 'shantitol', 'tarakeshwar']",house sale lambagar shantitol tarakeshwar,5,House,"Lambagar, Kathmandu",26000000.0
"Beautiful house on sale in Golfutar, Budhanilkantha","['beautiful', 'house', 'sale', 'golfutar', 'budhanilkantha']",beautiful house sale golfutar budhanilkantha,5,House, Kathmandu,27000000.0
"Beautiful residential house on sale in Baluwakhani, Kapan","['beautiful', 'residential', 'house', 'sale', 'baluwakhani', 'kapan']",beautiful residential house sale baluwakhani kapan,6,House,"Baluwakhani, Kathmandu",27500000.0
Residential house on sale in Mandikhatar,"['residential', 'house', 'sale', 'mandikhatar']",residential house sale mandikhatar,4,House,"Mandikhatar, Kathmandu",42500000.0
"House for sale near Suncity, Pepsicola","['house', 'sale', 'near', 'suncity', 'pepsicola']",house sale near suncity pepsicola,5,House,"Pepsicola, Kathmandu",32500000.0
"House on sale near Durga Mandir, Kapan","['house', 'sale', 'near', 'durga', 'mandir', 'kapan']",house sale near durga mandir kapan,6,House,"Kapan, Kathmandu",18500000.0
"Newly built house for sale at Nikhileshwor, Budhanilkantha","['newly', 'built', 'house', 'sale', 'nikhileshwor', 'budhanilkantha']",newly built house sale nikhileshwor budhanilkantha,6,House,"Nikhileshwor, Kathmandu",27500000.0
"New house on sale in Danchhi, Thali","['new', 'house', 'sale', 'danchhi', 'thali']",new house sale danchhi thali,5,House,"Danchhi, Kathmandu",12000000.0
"House For Sale At Kapan, Ram Mandir","['house', 'sale', 'kapan', 'ram', 'mandir']",house sale kapan ram mandir,5,House,"Kapan, Kathmandu",45500000.0
Beautiful house on sale in Dhapasi,"['beautiful', 'house', 'sale', 'dhapasi']",beautiful house sale dhapasi,4,House,"Dhapasi, Kathmandu",47000000.0
"Residential house for sale in Bhaisepati, Lalitpur","['residential', 'house', 'sale', 'bhaisepati', 'lalitpur']",residential house sale bhaisepati lalitpur,5,House,"Bhaisepati, Lalitpur",90000000.0
"New bungalow on sale in Bhaisepati, Lalitpur","['new', 'bungalow', 'sale', 'bhaisepati', 'lalitpur']",new bungalow sale bhaisepati lalitpur,5,House,"Bhaisepati, Lalitpur",45000000.0
"Beautiful house on sale in Mandikhatar, Kapan","['beautiful', 'house', 'sale', 'mandikhatar', 'kapan']",beautiful house sale mandikhatar kapan,5,House,"Mandikhatar, Kathmandu",26500000.0
"House on sale in Mandikhatar, Kathmandu","['house', 'sale', 'mandikhatar', 'kathmandu']",house sale mandikhatar kathmandu,4,House,"Mandikhatar, Kathmandu",38500000.0
Newly built house for sale in Imadol,"['newly', 'built', 'house', 'sale', 'imadol']",newly built house sale imadol,5,House,"Imadol, Lalitpur",24500000.0
"House on sale in Hepali height, Budhanilkantha","['house', 'sale', 'hepali', 'height', 'budhanilkantha']",house sale hepali height budhanilkantha,5,House,"Hepali Height, Kathmandu",33500000.0
House on sale at Pepsicola Townplanning,"['house', 'sale', 'pepsicola', 'townplanning']",house sale pepsicola townplanning,4,House,"Pepsicola, Kathmandu",67500000.0
"Brand new house for sale in Gokul Awas, Bhaisepati","['brand', 'new', 'house', 'sale', 'gokul', 'awas', 'bhaisepati']",brand new house sale gokul awas bhaisepati,7,House,"Bhaisepati, Lalitpur",40000000.0
Beautiful bungalow for sale in Khumaltar,"['beautiful', 'bungalow', 'sale', 'khumaltar']",beautiful bungalow sale khumaltar,4,House,"Khumaltar, Lalitpur",39000000.0
"House on sale in Raniban, Tindhara","['house', 'sale', 'raniban', 'tindhara']",house sale raniban tindhara,4,House,"Raniban, Kathmandu",31000000.0
"Beautiful house on sale in Kusunti, Lalitpur","['beautiful', 'house', 'sale', 'kusunti', 'lalitpur']",beautiful house sale kusunti lalitpur,5,House,"Kusunti, Lalitpur",40000000.0
Bungalow for sale at Golfutar Height,"['bungalow', 'sale', 'golfutar', 'height']",bungalow sale golfutar height,4,House,"Golfutar, Kathmandu",125000000.0
Brand new house on sale in Sanobharyang,"['brand', 'new', 'house', 'sale', 'sanobharyang']",brand new house sale sanobharyang,5,House,"Sanobharyang, Kathmandu",36000000.0
"House for sale in Akashedhara, Kapan","['house', 'sale', 'akashedhara', 'kapan']",house sale akashedhara kapan,4,House,"Aakasedhara, Kathmandu",31500000.0
Brand new Duplex house for sale in Hattiban,"['brand', 'new', 'duplex', 'house', 'sale', 'hattiban']",brand new duplex house sale hattiban,6,House,"Hattiban, Lalitpur",40000000.0
Brand new full furnished bungalow for sale in Bhangal,"['brand', 'new', 'full', 'furnished', 'bungalow', 'sale', 'bhangal']",brand new full furnished bungalow sale bhangal,7,House,"Bhangal , Kathmandu",32000000.0
"House on sale near Sherpa Petrol Pump, Tokha","['house', 'sale', 'near', 'sherpa', 'petrol', 'pump', 'tokha']",house sale near sherpa petrol pump tokha,7,House,"Tokha, Kathmandu",10000000.0
"House on sale in Dharmasthali, Chisapani","['house', 'sale', 'dharmasthali', 'chisapani']",house sale dharmasthali chisapani,4,House,"Dharmasthali, Kathmandu",26500000.0
"Beautiful house on sale in Bhaisepati, Lalitpur","['beautiful', 'house', 'sale', 'bhaisepati', 'lalitpur']",beautiful house sale bhaisepati lalitpur,5,House,"Bhaisepati, Lalitpur",45000000.0
"House on sale in Golfutar, Budhanilkantha","['house', 'sale', 'golfutar', 'budhanilkantha']",house sale golfutar budhanilkantha,4,House,"Golfutar, Kathmandu",32500000.0
Full furnished house for sale in Sitapaila,"['full', 'furnished', 'house', 'sale', 'sitapaila']",full furnished house sale sitapaila,5,House,"Sitapaila, Kathmandu",14000000.0
Residential house for sale at Manbhawan,"['residential', 'house', 'sale', 'manbhawan']",residential house sale manbhawan,4,House,"Manbhawan, Lalitpur",62000000.0
New house on sale at kapan,"['new', 'house', 'sale', 'kapan']",new house sale kapan,4,House,"Kapan, Kathmandu",13500000.0
"House on sale at Budhanilkantha, kathamandu","['house', 'sale', 'budhanilkantha', 'kathamandu']",house sale budhanilkantha kathamandu,4,House,"Budhanilkantha, Kathmandu",36000000.0
"Commercial house on sale at Macchapokhari, Gunastarphat","['commercial', 'house', 'sale', 'macchapokhari', 'gunastarphat']",commercial house sale macchapokhari gunastarphat,5,House,"Machhapokhari, Kathmandu",33500000.0
"House for sale at Basantapur, Yetkha","['house', 'sale', 'basantapur', 'yetkha']",house sale basantapur yetkha,4,House,"Yetkha, Kathmandu",32000000.0
Luxurious bungalow for sale at Sitapaila,"['luxurious', 'bungalow', 'sale', 'sitapaila']",luxurious bungalow sale sitapaila,4,House,"Sitapaila, Kathmandu",65000000.0
"Bungalow for sale in Budhanilkantha, Pasikot","['bungalow', 'sale', 'budhanilkantha', 'pasikot']",bungalow sale budhanilkantha pasikot,4,House,"Pasikot, Kathmandu",45000000.0
"House for sale at Dhapasi, Tokha","['house', 'sale', 'dhapasi', 'tokha']",house sale dhapasi tokha,4,House,"Dhapasi, Kathmandu",58000000.0
Brand new house on sale at Gothatar Height,"['brand', 'new', 'house', 'sale', 'gothatar', 'height']",brand new house sale gothatar height,6,House,"Gothatar, Kathmandu",24000000.0
"House on sale at Gaurighat,Chabahil","['house', 'sale', 'gaurighatchabahil']",house sale gaurighatchabahil,3,House,"Gaurighat, Kathmandu",50000000.0
"Bungalow house on sale in Bhangal, Budhanilkantha","['bungalow', 'house', 'sale', 'bhangal', 'budhanilkantha']",bungalow house sale bhangal budhanilkantha,5,House,"Bhangal , Kathmandu",65000000.0
Newly built house for sale at Nakhipot,"['newly', 'built', 'house', 'sale', 'nakhipot']",newly built house sale nakhipot,5,House,"Nakhipot, Lalitpur",36000000.0
"Newly built house on sale in Baluwakhani, Kapan","['newly', 'built', 'house', 'sale', 'baluwakhani', 'kapan']",newly built house sale baluwakhani kapan,6,House,"Baluwakhani, Kathmandu",22500000.0
Commercial house for sale in Galkopakha,"['commercial', 'house', 'sale', 'galkopakha']",commercial house sale galkopakha,4,House,"Galkopakha, Kathmandu",11000000.0
"House on sale at Imadol, Shikhar Tole","['house', 'sale', 'imadol', 'shikhar', 'tole']",house sale imadol shikhar tole,5,House,"Imadol, Lalitpur",21000000.0
Luxurious bungalow house for sale at Budhanilkantha,"['luxurious', 'bungalow', 'house', 'sale', 'budhanilkantha']",luxurious bungalow house sale budhanilkantha,5,House,"Budhanilkantha, Kathmandu",105000000.0
"Newly built house for sale near Park Village Resort, Budhanilkantha","['newly', 'built', 'house', 'sale', 'near', 'park', 'village', 'resort', 'budhanilkantha']",newly built house sale near park village resort budhanilkantha,9,House,"Budhanilkantha, Kathmandu",46000000.0
Bungalow house for sale in Ekatabasti,"['bungalow', 'house', 'sale', 'ekatabasti']",bungalow house sale ekatabasti,4,House,"Ekatabasti, Kathmandu",36000000.0
"Semi bungalow for sale in Budhanilkantha,Mandikhatar faat","['semi', 'bungalow', 'sale', 'budhanilkanthamandikhatar', 'faat']",semi bungalow sale budhanilkanthamandikhatar faat,5,House,"Mandikhatar, Kathmandu",34500000.0
Beautiful house for sale in Dhapasi,"['beautiful', 'house', 'sale', 'dhapasi']",beautiful house sale dhapasi,4,House,"Dhapasi, Kathmandu",44000000.0
Residential house for sale in Lolang,"['residential', 'house', 'sale', 'lolang']",residential house sale lolang,4,House,"Lolang, Kathmandu",13799999.999999998
Modern house for sale at Ekatabasti,"['modern', 'house', 'sale', 'ekatabasti']",modern house sale ekatabasti,4,House,"Ekatabasti, Kathmandu",18500000.0
"Bungalow for sale near Nepal Rastra Bank, Baluwatar","['bungalow', 'sale', 'near', 'nepal', 'rastra', 'bank', 'baluwatar']",bungalow sale near nepal rastra bank baluwatar,7,House,"Baluwatar, Kathmandu",80000000.0
"House for sale at Radhe Radhe, Bhaktapur","['house', 'sale', 'radhe', 'radhe', 'bhaktapur']",house sale radhe radhe bhaktapur,5,House,"Radhe Radhe, Bhaktapur",24000000.0
"Beautiful house for sale at Deuba Chowk, Budhanilkantha","['beautiful', 'house', 'sale', 'deuba', 'chowk', 'budhanilkantha']",beautiful house sale deuba chowk budhanilkantha,6,House,"Deuwa chowk, Kathmandu",24000000.0
"Brand new bungalow for sale at Sundarbasti, Bhangal","['brand', 'new', 'bungalow', 'sale', 'sundarbasti', 'bhangal']",brand new bungalow sale sundarbasti bhangal,6,House,"Bhangal , Kathmandu",37500000.0
Newly built house for sale in Bhangal,"['newly', 'built', 'house', 'sale', 'bhangal']",newly built house sale bhangal,5,House,"Bhangal , Kathmandu",29500000.0
Brand new furnished house for sale near Mandikhatar,"['brand', 'new', 'furnished', 'house', 'sale', 'near', 'mandikhatar']",brand new furnished house sale near mandikhatar,7,House,"Mandikhatar, Kathmandu",37800000.0
"Brand new house for sale near Harhar Mahadev, Kandaghari","['brand', 'new', 'house', 'sale', 'near', 'harhar', 'mahadev', 'kandaghari']",brand new house sale near harhar mahadev kandaghari,8,House,"Pepsicola, Kathmandu",24000000.0
Residential house for sale at Kapan Height,"['residential', 'house', 'sale', 'kapan', 'height']",residential house sale kapan height,5,House,"Kapan, Kathmandu",26500000.0
"House on sale at near Karuna�Hospital,  Kapan","['house', 'sale', 'near', 'karunahospital', 'kapan']",house sale near karunahospital kapan,5,House,"Kapan, Kathmandu",16800000.0
Beautiful residential house for sale in Sitapaila,"['beautiful', 'residential', 'house', 'sale', 'sitapaila']",beautiful residential house sale sitapaila,5,House,"Sitapaila, Kathmandu",15000000.0
"New house for sale near HAMS Hospital, Mandikhatar","['new', 'house', 'sale', 'near', 'ham', 'hospital', 'mandikhatar']",new house sale near ham hospital mandikhatar,7,House,"Mandikhatar, Kathmandu",27500000.0
Newly built house for sale in Balkot,"['newly', 'built', 'house', 'sale', 'balkot']",newly built house sale balkot,5,House,"Balkot, Bhaktapur",28000000.0
Residential house for sale at Gothatar,"['residential', 'house', 'sale', 'gothatar']",residential house sale gothatar,4,House,"Gothatar, Kathmandu",22500000.0
"House for sale in Narephant, Koteshwor","['house', 'sale', 'narephant', 'koteshwor']",house sale narephant koteshwor,4,House,"Narephat, Kathmandu",31500000.0
House for sale in Thamel,"['house', 'sale', 'thamel']",house sale thamel,3,House,"Thamel, Kathmandu",55000000.0
Modern house for sale at Kusunti,"['modern', 'house', 'sale', 'kusunti']",modern house sale kusunti,4,House,"Kusunti, Lalitpur",110000000.0
"House for sale near Real Banquet, Bafal","['house', 'sale', 'near', 'real', 'banquet', 'bafal']",house sale near real banquet bafal,6,House,"Bafal, Kathmandu",36500000.0
"House for sale at Sipadol, Bhaktapur","['house', 'sale', 'sipadol', 'bhaktapur']",house sale sipadol bhaktapur,4,House,"Sipadol, Bhaktapur",15000000.0
Brand new bungalow on sale at Budhanilkantha,"['brand', 'new', 'bungalow', 'sale', 'budhanilkantha']",brand new bungalow sale budhanilkantha,5,House,"Budhanilkantha, Kathmandu",50000000.0
"Newly built house for sale at Ganesh Chowk, Hattigauda","['newly', 'built', 'house', 'sale', 'ganesh', 'chowk', 'hattigauda']",newly built house sale ganesh chowk hattigauda,7,House,"Ganesh Chowk, Kathmandu",35000000.0
"Brand new house for sale near Chunikhel, Kapan","['brand', 'new', 'house', 'sale', 'near', 'chunikhel', 'kapan']",brand new house sale near chunikhel kapan,7,House,"Chunikhel, Kathmandu",28000000.0
Residential house for sale in Baluwatar,"['residential', 'house', 'sale', 'baluwatar']",residential house sale baluwatar,4,House,"Baluwatar, Kathmandu",35000000.0
"House on sale at Mhaipi, Kathmandu","['house', 'sale', 'mhaipi', 'kathmandu']",house sale mhaipi kathmandu,4,House,"Mhaipi, Kathmandu",33000000.0
"House on sale in Tikathali, Mahalaxmi","['house', 'sale', 'tikathali', 'mahalaxmi']",house sale tikathali mahalaxmi,4,House,"Tikathali, Lalitpur",22000000.0
"New house on sale at Imadol, Lalitpur","['new', 'house', 'sale', 'imadol', 'lalitpur']",new house sale imadol lalitpur,5,House,"Imadol, Lalitpur",28500000.0
"Beautiful house for sale in Ekatabasti, Kapan","['beautiful', 'house', 'sale', 'ekatabasti', 'kapan']",beautiful house sale ekatabasti kapan,5,House,"Ekatabasti, Kathmandu",17000000.0
"Newly built house for sale near Buddha Colony, Budhanilkantha","['newly', 'built', 'house', 'sale', 'near', 'buddha', 'colony', 'budhanilkantha']",newly built house sale near buddha colony budhanilkantha,8,House,"Budhanilkantha, Kathmandu",36000000.0
"House for sale in Grande, Dhapasi","['house', 'sale', 'grande', 'dhapasi']",house sale grande dhapasi,4,House,"Dhapasi, Kathmandu",21000000.0
"Brand new house for sale in Harisiddhi, Lalitpur ","['brand', 'new', 'house', 'sale', 'harisiddhi', 'lalitpur']",brand new house sale harisiddhi lalitpur,6,House,"Harisiddhi, Lalitpur",23500000.0
"House for sale in Budhanilkantha, Rudreshwor","['house', 'sale', 'budhanilkantha', 'rudreshwor']",house sale budhanilkantha rudreshwor,4,House,"Rudreshwor, Kathmandu",68000000.0
Beautiful house for sale in Nakkhu,"['beautiful', 'house', 'sale', 'nakkhu']",beautiful house sale nakkhu,4,House,"Nakkhu, Lalitpur",64000000.0
"House on sale at Thapathali, Kathmandu","['house', 'sale', 'thapathali', 'kathmandu']",house sale thapathali kathmandu,4,House,"Thapathali, Kathmandu",60000000.0
"House for sale in Maijubahal, Chabahil","['house', 'sale', 'maijubahal', 'chabahil']",house sale maijubahal chabahil,4,House,"Maijubahal, Kathmandu",35000000.0
Fully furnished bungalow for sale in Samakhusi,"['fully', 'furnished', 'bungalow', 'sale', 'samakhusi']",fully furnished bungalow sale samakhusi,5,House,"Samakhusi, Kathmandu",32500000.0
Brand new bungalow for sale in Budhanilkantha,"['brand', 'new', 'bungalow', 'sale', 'budhanilkantha']",brand new bungalow sale budhanilkantha,5,House,"Budhanilkantha, Kathmandu",40000000.0
"House for sale at Budhanilkantha, Kathmandu","['house', 'sale', 'budhanilkantha', 'kathmandu']",house sale budhanilkantha kathmandu,4,House,"Budhanilkantha, Kathmandu",105000000.0
"New House on sale at Kantipur Colony, Kunsunti","['new', 'house', 'sale', 'kantipur', 'colony', 'kunsunti']",new house sale kantipur colony kunsunti,6,House,"Kusunti, Lalitpur",24000000.0
Brand new house for sale in Dhapakhel,"['brand', 'new', 'house', 'sale', 'dhapakhel']",brand new house sale dhapakhel,5,House,"Dhapakhel, Lalitpur",19000000.0
"House on sale in Sundarbasti, Bhangal","['house', 'sale', 'sundarbasti', 'bhangal']",house sale sundarbasti bhangal,4,House,"Sundarbasti, Kathmandu",25500000.0
Beautiful house for sale near Chandragiri Cable Car,"['beautiful', 'house', 'sale', 'near', 'chandragiri', 'cable', 'car']",beautiful house sale near chandragiri cable car,7,House,"Chandragiri, Kathmandu",40000000.0
"House on sale at Kapan, Baluwakhani","['house', 'sale', 'kapan', 'baluwakhani']",house sale kapan baluwakhani,4,House,"Baluwakhani, Kathmandu",19500000.0
"House for sale in Bashundhara, Kathmandu","['house', 'sale', 'bashundhara', 'kathmandu']",house sale bashundhara kathmandu,4,House,"Basundhara, Kathmandu",35000000.0
Brand new residential house for sale near Thankot Checkpost,"['brand', 'new', 'residential', 'house', 'sale', 'near', 'thankot', 'checkpost']",brand new residential house sale near thankot checkpost,8,House,"Thankot, Kathmandu",16000000.0
"House on sale at Sital height, Imadol","['house', 'sale', 'sital', 'height', 'imadol']",house sale sital height imadol,5,House,"Imadol, Lalitpur",27500000.0
"Bungalow for sale in Wasik, Budhanilkantha","['bungalow', 'sale', 'wasik', 'budhanilkantha']",bungalow sale wasik budhanilkantha,4,House,"Wasik, Kathmandu",37500000.0
"House for sale in Khumaltar, Icimod","['house', 'sale', 'khumaltar', 'icimod']",house sale khumaltar icimod,4,House,"Khumaltar, Lalitpur",31000000.0
Duplex system house for sale in Koteshwor,"['duplex', 'system', 'house', 'sale', 'koteshwor']",duplex system house sale koteshwor,5,House,"Koteshwor, Kathmandu",45000000.0
"House for sale near Gautam Buddha International Cricket Stadium, Bharatpur, Chitwan","['house', 'sale', 'near', 'gautam', 'buddha', 'international', 'cricket', 'stadium', 'bharatpur', 'chitwan']",house sale near gautam buddha international cricket stadium bharatpur chitwan,10,House,"Bharatpur, Chitwan",17000000.0
"House for sale inside Singapore Colony, Gongabu","['house', 'sale', 'inside', 'singapore', 'colony', 'gongabu']",house sale inside singapore colony gongabu,6,House,"Gongabu, Kathmandu",51500000.0
Bungalow house for sale near Budhanilkantha Chowk,"['bungalow', 'house', 'sale', 'near', 'budhanilkantha', 'chowk']",bungalow house sale near budhanilkantha chowk,6,House,"Budhanilkantha, Kathmandu",35000000.0
Beautiful house on sale at Budhanilkantha ,"['beautiful', 'house', 'sale', 'budhanilkantha']",beautiful house sale budhanilkantha,4,House,"Budhanilkantha, Kathmandu",37500000.0
"Brand new house for sale at Ochu Height, Imadol","['brand', 'new', 'house', 'sale', 'ochu', 'height', 'imadol']",brand new house sale ochu height imadol,7,House,"Ochu Height, Lalitpur",23000000.0
"Brand new house for sale near HAMS Hosptal, Mandikhatar","['brand', 'new', 'house', 'sale', 'near', 'ham', 'hosptal', 'mandikhatar']",brand new house sale near ham hosptal mandikhatar,8,House,"Mandikhatar, Kathmandu",39500000.0
Brand new house for sale in Thankot,"['brand', 'new', 'house', 'sale', 'thankot']",brand new house sale thankot,5,House,"Thankot, Kathmandu",21000000.0
Beautiful house for sale in Imadol,"['beautiful', 'house', 'sale', 'imadol']",beautiful house sale imadol,4,House,"Imadol, Lalitpur",70000000.0
" Residential house on sale at Bhaisepati, Lalitpur","['residential', 'house', 'sale', 'bhaisepati', 'lalitpur']",residential house sale bhaisepati lalitpur,5,House,"Bhaisepati, Lalitpur",38000000.0
"House for sale in Makalbari, Gokarneshwor","['house', 'sale', 'makalbari', 'gokarneshwor']",house sale makalbari gokarneshwor,4,House,"Makalbari, Kathmandu",31000000.0
House for sale at Imadol,"['house', 'sale', 'imadol']",house sale imadol,3,House,"Imadol, Lalitpur",24000000.0
"Residential house for sale in Changathali, Lalitpur","['residential', 'house', 'sale', 'changathali', 'lalitpur']",residential house sale changathali lalitpur,5,House,"Changathali, Lalitpur",15000000.0
House for sale at Pepsicola Townplanning,"['house', 'sale', 'pepsicola', 'townplanning']",house sale pepsicola townplanning,4,House,"Pepsicola, Kathmandu",24000000.0
Fully furnished bungalow for sale in Banasthali,"['fully', 'furnished', 'bungalow', 'sale', 'banasthali']",fully furnished bungalow sale banasthali,5,House,"Banasthali, Kathmandu",70000000.0
"House on sale at Kantipur Colony, Lalitpur","['house', 'sale', 'kantipur', 'colony', 'lalitpur']",house sale kantipur colony lalitpur,5,House,"Kusunti, Lalitpur",27500000.0
House on Sale at Soltidobato,"['house', 'sale', 'soltidobato']",house sale soltidobato,3,House,"Soltidobato, Kathmandu",30000000.0
Bungalow for sale in Boharatar,"['bungalow', 'sale', 'boharatar']",bungalow sale boharatar,3,House,"Boharatar, Kathmandu",48500000.0
"House on sale in Kapan, Ekatabasti","['house', 'sale', 'kapan', 'ekatabasti']",house sale kapan ekatabasti,4,House,"Ekatabasti, Kathmandu",36500000.0
Bungalow for sale at Hepali Height,"['bungalow', 'sale', 'hepali', 'height']",bungalow sale hepali height,4,House,"Hepali Height, Kathmandu",30000000.0
Residential house for sale in Baniyatar,"['residential', 'house', 'sale', 'baniyatar']",residential house sale baniyatar,4,House,"Baniyatar, Kathmandu",37500000.0
"House on sale in Machhegaun, Chandragiri","['house', 'sale', 'machhegaun', 'chandragiri']",house sale machhegaun chandragiri,4,House,"Machhe Gaun, Kathmandu",12000000.0
"House for sale at Thapagaun, New Baneshwor","['house', 'sale', 'thapagaun', 'new', 'baneshwor']",house sale thapagaun new baneshwor,5,House,"Thapagaun, Kathmandu",43000000.0
"House for sale near Ekatabasti, Kapan","['house', 'sale', 'near', 'ekatabasti', 'kapan']",house sale near ekatabasti kapan,5,House,"Ekatabasti, Kathmandu",29500000.0
"Brand new house for sale in Kapan, Kharibot","['brand', 'new', 'house', 'sale', 'kapan', 'kharibot']",brand new house sale kapan kharibot,6,House,"Kharibot, Kathmandu",30500000.0
"House on sale at Shankhamul, Kathmandu","['house', 'sale', 'shankhamul', 'kathmandu']",house sale shankhamul kathmandu,4,House,"Shankhamul, Kathmandu",45000000.0
"House for sale in Bhaisepati, Lalitpur","['house', 'sale', 'bhaisepati', 'lalitpur']",house sale bhaisepati lalitpur,4,House,"Bhaisepati, Lalitpur",26500000.0
"House on sale at Golfutar, Budhanilkantha","['house', 'sale', 'golfutar', 'budhanilkantha']",house sale golfutar budhanilkantha,4,House,"Golfutar, Kathmandu",37500000.0
"House for sale in Jharuwarasi, Godawari","['house', 'sale', 'jharuwarasi', 'godawari']",house sale jharuwarasi godawari,4,House,"Jharuwarasi, Lalitpur",13000000.0
"House for sale in Paknajol, Thamel","['house', 'sale', 'paknajol', 'thamel']",house sale paknajol thamel,4,House,"Paknajol, Kathmandu",72500000.0
"House for sale at Pasikot, Budhanilkantha","['house', 'sale', 'pasikot', 'budhanilkantha']",house sale pasikot budhanilkantha,4,House,"Pasikot, Kathmandu",35000000.0
"New house on sale at Manbahadur Marg, Budhanilkantha","['new', 'house', 'sale', 'manbahadur', 'marg', 'budhanilkantha']",new house sale manbahadur marg budhanilkantha,6,House,"Manabahadur Marga, Kathmandu",31000000.0
Brand New house for sale at Sinamangal,"['brand', 'new', 'house', 'sale', 'sinamangal']",brand new house sale sinamangal,5,House,"Sinamangal, Kathmandu",49000000.0
"House on sale at Manbahadur Marg, Budhanilkantha","['house', 'sale', 'manbahadur', 'marg', 'budhanilkantha']",house sale manbahadur marg budhanilkantha,5,House,"Manabahadur Marga, Kathmandu",33000000.0
"New house for sale at Imadol, Lalitpur","['new', 'house', 'sale', 'imadol', 'lalitpur']",new house sale imadol lalitpur,5,House,"Imadol, Lalitpur",26500000.0
"House for sale in Machhapokhari, Balaju","['house', 'sale', 'machhapokhari', 'balaju']",house sale machhapokhari balaju,4,House,"Machhapokhari, Kathmandu",55000000.0
House for sale at Manamaiju,"['house', 'sale', 'manamaiju']",house sale manamaiju,3,House,"Manamaiju, Kathmandu",58500000.0
"House on sale at Nakkhu, Lalitpur","['house', 'sale', 'nakkhu', 'lalitpur']",house sale nakkhu lalitpur,4,House,"Nakkhu, Lalitpur",28000000.0
"House on sale at Imadol, Lalitpur","['house', 'sale', 'imadol', 'lalitpur']",house sale imadol lalitpur,4,House,"Imadol, Lalitpur",19500000.0
"House on sale in Dhapasi Height, Tokha","['house', 'sale', 'dhapasi', 'height', 'tokha']",house sale dhapasi height tokha,5,House,"Dhapasi, Kathmandu",10000000.0
Brand new bungalow house on sale in Bhangal,"['brand', 'new', 'bungalow', 'house', 'sale', 'bhangal']",brand new bungalow house sale bhangal,6,House,"Bhangal , Kathmandu",31000000.0
"House on sale at Sinamangal, Bhimsengola","['house', 'sale', 'sinamangal', 'bhimsengola']",house sale sinamangal bhimsengola,4,House,"Bhimsengola, Kathmandu",75000000.0
"House on sale at Deuba Chowk, Budhanilkantha","['house', 'sale', 'deuba', 'chowk', 'budhanilkantha']",house sale deuba chowk budhanilkantha,5,House, Kathmandu,76500000.0
"Furnished house for sale in Man Bahadur Marg, Bhangal","['furnished', 'house', 'sale', 'man', 'bahadur', 'marg', 'bhangal']",furnished house sale man bahadur marg bhangal,7,House,"Manabahadur Marga, Kathmandu",35000000.0
"House on sale at Bhangal, Budhanilkantha","['house', 'sale', 'bhangal', 'budhanilkantha']",house sale bhangal budhanilkantha,4,House,"Bhangal , Kathmandu",29500000.0
"House on sale in Chunikhel, Budhanilkantha","['house', 'sale', 'chunikhel', 'budhanilkantha']",house sale chunikhel budhanilkantha,4,House,"Chunikhel, Kathmandu",22000000.0
"Brand new house for sale in Darjeeling Height, Suryabinayak","['brand', 'new', 'house', 'sale', 'darjeeling', 'height', 'suryabinayak']",brand new house sale darjeeling height suryabinayak,7,House,"Darjeeling Height, Bhaktapur",17500000.0
"House for sale near Rudreshwor Chowk, Budhanilkantha","['house', 'sale', 'near', 'rudreshwor', 'chowk', 'budhanilkantha']",house sale near rudreshwor chowk budhanilkantha,6,House,"Rudreshwor, Kathmandu",145000000.0
"House on sale in Sanchal, Sanepa","['house', 'sale', 'sanchal', 'sanepa']",house sale sanchal sanepa,4,House,"Sanepa, Lalitpur",45000000.0
"Newly built house for sale in Grande, Dhapasi","['newly', 'built', 'house', 'sale', 'grande', 'dhapasi']",newly built house sale grande dhapasi,6,House,"Dhapasi, Kathmandu",21000000.0
Luxurious house for sale near Budhanilkantha School,"['luxurious', 'house', 'sale', 'near', 'budhanilkantha', 'school']",luxurious house sale near budhanilkantha school,6,House,"Narayanthan , Kathmandu",105000000.0
"House on sale in Bhelpa, Satdobato","['house', 'sale', 'bhelpa', 'satdobato']",house sale bhelpa satdobato,4,House,"Bhelpa, Lalitpur",26500000.0
Bungalow for sale in Sanepa,"['bungalow', 'sale', 'sanepa']",bungalow sale sanepa,3,House,"Sanepa, Lalitpur",65000000.0
House for sale at Manamaiju,"['house', 'sale', 'manamaiju']",house sale manamaiju,3,House,"Manamaiju, Kathmandu",38000000.0
House for sale in Maitidevi,"['house', 'sale', 'maitidevi']",house sale maitidevi,3,House,"Maitidevi, Kathmandu",105000000.0
"House for sale at Sukedhara, Kathmandu","['house', 'sale', 'sukedhara', 'kathmandu']",house sale sukedhara kathmandu,4,House,"Sukedhara, Kathmandu",29500000.0
Bungalow house on sale at Hattigauda,"['bungalow', 'house', 'sale', 'hattigauda']",bungalow house sale hattigauda,4,House,"Hattigaunda, Kathmandu",39000000.0
"House for sale at Thaiba, Lalitpur","['house', 'sale', 'thaiba', 'lalitpur']",house sale thaiba lalitpur,4,House,"Thaiba, Lalitpur",12500000.0
"House for sale at Gokul Awas,Bhaisepati","['house', 'sale', 'gokul', 'awasbhaisepati']",house sale gokul awasbhaisepati,4,House,"Bhaisepati, Lalitpur",45000000.0
"House on sale at Gokul Awas, Bhaisepati","['house', 'sale', 'gokul', 'awas', 'bhaisepati']",house sale gokul awas bhaisepati,5,House,"Bhaisepati, Lalitpur",45000000.0
Residential house for sale at Basundhara,"['residential', 'house', 'sale', 'basundhara']",residential house sale basundhara,4,House,"Basundhara, Kathmandu",40000000.0
Fully furnished house for sale in Golfutar,"['fully', 'furnished', 'house', 'sale', 'golfutar']",fully furnished house sale golfutar,5,House,"Golfutar, Kathmandu",37500000.0
"House for sale near Karuna Hospital, Chunikhel","['house', 'sale', 'near', 'karuna', 'hospital', 'chunikhel']",house sale near karuna hospital chunikhel,6,House,"Chunikhel, Kathmandu",20500000.0
Modern house for sale in Mandikhatar,"['modern', 'house', 'sale', 'mandikhatar']",modern house sale mandikhatar,4,House,"Mandikhatar, Kathmandu",22200000.000000004
"House on sale at Sanagaun, Lubhu","['house', 'sale', 'sanagaun', 'lubhu']",house sale sanagaun lubhu,4,House,"Sanagaun, Lalitpur",30500000.0
"New house on sale in Chyasindol, Tokha","['new', 'house', 'sale', 'chyasindol', 'tokha']",new house sale chyasindol tokha,5,House,"Chyasindol, Kathmandu",27000000.0
Commercial house for sale in Dallu,"['commercial', 'house', 'sale', 'dallu']",commercial house sale dallu,4,House,"Dallu, Kathmandu",45000000.0
"Bungalow on sale at Hattigauda, Budhanilkantha","['bungalow', 'sale', 'hattigauda', 'budhanilkantha']",bungalow sale hattigauda budhanilkantha,4,House,"Budhanilkantha, Kathmandu",52000000.0
Bungalow on sale at Budhanilkantha,"['bungalow', 'sale', 'budhanilkantha']",bungalow sale budhanilkantha,3,House,"Budhanilkantha, Kathmandu",48000000.0
Semi commercial house for sale at Dhumbarahi,"['semi', 'commercial', 'house', 'sale', 'dhumbarahi']",semi commercial house sale dhumbarahi,5,House,"Dhumbarahi, Kathmandu",69000000.0
Luxurious house on sale at Budhanilkantha,"['luxurious', 'house', 'sale', 'budhanilkantha']",luxurious house sale budhanilkantha,4,House,"Budhanilkantha, Kathmandu",165000000.0
"House for sale at Nakkhudole, Bhaisepati","['house', 'sale', 'nakkhudole', 'bhaisepati']",house sale nakkhudole bhaisepati,4,House,"Nakhudole, Lalitpur",29000000.0
Duplex house for sale at Bhaisepati Height,"['duplex', 'house', 'sale', 'bhaisepati', 'height']",duplex house sale bhaisepati height,5,House,"Bhaisepati, Lalitpur",38000000.0
"Bungalow house for sale at Subhakamana Marg, Koteshwor","['bungalow', 'house', 'sale', 'subhakamana', 'marg', 'koteshwor']",bungalow house sale subhakamana marg koteshwor,6,House,"Koteshwor, Kathmandu",45000000.0
Semi furnished house for sale in Budhanilkantha,"['semi', 'furnished', 'house', 'sale', 'budhanilkantha']",semi furnished house sale budhanilkantha,5,House,"Budhanilkantha, Kathmandu",55000000.0
"House on sale at Bhainsepati, Lalitpur","['house', 'sale', 'bhainsepati', 'lalitpur']",house sale bhainsepati lalitpur,4,House,"Bhaisepati, Lalitpur",36000000.0
House for sale in Anamnagar,"['house', 'sale', 'anamnagar']",house sale anamnagar,3,House,"Anamnagar, Kathmandu",42500000.0
"Bungalow house for sale at Bhangal, Budhanilkantha","['bungalow', 'house', 'sale', 'bhangal', 'budhanilkantha']",bungalow house sale bhangal budhanilkantha,5,House,"Bhangal , Kathmandu",33500000.0
"New house for sale at Suryadaya Awas,Thapa Gaun, 07 Tarakeshor","['new', 'house', 'sale', 'suryadaya', 'awasthapa', 'gaun', '07', 'tarakeshor']",new house sale suryadaya awasthapa gaun 07 tarakeshor,8,House,"Phutung, Kathmandu",26000000.0
"Brand new house for sale at Bhaisepati, Lalitpur","['brand', 'new', 'house', 'sale', 'bhaisepati', 'lalitpur']",brand new house sale bhaisepati lalitpur,6,House,"Bhaisepati, Lalitpur",29500000.0
House for sale at Narayanthan,"['house', 'sale', 'narayanthan']",house sale narayanthan,3,House,"Narayanthan , Kathmandu",65000000.0
Brand new bungalow for sale at Nakkhu,"['brand', 'new', 'bungalow', 'sale', 'nakkhu']",brand new bungalow sale nakkhu,5,House,"Nakkhu, Lalitpur",38000000.0
"Bungalow for sale in Akasedhara, Kapan","['bungalow', 'sale', 'akasedhara', 'kapan']",bungalow sale akasedhara kapan,4,House,"Aakasedhara, Kathmandu",45000000.0
House for sale near Gokarneshwor Temple,"['house', 'sale', 'near', 'gokarneshwor', 'temple']",house sale near gokarneshwor temple,5,House,"Gokarna, Kathmandu",13000000.0
"Bungalow for sale at Hattiban, Lalitpur","['bungalow', 'sale', 'hattiban', 'lalitpur']",bungalow sale hattiban lalitpur,4,House,"Hattiban, Lalitpur",75000000.0
House on sale at Kapan near Karuna Hospital ,"['house', 'sale', 'kapan', 'near', 'karuna', 'hospital']",house sale kapan near karuna hospital,6,House,"Kapan, Kathmandu",15500000.0
House on sale at Banasthali,"['house', 'sale', 'banasthali']",house sale banasthali,3,House,"Banasthali, Kathmandu",70000000.0
Brand new house for sale in Baluwakhani,"['brand', 'new', 'house', 'sale', 'baluwakhani']",brand new house sale baluwakhani,5,House,"Baluwakhani, Kathmandu",38000000.0
"Bungalow house for sale in Bhangal, Budhanilkantha","['bungalow', 'house', 'sale', 'bhangal', 'budhanilkantha']",bungalow house sale bhangal budhanilkantha,5,House,"Bhangal , Kathmandu",29000000.0
Commercial house for sale in Mandikhatar,"['commercial', 'house', 'sale', 'mandikhatar']",commercial house sale mandikhatar,4,House,"Mandikhatar, Kathmandu",27500000.0
"House on sale in Madigaun, Sunakothi","['house', 'sale', 'madigaun', 'sunakothi']",house sale madigaun sunakothi,4,House,"Sunakothi, Lalitpur",16000000.0
"New house for sale in Sunakothi, Lalitpur","['new', 'house', 'sale', 'sunakothi', 'lalitpur']",new house sale sunakothi lalitpur,5,House,"Sunakothi, Lalitpur",12500000.0
"House for sale in Panga, Kirtipur","['house', 'sale', 'panga', 'kirtipur']",house sale panga kirtipur,4,House,"Panga, Kathmandu",35000000.0
House for sale in Mandikhatar,"['house', 'sale', 'mandikhatar']",house sale mandikhatar,3,House,"Mandikhatar, Kathmandu",75000000.0
Full furnished brand new bungalow on sale in Golfutar,"['full', 'furnished', 'brand', 'new', 'bungalow', 'sale', 'golfutar']",full furnished brand new bungalow sale golfutar,7,House,"Golfutar, Kathmandu",80000000.0
Newly built house on sale at Thankot Checkpost,"['newly', 'built', 'house', 'sale', 'thankot', 'checkpost']",newly built house sale thankot checkpost,6,House,"Thankot, Kathmandu",16000000.0
Residential house for sale in Budhanilkantha,"['residential', 'house', 'sale', 'budhanilkantha']",residential house sale budhanilkantha,4,House,"Budhanilkantha, Kathmandu",36000000.0
"House for sale at Jyotinagar, Kapan","['house', 'sale', 'jyotinagar', 'kapan']",house sale jyotinagar kapan,4,House,"Jyotinagar, Kathmandu",22500000.0
Bungalow for sale at Bhaisepati,"['bungalow', 'sale', 'bhaisepati']",bungalow sale bhaisepati,3,House,"Bhaisepati, Lalitpur",38000000.0
"House for sale at Machhegaun, Kirtipur","['house', 'sale', 'machhegaun', 'kirtipur']",house sale machhegaun kirtipur,4,House,"Machhegaun , Kathmandu",10500000.0
"Newly built house on sale in Sundarbasti, Budhanilkantha","['newly', 'built', 'house', 'sale', 'sundarbasti', 'budhanilkantha']",newly built house sale sundarbasti budhanilkantha,6,House,"Sundarbasti, Kathmandu",27500000.0
House for sale in Thulobharyang,"['house', 'sale', 'thulobharyang']",house sale thulobharyang,3,House,"Thulobharyang, Kathmandu",25000000.0
"House for sale at Chyasal, Lalitpur","['house', 'sale', 'chyasal', 'lalitpur']",house sale chyasal lalitpur,4,House,"Chyasal, Lalitpur",22500000.0
"Bungalow on sale at Hattiban, Lalitpur","['bungalow', 'sale', 'hattiban', 'lalitpur']",bungalow sale hattiban lalitpur,4,House,"Hattiban, Lalitpur",46000000.0
House on sale in Kavresthali,"['house', 'sale', 'kavresthali']",house sale kavresthali,3,House,"Kavresthali, Kathmandu",18500000.0
House on sale at Imadol,"['house', 'sale', 'imadol']",house sale imadol,3,House,"Imadol, Lalitpur",22500000.0
Semi furnished House for sale at Budhanilkantha ,"['semi', 'furnished', 'house', 'sale', 'budhanilkantha']",semi furnished house sale budhanilkantha,5,House,"Budhanilkantha, Kathmandu",32500000.0
Commercial house on sale in Hattiban,"['commercial', 'house', 'sale', 'hattiban']",commercial house sale hattiban,4,House,"Hattiban, Lalitpur",16000000.0
"House for sale in Nayabasti, Boudha","['house', 'sale', 'nayabasti', 'boudha']",house sale nayabasti boudha,4,House,"Naya Basti, Kathmandu",25000000.0
"Residental house on sale at Lampati, Kalanki","['residental', 'house', 'sale', 'lampati', 'kalanki']",residental house sale lampati kalanki,5,House,"Kalanki, Kathmandu",45000000.0
"Urgent House on Sale at Taukhel, Godawari, Lalitpur","['urgent', 'house', 'sale', 'taukhel', 'godawari', 'lalitpur']",urgent house sale taukhel godawari lalitpur,6,House,"Taukhel, Lalitpur",35000000.0
"House on sale at Bhaisepati, Lalitpur ","['house', 'sale', 'bhaisepati', 'lalitpur']",house sale bhaisepati lalitpur,4,House,"Bhaisepati, Lalitpur",26500000.0
"House on sale in Gagangauda, Pokhara","['house', 'sale', 'gagangauda', 'pokhara']",house sale gagangauda pokhara,4,House,"Gagangauda, Kaski",23500000.0
Brand new house for sale in Kapan,"['brand', 'new', 'house', 'sale', 'kapan']",brand new house sale kapan,5,House,"Kapan, Kathmandu",24000000.0
"House on sale at Khanepani Height, Bhaisepati","['house', 'sale', 'khanepani', 'height', 'bhaisepati']",house sale khanepani height bhaisepati,5,House,"Bhaisepati, Lalitpur",37000000.0
"Beautiful house for sale in Rose Village, Balkot","['beautiful', 'house', 'sale', 'rose', 'village', 'balkot']",beautiful house sale rose village balkot,6,House,"Balkot, Bhaktapur",42500000.0
"Newly built house for sale In Green Hill City, Mulpani","['newly', 'built', 'house', 'sale', 'green', 'hill', 'city', 'mulpani']",newly built house sale green hill city mulpani,8,House,"Mulpani, Kathmandu",31500000.0
"Bungalow house for sale at Nakhudol, Bhaisepati","['bungalow', 'house', 'sale', 'nakhudol', 'bhaisepati']",bungalow house sale nakhudol bhaisepati,5,House,"Nakhudole, Lalitpur",27500000.0
"Residential house on sale in Shree Tole, Basundhara","['residential', 'house', 'sale', 'shree', 'tole', 'basundhara']",residential house sale shree tole basundhara,6,House,"Basundhara, Kathmandu",47500000.0
"House for sale near Thankot Checkpost, Chandragiri","['house', 'sale', 'near', 'thankot', 'checkpost', 'chandragiri']",house sale near thankot checkpost chandragiri,6,House, undefined,18500000.0
Newly built house for sale in Tikathali,"['newly', 'built', 'house', 'sale', 'tikathali']",newly built house sale tikathali,5,House,"Tikathali, Lalitpur",19000000.0
House on sale in Khumaltar ,"['house', 'sale', 'khumaltar']",house sale khumaltar,3,House,"Khumaltar, Lalitpur",70000000.0
Brand new house for sale in Tikathali,"['brand', 'new', 'house', 'sale', 'tikathali']",brand new house sale tikathali,5,House,"Tikathali, Lalitpur",18500000.0
"Brand new duplex house for sale in Kalikasthan, Dillibazar","['brand', 'new', 'duplex', 'house', 'sale', 'kalikasthan', 'dillibazar']",brand new duplex house sale kalikasthan dillibazar,7,House,"Kalikasthan, Kathmandu",60000000.0
"Brand new furnished house on sale in Manjushree Colony, Sainbu ","['brand', 'new', 'furnished', 'house', 'sale', 'manjushree', 'colony', 'sainbu']",brand new furnished house sale manjushree colony sainbu,8,House,"Sainbu, Lalitpur",35000000.0
House on sale at Bansbari,"['house', 'sale', 'bansbari']",house sale bansbari,3,House,"Bansbari, Kathmandu",62000000.0
"Residential house for sale at Bhairabchaur, Gokarneshwor","['residential', 'house', 'sale', 'bhairabchaur', 'gokarneshwor']",residential house sale bhairabchaur gokarneshwor,5,House,"Bhairabchaur, Kathmandu",25000000.0
"Residential house for sale inside Padma Colony, Nagarjun","['residential', 'house', 'sale', 'inside', 'padma', 'colony', 'nagarjun']",residential house sale inside padma colony nagarjun,7,House,"Padma Colony, Kathmandu",20000000.0
House for sale in Dallu,"['house', 'sale', 'dallu']",house sale dallu,3,House,"Dallu, Kathmandu",70000000.0
"Brand new house on sale near Buddha Colony, Budhanilkantha","['brand', 'new', 'house', 'sale', 'near', 'buddha', 'colony', 'budhanilkantha']",brand new house sale near buddha colony budhanilkantha,8,House,"Buddha Colony, Kathmandu",36000000.0
"Beautiful house for sale at Mahadevtar, Tokha","['beautiful', 'house', 'sale', 'mahadevtar', 'tokha']",beautiful house sale mahadevtar tokha,5,House,"Mahadevtar, Kathmandu",46500000.0
Brand new bungalow on sale at Budhanilkantha,"['brand', 'new', 'bungalow', 'sale', 'budhanilkantha']",brand new bungalow sale budhanilkantha,5,House,"Budhanilkantha, Kathmandu",69000000.0
Beautiful bungalow on sale in Bhangal,"['beautiful', 'bungalow', 'sale', 'bhangal']",beautiful bungalow sale bhangal,4,House,"Bhangal , Kathmandu",34000000.0
Full furnished house for sale in Mandikhatar,"['full', 'furnished', 'house', 'sale', 'mandikhatar']",full furnished house sale mandikhatar,5,House,"Mandikhatar, Kathmandu",35000000.0
"Furnished house for sale in Dhungedhara, Nursery Chowk","['furnished', 'house', 'sale', 'dhungedhara', 'nursery', 'chowk']",furnished house sale dhungedhara nursery chowk,6,House,"Dhungedhara, Kathmandu",65000000.0
House for urgent sale in kapan,"['house', 'urgent', 'sale', 'kapan']",house urgent sale kapan,4,House,"Kapan, Kathmandu",37500000.0
"House for sale at Chandragiri, near Checkpost","['house', 'sale', 'chandragiri', 'near', 'checkpost']",house sale chandragiri near checkpost,5,House,"Thankot, Kathmandu",12500000.0
"House on sale in Gausala, Pingalasthan","['house', 'sale', 'gausala', 'pingalasthan']",house sale gausala pingalasthan,4,House,"Gaushala, Kathmandu",62000000.0
"House for sale at Mahadevtar, Tokha","['house', 'sale', 'mahadevtar', 'tokha']",house sale mahadevtar tokha,4,House,"Mahadevtar, Kathmandu",46500000.0
Semi Commercial house for sale in Maharajgunj,"['semi', 'commercial', 'house', 'sale', 'maharajgunj']",semi commercial house sale maharajgunj,5,House,"Maharajgunj, Kathmandu",41000000.0
Residential house for sale in Hattiban lalitpur,"['residential', 'house', 'sale', 'hattiban', 'lalitpur']",residential house sale hattiban lalitpur,5,House,"Hattiban, Lalitpur",34000000.0
Brand new bungalow on sale in Budhanilkantha,"['brand', 'new', 'bungalow', 'sale', 'budhanilkantha']",brand new bungalow sale budhanilkantha,5,House,"Budhanilkantha, Kathmandu",28500000.0
Residential house on sale in Sitapaila,"['residential', 'house', 'sale', 'sitapaila']",residential house sale sitapaila,4,House,"Sitapaila, Kathmandu",18500000.0
House for sale in Mid Baneshwor,"['house', 'sale', 'mid', 'baneshwor']",house sale mid baneshwor,4,House,"Mid Baneshwor, Kathmandu",100000000.0
House for sale in Teku,"['house', 'sale', 'teku']",house sale teku,3,House,"Teku, Kathmandu",77500000.0
"House for sale near Harmony Housing, Tokha","['house', 'sale', 'near', 'harmony', 'housing', 'tokha']",house sale near harmony housing tokha,6,House,"Bhutkhel , Kathmandu",26700000.0
"House on sale near LRI School, Khadka Gaun","['house', 'sale', 'near', 'lri', 'school', 'khadka', 'gaun']",house sale near lri school khadka gaun,7,House,"Khadka Gaun, Kathmandu",21900000.0
Newly built house on sale in Syuchatar,"['newly', 'built', 'house', 'sale', 'syuchatar']",newly built house sale syuchatar,5,House,"Syuchatar, Kathmandu",22500000.0
House on sale near Goldhunga VDC Office,"['house', 'sale', 'near', 'goldhunga', 'vdc', 'office']",house sale near goldhunga vdc office,6,House,"Goldhunga, Kathmandu",13000000.0
Brand new house for sale in Boudha,"['brand', 'new', 'house', 'sale', 'boudha']",brand new house sale boudha,5,House,"Bouddha, Kathmandu",29500000.0
Residential house for sale at Sanothimi,"['residential', 'house', 'sale', 'sanothimi']",residential house sale sanothimi,4,House,"Sano thimi, Bhaktapur",21500000.0
Bungalow house for sale at Dhumbarahi,"['bungalow', 'house', 'sale', 'dhumbarahi']",bungalow house sale dhumbarahi,4,House,"Dhumbarahi, Kathmandu",95000000.0
House for sale in Satungal,"['house', 'sale', 'satungal']",house sale satungal,3,House,"Satungal, Kathmandu",18500000.0
Beautiful house for sale in Gurjudhara ,"['beautiful', 'house', 'sale', 'gurjudhara']",beautiful house sale gurjudhara,4,House,"Gurjudhara, Kathmandu",16500000.0
Brand new house for sale in Naikap,"['brand', 'new', 'house', 'sale', 'naikap']",brand new house sale naikap,5,House,"Naikap, Kathmandu",21000000.0
Beautiful house for sale in Dhungeadda,"['beautiful', 'house', 'sale', 'dhungeadda']",beautiful house sale dhungeadda,4,House,"Dhungeadda, Kathmandu",33000000.0
Brand new house for sale in Golfutar,"['brand', 'new', 'house', 'sale', 'golfutar']",brand new house sale golfutar,5,House,"Golfutar, Kathmandu",29500000.0
House for sale at Sukedhara,"['house', 'sale', 'sukedhara']",house sale sukedhara,3,House,"Sukedhara, Kathmandu",30000000.0
Brand new house for sale in Chandol,"['brand', 'new', 'house', 'sale', 'chandol']",brand new house sale chandol,5,House,"Chandol, Kathmandu",90000000.0
Residential House on Sale at Gatthaghar,"['residential', 'house', 'sale', 'gatthaghar']",residential house sale gatthaghar,4,House,"Gatthaghar, Bhaktapur",30000000.0
"New house for sale at Pasikot, Budhanilkantha","['new', 'house', 'sale', 'pasikot', 'budhanilkantha']",new house sale pasikot budhanilkantha,5,House,"Pasikot, Kathmandu",36000000.0
"Duplex house on sale in Magargaun, Bhaisepati","['duplex', 'house', 'sale', 'magargaun', 'bhaisepati']",duplex house sale magargaun bhaisepati,5,House,"Bhaisepati, Lalitpur",49500000.0
"House on sale in Suryakot Marga, Koteshwor","['house', 'sale', 'suryakot', 'marga', 'koteshwor']",house sale suryakot marga koteshwor,5,House,"Koteshwor, Kathmandu",60000000.0
"House on sale in Jyotinagar, Kapan","['house', 'sale', 'jyotinagar', 'kapan']",house sale jyotinagar kapan,4,House,"Jyotinagar, Kathmandu",28800000.0
Brand new full furnished house on sale in Mahankal,"['brand', 'new', 'full', 'furnished', 'house', 'sale', 'mahankal']",brand new full furnished house sale mahankal,7,House,"Panitanki, Kathmandu",37000000.0
"House for sale at Bhangal, Kapan","['house', 'sale', 'bhangal', 'kapan']",house sale bhangal kapan,4,House,"Bhangal , Kathmandu",21000000.0
Brand new house for sale at Baluwakhani,"['brand', 'new', 'house', 'sale', 'baluwakhani']",brand new house sale baluwakhani,5,House,"Baluwakhani, Kathmandu",33500000.0
"Brand new house on sale in Nikhileshwor Colony, Baluwakhani","['brand', 'new', 'house', 'sale', 'nikhileshwor', 'colony', 'baluwakhani']",brand new house sale nikhileshwor colony baluwakhani,7,House,"Nikhileshwor, Kathmandu",24000000.0
"House on sale near Transport Office, Gurjudhara","['house', 'sale', 'near', 'transport', 'office', 'gurjudhara']",house sale near transport office gurjudhara,6,House,"Gurjudhara, Kathmandu",29000000.0
House for sale at Baniyatar,"['house', 'sale', 'baniyatar']",house sale baniyatar,3,House,"Baniyatar, Kathmandu",19500000.0
"New house on sale in Kapan, Paiyutar","['new', 'house', 'sale', 'kapan', 'paiyutar']",new house sale kapan paiyutar,5,House,"Paiyuntar, Kathmandu",13500000.0
"Brand new full furnished house for sale in Padamsal, Tarkeshwor","['brand', 'new', 'full', 'furnished', 'house', 'sale', 'padamsal', 'tarkeshwor']",brand new full furnished house sale padamsal tarkeshwor,8,House,"Padamsal, Kathmandu",24000000.0
Home for sale at Imadol,"['home', 'sale', 'imadol']",home sale imadol,3,House,"Imadol, Lalitpur",17000000.0
House for sale in Dhalko,"['house', 'sale', 'dhalko']",house sale dhalko,3,House,"Khichapokhari, Kathmandu",35500000.0
"House on Sale at 2km from Machapokhari, Balaju","['house', 'sale', '2km', 'machapokhari', 'balaju']",house sale 2km machapokhari balaju,5,House,"Paiyatar, Kathmandu",17500000.0
House for sale in Boudha,"['house', 'sale', 'boudha']",house sale boudha,3,House,"Bouddha, Kathmandu",67500000.0
"House on sale near American Embassy, Maharajgunj","['house', 'sale', 'near', 'american', 'embassy', 'maharajgunj']",house sale near american embassy maharajgunj,6,House,"Maharajgunj, Kathmandu",75000000.0
Beautiful house on sale in Lubhu,"['beautiful', 'house', 'sale', 'lubhu']",beautiful house sale lubhu,4,House,"Lubhu, Lalitpur",29000000.0
"Brand new house on sale near Karuna Hospital, Bhangal","['brand', 'new', 'house', 'sale', 'near', 'karuna', 'hospital', 'bhangal']",brand new house sale near karuna hospital bhangal,8,House,"Bhangal , Kathmandu",17500000.0
Full furnished house on sale in Bhangal,"['full', 'furnished', 'house', 'sale', 'bhangal']",full furnished house sale bhangal,5,House,"Bhangal , Kathmandu",21000000.0
Brand new house on sale in Jyotinagar,"['brand', 'new', 'house', 'sale', 'jyotinagar']",brand new house sale jyotinagar,5,House,"Jyotinagar, Kathmandu",33500000.0
Residential house for sale at Dhapasi,"['residential', 'house', 'sale', 'dhapasi']",residential house sale dhapasi,4,House,"Dhapasi, Kathmandu",19500000.0
Full furnished house for sale in Hattiban,"['full', 'furnished', 'house', 'sale', 'hattiban']",full furnished house sale hattiban,5,House,"Hattiban, Lalitpur",50000000.0
Beautiful bungalow on sale in Nakhipot,"['beautiful', 'bungalow', 'sale', 'nakhipot']",beautiful bungalow sale nakhipot,4,House,"Nakhipot, Lalitpur",60000000.0
"Modern designed house on sale in Megha City, Tokha","['modern', 'designed', 'house', 'sale', 'megha', 'city', 'tokha']",modern designed house sale megha city tokha,7,House,"Megha City, Kathmandu",29900000.000000004
Residential house for sale in Sitapaila,"['residential', 'house', 'sale', 'sitapaila']",residential house sale sitapaila,4,House,"Sitapaila, Kathmandu",20000000.0
"House on sale in Setipakha, Imadol","['house', 'sale', 'setipakha', 'imadol']",house sale setipakha imadol,4,House,"Setipakha, Lalitpur",22500000.0
Bungalow house on sale in Jarankhu,"['bungalow', 'house', 'sale', 'jarankhu']",bungalow house sale jarankhu,4,House,"Jarankhu, Kathmandu",65000000.0
Exclusive property for sale in Boudha,"['exclusive', 'property', 'sale', 'boudha']",exclusive property sale boudha,4,House,"Bouddha, Kathmandu",200000000.0
Full furnished residential house for sale at Jaya Bageshwori,"['full', 'furnished', 'residential', 'house', 'sale', 'jaya', 'bageshwori']",full furnished residential house sale jaya bageshwori,7,House,"Jaya Bageshwori, Kathmandu",38500000.0
Beautiful house on sale in Sallaghari,"['beautiful', 'house', 'sale', 'sallaghari']",beautiful house sale sallaghari,4,House,"Sallaghari, Bhaktapur",37500000.0
Bungalow house on sale in Golfutar height,"['bungalow', 'house', 'sale', 'golfutar', 'height']",bungalow house sale golfutar height,5,House,"Golfutar, Kathmandu",110000000.0
Brand new bungalow house on sale in Dhungedhara,"['brand', 'new', 'bungalow', 'house', 'sale', 'dhungedhara']",brand new bungalow house sale dhungedhara,6,House,"Dhungedhara, Kathmandu",55000000.0
Beautiful house for sale at Kapan,"['beautiful', 'house', 'sale', 'kapan']",beautiful house sale kapan,4,House,"Kapan, Kathmandu",25000000.0
"Beautiful house on sale at Dhaneshwor, Tokha","['beautiful', 'house', 'sale', 'dhaneshwor', 'tokha']",beautiful house sale dhaneshwor tokha,5,House,"Dhaneshwor, Kathmandu",13500000.0
Full furnished house for sale at Bafal,"['full', 'furnished', 'house', 'sale', 'bafal']",full furnished house sale bafal,5,House,"Bafal, Kathmandu",70000000.0
Residential house for sale at Baluwatar,"['residential', 'house', 'sale', 'baluwatar']",residential house sale baluwatar,4,House,"Baluwatar, Kathmandu",40000000.0
"House for sale at Srijananagar, Bhaktapur","['house', 'sale', 'srijananagar', 'bhaktapur']",house sale srijananagar bhaktapur,4,House,"Srijananagar, Bhaktapur",22500000.0
Houses for sale at Baniyatar,"['house', 'sale', 'baniyatar']",house sale baniyatar,3,House,"Baniyatar, Kathmandu",65000000.0
House for sale in Bagdol,"['house', 'sale', 'bagdol']",house sale bagdol,3,House,"Bagdol, Lalitpur",29000000.0
Brand new house on sale in Baluwakhani,"['brand', 'new', 'house', 'sale', 'baluwakhani']",brand new house sale baluwakhani,5,House,"Baluwakhani, Kathmandu",26000000.0
Brand new house on sale at Ekatabasti,"['brand', 'new', 'house', 'sale', 'ekatabasti']",brand new house sale ekatabasti,5,House,"Ekatabasti, Kathmandu",33000000.0
House on sale in Mandikhatar Phaat,"['house', 'sale', 'mandikhatar', 'phaat']",house sale mandikhatar phaat,4,House,"Mandikhatar, Kathmandu",21000000.0
"House for sale at Bhangal, Budhanilkantha","['house', 'sale', 'bhangal', 'budhanilkantha']",house sale bhangal budhanilkantha,4,House,"Bhangal , Kathmandu",23500000.0
"House for sale near Karuna Hospital, Kapan","['house', 'sale', 'near', 'karuna', 'hospital', 'kapan']",house sale near karuna hospital kapan,6,House,"Kapan, Kathmandu",11200000.000000002
"House on sale at Bhangal, Budhanilkantha","['house', 'sale', 'bhangal', 'budhanilkantha']",house sale bhangal budhanilkantha,4,House,"Bhangal , Kathmandu",13500000.0
"House for sale near Ekatabasti road, Sukedhara","['house', 'sale', 'near', 'ekatabasti', 'road', 'sukedhara']",house sale near ekatabasti road sukedhara,6,House,"Sukedhara, Kathmandu",17000000.0
Residential house for sale in Lubhu,"['residential', 'house', 'sale', 'lubhu']",residential house sale lubhu,4,House,"Lubhu, Lalitpur",15000000.0
"House on sale at Ram Mandir, Kapan","['house', 'sale', 'ram', 'mandir', 'kapan']",house sale ram mandir kapan,5,House,"Ram Mandir, Kathmandu",37500000.0
Villa on sale in Chapali Budhanilkantha,"['villa', 'sale', 'chapali', 'budhanilkantha']",villa sale chapali budhanilkantha,4,House,"Chapali, Kathmandu",39000000.0
"House on sale in Aakasedhara, Kapan","['house', 'sale', 'aakasedhara', 'kapan']",house sale aakasedhara kapan,4,House,"Aakasedhara, Kathmandu",19000000.0
"House on sale in Paiyatar, Tarkeshwor","['house', 'sale', 'paiyatar', 'tarkeshwor']",house sale paiyatar tarkeshwor,4,House,"Paiyatar, Kathmandu",22000000.0
"Bungalow house for sale at Ganesh Chowk, Budhanilkantha","['bungalow', 'house', 'sale', 'ganesh', 'chowk', 'budhanilkantha']",bungalow house sale ganesh chowk budhanilkantha,6,House,"Ganesh Chowk, Kathmandu",32500000.0
"House on sale near Gothatar Bridge, Nayabasti","['house', 'sale', 'near', 'gothatar', 'bridge', 'nayabasti']",house sale near gothatar bridge nayabasti,6,House,"Naya Basti, Kathmandu",28000000.0
House for sale near Thankot Highway,"['house', 'sale', 'near', 'thankot', 'highway']",house sale near thankot highway,5,House,"Thankot, Kathmandu",16500000.0
House for rent or sale in Hattiban,"['house', 'rent', 'sale', 'hattiban']",house rent sale hattiban,4,House,"Hattiban, Lalitpur",38000000.0
Full furnished house on sale in Hattiban,"['full', 'furnished', 'house', 'sale', 'hattiban']",full furnished house sale hattiban,5,House,"Hattiban, Lalitpur",32500000.0
House for sale in Gaurighat,"['house', 'sale', 'gaurighat']",house sale gaurighat,3,House,"Gaurighat, Kathmandu",60000000.0
Residential house on sale in Lolang Height,"['residential', 'house', 'sale', 'lolang', 'height']",residential house sale lolang height,5,House,"Lolang, Kathmandu",15500000.0
Brand new residential house for sale in Goldhunga,"['brand', 'new', 'residential', 'house', 'sale', 'goldhunga']",brand new residential house sale goldhunga,6,House,"Goldhunga, Kathmandu",15000000.0
Bungalow house on sale at Pasikot,"['bungalow', 'house', 'sale', 'pasikot']",bungalow house sale pasikot,4,House,"Pasikot, Kathmandu",75000000.0
Bungalow house for sale at Pasikot,"['bungalow', 'house', 'sale', 'pasikot']",bungalow house sale pasikot,4,House,"Pasikot, Kathmandu",60000000.0
"House on sale at Sahayoginagar, Koteshwor","['house', 'sale', 'sahayoginagar', 'koteshwor']",house sale sahayoginagar koteshwor,4,House,"Koteshwor, Kathmandu",27500000.0
Residential house for sale at Bhangal,"['residential', 'house', 'sale', 'bhangal']",residential house sale bhangal,4,House,"Bhangal , Kathmandu",22000000.0
"House on sale near Saibaba Chowk, Tokha","['house', 'sale', 'near', 'saibaba', 'chowk', 'tokha']",house sale near saibaba chowk tokha,6,House,"Sai Baba chowk, Kathmandu",25000000.0
"House on sale located at Dhapasi, Greenland","['house', 'sale', 'located', 'dhapasi', 'greenland']",house sale located dhapasi greenland,5,House,"Greenland Chowk, Kathmandu",45000000.0
"House on sale near Fresh Farms, Sundarbasti","['house', 'sale', 'near', 'fresh', 'farm', 'sundarbasti']",house sale near fresh farm sundarbasti,6,House,"Sundarbasti, Kathmandu",20000000.0
"House for sale near Sheetal Height, Imadol","['house', 'sale', 'near', 'sheetal', 'height', 'imadol']",house sale near sheetal height imadol,6,House,"Imadol, Lalitpur",21000000.0
"House for sale in Chapali, Budhanilkantha","['house', 'sale', 'chapali', 'budhanilkantha']",house sale chapali budhanilkantha,4,House,"Chapali, Kathmandu",44000000.0
"House on sale near Awas Marga, Bhaisepati","['house', 'sale', 'near', 'awas', 'marga', 'bhaisepati']",house sale near awas marga bhaisepati,6,House,"Bhaisepati, Lalitpur",36000000.0
"House on sale near Chundevi Temple, Katunje","['house', 'sale', 'near', 'chundevi', 'temple', 'katunje']",house sale near chundevi temple katunje,6,House,"Katunje, Bhaktapur",25000000.0
"House for sale near Downtown Residency, Imadol","['house', 'sale', 'near', 'downtown', 'residency', 'imadol']",house sale near downtown residency imadol,6,House,"Imadol, Lalitpur",18000000.0
House for sale in Saraswotinagar,"['house', 'sale', 'saraswotinagar']",house sale saraswotinagar,3,House,"Saraswotinagar, Kathmandu",40000000.0
Brand new house on sale in Imadol,"['brand', 'new', 'house', 'sale', 'imadol']",brand new house sale imadol,5,House,"Imadol, Lalitpur",23500000.0
Bungalow house for sale in Banasthali,"['bungalow', 'house', 'sale', 'banasthali']",bungalow house sale banasthali,4,House,"Banasthali, Kathmandu",70000000.0
Bungalow on sale in Bhimsengola,"['bungalow', 'sale', 'bhimsengola']",bungalow sale bhimsengola,3,House,"Bhimsengola, Kathmandu",65000000.0
"Bungalow on sale in Special Chowk, Budhanilkantha","['bungalow', 'sale', 'special', 'chowk', 'budhanilkantha']",bungalow sale special chowk budhanilkantha,5,House,"Special chowk, Kathmandu",62500000.0
Brand new house on sale in Chandol,"['brand', 'new', 'house', 'sale', 'chandol']",brand new house sale chandol,5,House,"Chandol, Kathmandu",34000000.0
"House for sale near SBI Bank, Bhaisepati","['house', 'sale', 'near', 'sbi', 'bank', 'bhaisepati']",house sale near sbi bank bhaisepati,6,House,"Bhaisepati, Lalitpur",24500000.0
House on sale at Hattiban,"['house', 'sale', 'hattiban']",house sale hattiban,3,House,"Hattiban, Lalitpur",26000000.0
Brand new house for sale in Kadaghari,"['brand', 'new', 'house', 'sale', 'kadaghari']",brand new house sale kadaghari,5,House,"Kadaghari, Kathmandu",24000000.0
House for sale at Machhapokhari,"['house', 'sale', 'machhapokhari']",house sale machhapokhari,3,House,"Machhapokhari, Kathmandu",49000000.0
"House for sale at Sundarbasti, Bhangal","['house', 'sale', 'sundarbasti', 'bhangal']",house sale sundarbasti bhangal,4,House,"Bhangal , Kathmandu",18500000.0
"House for sale in Sundarbasti, Bhangal","['house', 'sale', 'sundarbasti', 'bhangal']",house sale sundarbasti bhangal,4,House,"Sundarbasti, Kathmandu",20000000.0
Bungalow for sale in Dhobighat,"['bungalow', 'sale', 'dhobighat']",bungalow sale dhobighat,3,House,"Dhobighat, Lalitpur",35000000.0
House for sale in Sipadol,"['house', 'sale', 'sipadol']",house sale sipadol,3,House,"Sipadol, Bhaktapur",22000000.0
House for sale in Bansbari,"['house', 'sale', 'bansbari']",house sale bansbari,3,House,"Bansbari, Kathmandu",52000000.0
"House for sale in Gursingal, Kupandol","['house', 'sale', 'gursingal', 'kupandol']",house sale gursingal kupandol,4,House,"Kupandole, Lalitpur",80000000.0
House with business on sale at Kalopool,"['house', 'business', 'sale', 'kalopool']",house business sale kalopool,4,House,"Kalopool, Kathmandu",60000000.0
"House on sale in Tathali, Bhaktapur","['house', 'sale', 'tathali', 'bhaktapur']",house sale tathali bhaktapur,4,House,"Tathali, Bhaktapur",19000000.0
"House for sale in Bhatkepati, Kirtipur","['house', 'sale', 'bhatkepati', 'kirtipur']",house sale bhatkepati kirtipur,4,House,"Bhatkepati, Kathmandu",25000000.0
"House for sale in Dadhikot, Bhaktapur","['house', 'sale', 'dadhikot', 'bhaktapur']",house sale dadhikot bhaktapur,4,House,"Dadhikot, Bhaktapur",25000000.0
"House on sale in RKD Colony, Dhungeadda","['house', 'sale', 'rkd', 'colony', 'dhungeadda']",house sale rkd colony dhungeadda,5,House,"Dhungeadda, Kathmandu",29800000.0
"Brand new house on sale in Kantipur Colony, Kusunti","['brand', 'new', 'house', 'sale', 'kantipur', 'colony', 'kusunti']",brand new house sale kantipur colony kusunti,7,House,"Kusunti, Lalitpur",31000000.0
"House on sale near Malpot Office, Chabahil","['house', 'sale', 'near', 'malpot', 'office', 'chabahil']",house sale near malpot office chabahil,6,House,"Chabahil, Kathmandu",32000000.0
"Full furnished house on sale in Padma Colony, Sitapaila","['full', 'furnished', 'house', 'sale', 'padma', 'colony', 'sitapaila']",full furnished house sale padma colony sitapaila,7,House,"Sitapaila, Kathmandu",27000000.0
"Bungalow house for sale in Radhe Radhe, Bhaktapur","['bungalow', 'house', 'sale', 'radhe', 'radhe', 'bhaktapur']",bungalow house sale radhe radhe bhaktapur,6,House,"Radhe Radhe, Bhaktapur",27000000.0
House for sale in Imadol,"['house', 'sale', 'imadol']",house sale imadol,3,House,"Imadol, Lalitpur",23000000.0
"House on sale at Pasikot, Budhanilkantha","['house', 'sale', 'pasikot', 'budhanilkantha']",house sale pasikot budhanilkantha,4,House,"Pasikot, Kathmandu",38000000.0
"House for sale in Phulbari Marga, Nakhu","['house', 'sale', 'phulbari', 'marga', 'nakhu']",house sale phulbari marga nakhu,5,House,"Nakkhu, Lalitpur",23000000.0
Brand new house on sale in Golfutar,"['brand', 'new', 'house', 'sale', 'golfutar']",brand new house sale golfutar,5,House,"Golfutar, Kathmandu",16000000.0
"House for sale in Nakhudole, Lalitpur","['house', 'sale', 'nakhudole', 'lalitpur']",house sale nakhudole lalitpur,4,House,"Nakkhu, Lalitpur",30000000.0
Bungalow on sale in Jarankhu,"['bungalow', 'sale', 'jarankhu']",bungalow sale jarankhu,3,House,"Jarankhu, Kathmandu",65000000.0
"House on sale in Sundarbasti, Golfutar","['house', 'sale', 'sundarbasti', 'golfutar']",house sale sundarbasti golfutar,4,House,"Sundarbasti, Kathmandu",25000000.0
Residential bungalow on sale at Bhaisepati,"['residential', 'bungalow', 'sale', 'bhaisepati']",residential bungalow sale bhaisepati,4,House,"Bhaisepati, Lalitpur",42500000.0
Brand new house on sale at Kusunti,"['brand', 'new', 'house', 'sale', 'kusunti']",brand new house sale kusunti,5,House,"Kusunti, Lalitpur",27500000.0
"House for sale near Civil Homes, Dhapakhel","['house', 'sale', 'near', 'civil', 'home', 'dhapakhel']",house sale near civil home dhapakhel,6,House,"Dhapakhel, Lalitpur",29000000.0
Residential house for sale in Thankot,"['residential', 'house', 'sale', 'thankot']",residential house sale thankot,4,House,"Thankot, Kathmandu",13500000.0
Residential house for sale at Imadol,"['residential', 'house', 'sale', 'imadol']",residential house sale imadol,4,House,"Imadol, Lalitpur",25000000.0
"House for sale in Ranibari, Samakhusi","['house', 'sale', 'ranibari', 'samakhusi']",house sale ranibari samakhusi,4,House,"Samakhusi, Kathmandu",34000000.0
House on sale at Sukedhara,"['house', 'sale', 'sukedhara']",house sale sukedhara,3,House,"Sukedhara, Kathmandu",28000000.0
Residential house for sale in Imadol,"['residential', 'house', 'sale', 'imadol']",residential house sale imadol,4,House,"Imadol, Lalitpur",29500000.0
"House on sale in Nayabazar, Bhaisepati","['house', 'sale', 'nayabazar', 'bhaisepati']",house sale nayabazar bhaisepati,4,House,"Bhaisepati, Lalitpur",33500000.0
"Residential house on sale in Ganesh Chowk, Budhanilkantha","['residential', 'house', 'sale', 'ganesh', 'chowk', 'budhanilkantha']",residential house sale ganesh chowk budhanilkantha,6,House,"Ganesh Chowk, Kathmandu",22500000.0
"Brand new house for sale near Grande Hospital, Dhapasi","['brand', 'new', 'house', 'sale', 'near', 'grande', 'hospital', 'dhapasi']",brand new house sale near grande hospital dhapasi,8,House,"Dhapasi, Kathmandu",37500000.0
Bungalow house for sale at Sukedhara,"['bungalow', 'house', 'sale', 'sukedhara']",bungalow house sale sukedhara,4,House,"Sukedhara, Kathmandu",45000000.0
"Brand new house on sale in Lubhu, Changathali","['brand', 'new', 'house', 'sale', 'lubhu', 'changathali']",brand new house sale lubhu changathali,6,House,"Lubhu, Lalitpur",19500000.0
"Brand new house on sale in Sallaghari, Bhaktapur","['brand', 'new', 'house', 'sale', 'sallaghari', 'bhaktapur']",brand new house sale sallaghari bhaktapur,6,House,"Sallaghari, Bhaktapur",25000000.0
"House for sale in Chandragiri - 1, Srijana Chowk","['house', 'sale', 'chandragiri', 'srijana', 'chowk']",house sale chandragiri srijana chowk,5,House,"Srijana Chowk, Kathmandu",16000000.0
Residential house on sale in Dhungedhara,"['residential', 'house', 'sale', 'dhungedhara']",residential house sale dhungedhara,4,House,"Dhungedhara, Kathmandu",27500000.0
Residential house for sale in Sukedhara,"['residential', 'house', 'sale', 'sukedhara']",residential house sale sukedhara,4,House,"Sukedhara, Kathmandu",16000000.0
"House on sale in Kapan, near Karuna Hospital","['house', 'sale', 'kapan', 'near', 'karuna', 'hospital']",house sale kapan near karuna hospital,6,House,"Kapan, Kathmandu",11800000.0
"Residential house for sale in Aryal Gaun, Mulpani","['residential', 'house', 'sale', 'aryal', 'gaun', 'mulpani']",residential house sale aryal gaun mulpani,6,House,"Mulpani, Kathmandu",14000000.0
"Bungalow on sale near American Embassy, Maharajgunj","['bungalow', 'sale', 'near', 'american', 'embassy', 'maharajgunj']",bungalow sale near american embassy maharajgunj,6,House,"Maharajgunj, Kathmandu",60000000.0
"Bungalow on sale in Mandikhatar, CRD Colony","['bungalow', 'sale', 'mandikhatar', 'crd', 'colony']",bungalow sale mandikhatar crd colony,5,House,"Mandikhatar, Kathmandu",57500000.0
"Residential house for sale in Sukedhara, near Ekatabasti road","['residential', 'house', 'sale', 'sukedhara', 'near', 'ekatabasti', 'road']",residential house sale sukedhara near ekatabasti road,7,House,"Sukedhara, Kathmandu",27000000.0
"Brand new house on sale in Dahachowk, Chandragiri","['brand', 'new', 'house', 'sale', 'dahachowk', 'chandragiri']",brand new house sale dahachowk chandragiri,6,House,"Dahachowk, Kathmandu",18000000.0
Brand new house on sale in Kapan,"['brand', 'new', 'house', 'sale', 'kapan']",brand new house sale kapan,5,House,"Kapan, Kathmandu",31000000.0
"House for sale in Vinayak Colony, Bhaisepati","['house', 'sale', 'vinayak', 'colony', 'bhaisepati']",house sale vinayak colony bhaisepati,5,House,"Bhaisepati, Lalitpur",57500000.0
"House for sale in Thecho, Godawari","['house', 'sale', 'thecho', 'godawari']",house sale thecho godawari,4,House,"Thecho, Lalitpur",27500000.0
Brand new house on sale in Nakhipot,"['brand', 'new', 'house', 'sale', 'nakhipot']",brand new house sale nakhipot,5,House,"Nakhipot, Lalitpur",23500000.0
"Brand new bungalow house for sale in Shuva Homes, Tokha","['brand', 'new', 'bungalow', 'house', 'sale', 'shuva', 'home', 'tokha']",brand new bungalow house sale shuva home tokha,8,House,"Tokha, Kathmandu",32500000.0
Brand new house on sale in Sitapaila,"['brand', 'new', 'house', 'sale', 'sitapaila']",brand new house sale sitapaila,5,House,"Sitapaila, Kathmandu",21500000.0
Residential house on sale in Sukedhara,"['residential', 'house', 'sale', 'sukedhara']",residential house sale sukedhara,4,House,"Sukedhara, Kathmandu",40000000.0
Residential house for sale in Dhapasi,"['residential', 'house', 'sale', 'dhapasi']",residential house sale dhapasi,4,House,"Dhapasi, Kathmandu",30000000.0
"Bungalow for sale in Deuba Chowk, Budhanilkantha","['bungalow', 'sale', 'deuba', 'chowk', 'budhanilkantha']",bungalow sale deuba chowk budhanilkantha,5,House,"Deuwa chowk, Kathmandu",47000000.0
Commercial house on sale in Shankhamul,"['commercial', 'house', 'sale', 'shankhamul']",commercial house sale shankhamul,4,House,"Shankhamul, Kathmandu",51000000.0
"Traditionally designed heritage home for sale at Kamalbinayak Town Planning, Bhaktapur ","['traditionally', 'designed', 'heritage', 'home', 'sale', 'kamalbinayak', 'town', 'planning', 'bhaktapur']",traditionally designed heritage home sale kamalbinayak town planning bhaktapur,9,House,"Kamalbinayak, Bhaktapur",39900000.0
"House on sale in Mahadevtar, Tokha","['house', 'sale', 'mahadevtar', 'tokha']",house sale mahadevtar tokha,4,House,"Mahadevtar, Kathmandu",42500000.0
Residential house on sale in Khumaltar,"['residential', 'house', 'sale', 'khumaltar']",residential house sale khumaltar,4,House,"Khumaltar, Lalitpur",28500000.0
"House on sale at Rudreshwor, Budhanilkantha","['house', 'sale', 'rudreshwor', 'budhanilkantha']",house sale rudreshwor budhanilkantha,4,House,"Rudreshwor, Kathmandu",26000000.0
"Brand new house for sale in Kapan, Ram Mandir","['brand', 'new', 'house', 'sale', 'kapan', 'ram', 'mandir']",brand new house sale kapan ram mandir,7,House,"Ram Mandir, Kathmandu",28500000.0
Commercial house on sale in Bagbazar,"['commercial', 'house', 'sale', 'bagbazar']",commercial house sale bagbazar,4,House,"Bagbazar, Kathmandu",26000000.0
House on sale in Khusibu Townplanning,"['house', 'sale', 'khusibu', 'townplanning']",house sale khusibu townplanning,4,House,"Khusibu, Kathmandu",22500000.0
House for sale in Chhauni,"['house', 'sale', 'chhauni']",house sale chhauni,3,House,"Chhauni, Kathmandu",31000000.0
"House on sale in Chhauni, Kimdol","['house', 'sale', 'chhauni', 'kimdol']",house sale chhauni kimdol,4,House,"Chhauni, Kathmandu",85000000.0
"House for sale in Setipakha, Imadol","['house', 'sale', 'setipakha', 'imadol']",house sale setipakha imadol,4,House,"Setipakha, Lalitpur",22500000.0
"Brand new house on sale in High Vision Colony, Gurjudhara","['brand', 'new', 'house', 'sale', 'high', 'vision', 'colony', 'gurjudhara']",brand new house sale high vision colony gurjudhara,8,House,"Gurjudhara, Kathmandu",15500000.0
"Luxurious bungalow on sale in Hattigauda, Budhanilkantha","['luxurious', 'bungalow', 'sale', 'hattigauda', 'budhanilkantha']",luxurious bungalow sale hattigauda budhanilkantha,5,House,"Hattigaunda, Kathmandu",32500000.0
Luxurious bungalow for sale in Budhanilkantha,"['luxurious', 'bungalow', 'sale', 'budhanilkantha']",luxurious bungalow sale budhanilkantha,4,House,"Budhanilkantha, Kathmandu",100000000.0
House on sale near Tinkune,"['house', 'sale', 'near', 'tinkune']",house sale near tinkune,4,House,"Tinkune, Kathmandu",45000000.0
House and land on sale in Kirtipur,"['house', 'land', 'sale', 'kirtipur']",house land sale kirtipur,4,House,"Kirtipur, Kathmandu",28500000.0
Residential house on sale in Sanepa,"['residential', 'house', 'sale', 'sanepa']",residential house sale sanepa,4,House,"Sanepa, Lalitpur",68000000.0
Brand new house on sale in Ekatabasti,"['brand', 'new', 'house', 'sale', 'ekatabasti']",brand new house sale ekatabasti,5,House,"Ekatabasti, Kathmandu",29700000.000000004
Residential house on sale in Dhungeadda,"['residential', 'house', 'sale', 'dhungeadda']",residential house sale dhungeadda,4,House,"Dhungeadda, Kathmandu",72500000.0
"Brand new house for sale in Hattiban, Kharibot, Lalitpur ","['brand', 'new', 'house', 'sale', 'hattiban', 'kharibot', 'lalitpur']",brand new house sale hattiban kharibot lalitpur,7,House,"Hattiban, Lalitpur",28700000.0
Residential house on sale in Basundhara,"['residential', 'house', 'sale', 'basundhara']",residential house sale basundhara,4,House,"Basundhara, Kathmandu",92000000.0
"Luxurious bungalow on sale in Bhangal, Budhanilkantha","['luxurious', 'bungalow', 'sale', 'bhangal', 'budhanilkantha']",luxurious bungalow sale bhangal budhanilkantha,5,House,"Bhangal , Kathmandu",69000000.0
"Commercial house on sale in Sundarbasti, Budhanilkantha","['commercial', 'house', 'sale', 'sundarbasti', 'budhanilkantha']",commercial house sale sundarbasti budhanilkantha,5,House,"Sundarbasti, Kathmandu",15800000.0
Brand new house on sale in Bhangal,"['brand', 'new', 'house', 'sale', 'bhangal']",brand new house sale bhangal,5,House,"Bhangal , Kathmandu",29800000.0
"Brand new house on sale in Hattigauda, Ganesh Chowk","['brand', 'new', 'house', 'sale', 'hattigauda', 'ganesh', 'chowk']",brand new house sale hattigauda ganesh chowk,7,House,"Ganesh Chowk, Kathmandu",32000000.0
"Bungalow for sale in Grande Villa Housing, Tokha","['bungalow', 'sale', 'grande', 'villa', 'housing', 'tokha']",bungalow sale grande villa housing tokha,6,House,"Grande Villa, Kathmandu",24500000.0
"House for sale at Ganesh Chowk, Budhanilkantha","['house', 'sale', 'ganesh', 'chowk', 'budhanilkantha']",house sale ganesh chowk budhanilkantha,5,House,"Ganesh Chowk, Kathmandu",35000000.0
Luxurious bungalow on sale in Budhanilkantha,"['luxurious', 'bungalow', 'sale', 'budhanilkantha']",luxurious bungalow sale budhanilkantha,4,House,"Budhanilkantha, Kathmandu",59000000.0
"Full furnished house for sale in Manjushree Colony, Nakkhu","['full', 'furnished', 'house', 'sale', 'manjushree', 'colony', 'nakkhu']",full furnished house sale manjushree colony nakkhu,7,House,"Nakkhu, Lalitpur",33000000.0
Brand new house for sale in Kusunti,"['brand', 'new', 'house', 'sale', 'kusunti']",brand new house sale kusunti,5,House,"Kusunti, Lalitpur",27000000.0
"Brand new house for sale in Kusunti, Lalitpur","['brand', 'new', 'house', 'sale', 'kusunti', 'lalitpur']",brand new house sale kusunti lalitpur,6,House,"Kusunti, Lalitpur",24000000.0
"House for sale at Baluwakhani, Kapan","['house', 'sale', 'baluwakhani', 'kapan']",house sale baluwakhani kapan,4,House,"Baluwakhani, Kathmandu",23500000.0
Bungalow house for sale in Sukedhara,"['bungalow', 'house', 'sale', 'sukedhara']",bungalow house sale sukedhara,4,House,"Sukedhara, Kathmandu",35000000.0
"House on sale near Greenhill City, Mulpani","['house', 'sale', 'near', 'greenhill', 'city', 'mulpani']",house sale near greenhill city mulpani,6,House,"Mulpani, Kathmandu",29500000.0
House on sale in Gokarneshwor,"['house', 'sale', 'gokarneshwor']",house sale gokarneshwor,3,House,"Gorkarneshwor, Kathmandu",27000000.0
Residential house for sale at Golfutar,"['residential', 'house', 'sale', 'golfutar']",residential house sale golfutar,4,House,"Golfutar, Kathmandu",28000000.0
"Brand new house on sale in Magar Gaun, Bhaisepati","['brand', 'new', 'house', 'sale', 'magar', 'gaun', 'bhaisepati']",brand new house sale magar gaun bhaisepati,7,House,"Bhaisepati, Lalitpur",19900000.0
"Bungalow house for sale in Ganesh Chowk, Budhanilkantha","['bungalow', 'house', 'sale', 'ganesh', 'chowk', 'budhanilkantha']",bungalow house sale ganesh chowk budhanilkantha,6,House,"Ganesh Chowk, Kathmandu",35000000.0
"House for sale in Ganesh Chowk, Budhanilkantha","['house', 'sale', 'ganesh', 'chowk', 'budhanilkantha']",house sale ganesh chowk budhanilkantha,5,House,"Ganesh Chowk, Kathmandu",32000000.0
"Bungalow for sale in Man Bahadur Marga, Budhanilkantha","['bungalow', 'sale', 'man', 'bahadur', 'marga', 'budhanilkantha']",bungalow sale man bahadur marga budhanilkantha,6,House,"Manabahadur Marga, Kathmandu",23000000.0
"Bungalow on sale in Narayanthan, Budhanilkantha","['bungalow', 'sale', 'narayanthan', 'budhanilkantha']",bungalow sale narayanthan budhanilkantha,4,House,"Narayanthan , Kathmandu",55000000.0
"Brand new bungalow house for sale in Narayanthan, Budhanilkantha","['brand', 'new', 'bungalow', 'house', 'sale', 'narayanthan', 'budhanilkantha']",brand new bungalow house sale narayanthan budhanilkantha,7,House,"Narayanthan , Kathmandu",35000000.0
"Brand new house for sale near Mediciti Hospital, Nakkhu","['brand', 'new', 'house', 'sale', 'near', 'mediciti', 'hospital', 'nakkhu']",brand new house sale near mediciti hospital nakkhu,8,House,"Nakkhu, Lalitpur",23500000.0
"Brand new house on sale in Nakkhu, near Mediciti Hospital","['brand', 'new', 'house', 'sale', 'nakkhu', 'near', 'mediciti', 'hospital']",brand new house sale nakkhu near mediciti hospital,8,House,"Nakkhu, Lalitpur",23000000.0
"House on sale at Imadol, Shital Height","['house', 'sale', 'imadol', 'shital', 'height']",house sale imadol shital height,5,House,"Imadol, Lalitpur",19500000.0
"House for sale in Reliable Colony, Bhaisepati","['house', 'sale', 'reliable', 'colony', 'bhaisepati']",house sale reliable colony bhaisepati,5,House,"Bhaisepati, Lalitpur",28000000.0
"Brand new house on sale in Kusunti, Lalitpur","['brand', 'new', 'house', 'sale', 'kusunti', 'lalitpur']",brand new house sale kusunti lalitpur,6,House,"Kusunti, Lalitpur",23500000.0
House for sale at Shankhamul ,"['house', 'sale', 'shankhamul']",house sale shankhamul,3,House,"Shankhamul, Kathmandu",40000000.0
Brand new house for sale in Dhapasi,"['brand', 'new', 'house', 'sale', 'dhapasi']",brand new house sale dhapasi,5,House,"Dhapasi, Kathmandu",28000000.0
"House for sale in Tokha, near Grande Housing","['house', 'sale', 'tokha', 'near', 'grande', 'housing']",house sale tokha near grande housing,6,House,"Tokha Height, Kathmandu",23000000.0
House for sale at Hattiban,"['house', 'sale', 'hattiban']",house sale hattiban,3,House,"Hattiban, Lalitpur",21500000.0
Brand new house for sale in Gothatar,"['brand', 'new', 'house', 'sale', 'gothatar']",brand new house sale gothatar,5,House,"Gothatar, Kathmandu",40000000.0
"House on sale at Imadol, near Kist Hospital","['house', 'sale', 'imadol', 'near', 'kist', 'hospital']",house sale imadol near kist hospital,6,House,"Imadol, Lalitpur",21000000.0
House for sale in Syuchatar,"['house', 'sale', 'syuchatar']",house sale syuchatar,3,House,"Syuchatar, Kathmandu",20500000.0
Semi furnished bungalow on sale in Budhanilkantha,"['semi', 'furnished', 'bungalow', 'sale', 'budhanilkantha']",semi furnished bungalow sale budhanilkantha,5,House,"Budhanilkantha, Kathmandu",45000000.0
"House for sale in Khadkagaun, near LRI School","['house', 'sale', 'khadkagaun', 'near', 'lri', 'school']",house sale khadkagaun near lri school,6,House,"Khadka Gaun, Kathmandu",23000000.0
Bungalow for sale in Mandikhatar,"['bungalow', 'sale', 'mandikhatar']",bungalow sale mandikhatar,3,House,"Mandikhatar, Kathmandu",45000000.0
"Brand new house on sale in Bhaisepati, Lalitpur","['brand', 'new', 'house', 'sale', 'bhaisepati', 'lalitpur']",brand new house sale bhaisepati lalitpur,6,House,"Bhaisepati, Lalitpur",24000000.0
"House on sale in Nakhu, near Mediciti Hospital","['house', 'sale', 'nakhu', 'near', 'mediciti', 'hospital']",house sale nakhu near mediciti hospital,6,House,"Nakkhu, Lalitpur",32500000.0
"Bungalow on sale in Nakhipot, near Kantipur Colony","['bungalow', 'sale', 'nakhipot', 'near', 'kantipur', 'colony']",bungalow sale nakhipot near kantipur colony,6,House,"Nakhipot, Lalitpur",80000000.0
"House on sale in Mahadevsthan, Chandragiri","['house', 'sale', 'mahadevsthan', 'chandragiri']",house sale mahadevsthan chandragiri,4,House,"Mahadevsthan, Kathmandu",10500000.0
"house on sale in Hattiban, Lalitpur","['house', 'sale', 'hattiban', 'lalitpur']",house sale hattiban lalitpur,4,House,"Hattiban, Lalitpur",21100000.0
House for Sale at Kapan,"['house', 'sale', 'kapan']",house sale kapan,3,House,"Kapan Gumba, Kathmandu",14000000.0
House for sale in Narayantar,"['house', 'sale', 'narayantar']",house sale narayantar,3,House,"Narayantar, Kathmandu",27500000.0
"House for sale in Southern Heights Colony, Thaiba","['house', 'sale', 'southern', 'height', 'colony', 'thaiba']",house sale southern height colony thaiba,6,House,"Thaiba, Lalitpur",48500000.0
Bungalow on sale at Dhumbarahi Height,"['bungalow', 'sale', 'dhumbarahi', 'height']",bungalow sale dhumbarahi height,4,House,"Dhumbarahi, Kathmandu",130000000.0
"House on sale in Narephat, Koteshwor","['house', 'sale', 'narephat', 'koteshwor']",house sale narephat koteshwor,4,House,"Narephat, Kathmandu",38500000.0
House on sale only in land price in Sanobharyang,"['house', 'sale', 'land', 'price', 'sanobharyang']",house sale land price sanobharyang,5,House,"Sanobharyang, Kathmandu",18500000.0
"Bungalow house on sale at Shristy Colony, Nagarjun","['bungalow', 'house', 'sale', 'shristy', 'colony', 'nagarjun']",bungalow house sale shristy colony nagarjun,6,House,"Sitapaila, Kathmandu",70000000.0
Bungalow for sale at Chandol,"['bungalow', 'sale', 'chandol']",bungalow sale chandol,3,House,"Chandol, Kathmandu",46000000.0
Bungalow house for sale in Budhanilkantha,"['bungalow', 'house', 'sale', 'budhanilkantha']",bungalow house sale budhanilkantha,4,House,"Budhanilkantha, Kathmandu",115000000.0
Brand new bungalow on sale in Bhaisepati,"['brand', 'new', 'bungalow', 'sale', 'bhaisepati']",brand new bungalow sale bhaisepati,5,House,"Bhaisepati, Lalitpur",37500000.0
"House on sale in Imadol, opposite of Green Hill City","['house', 'sale', 'imadol', 'opposite', 'green', 'hill', 'city']",house sale imadol opposite green hill city,7,House,"Imadol, Lalitpur",24000000.0
Bungalow on sale in Narayanthan,"['bungalow', 'sale', 'narayanthan']",bungalow sale narayanthan,3,House,"Narayanthan , Kathmandu",80000000.0
Bungalow for sale at Naxal,"['bungalow', 'sale', 'naxal']",bungalow sale naxal,3,House,"Naxal, Kathmandu",135000000.0
House for sale at Dhapasi,"['house', 'sale', 'dhapasi']",house sale dhapasi,3,House,"Dhapasi, Kathmandu",33000000.0
Bungalow on sale at Hepali Height,"['bungalow', 'sale', 'hepali', 'height']",bungalow sale hepali height,4,House,"Hepali Height, Kathmandu",33000000.0
"House on sale in Sankata Colony, Sitapaila","['house', 'sale', 'sankata', 'colony', 'sitapaila']",house sale sankata colony sitapaila,5,House,"Sitapaila, Kathmandu",24000000.0
House for sale at Bafal,"['house', 'sale', 'bafal']",house sale bafal,3,House,"Bafal, Kathmandu",46000000.0
House on sale at Makalbari Buspark,"['house', 'sale', 'makalbari', 'buspark']",house sale makalbari buspark,4,House,"Makalbari, Kathmandu",17000000.0
"House on sale in Nakkhu, near Mediciti Hospital","['house', 'sale', 'nakkhu', 'near', 'mediciti', 'hospital']",house sale nakkhu near mediciti hospital,6,House,"Karyabinayak, Lalitpur",32500000.0
"House on sale in Bojepokhari, Lalitpur","['house', 'sale', 'bojepokhari', 'lalitpur']",house sale bojepokhari lalitpur,4,House,"Bojepokhari, Lalitpur",30000000.0
Brand new house on sale in Syuchatar,"['brand', 'new', 'house', 'sale', 'syuchatar']",brand new house sale syuchatar,5,House,"Syuchatar, Kathmandu",29500000.0
"House on sale at Hattiban, Lalitpur","['house', 'sale', 'hattiban', 'lalitpur']",house sale hattiban lalitpur,4,House,"Hattiban, Lalitpur",26500000.0
"House on sale in Mulpani, Tiwari Tole","['house', 'sale', 'mulpani', 'tiwari', 'tole']",house sale mulpani tiwari tole,5,House,"Mulpani, Kathmandu",22500000.0
"Bungalow house for sale in Narayanthan, Budhanilkantha","['bungalow', 'house', 'sale', 'narayanthan', 'budhanilkantha']",bungalow house sale narayanthan budhanilkantha,5,House,"Narayanthan , Kathmandu",45000000.0
"Brand new house on sale in Phulbari Marga, Bhaisepati","['brand', 'new', 'house', 'sale', 'phulbari', 'marga', 'bhaisepati']",brand new house sale phulbari marga bhaisepati,7,House,"Bhaisepati, Lalitpur",28500000.0
"Brand new house on sale inside Colony, Bhaisepati","['brand', 'new', 'house', 'sale', 'inside', 'colony', 'bhaisepati']",brand new house sale inside colony bhaisepati,7,House,"Bhaisepati, Lalitpur",25000000.0
Bungalow for sale in Budhanilkantha,"['bungalow', 'sale', 'budhanilkantha']",bungalow sale budhanilkantha,3,House,"Budhanilkantha, Kathmandu",80000000.0
Brand new house for sale at Budhanilkantha,"['brand', 'new', 'house', 'sale', 'budhanilkantha']",brand new house sale budhanilkantha,5,House,"Budhanilkantha, Kathmandu",47000000.0
"House on sale at Kapan, Ram Mandir","['house', 'sale', 'kapan', 'ram', 'mandir']",house sale kapan ram mandir,5,House,"Ram Mandir, Kathmandu",27200000.000000004
House on sale at Chandol,"['house', 'sale', 'chandol']",house sale chandol,3,House,"Chandol, Kathmandu",35000000.0
New bungalow house on sale in Sukedhara,"['new', 'bungalow', 'house', 'sale', 'sukedhara']",new bungalow house sale sukedhara,5,House,"Sukedhara, Kathmandu",40000000.0
New house on sale in Dhumbarahi,"['new', 'house', 'sale', 'dhumbarahi']",new house sale dhumbarahi,4,House,"Dhumbarahi, Kathmandu",62500000.0
House on sale at Dhungedhara,"['house', 'sale', 'dhungedhara']",house sale dhungedhara,3,House,"Dhungedhara, Kathmandu",26000000.0
House on sale in Kuleshwor,"['house', 'sale', 'kuleshwor']",house sale kuleshwor,3,House,"Kuleshwor, Kathmandu",22500000.0
House on sale at Thankot,"['house', 'sale', 'thankot']",house sale thankot,3,House,"Thankot, Kathmandu",16000000.0
New house on sale in Lolang Height,"['new', 'house', 'sale', 'lolang', 'height']",new house sale lolang height,5,House,"Lolang, Kathmandu",16500000.0
"Brand new house on sale in Ochu Height, Imadol","['brand', 'new', 'house', 'sale', 'ochu', 'height', 'imadol']",brand new house sale ochu height imadol,7,House,"Imadol, Lalitpur",17000000.0
"Brand new bungalow on sale in Golfutar, Hepali Height","['brand', 'new', 'bungalow', 'sale', 'golfutar', 'hepali', 'height']",brand new bungalow sale golfutar hepali height,7,House,"Golfutar, Kathmandu",40000000.0
"Brand new house on sale in Imadol, Lalitpur","['brand', 'new', 'house', 'sale', 'imadol', 'lalitpur']",brand new house sale imadol lalitpur,6,House,"Gwarko, Lalitpur",19500000.0
"House on sale at Golfutar, Budhanilkantha","['house', 'sale', 'golfutar', 'budhanilkantha']",house sale golfutar budhanilkantha,4,House,"Golfutar, Kathmandu",37000000.0
House for sale in Thankot,"['house', 'sale', 'thankot']",house sale thankot,3,House,"Thankot, Kathmandu",15000000.0
New house on sale in Dhapasi,"['new', 'house', 'sale', 'dhapasi']",new house sale dhapasi,4,House,"Dhapasi, Kathmandu",28500000.0
House on sale at Imadol,"['house', 'sale', 'imadol']",house sale imadol,3,House,"Imadol, Lalitpur",19000000.0
House on sale in Dhapasi Height,"['house', 'sale', 'dhapasi', 'height']",house sale dhapasi height,4,House,"Dhapasi, Kathmandu",32000000.0
"House on sale in Rudreshwor, Budhanilkantha","['house', 'sale', 'rudreshwor', 'budhanilkantha']",house sale rudreshwor budhanilkantha,4,House,"Rudreshwor, Kathmandu",42000000.0
House on sale in Narayanthan,"['house', 'sale', 'narayanthan']",house sale narayanthan,3,House,"Narayanthan , Kathmandu",47500000.0
"House for sale in Deuba Chowk, Budhanilkantha","['house', 'sale', 'deuba', 'chowk', 'budhanilkantha']",house sale deuba chowk budhanilkantha,5,House,"Deuwa chowk, Kathmandu",32500000.0
House on sale in Pepsicola,"['house', 'sale', 'pepsicola']",house sale pepsicola,3,House,"Pepsicola, Kathmandu",33000000.0
House on sale in Baluwatar,"['house', 'sale', 'baluwatar']",house sale baluwatar,3,House,"Baluwatar, Kathmandu",55000000.0
"Semi bungalow on sale in Rudreshwor Chowk, Budhanilkantha","['semi', 'bungalow', 'sale', 'rudreshwor', 'chowk', 'budhanilkantha']",semi bungalow sale rudreshwor chowk budhanilkantha,6,House,"Rudreshwor, Kathmandu",37500000.0
Brand new house for sale in Bhaisepati,"['brand', 'new', 'house', 'sale', 'bhaisepati']",brand new house sale bhaisepati,5,House,"Bhaisepati, Lalitpur",38000000.0
"House on sale in Gothatar, Tejbinayak Chowk","['house', 'sale', 'gothatar', 'tejbinayak', 'chowk']",house sale gothatar tejbinayak chowk,5,House,"Gothatar, Kathmandu",18500000.0
"New house on sale in Golfutar, Special Chowk","['new', 'house', 'sale', 'golfutar', 'special', 'chowk']",new house sale golfutar special chowk,6,House,"Golfutar, Kathmandu",27000000.0
"House for sale near Khwopa Engineering college, Bhaktapur","['house', 'sale', 'near', 'khwopa', 'engineering', 'college', 'bhaktapur']",house sale near khwopa engineering college bhaktapur,7,House,"Liwali, Bhaktapur",35000000.0
"House on sale in Imadol, Ochu Height","['house', 'sale', 'imadol', 'ochu', 'height']",house sale imadol ochu height,5,House,"Imadol, Lalitpur",18500000.0
House on sale in Nakhu near by Mediciti Hospital,"['house', 'sale', 'nakhu', 'near', 'mediciti', 'hospital']",house sale nakhu near mediciti hospital,6,House,"Nakkhu, Lalitpur",26500000.0
"House on sale in Imadol, Nayabasti","['house', 'sale', 'imadol', 'nayabasti']",house sale imadol nayabasti,4,House,"Imadol, Lalitpur",16000000.0
"Bungalow house for sale in Hattigauda, Ganesh Chowk","['bungalow', 'house', 'sale', 'hattigauda', 'ganesh', 'chowk']",bungalow house sale hattigauda ganesh chowk,6,House,"Hattigaunda, Kathmandu",23000000.0
"Commercial house on sale in Patitar, Guheshwori Townplanning","['commercial', 'house', 'sale', 'patitar', 'guheshwori', 'townplanning']",commercial house sale patitar guheshwori townplanning,6,House,"Patitar, Kathmandu",67000000.0
House on sale at Kusunti,"['house', 'sale', 'kusunti']",house sale kusunti,3,House,"Kusunti, Lalitpur",26500000.0
"House on sale in Hattidanda, Pepsicola","['house', 'sale', 'hattidanda', 'pepsicola']",house sale hattidanda pepsicola,4,House,"Hattidanda, Kathmandu",26500000.0
"House on sale in Dholahiti, Lalitpur","['house', 'sale', 'dholahiti', 'lalitpur']",house sale dholahiti lalitpur,4,House,"Dholahiti, Lalitpur",27500000.0
"Newly built house on sale in Imadol, Shital Height","['newly', 'built', 'house', 'sale', 'imadol', 'shital', 'height']",newly built house sale imadol shital height,7,House,"Imadol, Lalitpur",19000000.0
House on sale in Shantinagar,"['house', 'sale', 'shantinagar']",house sale shantinagar,3,House,"Shantinagar, Kathmandu",39000000.0
House for sale in Bafal,"['house', 'sale', 'bafal']",house sale bafal,3,House,"Bafal, Kathmandu",25500000.0
House on sale in Dhungedhara,"['house', 'sale', 'dhungedhara']",house sale dhungedhara,3,House,"Dhungedhara, Kathmandu",28000000.0
House on sale in Thankot Checkpost,"['house', 'sale', 'thankot', 'checkpost']",house sale thankot checkpost,4,House,"Thankot, Kathmandu",10500000.0
"House on sale in Thankot, Chandragiri","['house', 'sale', 'thankot', 'chandragiri']",house sale thankot chandragiri,4,House,"Thankot, Kathmandu",11500000.0
"House on sale in Baniyatar, Suryadarshan Height","['house', 'sale', 'baniyatar', 'suryadarshan', 'height']",house sale baniyatar suryadarshan height,5,House,"Baniyatar, Kathmandu",18500000.0
House for sale in Kalanki,"['house', 'sale', 'kalanki']",house sale kalanki,3,House,"Kalanki, Kathmandu",42500000.0
Mini bungalow house on sale at Bafal,"['mini', 'bungalow', 'house', 'sale', 'bafal']",mini bungalow house sale bafal,5,House,"Bafal, Kathmandu",30000000.0
House on sale in Banasthali,"['house', 'sale', 'banasthali']",house sale banasthali,3,House,"Banasthali, Kathmandu",30000000.0
"House for sale in Green Village Society, Ramkot","['house', 'sale', 'green', 'village', 'society', 'ramkot']",house sale green village society ramkot,6,House,"Ramkot, Kathmandu",15500000.0
House on sale in Ramkot,"['house', 'sale', 'ramkot']",house sale ramkot,3,House,"Ramkot, Kathmandu",17500000.0
House For Sale at Khusibu Townplanning,"['house', 'sale', 'khusibu', 'townplanning']",house sale khusibu townplanning,4,House,"Khusibu, Kathmandu",41000000.0
House on sale in Hattiiban,"['house', 'sale', 'hattiiban']",house sale hattiiban,3,House,"Hattiban, Lalitpur",21000000.0
Brand new house on sale in Bhaisepati,"['brand', 'new', 'house', 'sale', 'bhaisepati']",brand new house sale bhaisepati,5,House,"Bhaisepati, Lalitpur",35000000.0
"House on sale in Shovahiti, Lalitpur","['house', 'sale', 'shovahiti', 'lalitpur']",house sale shovahiti lalitpur,4,House,"Shovahiti, Lalitpur",25000000.0
"House on sale in Basantanagar, Tarkeshwor","['house', 'sale', 'basantanagar', 'tarkeshwor']",house sale basantanagar tarkeshwor,4,House,"Basantanagar, Kathmandu",13000000.0
House for sale in Budhanilkantha,"['house', 'sale', 'budhanilkantha']",house sale budhanilkantha,3,House,"Budhanilkantha, Kathmandu",41500000.0
House on sale in Mandikhatar Height,"['house', 'sale', 'mandikhatar', 'height']",house sale mandikhatar height,4,House,"Mandikhatar, Kathmandu",70000000.0
"House for sale in Grande, Tokha","['house', 'sale', 'grande', 'tokha']",house sale grande tokha,4,House,"Grande Villa, Kathmandu",26000000.0
"House on sale at Grande, Tokha","['house', 'sale', 'grande', 'tokha']",house sale grande tokha,4,House,"Grande Villa, Kathmandu",28000000.0
"House on sale in Grande, Tokha","['house', 'sale', 'grande', 'tokha']",house sale grande tokha,4,House,"Grande Villa, Kathmandu",19000000.0
"House on sale in Deuba Chowk, Budhanilkantha","['house', 'sale', 'deuba', 'chowk', 'budhanilkantha']",house sale deuba chowk budhanilkantha,5,House,"Deuwa chowk, Kathmandu",36000000.0
House for sale in Hattigauda,"['house', 'sale', 'hattigauda']",house sale hattigauda,3,House,"Hattigaunda, Kathmandu",34500000.0
"House on sale in Gwarko, Bafal","['house', 'sale', 'gwarko', 'bafal']",house sale gwarko bafal,4,House,"Gwarko, Lalitpur",30000000.0
"House for sale in Indrapuri, Dhapasi","['house', 'sale', 'indrapuri', 'dhapasi']",house sale indrapuri dhapasi,4,House,"Dhapasi, Kathmandu",50000000.0
House for sale or rent in Tokha,"['house', 'sale', 'rent', 'tokha']",house sale rent tokha,4,House,"Tokha, Kathmandu",38000000.0
House on sale at Hattigauda,"['house', 'sale', 'hattigauda']",house sale hattigauda,3,House,"Hattigaunda, Kathmandu",31000000.0
"House on sale in Narayanthan Height, Budhanilkantha","['house', 'sale', 'narayanthan', 'height', 'budhanilkantha']",house sale narayanthan height budhanilkantha,5,House,"Narayanthan , Kathmandu",67500000.0
Beautiful house on sale at Kalanki,"['beautiful', 'house', 'sale', 'kalanki']",beautiful house sale kalanki,4,House,"Kalanki, Kathmandu",29000000.0
House on Sale near Grande Hospital,"['house', 'sale', 'near', 'grande', 'hospital']",house sale near grande hospital,5,House,"Grande Hospital, Kathmandu",28000000.0
2.5 storeyed house for sale at Budhanilkantha,"['25', 'storeyed', 'house', 'sale', 'budhanilkantha']",25 storeyed house sale budhanilkantha,5,House,"Budhanilkantha, Kathmandu",55000000.0
House on sale in Hattigauda,"['house', 'sale', 'hattigauda']",house sale hattigauda,3,House,"Hattigaunda, Kathmandu",32500000.0
"House on sale in Thulobharyang, Swoyambhu","['house', 'sale', 'thulobharyang', 'swoyambhu']",house sale thulobharyang swoyambhu,4,House,"Thulobharyang, Kathmandu",39500000.0
House on sale at Golfutar,"['house', 'sale', 'golfutar']",house sale golfutar,3,House,"Golfutar, Kathmandu",35000000.0
House on sale or rent in Chandol,"['house', 'sale', 'rent', 'chandol']",house sale rent chandol,4,House,"Chandol, Kathmandu",47500000.0
House on sale in Gongabu,"['house', 'sale', 'gongabu']",house sale gongabu,3,House,"New Buspark, Kathmandu",26000000.0
House on sale at Hepali height,"['house', 'sale', 'hepali', 'height']",house sale hepali height,4,House,"Hepali Height, Kathmandu",22500000.0
Brand new bungalow on sale in Nakkhu,"['brand', 'new', 'bungalow', 'sale', 'nakkhu']",brand new bungalow sale nakkhu,5,House,"Nakkhu, Lalitpur",28000000.0
"Commercial house on sale in Basantanagar, Balaju","['commercial', 'house', 'sale', 'basantanagar', 'balaju']",commercial house sale basantanagar balaju,5,House,"Basantanagar, Kathmandu",100000000.0
"House on rent in Civil Home Colony, Bhaisepati","['house', 'rent', 'civil', 'home', 'colony', 'bhaisepati']",house rent civil home colony bhaisepati,6,House,"Karyabinayak, Lalitpur",35000000.0
Under construction house is on sale in Sitapaila,"['construction', 'house', 'sale', 'sitapaila']",construction house sale sitapaila,4,House,"Sitapaila, Kathmandu",25000000.0
House For Sale in Kapan ,"['house', 'sale', 'kapan']",house sale kapan,3,House,"Kapan, Kathmandu",36000000.0
House on Sale at Mulpani,"['house', 'sale', 'mulpani']",house sale mulpani,3,House,"Mulpani, Kathmandu",12500000.0
"House on sale in Taukhel, Lalitpur","['house', 'sale', 'taukhel', 'lalitpur']",house sale taukhel lalitpur,4,House,"Taukhel, Lalitpur",25000000.0
Newly built house on sale in Gothatar,"['newly', 'built', 'house', 'sale', 'gothatar']",newly built house sale gothatar,5,House,"Gothatar, Kathmandu",23000000.0
"House on sale in Balambu, Chundevi","['house', 'sale', 'balambu', 'chundevi']",house sale balambu chundevi,4,House,"Balambu, Kathmandu",18000000.0
New house on sale in Kalanki,"['new', 'house', 'sale', 'kalanki']",new house sale kalanki,4,House,"Kalanki, Kathmandu",21800000.0
Duplex house on urgent sale in Bhaisepati,"['duplex', 'house', 'urgent', 'sale', 'bhaisepati']",duplex house urgent sale bhaisepati,5,House,"Bhaisepati, Lalitpur",25000000.0
"House on sale in Kalanki, Khadka Gaun","['house', 'sale', 'kalanki', 'khadka', 'gaun']",house sale kalanki khadka gaun,5,House,"Khadka Gaun, Kathmandu",21500000.0
House on sale in Tokha,"['house', 'sale', 'tokha']",house sale tokha,3,House,"Bhutkhel , Kathmandu",18000000.0
House on sale at Chyasal,"['house', 'sale', 'chyasal']",house sale chyasal,3,House,"Chyasal, Lalitpur",24000000.0
House on sale in Thulobharyang,"['house', 'sale', 'thulobharyang']",house sale thulobharyang,3,House,"Thulobharyang, Kathmandu",24000000.0
House on sale at Dhapakhel,"['house', 'sale', 'dhapakhel']",house sale dhapakhel,3,House,"Dhapakhel, Lalitpur",14500000.0
Bungalow on sale at Hattigauda,"['bungalow', 'sale', 'hattigauda']",bungalow sale hattigauda,3,House,"Hattigaunda, Kathmandu",31500000.0
Bungalow on sale at Panipokhari,"['bungalow', 'sale', 'panipokhari']",bungalow sale panipokhari,3,House,"Panipokhari, Kathmandu",54000000.0
House on sale at Kapan,"['house', 'sale', 'kapan']",house sale kapan,3,House,"Kapan, Kathmandu",21000000.0
"House on sale at Budhanilkantha, Kamitar","['house', 'sale', 'budhanilkantha', 'kamitar']",house sale budhanilkantha kamitar,4,House,"Kamitar, Kathmandu",17000000.0
Modern Bungalow for sale at Ichangu,"['modern', 'bungalow', 'sale', 'ichangu']",modern bungalow sale ichangu,4,House,"Ichangu Narayan, Kathmandu",29000000.0
House for sale at Budhanilkantha,"['house', 'sale', 'budhanilkantha']",house sale budhanilkantha,3,House,"Budhanilkantha, Kathmandu",58000000.0
"House for sale at Manbahadur Marg, Bhangal","['house', 'sale', 'manbahadur', 'marg', 'bhangal']",house sale manbahadur marg bhangal,5,House,"Manabahadur Marga, Kathmandu",27000000.0
Villa on sale at Budhanilkantha,"['villa', 'sale', 'budhanilkantha']",villa sale budhanilkantha,3,House,"Budhanilkantha, Kathmandu",57500000.0
"House for sale at Hepali Height, Budhanilkantha","['house', 'sale', 'hepali', 'height', 'budhanilkantha']",house sale hepali height budhanilkantha,5,House,"Hepali Height, Kathmandu",27000000.0
"House for sale at Hattigauda, Ganesh Chowk","['house', 'sale', 'hattigauda', 'ganesh', 'chowk']",house sale hattigauda ganesh chowk,5,House,"Budhanilkantha, Kathmandu",44500000.0
"House for sale at Maharajgunj, Bansbari","['house', 'sale', 'maharajgunj', 'bansbari']",house sale maharajgunj bansbari,4,House,"Bansbari, Kathmandu",45000000.0
House on sale at Kavresthali,"['house', 'sale', 'kavresthali']",house sale kavresthali,3,House,"Kavresthali, Kathmandu",15500000.0
"House for urgent sale at Balaju, Goldhunga","['house', 'urgent', 'sale', 'balaju', 'goldhunga']",house urgent sale balaju goldhunga,5,House,"Goldhunga, Kathmandu",18500000.0
House for sale at Thankot Checkpost,"['house', 'sale', 'thankot', 'checkpost']",house sale thankot checkpost,4,House,"Thankot, Kathmandu",30000000.0
"House for sale at Buddhamarg, Nakhipot","['house', 'sale', 'buddhamarg', 'nakhipot']",house sale buddhamarg nakhipot,4,House,"Nakhipot, Lalitpur",25000000.0
Commercial house for sale at Thankot Checkpost,"['commercial', 'house', 'sale', 'thankot', 'checkpost']",commercial house sale thankot checkpost,5,House,"Thankot, Kathmandu",19000000.0
"Commercial house for sale at Gongabu, New Buspark","['commercial', 'house', 'sale', 'gongabu', 'new', 'buspark']",commercial house sale gongabu new buspark,6,House,"Gongabu, Kathmandu",35000000.0
"House on sale at Imadol, Shital height Cozyhomes","['house', 'sale', 'imadol', 'shital', 'height', 'cozyhomes']",house sale imadol shital height cozyhomes,6,House,"Imadol, Lalitpur",32500000.0
House on sale at Gyaneshwor,"['house', 'sale', 'gyaneshwor']",house sale gyaneshwor,3,House,"Gyaneshwor, Kathmandu",35000000.0
"House on sale at Kalanki, Syuchatar","['house', 'sale', 'kalanki', 'syuchatar']",house sale kalanki syuchatar,4,House,"Syuchatar, Kathmandu",24500000.0
"House on sale at Kalanki, Syuchatar","['house', 'sale', 'kalanki', 'syuchatar']",house sale kalanki syuchatar,4,House,"Syuchatar, Kathmandu",22000000.0
"House for sale at Baneshwor, Shankamul","['house', 'sale', 'baneshwor', 'shankamul']",house sale baneshwor shankamul,4,House,"Shankhamul, Kathmandu",55500000.0
Bungalow for sale at Jawalakhel,"['bungalow', 'sale', 'jawalakhel']",bungalow sale jawalakhel,3,House,"Jawalakhel, Lalitpur",90000000.0
"Semi Bungalow on sale at Manbahadur Marga, Hattigauda","['semi', 'bungalow', 'sale', 'manbahadur', 'marga', 'hattigauda']",semi bungalow sale manbahadur marga hattigauda,6,House,"Manabahadur Marga, Kathmandu",27000000.0
Bungalow for sale/rent at CG Hills Colony,"['bungalow', 'salerent', 'cg', 'hill', 'colony']",bungalow salerent cg hill colony,5,House,"Hattigaunda, Kathmandu",50000000.0
Luxury bungalow on sale at Bansbari,"['luxury', 'bungalow', 'sale', 'bansbari']",luxury bungalow sale bansbari,4,House,"Bansbari, Kathmandu",38000000.0
"House on sale at Kapurdhara, Samakhusi","['house', 'sale', 'kapurdhara', 'samakhusi']",house sale kapurdhara samakhusi,4,House, undefined,24500000.0
"Newly built house for sale at Banasthali, Kharibot ","['newly', 'built', 'house', 'sale', 'banasthali', 'kharibot']",newly built house sale banasthali kharibot,6,House,"Banasthali, Kathmandu",20000000.0
"Bungalow on rent or sale in Balkumari, Lalitpur","['bungalow', 'rent', 'sale', 'balkumari', 'lalitpur']",bungalow rent sale balkumari lalitpur,5,House,"Balkumari, Lalitpur",50000000.0
House on sale in Tikathali,"['house', 'sale', 'tikathali']",house sale tikathali,3,House,"Tikathali, Lalitpur",16000000.0
House on sale in Thankot,"['house', 'sale', 'thankot']",house sale thankot,3,House,"Thankot, Kathmandu",32500000.0
House for sale near Thankot Checkpost,"['house', 'sale', 'near', 'thankot', 'checkpost']",house sale near thankot checkpost,5,House,"Thankot, Kathmandu",16000000.0
House for sale at Thankot Check post,"['house', 'sale', 'thankot', 'check', 'post']",house sale thankot check post,5,House,"Thankot, Kathmandu",16000000.0
Under construction house for sale at Siddhartha Colony,"['construction', 'house', 'sale', 'siddhartha', 'colony']",construction house sale siddhartha colony,5,House,"Siddhartha Colony, Kathmandu",70000000.0
Premium House on Sale at Budhanilkantha,"['premium', 'house', 'sale', 'budhanilkantha']",premium house sale budhanilkantha,4,House,"Chapali, Kathmandu",29500000.0
"House on sale at Kalanki, Khadka Gau","['house', 'sale', 'kalanki', 'khadka', 'gau']",house sale kalanki khadka gau,5,House,"Kalanki, Kathmandu",22000000.0
House on sale in Bafal,"['house', 'sale', 'bafal']",house sale bafal,3,House,"Bafal, Kathmandu",31000000.0
"House on sale in Lubhu, Lalitpur","['house', 'sale', 'lubhu', 'lalitpur']",house sale lubhu lalitpur,4,House,"Lubhu, Lalitpur",18500000.0
House on sale in Nagarjun,"['house', 'sale', 'nagarjun']",house sale nagarjun,3,House,"Nagarjun, Kathmandu",22500000.0
House on sale in Kumarigal,"['house', 'sale', 'kumarigal']",house sale kumarigal,3,House,"Kumarigal, Kathmandu",35000000.0
"Modern house on sale in Tenzing Chowk , Kapan","['modern', 'house', 'sale', 'tenzing', 'chowk', 'kapan']",modern house sale tenzing chowk kapan,6,House,"Tenzing Chowk, Kathmandu",29000000.0
House on sale in Nayabasti,"['house', 'sale', 'nayabasti']",house sale nayabasti,3,House,"Naya Basti, Kathmandu",19000000.0
"House on sale in Bhaisepati, Magal Colony","['house', 'sale', 'bhaisepati', 'magal', 'colony']",house sale bhaisepati magal colony,5,House,"Bhaisepati, Lalitpur",22000000.0
House on sale in Bhaisepati,"['house', 'sale', 'bhaisepati']",house sale bhaisepati,3,House,"Bhaisepati, Lalitpur",21000000.0
"House on sale in Saranpur Height, Sitapaila","['house', 'sale', 'saranpur', 'height', 'sitapaila']",house sale saranpur height sitapaila,5,House,"Sitapaila, Kathmandu",34500000.0
"Bungalow on sale in Bhangal, Budhanilkantha","['bungalow', 'sale', 'bhangal', 'budhanilkantha']",bungalow sale bhangal budhanilkantha,4,House,"Bhangal , Kathmandu",35000000.0
"House on sale in Katyani Chowk, Baneshwor","['house', 'sale', 'katyani', 'chowk', 'baneshwor']",house sale katyani chowk baneshwor,5,House,"Katyani Chowk, Kathmandu",33000000.0
"House on sale in Jarankhu, Basanta Colony","['house', 'sale', 'jarankhu', 'basanta', 'colony']",house sale jarankhu basanta colony,5,House,"Jarankhu, Kathmandu",12000000.0
House on sale in Mulpani Chaur,"['house', 'sale', 'mulpani', 'chaur']",house sale mulpani chaur,4,House,"Mulpani, Kathmandu",12000000.0
"House on sale in Setipakha, Lalitpur","['house', 'sale', 'setipakha', 'lalitpur']",house sale setipakha lalitpur,4,House,"Setipakha, Lalitpur",21000000.0
"House on sale in Lasuntar, Kapan","['house', 'sale', 'lasuntar', 'kapan']",house sale lasuntar kapan,4,House,"Rudreshwor, Kathmandu",10500000.0
House on sale at Shital Height Imadol,"['house', 'sale', 'shital', 'height', 'imadol']",house sale shital height imadol,5,House,"Imadol, Lalitpur",16500000.0
House for sale at Imadol,"['house', 'sale', 'imadol']",house sale imadol,3,House,"Imadol, Lalitpur",25000000.0
"Modern design house on sale at Shital Height, Imadol","['modern', 'design', 'house', 'sale', 'shital', 'height', 'imadol']",modern design house sale shital height imadol,7,House,"Imadol, Lalitpur",22000000.0
"House on sale at Nayabasti, Imadol","['house', 'sale', 'nayabasti', 'imadol']",house sale nayabasti imadol,4,House,"Imadol, Lalitpur",21500000.0
"House on sale at Sheetal height, Imadol","['house', 'sale', 'sheetal', 'height', 'imadol']",house sale sheetal height imadol,5,House,"Imadol, Lalitpur",24500000.0
House on sale in Syuchatar Height,"['house', 'sale', 'syuchatar', 'height']",house sale syuchatar height,4,House,"Syuchatar, Kathmandu",20700000.0
House on sale in Syuchatar,"['house', 'sale', 'syuchatar']",house sale syuchatar,3,House,"Syuchatar, Kathmandu",22000000.0
House on sale in Lolang Height,"['house', 'sale', 'lolang', 'height']",house sale lolang height,4,House,"Lolang, Kathmandu",15500000.0
"House on sale in Thankot, near by High Vision Colony","['house', 'sale', 'thankot', 'near', 'high', 'vision', 'colony']",house sale thankot near high vision colony,7,House,"Thankot, Kathmandu",11500000.0
"Commercial house on sale at Panga, Kirtipur","['commercial', 'house', 'sale', 'panga', 'kirtipur']",commercial house sale panga kirtipur,5,House,"Panga, Kathmandu",52000000.0
House for sale at Imadol,"['house', 'sale', 'imadol']",house sale imadol,3,House,"Imadol, Lalitpur",21500000.0
House on sale at Imadol,"['house', 'sale', 'imadol']",house sale imadol,3,House,"Imadol, Lalitpur",17500000.0
House on sale at Imadol,"['house', 'sale', 'imadol']",house sale imadol,3,House,"Imadol, Lalitpur",18500000.0
"House on sale at Imadol, Shital Height","['house', 'sale', 'imadol', 'shital', 'height']",house sale imadol shital height,5,House,"Imadol, Lalitpur",19800000.0
"House on sale at Bhatkyapati, Kirtipur","['house', 'sale', 'bhatkyapati', 'kirtipur']",house sale bhatkyapati kirtipur,4,House,"Bhatkepati, Kathmandu",17500000.0
Semi bungalow on sale in Dhapasi,"['semi', 'bungalow', 'sale', 'dhapasi']",semi bungalow sale dhapasi,4,House,"Dhapasi, Kathmandu",32500000.0
"Semi bungalow on sale at Milan Chowk, New Baneshwor","['semi', 'bungalow', 'sale', 'milan', 'chowk', 'new', 'baneshwor']",semi bungalow sale milan chowk new baneshwor,7,House,"New Baneshwor, Kathmandu",42500000.0
"Bungalow on sale in Tinkune, Subidha Marg","['bungalow', 'sale', 'tinkune', 'subidha', 'marg']",bungalow sale tinkune subidha marg,5,House,"Tinkune, Kathmandu",50000000.0
House on sale in Kadaghari,"['house', 'sale', 'kadaghari']",house sale kadaghari,3,House,"Kadaghari, Kathmandu",12000000.0
House on sale in Kalanki,"['house', 'sale', 'kalanki']",house sale kalanki,3,House,"Kalanki, Kathmandu",28000000.0
House on sale in Dharmasthali,"['house', 'sale', 'dharmasthali']",house sale dharmasthali,3,House,"Dharmasthali, Kathmandu",24000000.0
"Bungalow on sale in Taulung, Budhanilkantha","['bungalow', 'sale', 'taulung', 'budhanilkantha']",bungalow sale taulung budhanilkantha,4,House,"Taulung, Kathmandu",42500000.0
House on sale in Matatirtha,"['house', 'sale', 'matatirtha']",house sale matatirtha,3,House,"Matatirtha, Kathmandu",33000000.0
House on sale in Imadol,"['house', 'sale', 'imadol']",house sale imadol,3,House,"Imadol, Lalitpur",20700000.0
House on sale in Imadol,"['house', 'sale', 'imadol']",house sale imadol,3,House,"Imadol, Lalitpur",18200000.0
Brand new house on sale in Syuchatar Height,"['brand', 'new', 'house', 'sale', 'syuchatar', 'height']",brand new house sale syuchatar height,6,House,"Syuchatar, Kathmandu",22400000.000000004
Brand new house on sale in Syuchatar,"['brand', 'new', 'house', 'sale', 'syuchatar']",brand new house sale syuchatar,5,House,"Syuchatar, Kathmandu",24500000.0
House on sale in Budhanilkantha,"['house', 'sale', 'budhanilkantha']",house sale budhanilkantha,3,House,"Budhanilkantha, Kathmandu",29900000.000000004
"Brand new house on sale in Kapan, Ram Mandir","['brand', 'new', 'house', 'sale', 'kapan', 'ram', 'mandir']",brand new house sale kapan ram mandir,7,House,"Ram Mandir, Kathmandu",26500000.0
"House on sale in Thankot, Check Post","['house', 'sale', 'thankot', 'check', 'post']",house sale thankot check post,5,House,"Thankot, Kathmandu",11500000.0
House on sale in Mahadevsthan,"['house', 'sale', 'mahadevsthan']",house sale mahadevsthan,3,House,"Mahadevsthan, Kathmandu",11000000.0
"House on sale in Mahadevsthan, Thankot","['house', 'sale', 'mahadevsthan', 'thankot']",house sale mahadevsthan thankot,4,House,"Mahadevsthan, Kathmandu",11500000.0
House on sale in Thankot,"['house', 'sale', 'thankot']",house sale thankot,3,House,"Thankot, Kathmandu",12000000.0
"House on sale in Katunje, Bhaktapur","['house', 'sale', 'katunje', 'bhaktapur']",house sale katunje bhaktapur,4,House,"Katunje, Bhaktapur",14000000.0
"House on sale in Katunje, Bhaktapur","['house', 'sale', 'katunje', 'bhaktapur']",house sale katunje bhaktapur,4,House,"Katunje, Bhaktapur",13500000.0
"House on sale in Balkot, Bhaktapur","['house', 'sale', 'balkot', 'bhaktapur']",house sale balkot bhaktapur,4,House,"Balkot, Bhaktapur",25000000.0
House on sale in Khumaltar,"['house', 'sale', 'khumaltar']",house sale khumaltar,3,House,"Khumaltar, Lalitpur",21000000.0
"House on sale in Chamati, Swoyambhu","['house', 'sale', 'chamati', 'swoyambhu']",house sale chamati swoyambhu,4,House,"Chamati, Kathmandu",30000000.0
Commercial house on sale in Kalimati,"['commercial', 'house', 'sale', 'kalimati']",commercial house sale kalimati,4,House,"Kalimati, Kathmandu",50000000.0
Commercial house on sale in Kalimati,"['commercial', 'house', 'sale', 'kalimati']",commercial house sale kalimati,4,House,"Kalimati, Kathmandu",22500000.0
Bungalow on sale in Ichangunarayan,"['bungalow', 'sale', 'ichangunarayan']",bungalow sale ichangunarayan,3,House,"Ichangu Narayan, Kathmandu",29000000.0
House on sale in Sanobharyang,"['house', 'sale', 'sanobharyang']",house sale sanobharyang,3,House,"Syuchatar, Kathmandu",28500000.0
House on sale in Maitidevi,"['house', 'sale', 'maitidevi']",house sale maitidevi,3,House,"Maitidevi, Kathmandu",46500000.0
Brand new house on sale in Sitapaila,"['brand', 'new', 'house', 'sale', 'sitapaila']",brand new house sale sitapaila,5,House,"Sitapaila, Kathmandu",27000000.0
Bungalow on sale in Hattigauda,"['bungalow', 'sale', 'hattigauda']",bungalow sale hattigauda,3,House,"Hattigaunda, Kathmandu",31500000.0
Bungalow on sale in Budhanilkantha,"['bungalow', 'sale', 'budhanilkantha']",bungalow sale budhanilkantha,3,House,"Budhanilkantha, Kathmandu",110000000.0
House on sale in Tokha,"['house', 'sale', 'tokha']",house sale tokha,3,House,"Grande Hospital, Kathmandu",24500000.0
House on sale in Nepaltar,"['house', 'sale', 'nepaltar']",house sale nepaltar,3,House,"Manamaiju, Kathmandu",22500000.0
House on sale in Basundhara,"['house', 'sale', 'basundhara']",house sale basundhara,3,House,"Basundhara, Kathmandu",28500000.0
House on sale in Samakhusi,"['house', 'sale', 'samakhusi']",house sale samakhusi,3,House,"Samakhusi, Kathmandu",25000000.0
House on sale in Tokha,"['house', 'sale', 'tokha']",house sale tokha,3,House,"Panchetar, Kathmandu",15500000.0
"House on sale at Baluwakhani, Kapan","['house', 'sale', 'baluwakhani', 'kapan']",house sale baluwakhani kapan,4,House,"Baluwakhani, Kathmandu",17000000.0
"House on sale at Dhungeadda, Chandagiri","['house', 'sale', 'dhungeadda', 'chandagiri']",house sale dhungeadda chandagiri,4,House,"Dhungeadda, Kathmandu",16000000.0
"House on sale at Dhungeadda, Chandragiri","['house', 'sale', 'dhungeadda', 'chandragiri']",house sale dhungeadda chandragiri,4,House,"Dhungeadda, Kathmandu",15500000.0
"House on sale at Dhungeadda, Chandragiri","['house', 'sale', 'dhungeadda', 'chandragiri']",house sale dhungeadda chandragiri,4,House,"Dhungeadda, Kathmandu",16500000.0
"House on sale in Tinthana, Chandragiri","['house', 'sale', 'tinthana', 'chandragiri']",house sale tinthana chandragiri,4,House,"Tinthana, Kathmandu",18000000.0
"House on sale in Dhungeadda, Chandragiri","['house', 'sale', 'dhungeadda', 'chandragiri']",house sale dhungeadda chandragiri,4,House,"Dawadi Gaun, Kathmandu",19000000.0
Brand new house on sale in Bafal,"['brand', 'new', 'house', 'sale', 'bafal']",brand new house sale bafal,5,House,"Bafal, Kathmandu",22500000.0
House on sale at Putalisadak,"['house', 'sale', 'putalisadak']",house sale putalisadak,3,House,"Putalisadak, Kathmandu",50000000.0
"House on sale in Thankot, Chandragiri","['house', 'sale', 'thankot', 'chandragiri']",house sale thankot chandragiri,4,House,"Thankot, Kathmandu",12800000.0
"House on sale in Mahadevsthan, Chandragiri","['house', 'sale', 'mahadevsthan', 'chandragiri']",house sale mahadevsthan chandragiri,4,House,"Mahadevsthan, Kathmandu",12000000.0
House on sale in Thankot,"['house', 'sale', 'thankot']",house sale thankot,3,House,"Thankot, Kathmandu",9800000.0
"House on sale in Thankot, Chandragiri","['house', 'sale', 'thankot', 'chandragiri']",house sale thankot chandragiri,4,House,"Thankot, Kathmandu",17000000.0
Bungalow on sale in Naxal,"['bungalow', 'sale', 'naxal']",bungalow sale naxal,3,House,"Naxal, Kathmandu",100000000.0
Commercial house on sale in Balaju,"['commercial', 'house', 'sale', 'balaju']",commercial house sale balaju,4,House,"Balaju, Kathmandu",260000000.0
"Commercial house on sale in Ratopool, Gaushala","['commercial', 'house', 'sale', 'ratopool', 'gaushala']",commercial house sale ratopool gaushala,5,House,"Ratopool, Kathmandu",150000000.0
"House on sale in Manjushree Marga, Lalitpur","['house', 'sale', 'manjushree', 'marga', 'lalitpur']",house sale manjushree marga lalitpur,5,House,"Bungamati, Lalitpur",25000000.0
Brand new bungalow on urgent sale at Gothatar,"['brand', 'new', 'bungalow', 'urgent', 'sale', 'gothatar']",brand new bungalow urgent sale gothatar,6,House,"Gothatar, Kathmandu",62500000.0
"House on urgent sale in Bhaisepati, Lalitpur","['house', 'urgent', 'sale', 'bhaisepati', 'lalitpur']",house urgent sale bhaisepati lalitpur,5,House,"Bhaisepati, Lalitpur",25500000.0
House on sale in Naxal,"['house', 'sale', 'naxal']",house sale naxal,3,House,"Naxal, Kathmandu",38000000.0
"House on sale in Pasikot, Budhanilkantha","['house', 'sale', 'pasikot', 'budhanilkantha']",house sale pasikot budhanilkantha,4,House,"Pasikot, Kathmandu",55000000.0
"Bungalow on sale at Sanepa, Lalitpur","['bungalow', 'sale', 'sanepa', 'lalitpur']",bungalow sale sanepa lalitpur,4,House,"Sanepa, Lalitpur",97500000.0
House on sale in Golfutar,"['house', 'sale', 'golfutar']",house sale golfutar,3,House,"Golfutar, Kathmandu",43000000.0
"House on urgent sale in Samakhusi, Sarkari Dhara","['house', 'urgent', 'sale', 'samakhusi', 'sarkari', 'dhara']",house urgent sale samakhusi sarkari dhara,6,House,"Samakhusi, Kathmandu",30000000.0
"House on sale in Mangal Colony, Bhaisepati","['house', 'sale', 'mangal', 'colony', 'bhaisepati']",house sale mangal colony bhaisepati,5,House,"Bhaisepati, Lalitpur",27500000.0
"House on sale at Pasikot, Budhanilkantha","['house', 'sale', 'pasikot', 'budhanilkantha']",house sale pasikot budhanilkantha,4,House,"Pasikot, Kathmandu",30000000.0
"House on sale in Nilopool, Sukedhara","['house', 'sale', 'nilopool', 'sukedhara']",house sale nilopool sukedhara,4,House,"Nilopool, Kathmandu",26000000.0
House for sale at Pasikot,"['house', 'sale', 'pasikot']",house sale pasikot,3,House,"Pasikot, Kathmandu",32000000.0
"Luxurious house on sale in Shantinagar, Baneshwor","['luxurious', 'house', 'sale', 'shantinagar', 'baneshwor']",luxurious house sale shantinagar baneshwor,5,House,"Shantinagar, Kathmandu",90000000.0
"House on sale in Budhanilkantha, Hepali height","['house', 'sale', 'budhanilkantha', 'hepali', 'height']",house sale budhanilkantha hepali height,5,House,"Hepali Height, Kathmandu",41000000.0
"House on sale at Baluwatar, Kathmandu","['house', 'sale', 'baluwatar', 'kathmandu']",house sale baluwatar kathmandu,4,House,"Baluwatar, Kathmandu",130000000.0
House on sale in Budhanilkantha,"['house', 'sale', 'budhanilkantha']",house sale budhanilkantha,3,House,"Budhanilkantha, Kathmandu",31000000.0
House on sale at Dhapasi Height,"['house', 'sale', 'dhapasi', 'height']",house sale dhapasi height,4,House,"Dhapasi, Kathmandu",25000000.0
2 houses are on sale sale in Baluwatar,"['house', 'sale', 'sale', 'baluwatar']",house sale sale baluwatar,4,House,"Baluwatar, Kathmandu",70000000.0
"House on urgent sale in Hepali height, Golfutar","['house', 'urgent', 'sale', 'hepali', 'height', 'golfutar']",house urgent sale hepali height golfutar,6,House,"Golfutar, Kathmandu",22000000.0
Bungalow on sale in Budhanilkantha,"['bungalow', 'sale', 'budhanilkantha']",bungalow sale budhanilkantha,3,House,"Rudreshwor, Kathmandu",140000000.0
House for sale at Bhangal,"['house', 'sale', 'bhangal']",house sale bhangal,3,House,"Bhangal , Kathmandu",19000000.0
House on sale at Chunikhel,"['house', 'sale', 'chunikhel']",house sale chunikhel,3,House,"Chunikhel, Kathmandu",13000000.0
House for sale at Akashedhara,"['house', 'sale', 'akashedhara']",house sale akashedhara,3,House,"Kapan, Kathmandu",20000000.0
House for sale at Gongabu,"['house', 'sale', 'gongabu']",house sale gongabu,3,House,"Gongabu, Kathmandu",18500000.0
House on sale at Kapan,"['house', 'sale', 'kapan']",house sale kapan,3,House,"Kapan, Kathmandu",12500000.0
"House for sale at Kapan, Bhangal","['house', 'sale', 'kapan', 'bhangal']",house sale kapan bhangal,4,House,"Bhangal , Kathmandu",18000000.0
Bungalow on sale at Dhumbarahi ,"['bungalow', 'sale', 'dhumbarahi']",bungalow sale dhumbarahi,3,House,"Chappal karkhana, Kathmandu",38500000.0
House on sale at Sukedhara,"['house', 'sale', 'sukedhara']",house sale sukedhara,3,House,"Sukedhara, Kathmandu",45000000.0
House on sale at Greenland Chowk,"['house', 'sale', 'greenland', 'chowk']",house sale greenland chowk,4,House,"Dhapasi, Kathmandu",33000000.0
House on sale at Karyabinayak Housing Colony,"['house', 'sale', 'karyabinayak', 'housing', 'colony']",house sale karyabinayak housing colony,5,House,"Bhaisepati, Lalitpur",28000000.0
House on sale at Gopikrishna,"['house', 'sale', 'gopikrishna']",house sale gopikrishna,3,House,"Jaya Bageshwori, Kathmandu",57500000.0
House on sale at Sundarbasti,"['house', 'sale', 'sundarbasti']",house sale sundarbasti,3,House,"Bhangal , Kathmandu",32000000.0
House on sale Sundarbasti,"['house', 'sale', 'sundarbasti']",house sale sundarbasti,3,House,"Bhangal , Kathmandu",19000000.0
House on sale at Thulo Bharyang ,"['house', 'sale', 'thulo', 'bharyang']",house sale thulo bharyang,4,House,"Swoyambhu, Kathmandu",24500000.0
"House on sale at Narayanthan, Taulung","['house', 'sale', 'narayanthan', 'taulung']",house sale narayanthan taulung,4,House,"Taulung, Kathmandu",38000000.0
House on sale at Kapan,"['house', 'sale', 'kapan']",house sale kapan,3,House,"Kapan, Kathmandu",27500000.0
House on sale at Greenland,"['house', 'sale', 'greenland']",house sale greenland,3,House,"Dhapasi, Kathmandu",47500000.0
House on sale at Grande Housing,"['house', 'sale', 'grande', 'housing']",house sale grande housing,4,House,"Dhapasi, Kathmandu",28000000.0
"Bungalow on rent/sale in Maharajgunj, near by American Emabssy","['bungalow', 'rentsale', 'maharajgunj', 'near', 'american', 'emabssy']",bungalow rentsale maharajgunj near american emabssy,6,House,"Maharajgunj, Kathmandu",49000000.0
House on sale at Tokha,"['house', 'sale', 'tokha']",house sale tokha,3,House,"Tokha Saraswoti, Kathmandu",13500000.0
Bungalow on sale at Bhaisepati,"['bungalow', 'sale', 'bhaisepati']",bungalow sale bhaisepati,3,House,"Bhaisepati, Lalitpur",29000000.0
Bungalow on sale in Dhapasi height,"['bungalow', 'sale', 'dhapasi', 'height']",bungalow sale dhapasi height,4,House,"Dhapasi, Kathmandu",32000000.0
House on sale at Sundarbasti,"['house', 'sale', 'sundarbasti']",house sale sundarbasti,3,House,"Bhangal , Kathmandu",23800000.0
"House on sale in Golfutar, Budhanilkantha","['house', 'sale', 'golfutar', 'budhanilkantha']",house sale golfutar budhanilkantha,4,House,"Golfutar, Kathmandu",34000000.0
Bungalow for sale at Baluwatar,"['bungalow', 'sale', 'baluwatar']",bungalow sale baluwatar,3,House,"Baluwatar, Kathmandu",22500000.0
"House for sale in Greenland, Grande, Tokha","['house', 'sale', 'greenland', 'grande', 'tokha']",house sale greenland grande tokha,5,House,"Grande Hospital, Kathmandu",32800000.0
House on sale at Sundarbasti,"['house', 'sale', 'sundarbasti']",house sale sundarbasti,3,House,"Bhangal , Kathmandu",20500000.0
Semi commercial house on sale at Bhangal,"['semi', 'commercial', 'house', 'sale', 'bhangal']",semi commercial house sale bhangal,5,House,"Bhangal , Kathmandu",26500000.0
House on sale at Raniban,"['house', 'sale', 'raniban']",house sale raniban,3,House,"Banasthali, Kathmandu",29000000.0
House on sale at Sundarbasti,"['house', 'sale', 'sundarbasti']",house sale sundarbasti,3,House,"Mandikatar, Kathmandu",27500000.0
House on sale at Golfutar height,"['house', 'sale', 'golfutar', 'height']",house sale golfutar height,4,House,"Golfutar, Kathmandu",36500000.0
Bungalow for sale at Ganeshchowk,"['bungalow', 'sale', 'ganeshchowk']",bungalow sale ganeshchowk,3,House,"Budhanilkantha, Kathmandu",28500000.0
House on sale at Baluwatar,"['house', 'sale', 'baluwatar']",house sale baluwatar,3,House,"Baluwatar, Kathmandu",50000000.0
House on sale at Budhanilkantha,"['house', 'sale', 'budhanilkantha']",house sale budhanilkantha,3,House,"Budhanilkantha, Kathmandu",65000000.0
Bungalow on sale at Narayanthan,"['bungalow', 'sale', 'narayanthan']",bungalow sale narayanthan,3,House,"Narayanthan , Kathmandu",133000000.0
House on sale at Budhanilkantha,"['house', 'sale', 'budhanilkantha']",house sale budhanilkantha,3,House,"Budhanilkantha, Kathmandu",45000000.0
House on sale at Kapan Chunikhel,"['house', 'sale', 'kapan', 'chunikhel']",house sale kapan chunikhel,4,House,"Chunikhel, Kathmandu",23000000.0
House on sale at sundarbasti,"['house', 'sale', 'sundarbasti']",house sale sundarbasti,3,House,"Mandikatar, Kathmandu",25000000.0
House on sale at Dhapasi,"['house', 'sale', 'dhapasi']",house sale dhapasi,3,House,"Dhapasi, Kathmandu",40000000.0
House on sale at Icimod Dhapakhel,"['house', 'sale', 'icimod', 'dhapakhel']",house sale icimod dhapakhel,4,House,"Satdobato, Lalitpur",25000000.0
House on sale at Sitapaila,"['house', 'sale', 'sitapaila']",house sale sitapaila,3,House,"Sitapaila, Kathmandu",55000000.0
House on sale near Grande Hospital,"['house', 'sale', 'near', 'grande', 'hospital']",house sale near grande hospital,5,House,"Tokha Saraswoti, Kathmandu",21500000.0
Residential house on sale at Baniyatar,"['residential', 'house', 'sale', 'baniyatar']",residential house sale baniyatar,4,House,"Baniyatar, Kathmandu",26000000.0
House on sale at Mandikhatar,"['house', 'sale', 'mandikhatar']",house sale mandikhatar,3,House,"Mandikatar, Kathmandu",26000000.0
House on sale at Dhapakhel,"['house', 'sale', 'dhapakhel']",house sale dhapakhel,3,House,"Dhapakhel, Lalitpur",26500000.0
House on sale at Dhapasi,"['house', 'sale', 'dhapasi']",house sale dhapasi,3,House,"Dhapasi, Kathmandu",28000000.0
"House on sale at Hepali, Golfutar","['house', 'sale', 'hepali', 'golfutar']",house sale hepali golfutar,4,House,"Hepali Height, Kathmandu",34500000.0
Bungalow on sale at Ganeshchowk,"['bungalow', 'sale', 'ganeshchowk']",bungalow sale ganeshchowk,3,House,"Budhanilkantha, Kathmandu",32500000.0
House on sale at Golfutar,"['house', 'sale', 'golfutar']",house sale golfutar,3,House,"Golfutar, Kathmandu",34500000.0
House on sale at Shankhamul,"['house', 'sale', 'shankhamul']",house sale shankhamul,3,House,"Shankhamul, Kathmandu",32500000.0
House on sale at Sano Bharyang,"['house', 'sale', 'sano', 'bharyang']",house sale sano bharyang,4,House,"Banasthali, Kathmandu",29500000.0
House on sale Tokha,"['house', 'sale', 'tokha']",house sale tokha,3,House,"Tokha Saraswoti, Kathmandu",24500000.0
"House on sale at Mandikhatar, Kapan","['house', 'sale', 'mandikhatar', 'kapan']",house sale mandikhatar kapan,4,House,"Mandikatar, Kathmandu",65000000.0
House on sale at Budhanilkantha,"['house', 'sale', 'budhanilkantha']",house sale budhanilkantha,3,House,"Budhanilkantha, Kathmandu",67500000.0
House for sale at Dhapasi,"['house', 'sale', 'dhapasi']",house sale dhapasi,3,House,"Dhapasi, Kathmandu",21500000.0
House on sale at Kapan-Paiyutar,"['house', 'sale', 'kapanpaiyutar']",house sale kapanpaiyutar,3,House,"Paiyuntar, Kathmandu",19000000.0
House on sale at Nakhipot,"['house', 'sale', 'nakhipot']",house sale nakhipot,3,House,"Nakhipot, Lalitpur",55000000.0
House on sale at Dhungedhara,"['house', 'sale', 'dhungedhara']",house sale dhungedhara,3,House,"Banasthali, Kathmandu",49500000.0
House on urgent sale at Chandragiri,"['house', 'urgent', 'sale', 'chandragiri']",house urgent sale chandragiri,4,House,"Thankot, Kathmandu",18000000.0
"House for sale in Thankot, Chandragiri","['house', 'sale', 'thankot', 'chandragiri']",house sale thankot chandragiri,4,House,"Thankot, Kathmandu",11500000.0
House for sale in Kalanki,"['house', 'sale', 'kalanki']",house sale kalanki,3,House,"Kalanki, Kathmandu",13000000.0
House for sale at Thankot,"['house', 'sale', 'thankot']",house sale thankot,3,House,"Thankot, Kathmandu",21000000.0
"House for sale in Matatirtha, Chandragiri","['house', 'sale', 'matatirtha', 'chandragiri']",house sale matatirtha chandragiri,4,House,"Thankot, Kathmandu",13500000.0
"House for sale in Matatirtha, Chandragiri","['house', 'sale', 'matatirtha', 'chandragiri']",house sale matatirtha chandragiri,4,House,"Thankot, Kathmandu",17500000.0
"House on sale at Chandragiri, High Vision Colony","['house', 'sale', 'chandragiri', 'high', 'vision', 'colony']",house sale chandragiri high vision colony,6,House,"Thankot, Kathmandu",19000000.0
"House on sale at Thankot, Chandragiri","['house', 'sale', 'thankot', 'chandragiri']",house sale thankot chandragiri,4,House,"Thankot, Kathmandu",12000000.0
House on sale in Thankot,"['house', 'sale', 'thankot']",house sale thankot,3,House,"Thankot, Kathmandu",14000000.0
House on sale in Chandragiri,"['house', 'sale', 'chandragiri']",house sale chandragiri,3,House,"Thankot, Kathmandu",13000000.0
House on urgent sale at Bansbari,"['house', 'urgent', 'sale', 'bansbari']",house urgent sale bansbari,4,House,"Bansbari, Kathmandu",36000000.0
House on sale in Thankot,"['house', 'sale', 'thankot']",house sale thankot,3,House,"Thankot, Kathmandu",16500000.0
House on sale in Thankot,"['house', 'sale', 'thankot']",house sale thankot,3,House,"Thankot, Kathmandu",13500000.0
"House on sale in Chandragiri, Mahadevsthan","['house', 'sale', 'chandragiri', 'mahadevsthan']",house sale chandragiri mahadevsthan,4,House,"Thankot, Kathmandu",11500000.0
Bungalow on rent at Chundevi,"['bungalow', 'rent', 'chundevi']",bungalow rent chundevi,3,House,"Chandol, Kathmandu",40000000.0
Semi commercial house for sale at Boudha ,"['semi', 'commercial', 'house', 'sale', 'boudha']",semi commercial house sale boudha,5,House,"Bouddha, Kathmandu",80000000.0
Bungalow on sale in Sitapaila Colony,"['bungalow', 'sale', 'sitapaila', 'colony']",bungalow sale sitapaila colony,4,House,"Sitapaila, Kathmandu",26500000.0
"Semi-Bungalow on sale at Bansbari, Budhanilkantha","['semibungalow', 'sale', 'bansbari', 'budhanilkantha']",semibungalow sale bansbari budhanilkantha,4,House,"Bansbari, Kathmandu",37000000.0
House on sale in Bafal,"['house', 'sale', 'bafal']",house sale bafal,3,House,"Bafal, Kathmandu",20300000.0
House for rent at Chappalkarkhana,"['house', 'rent', 'chappalkarkhana']",house rent chappalkarkhana,3,House,"Chappal karkhana, Kathmandu",35000000.0
"House on sale at Hepali, Golfutar","['house', 'sale', 'hepali', 'golfutar']",house sale hepali golfutar,4,House,"Hepali Height, Kathmandu",43000000.0
House on sale at Hepali Height,"['house', 'sale', 'hepali', 'height']",house sale hepali height,4,House,"Dhapasi, Kathmandu",22000000.0
Semi-Bungalow on sale at Bhaisepati,"['semibungalow', 'sale', 'bhaisepati']",semibungalow sale bhaisepati,3,House,"Bhaisepati, Lalitpur",29000000.0
"Bungalow on sale at Sitapaila, Ramkot","['bungalow', 'sale', 'sitapaila', 'ramkot']",bungalow sale sitapaila ramkot,4,House,"Ramkot, Kathmandu",23000000.0
Commercial house on sale at Samakhusi,"['commercial', 'house', 'sale', 'samakhusi']",commercial house sale samakhusi,4,House,"Samakhusi, Kathmandu",52000000.0
Semi-Bungalow on sale at Lainchaur,"['semibungalow', 'sale', 'lainchaur']",semibungalow sale lainchaur,3,House,"Lainchaur, Kathmandu",55000000.0
Semi-Bungalow on sale at Naxal,"['semibungalow', 'sale', 'naxal']",semibungalow sale naxal,3,House,"Naxal, Kathmandu",76000000.0
Semi-Bungalow on sale at Naxal,"['semibungalow', 'sale', 'naxal']",semibungalow sale naxal,3,House,"Naxal, Kathmandu",38000000.0
"House on sale at Kalanki, Syuchatar","['house', 'sale', 'kalanki', 'syuchatar']",house sale kalanki syuchatar,4,House,"Syuchatar, Kathmandu",32000000.0
Bungalow on sale at Dhapasi,"['bungalow', 'sale', 'dhapasi']",bungalow sale dhapasi,3,House,"Dhapasi, Kathmandu",32000000.0
Villa on sale at Swoyambhu,"['villa', 'sale', 'swoyambhu']",villa sale swoyambhu,3,House,"Ichangu Narayan, Kathmandu",29000000.0
Bungalow on sale at Kupandol,"['bungalow', 'sale', 'kupandol']",bungalow sale kupandol,3,House,"Kupandole, Lalitpur",150000000.0
"House on sale at Nakhipot, Lalitpur","['house', 'sale', 'nakhipot', 'lalitpur']",house sale nakhipot lalitpur,4,House,"Nakhipot, Lalitpur",21500000.0
"House on sale at Sanepa, Lalitpur","['house', 'sale', 'sanepa', 'lalitpur']",house sale sanepa lalitpur,4,House,"Sanepa, Lalitpur",58000000.0
House on sale at Dhapasi,"['house', 'sale', 'dhapasi']",house sale dhapasi,3,House,"Dhapasi, Kathmandu",31000000.0
House on sale in Battisputali,"['house', 'sale', 'battisputali']",house sale battisputali,3,House,"Battisputali, Kathmandu",51000000.0
House for sale in Budhanilkantha,"['house', 'sale', 'budhanilkantha']",house sale budhanilkantha,3,House,"Budhanilkantha, Kathmandu",23500000.0
House on sale at Maitidevi,"['house', 'sale', 'maitidevi']",house sale maitidevi,3,House,"Maitidevi, Kathmandu",46500000.0
"House on sale at Kalanki, Bafal","['house', 'sale', 'kalanki', 'bafal']",house sale kalanki bafal,4,House,"Bafal, Kathmandu",28000000.0
"House on sale at Kalanki, Syuchatar","['house', 'sale', 'kalanki', 'syuchatar']",house sale kalanki syuchatar,4,House,"Kalanki, Kathmandu",25000000.0
"House on sale at Chappal Karkhana, Chakrapath","['house', 'sale', 'chappal', 'karkhana', 'chakrapath']",house sale chappal karkhana chakrapath,5,House,"Chappal karkhana, Kathmandu",32000000.0
"House on sale at Chandol, Baluwatar","['house', 'sale', 'chandol', 'baluwatar']",house sale chandol baluwatar,4,House,"Chandol, Kathmandu",34000000.0
House on sale at Samakhusi,"['house', 'sale', 'samakhusi']",house sale samakhusi,3,House,"Samakhusi, Kathmandu",32000000.0
"A new house for sale in Golfutar, Budhanilkantha ","['new', 'house', 'sale', 'golfutar', 'budhanilkantha']",new house sale golfutar budhanilkantha,5,House,"Golfutar, Kathmandu",32500000.0
Bungalow for sale at Budhanilkantha,"['bungalow', 'sale', 'budhanilkantha']",bungalow sale budhanilkantha,3,House,"Budhanilkantha, Kathmandu",48000000.0
"Bungalow on sale Mahadevtar height, Samakhusi","['bungalow', 'sale', 'mahadevtar', 'height', 'samakhusi']",bungalow sale mahadevtar height samakhusi,5,House,"Samakhusi, Kathmandu",25000000.0
House for sale at Sukedhara,"['house', 'sale', 'sukedhara']",house sale sukedhara,3,House,"Sukedhara, Kathmandu",42500000.0
House for sale at Budhanilkantha,"['house', 'sale', 'budhanilkantha']",house sale budhanilkantha,3,House,"Budhanilkantha, Kathmandu",67500000.0
House for rent/sale at Hattigauda,"['house', 'rentsale', 'hattigauda']",house rentsale hattigauda,3,House,"Hattigaunda, Kathmandu",54000000.0
Bungalow on sale Budhanilkantha,"['bungalow', 'sale', 'budhanilkantha']",bungalow sale budhanilkantha,3,House,"Budhanilkantha, Kathmandu",95000000.0
House for sale at Chappalkarkhana,"['house', 'sale', 'chappalkarkhana']",house sale chappalkarkhana,3,House,"Chappal karkhana, Kathmandu",32000000.0
House for sale at Samakhusi,"['house', 'sale', 'samakhusi']",house sale samakhusi,3,House,"Samakhusi, Kathmandu",32000000.0
"House on sale at Thapathali, Kathmandu","['house', 'sale', 'thapathali', 'kathmandu']",house sale thapathali kathmandu,4,House,"Thapathali, Kathmandu",69000000.0
House on sale at Bhaisepati,"['house', 'sale', 'bhaisepati']",house sale bhaisepati,3,House,"Bhaisepati, Lalitpur",28000000.0
"House for sale at Kantipur Colony, Nakhipot","['house', 'sale', 'kantipur', 'colony', 'nakhipot']",house sale kantipur colony nakhipot,5,House,"Nakhipot, Lalitpur",23000000.0
"House for sale at Banasthali, Ranibaan","['house', 'sale', 'banasthali', 'ranibaan']",house sale banasthali ranibaan,4,House,"Banasthali, Kathmandu",45000000.0
House for sale at Khumaltar,"['house', 'sale', 'khumaltar']",house sale khumaltar,3,House,"Satdobato, Lalitpur",45000000.0
Bungalow for sale at Sanepa,"['bungalow', 'sale', 'sanepa']",bungalow sale sanepa,3,House,"Sanepa, Lalitpur",120000000.0
House for sale at Sanepa ,"['house', 'sale', 'sanepa']",house sale sanepa,3,House,"Sanepa, Lalitpur",75000000.0
House for sale at Hattiban,"['house', 'sale', 'hattiban']",house sale hattiban,3,House,"Hattiban, Lalitpur",100000000.0
House for sale at Jawalakhel,"['house', 'sale', 'jawalakhel']",house sale jawalakhel,3,House,"Jawalakhel, Lalitpur",36000000.0
House for sale at Khumaltar,"['house', 'sale', 'khumaltar']",house sale khumaltar,3,House,"Hattiban, Lalitpur",30000000.0
House on sale near Deuba Niwas,"['house', 'sale', 'near', 'deuba', 'niwas']",house sale near deuba niwas,5,House,"Budhanilkantha, Kathmandu",45000000.0
House on sale at Dhapasi,"['house', 'sale', 'dhapasi']",house sale dhapasi,3,House,"Dhapasi, Kathmandu",32000000.0
"House on sale at Naxal, Bhatbhateni","['house', 'sale', 'naxal', 'bhatbhateni']",house sale naxal bhatbhateni,4,House,"Naxal, Kathmandu",95000000.0
"House on sale at Golfutar, Hepali","['house', 'sale', 'golfutar', 'hepali']",house sale golfutar hepali,4,House,"Hepali Height, Kathmandu",34000000.0
"House for sale at Naxal, Bhatbhateni","['house', 'sale', 'naxal', 'bhatbhateni']",house sale naxal bhatbhateni,4,House,"Naxal, Kathmandu",38000000.0
Bungalow on sale at Budhanilkantha height,"['bungalow', 'sale', 'budhanilkantha', 'height']",bungalow sale budhanilkantha height,4,House,"Budhanilkantha, Kathmandu",45000000.0
"House on sale at Gongabu, Ranibari","['house', 'sale', 'gongabu', 'ranibari']",house sale gongabu ranibari,4,House,"Gongabu, Kathmandu",80000000.0
House on sale at Sukedhara Chowk,"['house', 'sale', 'sukedhara', 'chowk']",house sale sukedhara chowk,4,House,"Sukedhara, Kathmandu",105000000.0
"House on sale at Golfutar, Hepali","['house', 'sale', 'golfutar', 'hepali']",house sale golfutar hepali,4,House,"Hepali Height, Kathmandu",32000000.0
House for sale at Budhanilkantha,"['house', 'sale', 'budhanilkantha']",house sale budhanilkantha,3,House,"Budhanilkantha, Kathmandu",105000000.0
House on sale at Pasikot,"['house', 'sale', 'pasikot']",house sale pasikot,3,House,"Pasikot, Kathmandu",55000000.0
House for sale at Budhanilkantha,"['house', 'sale', 'budhanilkantha']",house sale budhanilkantha,3,House,"Budhanilkantha, Kathmandu",70000000.0
"House for sale at Budhanilkantha, Rudreshwor","['house', 'sale', 'budhanilkantha', 'rudreshwor']",house sale budhanilkantha rudreshwor,4,House,"Budhanilkantha, Kathmandu",57000000.0
"House on rent at Kupondole, Lalitpur","['house', 'rent', 'kupondole', 'lalitpur']",house rent kupondole lalitpur,4,House,"Kupandole, Lalitpur",52000000.0
"House for sale at Nakhu, Lalitpur","['house', 'sale', 'nakhu', 'lalitpur']",house sale nakhu lalitpur,4,House,"Nakkhu, Lalitpur",25000000.0
House for rent in Bakhundole(Kupondole),"['house', 'rent', 'bakhundolekupondole']",house rent bakhundolekupondole,3,House,"Kupandole, Lalitpur",25000000.0
"House for sale at Hattiban, Lalitpur","['house', 'sale', 'hattiban', 'lalitpur']",house sale hattiban lalitpur,4,House,"Hattiban, Lalitpur",35000000.0
"House on sale at Nakhudole, Bhaisepati","['house', 'sale', 'nakhudole', 'bhaisepati']",house sale nakhudole bhaisepati,4,House,"Bhaisepati, Lalitpur",25000000.0
Bungalow on sale at Bhaisepati,"['bungalow', 'sale', 'bhaisepati']",bungalow sale bhaisepati,3,House,"Bhaisepati, Lalitpur",24500000.0
"House on sale at Lalitpur, Nakhipot","['house', 'sale', 'lalitpur', 'nakhipot']",house sale lalitpur nakhipot,4,House,"Nakhipot, Lalitpur",21500000.0
"House on sale at Sorhakhutte, Manang gate","['house', 'sale', 'sorhakhutte', 'manang', 'gate']",house sale sorhakhutte manang gate,5,House,"Sorhakhutte, Kathmandu",37000000.0
Modern style bungalow on sale at Bhaisepati,"['modern', 'style', 'bungalow', 'sale', 'bhaisepati']",modern style bungalow sale bhaisepati,5,House,"Bhaisepati, Lalitpur",37500000.0
"House on sale at Bhaisepati, near Vinayak colony","['house', 'sale', 'bhaisepati', 'near', 'vinayak', 'colony']",house sale bhaisepati near vinayak colony,6,House,"Bhaisepati, Lalitpur",27500000.0
"House on sale at Hattiban, Lalitpur","['house', 'sale', 'hattiban', 'lalitpur']",house sale hattiban lalitpur,4,House,"Hattiban, Lalitpur",28000000.0
"3 storey house at Gurjudhara, Matatirtha is up for sale","['storey', 'house', 'gurjudhara', 'matatirtha', 'sale']",storey house gurjudhara matatirtha sale,5,House,"Kalanki, Kathmandu",18000000.0
3.5 storey house at Dhapasi for sale,"['35', 'storey', 'house', 'dhapasi', 'sale']",35 storey house dhapasi sale,5,House,"Basundhara, Kathmandu",37000000.0
New House near (1KM) Gwarko height ,"['new', 'house', 'near', '1km', 'gwarko', 'height']",new house near 1km gwarko height,6,House,"Imadol, Lalitpur",21500000.0
A 14 Ropani Villa on Rent at Budhanilkantha,"['14', 'ropani', 'villa', 'rent', 'budhanilkantha']",14 ropani villa rent budhanilkantha,5,House,"Budhanilkantha, Kathmandu",77000000.0
Flat system house for sale at Samakhushi Kathmandu!,"['flat', 'system', 'house', 'sale', 'samakhushi', 'kathmandu']",flat system house sale samakhushi kathmandu,6,House,"Samakhushi chowk, Kathmandu",35000000.0
Modern House For Sale @ Maligaun Kathmandu,"['modern', 'house', 'sale', 'maligaun', 'kathmandu']",modern house sale maligaun kathmandu,5,House,"Maligaon, Kathmandu",65000000.0
 A Bungalow on sale at Banasthali Kathmandu,"['bungalow', 'sale', 'banasthali', 'kathmandu']",bungalow sale banasthali kathmandu,4,House,"Banasthali, Kathmandu",100000000.0
"House for SALE at Kusunti, Lalitpur","['house', 'sale', 'kusunti', 'lalitpur']",house sale kusunti lalitpur,4,House,"Kusunti, Lalitpur",42500000.0
Sitapaila House Is On Sale,"['sitapaila', 'house', 'sale']",sitapaila house sale,3,House,"Sitapaila,  Kathmandu",22000000.0
"Chandragiri,Balambu House Is On Sale","['chandragiribalambu', 'house', 'sale']",chandragiribalambu house sale,3,House," Balambu,  Kathmandu",22500000.0
Rai Chowk House on Sale,"['rai', 'chowk', 'house', 'sale']",rai chowk house sale,4,House,"Rai Chowk,  Kathmandu",25000000.0
"Lalitpur,Sainbu House Is On Sale","['lalitpursainbu', 'house', 'sale']",lalitpursainbu house sale,3,House,"Sainbu,  Lalitpur",35000000.0
Aadheshwor House Is On Sale,"['aadheshwor', 'house', 'sale']",aadheshwor house sale,3,House,"Sitapaila,  Kathmandu",30000000.0
Ramkot Near Padma Colony House Is On Sale,"['ramkot', 'near', 'padma', 'colony', 'house', 'sale']",ramkot near padma colony house sale,6,House," Ramkot,  Kathmandu",26000000.0
"Swoyambhu , Karkhana Chowk House Is On Salw","['swoyambhu', 'karkhana', 'chowk', 'house', 'salw']",swoyambhu karkhana chowk house salw,5,House," Karkhana Chowk,  Swoyambhu ",38000000.0
"Sitapaila, 2 Crore House","['sitapaila', 'crore', 'house']",sitapaila crore house,3,House," Sitapaila,  Kathmandu",22000000.0
Towkhel House On Sale,"['towkhel', 'house', 'sale']",towkhel house sale,3,House," Sitapaila,  Kathmandu",20000000.0
Sitapaila Near Civil Home House Is On Sale,"['sitapaila', 'near', 'civil', 'home', 'house', 'sale']",sitapaila near civil home house sale,6,House,"Civil Home,  Sitapaila",27500000.0
"Sitapaila , Banglamukhi House Is On Sale","['sitapaila', 'banglamukhi', 'house', 'sale']",sitapaila banglamukhi house sale,4,House," Sitapaila,  Kathmandu",35000000.0
Thankot House,"['thankot', 'house']",thankot house,2,House," Thankot,  Kathmandu",22000000.0
Thankot Near To High Vision Colony House On Sale,"['thankot', 'near', 'high', 'vision', 'colony', 'house', 'sale']",thankot near high vision colony house sale,7,House," Thankot,  Kathmandu",18500000.0
Thankot Near To High Vision Colony House On Sale,"['thankot', 'near', 'high', 'vision', 'colony', 'house', 'sale']",thankot near high vision colony house sale,7,House," Thankot,  Kathmandu",11500000.0
Thankot Near To High Vision Colony House On Sale,"['thankot', 'near', 'high', 'vision', 'colony', 'house', 'sale']",thankot near high vision colony house sale,7,House," Thankot,  Kathmandu",17000000.0
"Kathmandu,Sanobharyang Bungalow On Sale","['kathmandusanobharyang', 'bungalow', 'sale']",kathmandusanobharyang bungalow sale,3,House,"Sanobharyang,  Kathmandu ",31000000.0
"Sitapaila,Syuchatar House On Sale","['sitapailasyuchatar', 'house', 'sale']",sitapailasyuchatar house sale,3,House," Sitapaila,  Kathmandu",23500000.0
"Kathmandu,Budhanilkanta,Italitar House On Sale","['kathmandubudhanilkantaitalitar', 'house', 'sale']",kathmandubudhanilkantaitalitar house sale,3,House,"Budhanilkanta,  Kathmandu",120000000.0
Bafal House On Sale,"['bafal', 'house', 'sale']",bafal house sale,3,House,"Bafal,  Kathmandu",45000000.0
"Imadol,Gwarkhu House On Sale","['imadolgwarkhu', 'house', 'sale']",imadolgwarkhu house sale,3,House," IMADOL,  LALITPUR",31500000.0
"Sitapaila,Sita Homes House On Sale","['sitapailasita', 'home', 'house', 'sale']",sitapailasita home house sale,4,House,"Sitapaila,  Kathmandu",30000000.0
Baniyatar House On Sale,"['baniyatar', 'house', 'sale']",baniyatar house sale,3,House," Baniyatar,  Kathmandu",60000000.0
Towkhel House On Sale,"['towkhel', 'house', 'sale']",towkhel house sale,3,House,"Towkhel,  Kathmandu",25500000.0
Kimdol House On Sale,"['kimdol', 'house', 'sale']",kimdol house sale,3,House," Kimdol,  Kathmandu",61500000.0
Dallu House On Sale,"['dallu', 'house', 'sale']",dallu house sale,3,House," Dallu,  Kathmandu",50000000.0
"Sitapaila, Sita Home Colony House Is On Sale","['sitapaila', 'sita', 'home', 'colony', 'house', 'sale']",sitapaila sita home colony house sale,6,House," Sitapaila,  Kathmandu",38500000.0
Sano Bharayang House on Sale,"['sano', 'bharayang', 'house', 'sale']",sano bharayang house sale,4,House," SANOBHARYANG,  KATHMANDU",36000000.0
Brand New Bafal House on Best Price,"['brand', 'new', 'bafal', 'house', 'best', 'price']",brand new bafal house best price,6,House," BAFAL,  KATHMANDU",28500000.0
Chamati New House on Sell,"['chamati', 'new', 'house', 'sell']",chamati new house sell,4,House," Chamati,  Kathmandu",35500000.0
Sitapaila Brand New House on Sale,"['sitapaila', 'brand', 'new', 'house', 'sale']",sitapaila brand new house sale,5,House," Sitapaila,  Kathmandu",55000000.0
House on Sale on Sitapaila,"['house', 'sale', 'sitapaila']",house sale sitapaila,3,House," Sitapaila,  Kathmandu",42500000.0
House for sale in Swayambhu,"['house', 'sale', 'swayambhu']",house sale swayambhu,3,House," Swayambhu,  Kathmandu",27000000.0
Sitapaila Brand New Home on Sale,"['sitapaila', 'brand', 'new', 'home', 'sale']",sitapaila brand new home sale,5,House," Sitapaila,  Kathmandu",22500000.0
Ramkot-Mahankal New House,"['ramkotmahankal', 'new', 'house']",ramkotmahankal new house,3,House," Ramkot,  Kathmandu",28500000.0
"Kalimati, Tankeshwor House and Land Sale","['kalimati', 'tankeshwor', 'house', 'land', 'sale']",kalimati tankeshwor house land sale,5,House," Kalimati,  Kathmandu",38000000.0
Padma Colony House Sale,"['padma', 'colony', 'house', 'sale']",padma colony house sale,4,House," Ramkot,  Kathmandu",42000000.0
Gongabu House for Sale,"['gongabu', 'house', 'sale']",gongabu house sale,3,House," Gongabu,  Kathmandu",24500000.0
Lalitpur/ Sangam Basti House On Sale,"['lalitpur', 'sangam', 'basti', 'house', 'sale']",lalitpur sangam basti house sale,5,House," Sangam Basti,  Lalitpur",68000000.0
Residential House at Golfutar / Bansbari,"['residential', 'house', 'golfutar', 'bansbari']",residential house golfutar bansbari,4,House," Bansbari,  Kathmandu",45000000.0
Bansbari Semi-Bungalow,"['bansbari', 'semibungalow']",bansbari semibungalow,2,House," Budhanilkantha,  Kathmandu",80000000.0
Sanobharyang Brand New House,"['sanobharyang', 'brand', 'new', 'house']",sanobharyang brand new house,4,House," Nagarjung,  Kathmandu",29900000.0
Halchowk House,"['halchowk', 'house']",halchowk house,2,House," Nagarjung,  Kathmandu",37500000.0
Bafal House for Sale,"['bafal', 'house', 'sale']",bafal house sale,3,House," Nagarjung,  Kathmandu",325000000.0
Dallu House On Sale,"['dallu', 'house', 'sale']",dallu house sale,3,House," Dallu,  Kathmandu",28500000.0
RANIBAN HOUSE FOR SALE,"['raniban', 'house', 'sale']",raniban house sale,3,House," NAGARJUNG,  KATHMANDU",60000000.0
Thulo Bharayang House on Sale,"['thulo', 'bharayang', 'house', 'sale']",thulo bharayang house sale,4,House," Thulo Bharayang,  Kathmandu",41500000.0
SANOBHARYANG HOUSE FOR SALE,"['sanobharyang', 'house', 'sale']",sanobharyang house sale,3,House," NAGARJUNG,  KATHMANDU",31500000.0
RADHA KRISHNA MANDIR HOUSE ON SALE,"['radha', 'krishna', 'mandir', 'house', 'sale']",radha krishna mandir house sale,5,House," RADHA KRISHNA,  KATHMANDU",26500000.0
Sano Bharayang House,"['sano', 'bharayang', 'house']",sano bharayang house,3,House," Sano Bhanrayang,  Kathmandu",37500000.0
BUDDHA CHOWK PROPERTY,"['buddha', 'chowk', 'property']",buddha chowk property,3,House,"BUDDHA CHOWK,  KATHMANDU",22500000.0
"Sano Bharayang, Tin Ghare House on Sale","['sano', 'bharayang', 'tin', 'ghare', 'house', 'sale']",sano bharayang tin ghare house sale,6,House," Sano bharayang,  Kathmandu",26000000.0
CHAMATI PROPERTY FOR SALE,"['chamati', 'property', 'sale']",chamati property sale,3,House," CHAMATI,  KATHMANDU",29500000.0
Swoyambhu House on Sale,"['swoyambhu', 'house', 'sale']",swoyambhu house sale,3,House," Swoyambhu,  Kathmandu",33500000.0
RANIBAN SUNRISE PROPERTY,"['raniban', 'sunrise', 'property']",raniban sunrise property,3,House," NAGARJUNG,  KATHMANDU",30000000.0
SITAPAILA-4 PROPERTY FOR SALE,"['sitapaila4', 'property', 'sale']",sitapaila4 property sale,3,House," SITAPAILA,  KATHMANDU",38500000.0
IMADOL PROPERTY FOR SALE,"['imadol', 'property', 'sale']",imadol property sale,3,House," LALITPUR,  IMADOL",27500000.0
IMADOL HOUSE FOR SALE,"['imadol', 'house', 'sale']",imadol house sale,3,House," IMADOL,  LALITPUR",27500000.0
IMADOL SHEETAL HEIGHT HOUSE,"['imadol', 'sheetal', 'height', 'house']",imadol sheetal height house,4,House," IMADOL,  LALITPUR",34500000.0
SANOBHARYANG HOUSE FOR SALE,"['sanobharyang', 'house', 'sale']",sanobharyang house sale,3,House," SANOBHARYANG,  KATHMANDU",49000000.0
CHAMATI HOUSE FOR SALE,"['chamati', 'house', 'sale']",chamati house sale,3,House," CHAMATI,  KATHMANDU",27000000.0
SORAKHUTTE-16 HOUSE ON SALE,"['sorakhutte16', 'house', 'sale']",sorakhutte16 house sale,3,House," SORAKHUTTE,  KATHMANDU",25000000.0
House for sale,"['house', 'sale']",house sale,2,House," Imadol,  lalitpur",27500000.0
"Bhaisepati, Wai Wai Chowk House on Sale","['bhaisepati', 'wai', 'wai', 'chowk', 'house', 'sale']",bhaisepati wai wai chowk house sale,6,House," Bhaisepati,  Kathmandu",38000000.0
Sitapaila House on Sale,"['sitapaila', 'house', 'sale']",sitapaila house sale,3,House," Sitapaila,  Kathmandu",39000000.0
LAZIMPAT PROPERTY ON SALE,"['lazimpat', 'property', 'sale']",lazimpat property sale,3,House," LAZIMPAT,  KATHMANDU",15500000.0
BANESHWOR-10 HOUSE ON SALE,"['baneshwor10', 'house', 'sale']",baneshwor10 house sale,3,House," BANESHWOR,  KATHMANDU",33000000.0
"Chyasindol, Tokha House on Sale","['chyasindol', 'tokha', 'house', 'sale']",chyasindol tokha house sale,4,House," Budhanilkantha,  Kathmandu",14500000.0
Dhapasi Height Bungalow,"['dhapasi', 'height', 'bungalow']",dhapasi height bungalow,3,House," Dhapasi Height,  Kathmandu",127500000.0
Hattiban Tradtion Fusion Home,"['hattiban', 'tradtion', 'fusion', 'home']",hattiban tradtion fusion home,4,House," Hattiban,  Lalitpur",21500000.0
Sitapaila House Sale,"['sitapaila', 'house', 'sale']",sitapaila house sale,3,House," Sitapaila,  Kathmandu",28500000.0
Tahachal Brand New Houses,"['tahachal', 'brand', 'new', 'house']",tahachal brand new house,4,House,"Bafal,  Kathmandu",41000000.0
Dallu House Sale,"['dallu', 'house', 'sale']",dallu house sale,3,House," Dallu,  Kathmandu",47000000.0
Sano Bharayang Family House,"['sano', 'bharayang', 'family', 'house']",sano bharayang family house,4,House,"Nagarjung,  Kathmandu",25500000.0
Sano Bharayang House,"['sano', 'bharayang', 'house']",sano bharayang house,3,House," Nagarjung,  Kathmandu",32000000.0
CHANDRAGIRI-6 / RADHAKRISHNA HOUSE ON SALE,"['chandragiri6', 'radhakrishna', 'house', 'sale']",chandragiri6 radhakrishna house sale,4,House," CHANDRAGIRI,  KATHMANDU",26500000.0
CHANDRAGIRI-6 / RADHAKRISHNA HOUSE ON SALE,"['chandragiri6', 'radhakrishna', 'house', 'sale']",chandragiri6 radhakrishna house sale,4,House," CHANDRAGIRI,  KATHMANDU",23500000.0
CHAMATI HOUSE ON SALE,"['chamati', 'house', 'sale']",chamati house sale,3,House," CHAMATI,  KATHMANDU",26500000.0
SANOBHARYANG RESIDENTAL HOME FOR SALE,"['sanobharyang', 'residental', 'home', 'sale']",sanobharyang residental home sale,4,House," SANOBHARYANG,  KATHMANDU",39800000.0
DHAPAKHEL / GAURIGAUN HOUSE ON SALE,"['dhapakhel', 'gaurigaun', 'house', 'sale']",dhapakhel gaurigaun house sale,4,House," HATTIBAN,  LALITPUR",34000000.0
BHAKTAPUR/ KAUSHALTAR House On Sale,"['bhaktapur', 'kaushaltar', 'house', 'sale']",bhaktapur kaushaltar house sale,4,House," KAUSHALTAR,  BHAKTAPUR",32000000.0
Syuchatar Brand New Home,"['syuchatar', 'brand', 'new', 'home']",syuchatar brand new home,4,House," Syuchatar,  Kathmandu",39500000.0
New Adheshwor House On Sale,"['new', 'adheshwor', 'house', 'sale']",new adheshwor house sale,4,House," Sitapaila,  Kathmandu",28500000.0
"Sitapaila, Adheshwor House On Sale","['sitapaila', 'adheshwor', 'house', 'sale']",sitapaila adheshwor house sale,4,House," Sitapaila,  Kathmandu",26000000.0
Dhungedhara/Sano-Bharyang House On Sale,"['dhungedharasanobharyang', 'house', 'sale']",dhungedharasanobharyang house sale,3,House," Sano-Bharyang,  Kathmandu",30000000.0
Satungal House On Sale,"['satungal', 'house', 'sale']",satungal house sale,3,House," Satungal,  Kathmandu",19500000.0
Satungal House On Sale,"['satungal', 'house', 'sale']",satungal house sale,3,House," Satungal,  Kathmandu",18500000.0
Naikap House On Sale,"['naikap', 'house', 'sale']",naikap house sale,3,House," Naicap,  Kathmandu",46500000.0
Nakhu House on Sale,"['nakhu', 'house', 'sale']",nakhu house sale,3,House," Bhaisepati,  Lalitpur",29000000.0
House on sale,"['house', 'sale']",house sale,2,House,"Gokarneswhor,  Kathmandu",35000000.0
Hattiban House on Sale,"['hattiban', 'house', 'sale']",hattiban house sale,3,House," Hattiban,  Lalitpur",21500000.0
"House for sale -Thaiba,Godamchaur(6.2kmFromSatdobato)","['house', 'sale', 'thaibagodamchaur62kmfromsatdobato']",house sale thaibagodamchaur62kmfromsatdobato,3,House," Godamchaur,  Lalitpur",29000000.0
Nagarjung House on Sale,"['nagarjung', 'house', 'sale']",nagarjung house sale,3,House,"Sano Bharayang,  Kathmandu",22500000.0
Two Raniban House On Sale,"['two', 'raniban', 'house', 'sale']",two raniban house sale,4,House,"Raniban,  Kathmandu",32000000.0
Sitapaila House On Sale,"['sitapaila', 'house', 'sale']",sitapaila house sale,3,House," Sitapaila,  Kathmandu",28500000.0
Saranpur House on Sale,"['saranpur', 'house', 'sale']",saranpur house sale,3,House," Sitapaila,  Kathmandu",55000000.0
Kohinoor House for Sale,"['kohinoor', 'house', 'sale']",kohinoor house sale,3,House," Bafal,  Kathmandu",40000000.0
Kuleshwor House& Land on Sale,"['kuleshwor', 'house', 'land', 'sale']",kuleshwor house land sale,4,House,"Kuleshwor,  Kathmandu",75000000.0
Dahachok House for Sale,"['dahachok', 'house', 'sale']",dahachok house sale,3,House," Chandagiri,  Kathmandu",27000000.0
Bhaisepati House on Sale,"['bhaisepati', 'house', 'sale']",bhaisepati house sale,3,House," Bhaisepati,  Lalitpur",60000000.0
Bhaisepati House for Sale,"['bhaisepati', 'house', 'sale']",bhaisepati house sale,3,House," Bhaisepati,  Lalitpur",37500000.0
Imadol New House on Sale,"['imadol', 'new', 'house', 'sale']",imadol new house sale,4,House," Imadol,  Lalitpur",28500000.0
Sitapaila Bungalow on Sale,"['sitapaila', 'bungalow', 'sale']",sitapaila bungalow sale,3,House," Sitapaila,  Kathmandu",60000000.0
Buddha Chowk House On Sale,"['buddha', 'chowk', 'house', 'sale']",buddha chowk house sale,4,House," Nagarjung,  Kathmandu",31000000.0
Rai Chowk House on Sale,"['rai', 'chowk', 'house', 'sale']",rai chowk house sale,4,House," Nagarjung,  Karhmandu",27500000.0
Bafal House for Sale,"['bafal', 'house', 'sale']",bafal house sale,3,House," Bafal,  Kathmandu",28500000.0
SItapaila House on Sale,"['sitapaila', 'house', 'sale']",sitapaila house sale,3,House," Sitapaila,  Kathmandu",22000000.0
Bafal Brand New House,"['bafal', 'brand', 'new', 'house']",bafal brand new house,4,House," Bafal,  Kathmandu",28500000.0
Bhimdhunga House,"['bhimdhunga', 'house']",bhimdhunga house,2,House," Nagarjung,  Kathmndu",20500000.0
Sitapaila House,"['sitapaila', 'house']",sitapaila house,2,House," Nagarjung,  Kathmandu",18000000.0
SItapaila 6 Plots House on sale,"['sitapaila', 'plot', 'house', 'sale']",sitapaila plot house sale,4,House," Sitapaila,  Kathmandu",35000000.0
Nakhu House,"['nakhu', 'house']",nakhu house,2,House," Nakhu,  Lalitpur",39000000.0
Ekdhara House,"['ekdhara', 'house']",ekdhara house,2,House," Nagarjung-3,  Kathmandu",47000000.0
Sitapaila Bungalow,"['sitapaila', 'bungalow']",sitapaila bungalow,2,House," Sitapaila,  Kathmandu",50000000.0
Banglow House for Sale,"['banglow', 'house', 'sale']",banglow house sale,3,House," Sitapaila,  Kathmandu",37500000.0
Residential House For Sale.,"['residential', 'house', 'sale']",residential house sale,3,House," Ramkot,  Kathmandu",24000000.0
Dallu House,"['dallu', 'house']",dallu house,2,House," Dallu,  Kathmandu",29500000.0
Upper Bhangal Bungalow,"['upper', 'bhangal', 'bungalow']",upper bhangal bungalow,3,House," Budhanilkantha,  Kathmandu",125000000.0
Residential Bungalow For Sale.,"['residential', 'bungalow', 'sale']",residential bungalow sale,3,House," Sita-paila,  Kathmandu",33500000.0
Brand New House For Sale.,"['brand', 'new', 'house', 'sale']",brand new house sale,4,House," Sitapaila-5,  Kathmandu",29000000.0
Brand New House For Sale.,"['brand', 'new', 'house', 'sale']",brand new house sale,4,House," Bafal,  Kathmandu",28500000.0
Residential House For Sale.,"['residential', 'house', 'sale']",residential house sale,3,House," Lolang,  Kathmandu",18500000.0
Residential House For Sale.,"['residential', 'house', 'sale']",residential house sale,3,House," Thulo bharyang,  Kathmandu",28000000.0
Thulo Bharayang House,"['thulo', 'bharayang', 'house']",thulo bharayang house,3,House," Thulo Bharayang,  Kathmandu",32500000.0
Ramkot House,"['ramkot', 'house']",ramkot house,2,House," Ramkot,  Kathmandu",30500000.0
Sangam Semi-Commercial House,"['sangam', 'semicommercial', 'house']",sangam semicommercial house,3,House," Tarkeshwor,  Kathmandu",36000000.0
Residential Bungalow For Sale.,"['residential', 'bungalow', 'sale']",residential bungalow sale,3,House," Sitapaila,  Kathmandu",26500000.0
Sano Bharayang House,"['sano', 'bharayang', 'house']",sano bharayang house,3,House," Sano bharyang,  Kathmandu",43000000.0
Adeshwor House,"['adeshwor', 'house']",adeshwor house,2,House," Sitapaila,  Kathmandu",30500000.0
Sitapaila House,"['sitapaila', 'house']",sitapaila house,2,House," Sitapaila,  Kathmandu",23500000.0
Dallu New House,"['dallu', 'new', 'house']",dallu new house,3,House," Dallu,  Kathmandu",46500000.0
Syuchatar House,"['syuchatar', 'house']",syuchatar house,2,House," Syuchatar,  Kathmandu",22000000.0
Dallu House,"['dallu', 'house']",dallu house,2,House," dallu,  kathmandu",40000000.0
Banglamukhi House,"['banglamukhi', 'house']",banglamukhi house,2,House," Banglamukhi,  Kathmandu",29000000.0
Beautiful House On Sale.,"['beautiful', 'house', 'sale']",beautiful house sale,3,House," Sano bharyang,  Rumba chowk",27500000.0
Raniban house For Sale,"['raniban', 'house', 'sale']",raniban house sale,3,House," Nagarjung,  Kathmandu",20000000.0
Semi-commercial property in Raniban,"['semicommercial', 'property', 'raniban']",semicommercial property raniban,3,House," Raniban,  Kathmandu",62000000.0
House on Magargaun,"['house', 'magargaun']",house magargaun,2,House," Magargaun,  Lalitpur",30000000.0
Raniban New House,"['raniban', 'new', 'house']",raniban new house,3,House," Raniban,  Kathmandu",47500000.0
Hatti Gauda House,"['hatti', 'gauda', 'house']",hatti gauda house,3,House,"Hatti Gauda,  Kathmandu",30000000.0
Hatigauda House,"['hatigauda', 'house']",hatigauda house,2,House," Hatigauda,  Kathmandu",26000000.0
Chandagiri House,"['chandagiri', 'house']",chandagiri house,2,House," Chandagiri,  Kathmandu",25500000.0
Ramkot House,"['ramkot', 'house']",ramkot house,2,House," Raamkot,  Kathmandu",18500000.0
KIMDOL HOUSE,"['kimdol', 'house']",kimdol house,2,House," Swoyambhu,  Kathmandu",25000000.0
Sano Bharayang New House,"['sano', 'bharayang', 'new', 'house']",sano bharayang new house,4,House," Sano Bhanrayang,  Kathmandu",25000000.0
Taukhel Land and house on sale,"['taukhel', 'land', 'house', 'sale']",taukhel land house sale,4,House," Sitapaila,  Kathmandu",35000000.0
Nakhipot House,"['nakhipot', 'house']",nakhipot house,2,House," Nakhipot,  Lalitpur",28500000.0
Gairigau House,"['gairigau', 'house']",gairigau house,2,House," Gairgaun,  Kathmandu",23500000.0
Grande Futsal House,"['grande', 'futsal', 'house']",grande futsal house,3,House," Grande,  Kathmandu",37000000.0
KHUMALTAR House,"['khumaltar', 'house']",khumaltar house,2,House," Khumaltar,  Lalitpur",35000000.0
KHUMALTAR House,"['khumaltar', 'house']",khumaltar house,2,House," Khumaltar,  Lalitpur",25000000.0
Jharuwarashi House,"['jharuwarashi', 'house']",jharuwarashi house,2,House," Jharuwarasi,  Lalitpur",16000000.0
Bafal New House,"['bafal', 'new', 'house']",bafal new house,3,House," Bafal,  Kathmandu",35000000.0
Rai Chowk New Home,"['rai', 'chowk', 'new', 'home']",rai chowk new home,4,House," Ichangunarayan,  Kathmandu",27500000.0
Bafal Duplex Home,"['bafal', 'duplex', 'home']",bafal duplex home,3,House," Sitapaila,  Kathmandu",33000000.0
Home at Tarkeshwor,"['home', 'tarkeshwor']",home tarkeshwor,2,House," Tarkeshwor,  Kathmandu",23000000.0
Sano Bharayang Home,"['sano', 'bharayang', 'home']",sano bharayang home,3,House," Sano Bharayang,  Kathmandu",50000000.0
Tusal Residential Home,"['tusal', 'residential', 'home']",tusal residential home,3,House," Nepaltar,  Kathmandu",36500000.0
Brand New Home,"['brand', 'new', 'home']",brand new home,3,House," Dahachowk,  Kathmandu",18500000.0
Sano Bharayang  Home,"['sano', 'bharayang', 'home']",sano bharayang home,3,House," Sano Bhanrayang,  Kathmandu",31500000.0
Sano Bharayang  Home,"['sano', 'bharayang', 'home']",sano bharayang home,3,House," Sano Bhanrayang,  Kathmandu",27000000.0
Sitapaila Home,"['sitapaila', 'home']",sitapaila home,2,House," Sitapaila,  Kathmandu",28000000.0
Sitapaila New HOME,"['sitapaila', 'new', 'home']",sitapaila new home,3,House," Sitapaila,  Kathmandu",23000000.0
Kusunti Home For Sale,"['kusunti', 'home', 'sale']",kusunti home sale,3,House," Kusunti,  Lalitpur",36500000.0
Ramkot Home,"['ramkot', 'home']",ramkot home,2,House," Mahankal ,  Kathmandu",23000000.0
Sankata Home for Sale,"['sankata', 'home', 'sale']",sankata home sale,3,House," Sitapaila,  Kathmandu",24000000.0
Narayanthan Home On Sale,"['narayanthan', 'home', 'sale']",narayanthan home sale,3,House," Budhanikantha,  Kathmandu",45000000.0
Sano Bharayang  Home,"['sano', 'bharayang', 'home']",sano bharayang home,3,House," Sano Bhanrayang,  Kathmandu",30000000.0
Property On Ganeshthan On Sale,"['property', 'ganeshthan', 'sale']",property ganeshthan sale,3,House," Gongabu,  Kathmandu",90000000.0
Boudhanath Property On Sale,"['boudhanath', 'property', 'sale']",boudhanath property sale,3,House," Boudha,  Kathmandu",185000000.0
Padma Colony New Home,"['padma', 'colony', 'new', 'home']",padma colony new home,4,House," Sitapaila,  Kathmandu",31500000.0
Dhapasi Height Home,"['dhapasi', 'height', 'home']",dhapasi height home,3,House," Dhapasi,  Kathmandu",25000000.0
Sano Bharayang  Home,"['sano', 'bharayang', 'home']",sano bharayang home,3,House," Sano Bhanrayang,  Kathmandu",34000000.0
Chauni Home,"['chauni', 'home']",chauni home,2,House," Chauni,  Kathmandu",27000000.0
EXCLUSIVE PROPERTY ON SALE,"['exclusive', 'property', 'sale']",exclusive property sale,3,House," Raniban,  Kathmandu",30000000.0
Balambu New Home,"['balambu', 'new', 'home']",balambu new home,3,House," Satungal,  Kathmandu",18000000.0
Thankot Home,"['thankot', 'home']",thankot home,2,House," Thankot,  Kathmandu",14000000.0
Pachdhara Home at Sale,"['pachdhara', 'home', 'sale']",pachdhara home sale,3,House," Halchowk,  Kathmandu",26000000.0
Kimdol Resident Home On Sale,"['kimdol', 'resident', 'home', 'sale']",kimdol resident home sale,4,House," Swoyambhu,  Kathmandu",34000000.0
Tahachal New Home,"['tahachal', 'new', 'home']",tahachal new home,3,House,"Tahachal,  Kathmandu",55000000.0
Tahachal New Home,"['tahachal', 'new', 'home']",tahachal new home,3,House,"Tahachal,  Kathmandu",52500000.0
"3 Ghare, Raniban  Home","['ghare', 'raniban', 'home']",ghare raniban home,3,House," Raniban,  Kathmandu",30000000.0
Jarankhu Home At Sale,"['jarankhu', 'home', 'sale']",jarankhu home sale,3,House," Tarkeshwor,  Kathmandhu",21000000.0
"Prime Land for Sale in Butwal, Rupandehi, Nepal","['prime', 'land', 'sale', 'butwal', 'rupandehi', 'nepal']",prime land sale butwal rupandehi nepal,6,House,Butwal,2600000.0
Login or Register,"['login', 'register']",login register,2,House,Pokhara,3000000.0
Search Property,"['search', 'property']",search property,2,House,Pokhara,3000000.0
Pokhara(5),['pokhara5'],pokhara5,1,House,Pokhara,3000000.0
More info,['info'],info,1,House,Chitwan,12000000.0
More info,['info'],info,1,House,Chitwan,5000000.0
More info,['info'],info,1,House,Pokhara,6000000.0
More info,['info'],info,1,House,Pokhara,20000000.0
More info,['info'],info,1,House,Butwal,20475000.0
More info,['info'],info,1,House,Butwal,75000000.0
More info,['info'],info,1,House,Butwal,7500000.0
More info,['info'],info,1,House,Butwal,14500000.0
More info,['info'],info,1,House,Butwal,9700000.0
More info,['info'],info,1,House,Butwal,9900000.0
More info,['info'],info,1,House,Bhairahawa,10500000.0
More info,['info'],info,1,House,Bhairahawa,8800000.0
More info,['info'],info,1,House,Bhairahawa,25000000.0
More info,['info'],info,1,House,Bhairahawa,3000000.0
More info,['info'],info,1,House,Bhairahawa,24000000.0
More info,['info'],info,1,House,Bhairahawa,4650000.0
More info,['info'],info,1,House,Bhairahawa,2325000.0
More info,['info'],info,1,House,Bhairahawa,48000000.0
More info,['info'],info,1,House,Biratnagar,10900000.0
Land for Sale - Rs 3 Lakh Per Dhur,"['land', 'sale', 'r', 'lakh', 'per', 'dhur']",land sale r lakh per dhur,6,Land,"Shivaghat  Bharatpur, Chitwan",6600082.304526749
House for Sale - Rs 7 Lakh 50 Thousand 29,"['house', 'sale', 'r', 'lakh', '50', 'thousand', '29']",house sale r lakh 50 thousand 29,7,House,"Talkative changunarayan 5 Changunarayan, Bhaktapur",750000.0
Land for Sale - Rs 2 Crore 30 Lakh,"['land', 'sale', 'r', 'crore', '30', 'lakh']",land sale r crore 30 lakh,6,Land,"Mulpani 07 Kageshwori Manohara, Kathmandu",23000000.0
Land for Sale - Rs 4 Crore 50 Lakh,"['land', 'sale', 'r', 'crore', '50', 'lakh']",land sale r crore 50 lakh,6,Land,"Damside 17 Pokhara Metropolis, Kaski",45000000.0
Land for Sale - Rs 2 Crore 80 Lakh,"['land', 'sale', 'r', 'crore', '80', 'lakh']",land sale r crore 80 lakh,6,Land,"Kadaghari, Force park durbar marga 07 Kageshwori Manohara, Kathmandu",28000000.0
Land for Sale - Rs 20 Lakh Per anna,"['land', 'sale', 'r', '20', 'lakh', 'per', 'anna']",land sale r 20 lakh per anna,7,Land,"Bistachhap 2 Godawari, Lalitpur",63818845.87289993
Land for Sale - Rs 65 Lakh,"['land', 'sale', 'r', '65', 'lakh']",land sale r 65 lakh,5,Land,"thankot 3 Chandragiri, Kathmandu",6500000.0
Land for Sale - Rs 4 Crore 10 Lakh,"['land', 'sale', 'r', 'crore', '10', 'lakh']",land sale r crore 10 lakh,6,Land,"Bhaisepati 18 Lalitpur Metropolis, Lalitpur",41000000.0
Land for Sale - Rs 2 Crore 50 Lakh,"['land', 'sale', 'r', 'crore', '50', 'lakh']",land sale r crore 50 lakh,6,Land,"fulbari 12 Pokhara Metropolis, Kaski",25000000.0
Land for Sale - Rs 4 Crore,"['land', 'sale', 'r', 'crore']",land sale r crore,4,Land,"Sunakothi, Thecho, Chapagaun  Lalitpur Metropolis, Lalitpur",40000000.0
Land for Sale - Rs 15 Lakh 1500000,"['land', 'sale', 'r', '15', 'lakh', '1500000']",land sale r 15 lakh 1500000,6,Land,"Champi  Godawari, Lalitpur",1500000.0
Land for Sale - Rs 1 Crore 20 Lakh,"['land', 'sale', 'r', 'crore', '20', 'lakh']",land sale r crore 20 lakh,6,Land,"Khajura ,  Birendranagar  10 Birendranagar, Surkhet",12000000.0
Land for Sale - Rs 2 Crore 7 Lakh,"['land', 'sale', 'r', 'crore', 'lakh']",land sale r crore lakh,5,Land,"Imadol  Lalitpur Metropolis, Lalitpur",20700000.0
Land for Sale - Rs 3 Crore 75 Lakh,"['land', 'sale', 'r', 'crore', '75', 'lakh']",land sale r crore 75 lakh,6,Land,"Imadol  Lalitpur Metropolis, Lalitpur",37500000.0
Land for Sale - Rs 2 Crore 10 Lakh,"['land', 'sale', 'r', 'crore', '10', 'lakh']",land sale r crore 10 lakh,6,Land,"Lubhu  Lalitpur Metropolis, Lalitpur",21000000.0
Land for Sale - Rs 2 Crore 50 Lakh,"['land', 'sale', 'r', 'crore', '50', 'lakh']",land sale r crore 50 lakh,6,Land,"Thecho  Godawari, Lalitpur",25000000.0
Land for Sale - Rs 2 Crore 40 Lakh,"['land', 'sale', 'r', 'crore', '40', 'lakh']",land sale r crore 40 lakh,6,Land,"Harisiddhi  Lalitpur Metropolis, Lalitpur",24000000.0
Land for Sale - Rs 2 Crore 25 Lakh,"['land', 'sale', 'r', 'crore', '25', 'lakh']",land sale r crore 25 lakh,6,Land,"Tikathali 5 Lalitpur Metropolis, Lalitpur",22500000.0
Land for Sale - Rs 2 Crore 80 Lakh,"['land', 'sale', 'r', 'crore', '80', 'lakh']",land sale r crore 80 lakh,6,Land,"Tikathali 5 Lalitpur Metropolis, Lalitpur",28000000.0
Land for Sale - Rs 2 Crore 50 Lakh Per Ropani,"['land', 'sale', 'r', 'crore', '50', 'lakh', 'per', 'ropani']",land sale r crore 50 lakh per ropani,8,Land,"gagangauda  Pokhara Metropolis, Kaski",50284664.83011937
Land for Sale - Rs 50 Lakh Per Aana,"['land', 'sale', 'r', '50', 'lakh', 'per', 'aana']",land sale r 50 lakh per aana,7,Land,"Shallagari 5 Suryabinayak, Bhaktapur",30000000.0
Land for Sale - Rs 90 Lakh 31 lakhs,"['land', 'sale', 'r', '90', 'lakh', '31', 'lakh']",land sale r 90 lakh 31 lakh,7,Land,"Ravivawan lampati  14 Kathmandu Metropolis, Kathmandu",9000000.0
Land for Sale - Rs 5 Crore 25 Lakh,"['land', 'sale', 'r', 'crore', '25', 'lakh']",land sale r crore 25 lakh,6,Land,"g 8 Budhanilkantha, Kathmandu",52500000.0
Land for Sale - Rs 35 Lakh Per Aana,"['land', 'sale', 'r', '35', 'lakh', 'per', 'aana']",land sale r 35 lakh per aana,7,Land,"Tokha near Villi Chowk  Tokha, Kathmandu",14000000.0
Land for Sale - Rs 2 Crore 30 Lakh,"['land', 'sale', 'r', 'crore', '30', 'lakh']",land sale r crore 30 lakh,6,Land,"Mulpani 7 Kageshwori Manohara, Kathmandu",23000000.0
Land for Sale - Rs 3 Crore 30 Lakh 5500000,"['land', 'sale', 'r', 'crore', '30', 'lakh', '5500000']",land sale r crore 30 lakh 5500000,7,Land,"Basundhara  Tokha, Kathmandu",33000000.0
Land for Sale - Rs 3 Crore 20 Lakh,"['land', 'sale', 'r', 'crore', '20', 'lakh']",land sale r crore 20 lakh,6,Land,"Gatthaghar  Madhyapur Thimi, Bhaktapur",32000000.0
House for Sale - Rs 90 Lakh 2200000,"['house', 'sale', 'r', '90', 'lakh', '2200000']",house sale r 90 lakh 2200000,6,House,"Badegaun - Lalitpur - Near Swetbarahi temple  Godawari, Lalitpur",9000000.0
House for Sale - Rs 2 Crore 45 Lakh,"['house', 'sale', 'r', 'crore', '45', 'lakh']",house sale r crore 45 lakh,6,House,"Dhumbhari 4 Kathmandu Metropolis, Kathmandu",24500000.0
Land for Sale - Rs 10 Lakh Per Aana,"['land', 'sale', 'r', '10', 'lakh', 'per', 'aana']",land sale r 10 lakh per aana,7,Land,"Dahachowk 8 Chandragiri, Kathmandu",4000000.0
Land for Sale - Rs 20 Lakh Per Aana,"['land', 'sale', 'r', '20', 'lakh', 'per', 'aana']",land sale r 20 lakh per aana,7,Land,"Sipadol 8 Suryabinayak, Bhaktapur",7000029.218407597
Land for Sale - Rs 1 Crore 32 Lakh 1600000,"['land', 'sale', 'r', 'crore', '32', 'lakh', '1600000']",land sale r crore 32 lakh 1600000,7,Land,"Lele  6 Godawari, Lalitpur",13200000.0
House for Sale - Rs 3 Crore 25 Lakh,"['house', 'sale', 'r', 'crore', '25', 'lakh']",house sale r crore 25 lakh,6,House,"Tikathali  Lalitpur Metropolis, Lalitpur",32500000.0
Land for Sale - Rs 2 Crore 30 Lakh 5000000,"['land', 'sale', 'r', 'crore', '30', 'lakh', '5000000']",land sale r crore 30 lakh 5000000,7,Land,"Gokarneshower  8 Gokarneshwor, Kathmandu",23000000.0
Land for Sale - Rs 2 Crore 70 Lakh Per Aana,"['land', 'sale', 'r', 'crore', '70', 'lakh', 'per', 'aana']",land sale r crore 70 lakh per aana,8,Land,"Bhangal 8 Budhanilkantha, Kathmandu",81000000.0
Land for Sale - Rs 35 Lakh Per Aana,"['land', 'sale', 'r', '35', 'lakh', 'per', 'aana']",land sale r 35 lakh per aana,7,Land,"Emadol-Balkot 7 Mahalaxmi, Lalitpur",14000000.0
Land for Sale - Rs 6 Crore 2 crore per kattha,"['land', 'sale', 'r', 'crore', 'crore', 'per', 'kattha']",land sale r crore crore per kattha,7,Land,"Krishnapur 7 Bharatpur, Chitwan",180000000.0
Land for Sale - Rs 25 Lakh Per Aana,"['land', 'sale', 'r', '25', 'lakh', 'per', 'aana']",land sale r 25 lakh per aana,7,Land,"Dadhikot 01 Suryabinayak, Bhaktapur",13750036.523009498
Land for Sale - Rs 20 Lakh Per Aana,"['land', 'sale', 'r', '20', 'lakh', 'per', 'aana']",land sale r 20 lakh per aana,7,Land,"Sudal 8 Changunarayan, Bhaktapur",8999970.781592403
Land for Sale - Rs 3 Crore 30 Lakh,"['land', 'sale', 'r', 'crore', '30', 'lakh']",land sale r crore 30 lakh,6,Land,"Dhapasi  Tokha, Kathmandu",33000000.0
Land for Sale - Rs 2 Crore 45 Lakh,"['land', 'sale', 'r', 'crore', '45', 'lakh']",land sale r crore 45 lakh,6,Land,"Hattiban/ Dhapakhel  23 Lalitpur Metropolis, Lalitpur",24500000.0
Land for Sale - Rs 36 Lakh Per Aana,"['land', 'sale', 'r', '36', 'lakh', 'per', 'aana']",land sale r 36 lakh per aana,7,Land,"Harisiddhi  28 Lalitpur Metropolis, Lalitpur",10800000.0
Land for Sale - Rs 2 Crore 35 Lakh,"['land', 'sale', 'r', 'crore', '35', 'lakh']",land sale r crore 35 lakh,6,Land,"Harisiddhi 28 Lalitpur Metropolis, Lalitpur",23500000.0
Land for Sale - Rs 1 Crore 60 Lakh,"['land', 'sale', 'r', 'crore', '60', 'lakh']",land sale r crore 60 lakh,6,Land,"Thankot  4 Chandragiri, Kathmandu",16000000.0
Land for Sale - Rs 2 Crore,"['land', 'sale', 'r', 'crore']",land sale r crore,4,Land,"dhangadhi kailali 3 Dhangadhi, Kailali",20000000.0
Land for Sale - Rs 55 Lakh Per Aana,"['land', 'sale', 'r', '55', 'lakh', 'per', 'aana']",land sale r 55 lakh per aana,7,Land,"Pasikot  Budhanilkantha, Kathmandu",165000000.0
Land for Sale - Rs 4 Crore 40 Lakh,"['land', 'sale', 'r', 'crore', '40', 'lakh']",land sale r crore 40 lakh,6,Land,"Baneshwor 8 Kathmandu Metropolis, Kathmandu",44000000.0
Land for Sale - Rs 26 Lakh 50 Thousand Per Aana,"['land', 'sale', 'r', '26', 'lakh', '50', 'thousand', 'per', 'aana']",land sale r 26 lakh 50 thousand per aana,9,Land,"Hattiban  Lalitpur Metropolis, Lalitpur",14575038.714390067
Land for Sale - Rs 5 Crore 20 Lakh,"['land', 'sale', 'r', 'crore', '20', 'lakh']",land sale r crore 20 lakh,6,Land,"Bansbari  Kathmandu Metropolis, Kathmandu",52000000.0
Land for Sale - Rs 20 Lakh Per Aana,"['land', 'sale', 'r', '20', 'lakh', 'per', 'aana']",land sale r 20 lakh per aana,7,Land,"Tathali 10 Suryabinayak, Bhaktapur",6000000.0
Land for Sale - Rs 25 Lakh Per Aana,"['land', 'sale', 'r', '25', 'lakh', 'per', 'aana']",land sale r 25 lakh per aana,7,Land,"Satungal 6 Chandragiri, Kathmandu",7500000.0
Land for Sale - Rs 11 Crore 75 Lakh,"['land', 'sale', 'r', '11', 'crore', '75', 'lakh']",land sale r 11 crore 75 lakh,7,Land,"Jharuwarashi 13 Godawari, Lalitpur",117500000.0
Land for Sale - Rs 46 Lakh Per Aana,"['land', 'sale', 'r', '46', 'lakh', 'per', 'aana']",land sale r 46 lakh per aana,7,Land,"golfutar  Budhanilkantha, Kathmandu",18400000.0
Land for Sale - Rs 2 Crore 75 Lakh,"['land', 'sale', 'r', 'crore', '75', 'lakh']",land sale r crore 75 lakh,6,Land,"Harisiddhi  28 Lalitpur Metropolis, Lalitpur",27500000.0
Land for Sale - Rs 1 Crore 43 Lakh 650000 Per aana,"['land', 'sale', 'r', 'crore', '43', 'lakh', '650000', 'per', 'aana']",land sale r crore 43 lakh 650000 per aana,9,Land,"Lele Lalitpur  5 Godawari, Lalitpur",313304747.9912345
Land for Sale - Rs 40 Lakh Per Aana,"['land', 'sale', 'r', '40', 'lakh', 'per', 'aana']",land sale r 40 lakh per aana,7,Land,"Chunikhel 13 Budhanilkantha, Kathmandu",12999970.781592404
Land for Sale - Rs 24 Lakh Per Aana,"['land', 'sale', 'r', '24', 'lakh', 'per', 'aana']",land sale r 24 lakh per aana,7,Land,"Umagau 6 Nagarjun, Kathmandu",12000000.0
Land for Sale - Rs 3 Crore 50 Lakh,"['land', 'sale', 'r', 'crore', '50', 'lakh']",land sale r crore 50 lakh,6,Land,"pokhara  Pokhara Metropolis, Kaski",35000000.0
Land for Sale - Rs 2 Crore 40 Lakh Per Aana,"['land', 'sale', 'r', 'crore', '40', 'lakh', 'per', 'aana']",land sale r crore 40 lakh per aana,8,Land,"Kamalbinayak 10 Bhaktapur, Bhaktapur",192000000.0
Land for Sale - Rs 6 Crore 25 Lakh 25lakh per aana,"['land', 'sale', 'r', 'crore', '25', 'lakh', '25lakh', 'per', 'aana']",land sale r crore 25 lakh 25lakh per aana,9,Land,"Dadhikot 4 Suryabinayak, Bhaktapur",1556838933.528123
Land for Sale - Rs 1 Crore 30 Lakh,"['land', 'sale', 'r', 'crore', '30', 'lakh']",land sale r crore 30 lakh,6,Land,"Gwarko 17 Lalitpur Metropolis, Lalitpur",13000000.0
Land for Sale - Rs 26 Lakh Per Aana,"['land', 'sale', 'r', '26', 'lakh', 'per', 'aana']",land sale r 26 lakh per aana,7,Land,"Chisapani 3 Tarakeshor, Kathmandu",13000000.0
Land for Sale - Rs 1 Crore 48 Lakh 50 Thousand 2700000,"['land', 'sale', 'r', 'crore', '48', 'lakh', '50', 'thousand', '2700000']",land sale r crore 48 lakh 50 thousand 2700000,9,Land,"Hattiban  Lalitpur Metropolis, Lalitpur",14850000.0
Land for Sale - Rs 23 Lakh Per Aana,"['land', 'sale', 'r', '23', 'lakh', 'per', 'aana']",land sale r 23 lakh per aana,7,Land,"Kirtipur 6 Kirtipur, Kathmandu",14949966.398831263
Land for Sale - Rs 3 Crore 30 Lakh,"['land', 'sale', 'r', 'crore', '30', 'lakh']",land sale r crore 30 lakh,6,Land,"Imadol  Lalitpur Metropolis, Lalitpur",33000000.0
Land for Sale - Rs 2 Crore 55 Lakh,"['land', 'sale', 'r', 'crore', '55', 'lakh']",land sale r crore 55 lakh,6,Land,"Balkot  Madhyapur Thimi, Bhaktapur",25500000.0
Land for Sale - Rs 3 Crore 5 Lakh,"['land', 'sale', 'r', 'crore', 'lakh']",land sale r crore lakh,5,Land,"Tikathali  Lalitpur Metropolis, Lalitpur",30500000.0
Land for Sale - Rs 3 Crore 25 Lakh Per Aana,"['land', 'sale', 'r', 'crore', '25', 'lakh', 'per', 'aana']",land sale r crore 25 lakh per aana,8,Land,"Balkot  Madhyapur Thimi, Bhaktapur",130000000.0
Land for Sale - Rs 2 Crore 80 Lakh,"['land', 'sale', 'r', 'crore', '80', 'lakh']",land sale r crore 80 lakh,6,Land,"Pepsicola  Kathmandu Metropolis, Kathmandu",28000000.0
Land for Sale - Rs 3 Crore 95 Lakh,"['land', 'sale', 'r', 'crore', '95', 'lakh']",land sale r crore 95 lakh,6,Land,"Bhangal height  Budhanilkantha, Kathmandu",39500000.0
Land for Sale - Rs 45 Lakh Per Aana,"['land', 'sale', 'r', '45', 'lakh', 'per', 'aana']",land sale r 45 lakh per aana,7,Land,"Balkot  Madhyapur Thimi, Bhaktapur",20249934.258582905
Land for Sale - Rs 48 Lakh Per Aana,"['land', 'sale', 'r', '48', 'lakh', 'per', 'aana']",land sale r 48 lakh per aana,7,Land,"Kausaltar chowk  Lalitpur Metropolis, Lalitpur",16799929.875821766
Land for Sale - Rs 39 Lakh Per Aana,"['land', 'sale', 'r', '39', 'lakh', 'per', 'aana']",land sale r 39 lakh per aana,7,Land,"Lubhu  Lalitpur Metropolis, Lalitpur",18524914.53615778
Land for Sale - Rs 2 Crore 75 Lakh,"['land', 'sale', 'r', 'crore', '75', 'lakh']",land sale r crore 75 lakh,6,Land,"Imadol  Lalitpur Metropolis, Lalitpur",27500000.0
Land for Sale - Rs 4 Crore 10 Lakh,"['land', 'sale', 'r', 'crore', '10', 'lakh']",land sale r crore 10 lakh,6,Land,"Dibyeshwori  Madhyapur Thimi, Bhaktapur",41000000.0
Land for Sale - Rs 4 Crore 50 Lakh,"['land', 'sale', 'r', 'crore', '50', 'lakh']",land sale r crore 50 lakh,6,Land,"Bhangal height  Budhanilkantha, Kathmandu",45000000.0
Land for Sale - Rs 45 Lakh Per Aana,"['land', 'sale', 'r', '45', 'lakh', 'per', 'aana']",land sale r 45 lakh per aana,7,Land,"Balkot  Madhyapur Thimi, Bhaktapur",22500000.0
Land for Sale - Rs 3 Crore 75 Lakh 15-16 lakhs per haath mohada,"['land', 'sale', 'r', 'crore', '75', 'lakh', '1516', 'lakh', 'per', 'haath', 'mohada']",land sale r crore 75 lakh 1516 lakh per haath mohada,11,Land,"Nadipur  3 Pokhara Metropolis, Kaski",37500000.0
Land for Sale - Rs 2 Crore 68 Lakh,"['land', 'sale', 'r', 'crore', '68', 'lakh']",land sale r crore 68 lakh,6,Land,"Imadol  Lalitpur Metropolis, Lalitpur",26800000.0
Land for Sale - Rs 3 Crore 85 Lakh,"['land', 'sale', 'r', 'crore', '85', 'lakh']",land sale r crore 85 lakh,6,Land,"Baluwakhani  Budhanilkantha, Kathmandu",38500000.0
Land for Sale - Rs 38 Lakh Per Aana,"['land', 'sale', 'r', '38', 'lakh', 'per', 'aana']",land sale r 38 lakh per aana,7,Land,"Balkot 3 Madhyapur Thimi, Bhaktapur",16149972.242512785
Land for Sale - Rs 40 Lakh Per Aana,"['land', 'sale', 'r', '40', 'lakh', 'per', 'aana']",land sale r 40 lakh per aana,7,Land,"Setipakha  Lalitpur Metropolis, Lalitpur",21999941.563184805
Land for Sale - Rs 3 Crore 60 Lakh,"['land', 'sale', 'r', 'crore', '60', 'lakh']",land sale r crore 60 lakh,6,Land,"Kausaltar  Madhyapur Thimi, Bhaktapur",36000000.0
Land for Sale - Rs 2 Crore 55 Lakh,"['land', 'sale', 'r', 'crore', '55', 'lakh']",land sale r crore 55 lakh,6,Land,"Balkot  Suryabinayak, Bhaktapur",25500000.0
Land for Sale - Rs 2 Crore 50 Lakh,"['land', 'sale', 'r', 'crore', '50', 'lakh']",land sale r crore 50 lakh,6,Land,"Imadol  Lalitpur Metropolis, Lalitpur",25000000.0
Land for Sale - Rs 53 Lakh Per Aana,"['land', 'sale', 'r', '53', 'lakh', 'per', 'aana']",land sale r 53 lakh per aana,7,Land,"Kirtipur  Kathmandu Metropolis, Kathmandu",27824961.285609934
Land for Sale - Rs 5 Crore 75 Lakh,"['land', 'sale', 'r', 'crore', '75', 'lakh']",land sale r crore 75 lakh,6,Land,"tokha,laxmipur city height 3 Tokha, Kathmandu",57500000.0
Land for Sale - Rs 1 Crore 70 Lakh,"['land', 'sale', 'r', 'crore', '70', 'lakh']",land sale r crore 70 lakh,6,Land,"Changathali  Lalitpur Metropolis, Lalitpur",17000000.0
Land for Sale - Rs 3 Crore 97 Lakh,"['land', 'sale', 'r', 'crore', '97', 'lakh']",land sale r crore 97 lakh,6,Land,"Chunikhel  Budhanilkantha, Kathmandu",39700000.0
Land for Sale - Rs 46 Lakh Per Aana,"['land', 'sale', 'r', '46', 'lakh', 'per', 'aana']",land sale r 46 lakh per aana,7,Land,"Lubhu  Lalitpur Metropolis, Lalitpur",59800000.0
Land for Sale - Rs 41 Lakh Per Aana,"['land', 'sale', 'r', '41', 'lakh', 'per', 'aana']",land sale r 41 lakh per aana,7,Land,"Lubhu  Lalitpur Metropolis, Lalitpur",14350059.897735575
Land for Sale - Rs 3 Crore 65 Lakh,"['land', 'sale', 'r', 'crore', '65', 'lakh']",land sale r crore 65 lakh,6,Land,"Lasuntar  Budhanilkantha, Kathmandu",36500000.0
Land for Sale - Rs 36 Lakh Per Aana,"['land', 'sale', 'r', '36', 'lakh', 'per', 'aana']",land sale r 36 lakh per aana,7,Land,"Lubhu  Lalitpur Metropolis, Lalitpur",12600052.593133677
Land for Sale - Rs 39 Lakh Per Aana,"['land', 'sale', 'r', '39', 'lakh', 'per', 'aana']",land sale r 39 lakh per aana,7,Land,"Lubhu  Lalitpur Metropolis, Lalitpur",19500000.0
Land for Sale - Rs 65 Lakh Per Aana,"['land', 'sale', 'r', '65', 'lakh', 'per', 'aana']",land sale r 65 lakh per aana,7,Land,"Imadol  Lalitpur Metropolis, Lalitpur",78000000.0
Land for Sale - Rs 2 Crore 80 Lakh,"['land', 'sale', 'r', 'crore', '80', 'lakh']",land sale r crore 80 lakh,6,Land,"Dadhikot  Madhyapur Thimi, Bhaktapur",28000000.0
Land for Sale - Rs 3 Crore 20 Lakh,"['land', 'sale', 'r', 'crore', '20', 'lakh']",land sale r crore 20 lakh,6,Land,"Thimi  Madhyapur Thimi, Bhaktapur",32000000.0
Land for Sale - Rs 41 Lakh Per Aana,"['land', 'sale', 'r', '41', 'lakh', 'per', 'aana']",land sale r 41 lakh per aana,7,Land,"Setipakha  Lalitpur Metropolis, Lalitpur",16400000.0
Land for Sale - Rs 4 Crore 60 Lakh,"['land', 'sale', 'r', 'crore', '60', 'lakh']",land sale r crore 60 lakh,6,Land,"Imadol  Lalitpur Metropolis, Lalitpur",46000000.0
Land for Sale - Rs 45 Lakh Per Aana,"['land', 'sale', 'r', '45', 'lakh', 'per', 'aana']",land sale r 45 lakh per aana,7,Land,"Imadol  Lalitpur Metropolis, Lalitpur",31781241.78232286
Land for Sale - Rs 30 Lakh,"['land', 'sale', 'r', '30', 'lakh']",land sale r 30 lakh,5,Land,"bagmara 33 Pokhara Metropolis, Kaski",3000000.0
Land for Rent - Rs 75 Thousand Per Month,"['land', 'rent', 'r', '75', 'thousand', 'per', 'month']",land rent r 75 thousand per month,7,Land,"Bhaisepati  Lalitpur Metropolis, Lalitpur",75000.0
Land for Sale - Rs 4 Crore 50 Lakh 7500000,"['land', 'sale', 'r', 'crore', '50', 'lakh', '7500000']",land sale r crore 50 lakh 7500000,7,Land,"Balkhu  Kathmandu Metropolis, Kathmandu",45000000.0
Land for Sale - Rs 3 Crore 50 Lakh,"['land', 'sale', 'r', 'crore', '50', 'lakh']",land sale r crore 50 lakh,6,Land,"Gtthaghar  Suryabinayak, Bhaktapur",35000000.0
Land for Sale - Rs 4 Crore,"['land', 'sale', 'r', 'crore']",land sale r crore,4,Land,"Hattigauda  Budhanilkantha, Kathmandu",40000000.0
Land for Sale - Rs 12 Crore,"['land', 'sale', 'r', '12', 'crore']",land sale r 12 crore,5,Land,"Budhanilkantha  Kathmandu Metropolis, Kathmandu",120000000.0
Land for Sale - Rs 4 Crore 60 Lakh,"['land', 'sale', 'r', 'crore', '60', 'lakh']",land sale r crore 60 lakh,6,Land,"Imadol  Kathmandu Metropolis, Kathmandu",46000000.0
Land for Sale - Rs 72 Lakh Per Aana,"['land', 'sale', 'r', '72', 'lakh', 'per', 'aana']",land sale r 72 lakh per aana,7,Land,"Sunrise Chowk  Kathmandu Metropolis, Kathmandu",32399894.81373265
Land for Sale - Rs 38 Lakh Per Aana,"['land', 'sale', 'r', '38', 'lakh', 'per', 'aana']",land sale r 38 lakh per aana,7,Land,"Imadol tikathali  Lalitpur Metropolis, Lalitpur",12349972.242512785
Land for Sale - Rs 2 Crore 70 Lakh,"['land', 'sale', 'r', 'crore', '70', 'lakh']",land sale r crore 70 lakh,6,Land,"Balkot  Madhyapur Thimi, Bhaktapur",27000000.0
Land for Sale - Rs 65 Lakh Per Aana,"['land', 'sale', 'r', '65', 'lakh', 'per', 'aana']",land sale r 65 lakh per aana,7,Land,"Pepsicola  Kathmandu Metropolis, Kathmandu",58500000.0
House for Sale - Rs 5 Crore 50 Lakh,"['house', 'sale', 'r', 'crore', '50', 'lakh']",house sale r crore 50 lakh,6,House,"Mandikatar  10 Budhanilkantha, Kathmandu",55000000.0
Land for Sale - Rs 55 Lakh Per Aana,"['land', 'sale', 'r', '55', 'lakh', 'per', 'aana']",land sale r 55 lakh per aana,7,Land,"Kamerotar height  Suryabinayak, Bhaktapur",38500000.0
Land for Sale - Rs 32 Lakh Per Aana,"['land', 'sale', 'r', '32', 'lakh', 'per', 'aana']",land sale r 32 lakh per aana,7,Land,"Tikathali  Lalitpur Metropolis, Lalitpur",22400000.0
Land for Sale - Rs 2 Crore 50 Lakh,"['land', 'sale', 'r', 'crore', '50', 'lakh']",land sale r crore 50 lakh,6,Land,"Balkot  Madhyapur Thimi, Bhaktapur",25000000.0
Land for Sale - Rs 47 Lakh Per Aana,"['land', 'sale', 'r', '47', 'lakh', 'per', 'aana']",land sale r 47 lakh per aana,7,Land,"Gothatar  Kathmandu Metropolis, Kathmandu",21149931.336742148
Land for Sale - Rs 3 Crore 50 Lakh Total Price35000000,"['land', 'sale', 'r', 'crore', '50', 'lakh', 'total', 'price35000000']",land sale r crore 50 lakh total price35000000,8,Land,"Imadol  Lalitpur Metropolis, Lalitpur",35000000.0
Land for Sale - Rs 72 Lakh Per Aana,"['land', 'sale', 'r', '72', 'lakh', 'per', 'aana']",land sale r 72 lakh per aana,7,Land,"Pepsicola  Kathmandu Metropolis, Kathmandu",23399947.406866323
Land for Sale - Rs 55 Lakh Per Aana,"['land', 'sale', 'r', '55', 'lakh', 'per', 'aana']",land sale r 55 lakh per aana,7,Land,"Lubhu  Lalitpur Metropolis, Lalitpur",28874959.824689552
Land for Sale - Rs 3 Crore 90 Lakh,"['land', 'sale', 'r', 'crore', '90', 'lakh']",land sale r crore 90 lakh,6,Land,"Bhaisepati  Lalitpur Metropolis, Lalitpur",39000000.0
Land for Sale - Rs 55 Lakh Per Aana,"['land', 'sale', 'r', '55', 'lakh', 'per', 'aana']",land sale r 55 lakh per aana,7,Land,"Pepsicola  Kathmandu Metropolis, Kathmandu",49500000.0
Land for Sale - Rs 5 Crore 80 Lakh,"['land', 'sale', 'r', 'crore', '80', 'lakh']",land sale r crore 80 lakh,6,Land,"Bhaisepati  Lalitpur Metropolis, Lalitpur",58000000.0
Land for Sale - Rs 1 Crore 80 Lakh,"['land', 'sale', 'r', 'crore', '80', 'lakh']",land sale r crore 80 lakh,6,Land,"Imadol  Lalitpur Metropolis, Lalitpur",18000000.0
Land for Sale - Rs 52 Lakh Per Aana,"['land', 'sale', 'r', '52', 'lakh', 'per', 'aana']",land sale r 52 lakh per aana,7,Land,"Kadaghari  Kathmandu Metropolis, Kathmandu",20800000.0
Land for Sale - Rs 3 Crore 20 Lakh,"['land', 'sale', 'r', 'crore', '20', 'lakh']",land sale r crore 20 lakh,6,Land,"Imadol  Lalitpur Metropolis, Lalitpur",32000000.0
Land for Sale - Rs 3 Crore 25 Lakh,"['land', 'sale', 'r', 'crore', '25', 'lakh']",land sale r crore 25 lakh,6,Land,"kitani 3 Godawari, Lalitpur",32500000.0
Land for Sale - Rs 3 Crore 75 Lakh,"['land', 'sale', 'r', 'crore', '75', 'lakh']",land sale r crore 75 lakh,6,Land,"Dibyeshwori  Madhyapur Thimi, Bhaktapur",37500000.0
Land for Sale - Rs 26 Lakh Per Aana,"['land', 'sale', 'r', '26', 'lakh', 'per', 'aana']",land sale r 26 lakh per aana,7,Land,"Lamatar  Lalitpur Metropolis, Lalitpur",36400000.0
Land for Sale - Rs 35 Lakh Per Aana,"['land', 'sale', 'r', '35', 'lakh', 'per', 'aana']",land sale r 35 lakh per aana,7,Land,"Lubhu  Lalitpur Metropolis, Lalitpur",14000000.0
Land for Sale - Rs 4 Crore 35 Lakh,"['land', 'sale', 'r', 'crore', '35', 'lakh']",land sale r crore 35 lakh,6,Land,"Bhaisepati  Lalitpur Metropolis, Lalitpur",43500000.0
Land for Sale - Rs 1 Crore 70 Lakh,"['land', 'sale', 'r', 'crore', '70', 'lakh']",land sale r crore 70 lakh,6,Land,"Lubhu  Lalitpur Metropolis, Lalitpur",17000000.0
Land for Sale - Rs 9 Crore,"['land', 'sale', 'r', 'crore']",land sale r crore,4,Land,"Bhaisepati  Lalitpur Metropolis, Lalitpur",90000000.0
Land for Sale - Rs 5 Crore,"['land', 'sale', 'r', 'crore']",land sale r crore,4,Land,"Bhaisepati  Lalitpur Metropolis, Lalitpur",50000000.0
Land for Sale - Rs 75 Lakh Per Aana,"['land', 'sale', 'r', '75', 'lakh', 'per', 'aana']",land sale r 75 lakh per aana,7,Land,"Koteshwor  Kathmandu Metropolis, Kathmandu",30000000.0
Land for Sale - Rs 39 Lakh Per Aana,"['land', 'sale', 'r', '39', 'lakh', 'per', 'aana']",land sale r 39 lakh per aana,7,Land,"Imadol  Lalitpur Metropolis, Lalitpur",11700000.0
Land for Sale - Rs 4 Crore 30 Lakh,"['land', 'sale', 'r', 'crore', '30', 'lakh']",land sale r crore 30 lakh,6,Land,"Bhaisepati  Lalitpur Metropolis, Lalitpur",43000000.0
Land for Sale - Rs 4 Crore 80 Lakh,"['land', 'sale', 'r', 'crore', '80', 'lakh']",land sale r crore 80 lakh,6,Land,"Bhaisepati  Lalitpur Metropolis, Lalitpur",48000000.0
Land for Sale - Rs 3 Crore 15 Lakh,"['land', 'sale', 'r', 'crore', '15', 'lakh']",land sale r crore 15 lakh,6,Land,"Imadol  Lalitpur Metropolis, Lalitpur",31500000.0
Land for Sale - Rs 39 Lakh Per Aana,"['land', 'sale', 'r', '39', 'lakh', 'per', 'aana']",land sale r 39 lakh per aana,7,Land,"Lubhu  Lalitpur Metropolis, Lalitpur",11700000.0
Land for Sale - Rs 3 Crore 60 Lakh,"['land', 'sale', 'r', 'crore', '60', 'lakh']",land sale r crore 60 lakh,6,Land,"Imadol  Lalitpur Metropolis, Lalitpur",36000000.0
Land for Rent - Rs 65 Thousand Per Month,"['land', 'rent', 'r', '65', 'thousand', 'per', 'month']",land rent r 65 thousand per month,7,Land,"Sukedhara  Kathmandu Metropolis, Kathmandu",65000.0
Land for Sale - Rs 23 Lakh Per Aana,"['land', 'sale', 'r', '23', 'lakh', 'per', 'aana']",land sale r 23 lakh per aana,7,Land,"Lubhu 4 Mahalaxmi, Lalitpur",9487491.599707816
Land for Sale - Rs 45 Lakh Per Aana,"['land', 'sale', 'r', '45', 'lakh', 'per', 'aana']",land sale r 45 lakh per aana,7,Land,"Gothatar  Kathmandu Metropolis, Kathmandu",18000000.0
Land for Sale - Rs 65 Lakh Per Aana,"['land', 'sale', 'r', '65', 'lakh', 'per', 'aana']",land sale r 65 lakh per aana,7,Land,"Pepsicola  Kathmandu Metropolis, Kathmandu",26000000.0
Land for Sale - Rs 2 Crore 60 Lakh,"['land', 'sale', 'r', 'crore', '60', 'lakh']",land sale r crore 60 lakh,6,Land,"Imadol  Lalitpur Metropolis, Lalitpur",26000000.0
Land for Sale - Rs 3 Crore,"['land', 'sale', 'r', 'crore']",land sale r crore,4,Land,"Chandol 4 Kathmandu Metropolis, Kathmandu",30000000.0
House for Sale - Rs 2 Crore 10 Lakh,"['house', 'sale', 'r', 'crore', '10', 'lakh']",house sale r crore 10 lakh,6,House,"Mandikatar height  Budhanilkantha, Kathmandu",21000000.0
Land for Sale - Rs 2 Crore 80 Lakh 3500000,"['land', 'sale', 'r', 'crore', '80', 'lakh', '3500000']",land sale r crore 80 lakh 3500000,7,Land,"Kamalbinayak  Select Municipality, Bhaktapur",28000000.0
House for Sale - Rs 18 Lakh Perfect unit,"['house', 'sale', 'r', '18', 'lakh', 'perfect', 'unit']",house sale r 18 lakh perfect unit,7,House,"Tarkasy 5 Kathmandu Metropolis, Kathmandu",1800000.0
Land for Sale - Rs 7 Lakh 50 Thousand Per Aana,"['land', 'sale', 'r', 'lakh', '50', 'thousand', 'per', 'aana']",land sale r lakh 50 thousand per aana,8,Land,"Sipadol  Suryabinayak, Bhaktapur",4500000.0
Land for Sale - Rs 35 Lakh Per Aana,"['land', 'sale', 'r', '35', 'lakh', 'per', 'aana']",land sale r 35 lakh per aana,7,Land,"Satungal  Chandragiri, Kathmandu",14000000.0
Land for Sale - Rs 2 Lakh 75 Thousand Per Dhur,"['land', 'sale', 'r', 'lakh', '75', 'thousand', 'per', 'dhur']",land sale r lakh 75 thousand per dhur,8,Land,"alau 7 Birgunj, Parsa",2200000.0
Land for Sale - Rs 8 Lakh Per Aana,"['land', 'sale', 'r', 'lakh', 'per', 'aana']",land sale r lakh per aana,6,Land,"Nala-Sera 3 Banepa, Kavrepalanchowk",5600000.0
Land for Sale - Rs 2 Crore 50 Lakh,"['land', 'sale', 'r', 'crore', '50', 'lakh']",land sale r crore 50 lakh,6,Land,"Radhe Radhe   Madhyapur Thimi, Bhaktapur",25000000.0
Land for Sale - Rs 2 Crore 99 Lakh,"['land', 'sale', 'r', 'crore', '99', 'lakh']",land sale r crore 99 lakh,6,Land,"Pepsicola  Kathmandu Metropolis, Kathmandu",29900000.0
Land for Sale - Rs 75 Lakh Per Kathha,"['land', 'sale', 'r', '75', 'lakh', 'per', 'kathha']",land sale r 75 lakh per kathha,7,Land,"Nepalgunj 2 Nepalgunj, Banke",7500000.0
Land for Sale - Rs 3 Crore 50 Lakh,"['land', 'sale', 'r', 'crore', '50', 'lakh']",land sale r crore 50 lakh,6,Land,"Kadaghari  Kathmandu Metropolis, Kathmandu",35000000.0
Land for Sale - Rs 2 Crore 90 Lakh,"['land', 'sale', 'r', 'crore', '90', 'lakh']",land sale r crore 90 lakh,6,Land,"Balkot  Changunarayan, Bhaktapur",29000000.0
Land for Sale - Rs 35 Lakh Per Aana,"['land', 'sale', 'r', '35', 'lakh', 'per', 'aana']",land sale r 35 lakh per aana,7,Land,"Balkot  Changunarayan, Bhaktapur",10718743.60847334
Land for Sale - Rs 4 Crore 50 Lakh,"['land', 'sale', 'r', 'crore', '50', 'lakh']",land sale r crore 50 lakh,6,Land,"Imadol  Lalitpur Metropolis, Lalitpur",45000000.0
Land for Sale - Rs 2 Crore 75 Lakh,"['land', 'sale', 'r', 'crore', '75', 'lakh']",land sale r crore 75 lakh,6,Land,"Kausaltar  Madhyapur Thimi, Bhaktapur",27500000.0
Land for Sale - Rs 3 Crore,"['land', 'sale', 'r', 'crore']",land sale r crore,4,Land,"Pepsicola  Kathmandu Metropolis, Kathmandu",30000000.0
Land for Sale - Rs 2 Crore 95 Lakh,"['land', 'sale', 'r', 'crore', '95', 'lakh']",land sale r crore 95 lakh,6,Land,"Imadol  Lalitpur Metropolis, Lalitpur",29500000.0
Land for Sale - Rs 3 Crore 35 Lakh,"['land', 'sale', 'r', 'crore', '35', 'lakh']",land sale r crore 35 lakh,6,Land,"Balkot  Changunarayan, Bhaktapur",33500000.0
Land for Sale - Rs 3 Crore 10 Lakh,"['land', 'sale', 'r', 'crore', '10', 'lakh']",land sale r crore 10 lakh,6,Land,"Imadol  Lalitpur Metropolis, Lalitpur",31000000.0
Land for Sale - Rs 75 Lakh Per Kattha,"['land', 'sale', 'r', '75', 'lakh', 'per', 'kattha']",land sale r 75 lakh per kattha,7,Land,"Nepalgunj Bake,   Nepalgunj, Banke",30000000.0
Land for Sale - Rs 65 Lakh Per Aana,"['land', 'sale', 'r', '65', 'lakh', 'per', 'aana']",land sale r 65 lakh per aana,7,Land,"Pepsicola  Kathmandu Metropolis, Kathmandu",32500000.0
Land for Sale - Rs 2 Crore 15 Lakh,"['land', 'sale', 'r', 'crore', '15', 'lakh']",land sale r crore 15 lakh,6,Land,"Balkot  Madhyapur Thimi, Bhaktapur",21500000.0
Land for Sale - Rs 65 Lakh Per Aana,"['land', 'sale', 'r', '65', 'lakh', 'per', 'aana']",land sale r 65 lakh per aana,7,Land,"Pepsicola  Budhanilkantha, Kathmandu",36156143.170197226
Land for Sale - Rs 2 Crore 90 Lakh,"['land', 'sale', 'r', 'crore', '90', 'lakh']",land sale r crore 90 lakh,6,Land,"Imadol  Kathmandu Metropolis, Kathmandu",29000000.0
Land for Sale - Rs 40 Lakh Per Aana,"['land', 'sale', 'r', '40', 'lakh', 'per', 'aana']",land sale r 40 lakh per aana,7,Land,"Gothatar  Budhanilkantha, Kathmandu",18999912.34477721
Land for Sale - Rs 42 Lakh Per Aana,"['land', 'sale', 'r', '42', 'lakh', 'per', 'aana']",land sale r 42 lakh per aana,7,Land,"Balkot  Suryabinayak, Bhaktapur",29400000.0
Land for Sale - Rs 3 Crore 15 Lakh,"['land', 'sale', 'r', 'crore', '15', 'lakh']",land sale r crore 15 lakh,6,Land,"Sitapakha  Lalitpur Metropolis, Lalitpur",31500000.0
Land for Sale - Rs 3 Crore 25 Lakh,"['land', 'sale', 'r', 'crore', '25', 'lakh']",land sale r crore 25 lakh,6,Land,"Imadol  Lalitpur Metropolis, Lalitpur",32500000.0
Land for Sale - Rs 3 Crore 35 Lakh,"['land', 'sale', 'r', 'crore', '35', 'lakh']",land sale r crore 35 lakh,6,Land,"Imadol  Lalitpur Metropolis, Lalitpur",33500000.0
Land for Sale - Rs 22 Lakh Per Aana,"['land', 'sale', 'r', '22', 'lakh', 'per', 'aana']",land sale r 22 lakh per aana,7,Land,"Duwakot  Changunarayan, Bhaktapur",7149983.929875822
Land for Sale - Rs 3 Crore 75 Lakh,"['land', 'sale', 'r', 'crore', '75', 'lakh']",land sale r crore 75 lakh,6,Land,"Budhanilkantha  Kathmandu Metropolis, Kathmandu",37500000.0
Land for Sale - Rs 4 Crore 20 Lakh,"['land', 'sale', 'r', 'crore', '20', 'lakh']",land sale r crore 20 lakh,6,Land,"Pasikot  Budhanilkantha, Kathmandu",42000000.0
Land for Sale - Rs 4 Crore 30 Lakh,"['land', 'sale', 'r', 'crore', '30', 'lakh']",land sale r crore 30 lakh,6,Land,"Dibeshwori  Changunarayan, Bhaktapur",43000000.0
Land for Sale - Rs 2 Crore 36 Lakh,"['land', 'sale', 'r', 'crore', '36', 'lakh']",land sale r crore 36 lakh,6,Land,"Lubhu 8 Mahalaxmi, Lalitpur",23600000.0
Land for Sale - Rs 5 Crore 50 Lakh,"['land', 'sale', 'r', 'crore', '50', 'lakh']",land sale r crore 50 lakh,6,Land,"Imadol  Lalitpur Metropolis, Lalitpur",55000000.0
Land for Sale - Rs 4 Crore 60 Lakh,"['land', 'sale', 'r', 'crore', '60', 'lakh']",land sale r crore 60 lakh,6,Land,"Imadol  Mahalaxmi, Lalitpur",46000000.0
Land for Sale - Rs 39 Lakh Per Aana,"['land', 'sale', 'r', '39', 'lakh', 'per', 'aana']",land sale r 39 lakh per aana,7,Land,"Imadol  Lalitpur Metropolis, Lalitpur",11943742.87801315
Land for Sale - Rs 3 Crore 25 Lakh,"['land', 'sale', 'r', 'crore', '25', 'lakh']",land sale r crore 25 lakh,6,Land,"Tikathali  Lalitpur Metropolis, Lalitpur",32500000.0
Land for Sale - Rs 2 Crore 35 Lakh,"['land', 'sale', 'r', 'crore', '35', 'lakh']",land sale r crore 35 lakh,6,Land,"Tikathali  Lalitpur Metropolis, Lalitpur",23500000.0
Land for Sale - Rs 5 Crore 25 Lakh,"['land', 'sale', 'r', 'crore', '25', 'lakh']",land sale r crore 25 lakh,6,Land,"Bhaisepati  Lalitpur Metropolis, Lalitpur",52500000.0
Land for Sale - Rs 3 Crore,"['land', 'sale', 'r', 'crore']",land sale r crore,4,Land,"Gothatar  Kageshwori Manohara, Kathmandu",30000000.0
Land for Sale - Rs 3 Crore 80 Lakh,"['land', 'sale', 'r', 'crore', '80', 'lakh']",land sale r crore 80 lakh,6,Land,"Imadol  Lalitpur Metropolis, Lalitpur",38000000.0
Land for Sale - Rs 2 Crore 95 Lakh,"['land', 'sale', 'r', 'crore', '95', 'lakh']",land sale r crore 95 lakh,6,Land,"Tikathali  Lalitpur Metropolis, Lalitpur",29500000.0
Land for Sale - Rs 40 Lakh Per Aana,"['land', 'sale', 'r', '40', 'lakh', 'per', 'aana']",land sale r 40 lakh per aana,7,Land,"Balkot  Changunarayan, Bhaktapur",17999941.563184805
Land for Sale - Rs 37 Lakh Per Aana,"['land', 'sale', 'r', '37', 'lakh', 'per', 'aana']",land sale r 37 lakh per aana,7,Land,"Sirutar  Changunarayan, Bhaktapur",16649945.945945945
Land for Sale - Rs 1 Crore 80 Lakh,"['land', 'sale', 'r', 'crore', '80', 'lakh']",land sale r crore 80 lakh,6,Land,"Tathali  Suryabinayak, Bhaktapur",18000000.0
Land for Sale - Rs 55 Lakh Per Aana,"['land', 'sale', 'r', '55', 'lakh', 'per', 'aana']",land sale r 55 lakh per aana,7,Land,"Pepsicola  Kathmandu Metropolis, Kathmandu",24749919.649379108
Land for Sale - Rs 52 Lakh Per Aana,"['land', 'sale', 'r', '52', 'lakh', 'per', 'aana']",land sale r 52 lakh per aana,7,Land,"Pepsicola  Kathmandu Metropolis, Kathmandu",28600075.967859752
Land for Sale - Rs 58 Lakh Per Aana,"['land', 'sale', 'r', '58', 'lakh', 'per', 'aana']",land sale r 58 lakh per aana,7,Land,"Pepsicola  Kathmandu Metropolis, Kathmandu",26099915.26661797
Land for Sale - Rs 5 Lakh 50 Thousand Per Aana,"['land', 'sale', 'r', 'lakh', '50', 'thousand', 'per', 'aana']",land sale r lakh 50 thousand per aana,8,Land,"Taraybhiar  Kathmandu Metropolis, Kathmandu",2200000.0
Land for Sale - Rs 50 Lakh Per Aana,"['land', 'sale', 'r', '50', 'lakh', 'per', 'aana']",land sale r 50 lakh per aana,7,Land,"Imadol  Lalitpur Metropolis, Lalitpur",17500073.046018995
Land for Sale - Rs 3 Crore 80 Lakh,"['land', 'sale', 'r', 'crore', '80', 'lakh']",land sale r crore 80 lakh,6,Land,"Budhanilkatha  Kathmandu Metropolis, Kathmandu",38000000.0
Land for Sale - Rs 24 Crore,"['land', 'sale', 'r', '24', 'crore']",land sale r 24 crore,5,Land,"Budhanilkantha  Kathmandu Metropolis, Kathmandu",240000000.0
Land for Rent - Rs 55 Thousand,"['land', 'rent', 'r', '55', 'thousand']",land rent r 55 thousand,5,Land,"128 Aditi Marg, Subidha Nagar 34 Kathmandu Metropolis, Kathmandu",55000.0
Land for Sale - Rs 3 Crore 65 Lakh,"['land', 'sale', 'r', 'crore', '65', 'lakh']",land sale r crore 65 lakh,6,Land,"Budhanilkantha  Kathmandu Metropolis, Kathmandu",36500000.0
Land for Sale - Rs 3 Crore 85 Lakh,"['land', 'sale', 'r', 'crore', '85', 'lakh']",land sale r crore 85 lakh,6,Land,"Budhanilkantha  Kathmandu Metropolis, Kathmandu",38500000.0
Land for Sale - Rs 40 Lakh Per Aana,"['land', 'sale', 'r', '40', 'lakh', 'per', 'aana']",land sale r 40 lakh per aana,7,Land,"Gothatar  Kathmandu Metropolis, Kathmandu",18999912.34477721
Land for Sale - Rs 40 Lakh Per Aana,"['land', 'sale', 'r', '40', 'lakh', 'per', 'aana']",land sale r 40 lakh per aana,7,Land,"Gothatar  Kathmandu Metropolis, Kathmandu",16000000.0
Land for Sale - Rs 2 Crore 40 Lakh,"['land', 'sale', 'r', 'crore', '40', 'lakh']",land sale r crore 40 lakh,6,Land,"imadol  Lalitpur Metropolis, Lalitpur",24000000.0
Land for Sale - Rs 4 Crore 25 Lakh,"['land', 'sale', 'r', 'crore', '25', 'lakh']",land sale r crore 25 lakh,6,Land,"Budhanilkantha  Kathmandu Metropolis, Kathmandu",42500000.0
Land for Sale - Rs 3 Crore 50 Lakh,"['land', 'sale', 'r', 'crore', '50', 'lakh']",land sale r crore 50 lakh,6,Land,"Narayantar, Jorpati 15 Gokarneshwor, Kathmandu",35000000.0
Land for Sale - Rs 2 Crore 35 Lakh,"['land', 'sale', 'r', 'crore', '35', 'lakh']",land sale r crore 35 lakh,6,Land,"Sitapakha   Lalitpur Metropolis, Lalitpur",23500000.0
Land for Sale - Rs 3 Crore,"['land', 'sale', 'r', 'crore']",land sale r crore,4,Land,"Balkot  Madhyapur Thimi, Bhaktapur",30000000.0
Land for Sale - Rs 35 Lakh Per Aana,"['land', 'sale', 'r', '35', 'lakh', 'per', 'aana']",land sale r 35 lakh per aana,7,Land,"Sirutar  Madhyapur Thimi, Bhaktapur",14000000.0
Land for Sale - Rs 55 Lakh Per Aana,"['land', 'sale', 'r', '55', 'lakh', 'per', 'aana']",land sale r 55 lakh per aana,7,Land,"Kamerotar height  Suryabinayak, Bhaktapur",55000000.0
Land for Sale - Rs 25 Lakh Per Aana,"['land', 'sale', 'r', '25', 'lakh', 'per', 'aana']",land sale r 25 lakh per aana,7,Land,"Sirutar  Suryabinayak, Bhaktapur",11249963.476990502
Land for Sale - Rs 28 Lakh Per Aana,"['land', 'sale', 'r', '28', 'lakh', 'per', 'aana']",land sale r 28 lakh per aana,7,Land,"Lamatar  Lalitpur Metropolis, Lalitpur",11200000.0
Land for Sale - Rs 4 Crore 15 Lakh,"['land', 'sale', 'r', 'crore', '15', 'lakh']",land sale r crore 15 lakh,6,Land,"Baneshwor  Kathmandu Metropolis, Kathmandu",41500000.0
Land for Sale - Rs 4 Crore 50 Lakh,"['land', 'sale', 'r', 'crore', '50', 'lakh']",land sale r crore 50 lakh,6,Land,"Baneshwor  Kathmandu Metropolis, Kathmandu",45000000.0
Land for Sale - Rs 52 Lakh Per Aana,"['land', 'sale', 'r', '52', 'lakh', 'per', 'aana']",land sale r 52 lakh per aana,7,Land,"Gothatar  Kathmandu Metropolis, Kathmandu",19499886.04821037
Land for Sale - Rs 3 Crore 85 Lakh,"['land', 'sale', 'r', 'crore', '85', 'lakh']",land sale r crore 85 lakh,6,Land,"Pasikot  Budhanilkantha, Kathmandu",38500000.0
Land for Sale - Rs 2 Crore 95 Lakh,"['land', 'sale', 'r', 'crore', '95', 'lakh']",land sale r crore 95 lakh,6,Land,"Gothatar  Kathmandu Metropolis, Kathmandu",29500000.0
Land for Sale - Rs 47 Lakh Per Aana,"['land', 'sale', 'r', '47', 'lakh', 'per', 'aana']",land sale r 47 lakh per aana,7,Land,"Gothatar  Kathmandu Metropolis, Kathmandu",18800000.0
Land for Sale - Rs 3 Crore 30 Lakh,"['land', 'sale', 'r', 'crore', '30', 'lakh']",land sale r crore 30 lakh,6,Land,"Dhunchepakha  Madhyapur Thimi, Bhaktapur",33000000.0
Land for Sale - Rs 3 Crore 10 Lakh,"['land', 'sale', 'r', 'crore', '10', 'lakh']",land sale r crore 10 lakh,6,Land,"Chardobato  Madhyapur Thimi, Bhaktapur",31000000.0
Land for Sale - Rs 75 Lakh Per Aana,"['land', 'sale', 'r', '75', 'lakh', 'per', 'aana']",land sale r 75 lakh per aana,7,Land,"Bhaisepati  Lalitpur Metropolis, Lalitpur",82500000.0
Land for Sale - Rs 4 Crore 45 Lakh,"['land', 'sale', 'r', 'crore', '45', 'lakh']",land sale r crore 45 lakh,6,Land,"Chunikhel  Budhanilkantha, Kathmandu",44500000.0
Land for Sale - Rs 46 Lakh Per Aana,"['land', 'sale', 'r', '46', 'lakh', 'per', 'aana']",land sale r 46 lakh per aana,7,Land,"Imadol  Lalitpur Metropolis, Lalitpur",14949966.398831263
Land for Sale - Rs 35 Lakh Per Aana,"['land', 'sale', 'r', '35', 'lakh', 'per', 'aana']",land sale r 35 lakh per aana,7,Land,"Daanchhi 3 Kageshwori Manohara, Kathmandu",52500000.0
Land for Sale - Rs 2 Crore 10 Lakh,"['land', 'sale', 'r', 'crore', '10', 'lakh']",land sale r crore 10 lakh,6,Land,"Balkot  Madhyapur Thimi, Bhaktapur",21000000.0
Land for Sale - Rs 2 Crore 70 Lakh,"['land', 'sale', 'r', 'crore', '70', 'lakh']",land sale r crore 70 lakh,6,Land,"Dadhikot  Madhyapur Thimi, Bhaktapur",27000000.0
Land for Sale - Rs 65 Lakh Per Aana,"['land', 'sale', 'r', '65', 'lakh', 'per', 'aana']",land sale r 65 lakh per aana,7,Land,"Dibyashwori planning  Madhyapur Thimi, Bhaktapur",22749905.040175308
Land for Sale - Rs 3 Crore 30 Lakh,"['land', 'sale', 'r', 'crore', '30', 'lakh']",land sale r crore 30 lakh,6,Land,"Gatthaghar  Madhyapur Thimi, Bhaktapur",33000000.0
Land for Sale - Rs 3 Crore 60 Lakh,"['land', 'sale', 'r', 'crore', '60', 'lakh']",land sale r crore 60 lakh,6,Land,"Gathaghar  Madhyapur Thimi, Bhaktapur",36000000.0
Land for Sale - Rs 47 Lakh Per Aana,"['land', 'sale', 'r', '47', 'lakh', 'per', 'aana']",land sale r 47 lakh per aana,7,Land,"Gothatar  Kathmandu Metropolis, Kathmandu",19093741.41709277
Land for Sale - Rs 3 Crore 70 Lakh,"['land', 'sale', 'r', 'crore', '70', 'lakh']",land sale r crore 70 lakh,6,Land,"Balkot  Madhyapur Thimi, Bhaktapur",37000000.0
Land for Sale - Rs 48 Lakh Per Aana,"['land', 'sale', 'r', '48', 'lakh', 'per', 'aana']",land sale r 48 lakh per aana,7,Land,"Imadol  Lalitpur Metropolis, Lalitpur",16800070.124178234
Land for Sale - Rs 2 Crore 50 Lakh 7lakh,"['land', 'sale', 'r', 'crore', '50', 'lakh', '7lakh']",land sale r crore 50 lakh 7lakh,7,Land,"Near rani payuwa bazar 4 Kakani, Nuwakot",25000000.0
Land for Sale - Rs 3 Crore 25 Lakh,"['land', 'sale', 'r', 'crore', '25', 'lakh']",land sale r crore 25 lakh,6,Land,"sanothimi  Madhyapur Thimi, Bhaktapur",32500000.0
Land for Sale - Rs 12 Lakh Per Aana,"['land', 'sale', 'r', '12', 'lakh', 'per', 'aana']",land sale r 12 lakh per aana,7,Land,"Taukhel  Godawari, Lalitpur",4800000.0
Land for Sale - Rs 5 Crore 30 Lakh,"['land', 'sale', 'r', 'crore', '30', 'lakh']",land sale r crore 30 lakh,6,Land,"Chapali  Budhanilkantha, Kathmandu",53000000.0
Land for Sale - Rs 4 Crore 35 Lakh,"['land', 'sale', 'r', 'crore', '35', 'lakh']",land sale r crore 35 lakh,6,Land,"Chunikhel  Budhanilkantha, Kathmandu",43500000.0
Land for Sale - Rs 7 Crore 75 Lakh,"['land', 'sale', 'r', 'crore', '75', 'lakh']",land sale r crore 75 lakh,6,Land,"Italitar  Budhanilkantha, Kathmandu",77500000.0
Land for Sale - Rs 3 Crore 25 Lakh,"['land', 'sale', 'r', 'crore', '25', 'lakh']",land sale r crore 25 lakh,6,Land,"Chunikhel  Budhanilkantha, Kathmandu",32500000.0
Land for Sale - Rs 3 Crore 15 Lakh,"['land', 'sale', 'r', 'crore', '15', 'lakh']",land sale r crore 15 lakh,6,Land,"Budhanilkantha  Kathmandu Metropolis, Kathmandu",31500000.0
Land for Sale - Rs 60 Lakh Per Aana,"['land', 'sale', 'r', '60', 'lakh', 'per', 'aana']",land sale r 60 lakh per aana,7,Land,"Tikathali  Lalitpur Metropolis, Lalitpur",48000000.0
Land for Sale - Rs 38 Lakh Per Aana,"['land', 'sale', 'r', '38', 'lakh', 'per', 'aana']",land sale r 38 lakh per aana,7,Land,"Imadol  Lalitpur Metropolis, Lalitpur",20900055.51497443
Land for Sale - Rs 45 Lakh Per Aana,"['land', 'sale', 'r', '45', 'lakh', 'per', 'aana']",land sale r 45 lakh per aana,7,Land,"Gothatar  Kathmandu Metropolis, Kathmandu",22500000.0
Land for Sale - Rs 4 Crore 75 Lakh,"['land', 'sale', 'r', 'crore', '75', 'lakh']",land sale r crore 75 lakh,6,Land,"Budhanilkantha  Kathmandu Metropolis, Kathmandu",47500000.0
Land for Sale - Rs 4 Crore 75 Lakh,"['land', 'sale', 'r', 'crore', '75', 'lakh']",land sale r crore 75 lakh,6,Land,"Mahankal  Budhanilkantha, Kathmandu",47500000.0
Land for Rent - Rs 50 Thousand Per Month,"['land', 'rent', 'r', '50', 'thousand', 'per', 'month']",land rent r 50 thousand per month,7,Land,"Hattiban  Lalitpur Metropolis, Lalitpur",50000.0
Land for Sale - Rs 4 Crore 50 Lakh,"['land', 'sale', 'r', 'crore', '50', 'lakh']",land sale r crore 50 lakh,6,Land,"Chunikhel  Budhanilkantha, Kathmandu",45000000.0
Land for Sale - Rs 2 Crore 80 Lakh,"['land', 'sale', 'r', 'crore', '80', 'lakh']",land sale r crore 80 lakh,6,Land,"Chunikhel  Kathmandu Metropolis, Kathmandu",28000000.0
Land for Sale - Rs 5 Crore 25 Lakh,"['land', 'sale', 'r', 'crore', '25', 'lakh']",land sale r crore 25 lakh,6,Land,"Buddhanilkantha  Budhanilkantha, Kathmandu",52500000.0
Land for Sale - Rs 1 Crore 10 Lakh 3000000,"['land', 'sale', 'r', 'crore', '10', 'lakh', '3000000']",land sale r crore 10 lakh 3000000,7,Land,"Durga Temple 4 Tanahun 4 Vyas, Tanahun",11000000.0
Land for Sale - Rs 6 Crore,"['land', 'sale', 'r', 'crore']",land sale r crore,4,Land,"Chabahil  Kathmandu Metropolis, Kathmandu",60000000.0
Land for Sale - Rs 53 Lakh Per Aana,"['land', 'sale', 'r', '53', 'lakh', 'per', 'aana']",land sale r 53 lakh per aana,7,Land,"kuleshwor  Kathmandu Metropolis, Kathmandu",68900000.0
Land for Sale - Rs 60 Lakh Per Aana,"['land', 'sale', 'r', '60', 'lakh', 'per', 'aana']",land sale r 60 lakh per aana,7,Land,"Pepsicola  Kathmandu Metropolis, Kathmandu",14999912.34477721
Land for Sale - Rs 70 Lakh Per Aana,"['land', 'sale', 'r', '70', 'lakh', 'per', 'aana']",land sale r 70 lakh per aana,7,Land,"Pepsicola  Kathmandu Metropolis, Kathmandu",24500102.264426593
Land for Sale - Rs 58 Lakh Per Aana,"['land', 'sale', 'r', '58', 'lakh', 'per', 'aana']",land sale r 58 lakh per aana,7,Land,"Pepsicola  Kathmandu Metropolis, Kathmandu",17400000.0
Land for Sale - Rs 25 Lakh Per Aana,"['land', 'sale', 'r', '25', 'lakh', 'per', 'aana']",land sale r 25 lakh per aana,7,Land,"Kirtipur 4 Kirtipur, Kathmandu",7500000.0
Land for Sale - Rs 3 Crore 72 Lakh,"['land', 'sale', 'r', 'crore', '72', 'lakh']",land sale r crore 72 lakh,6,Land,"Tachal, Chauni, Syambhu  Kathmandu Metropolis, Kathmandu",37200000.0
Land for Sale - Rs 7 Crore 50 Lakh,"['land', 'sale', 'r', 'crore', '50', 'lakh']",land sale r crore 50 lakh,6,Land,"Tachal, Kathmandu  Kathmandu Metropolis, Kathmandu",75000000.0
Land for Sale - Rs 4 Crore,"['land', 'sale', 'r', 'crore']",land sale r crore,4,Land,"taiba  Lalitpur Metropolis, Lalitpur",40000000.0
Land for Sale - Rs 55 Lakh Per Aana,"['land', 'sale', 'r', '55', 'lakh', 'per', 'aana']",land sale r 55 lakh per aana,7,Land,"ochu Height near sikhar School  Lalitpur Metropolis, Lalitpur",33000000.0
Land for Sale - Rs 3 Crore 75 Lakh,"['land', 'sale', 'r', 'crore', '75', 'lakh']",land sale r crore 75 lakh,6,Land,"ochu Height  Lalitpur Metropolis, Lalitpur",37500000.0
Land for Sale - Rs 29 Lakh 50 Thousand Per Aana,"['land', 'sale', 'r', '29', 'lakh', '50', 'thousand', 'per', 'aana']",land sale r 29 lakh 50 thousand per aana,9,Land,"Nangkhel 9 Suryabinayak, Bhaktapur",14750000.0
Land for Sale - Rs 2 Crore 40 Lakh,"['land', 'sale', 'r', 'crore', '40', 'lakh']",land sale r crore 40 lakh,6,Land,"Balkot  Madhyapur Thimi, Bhaktapur",24000000.0
Land for Sale - Rs 3 Crore 10 Lakh,"['land', 'sale', 'r', 'crore', '10', 'lakh']",land sale r crore 10 lakh,6,Land,"Ghathaghar  Suryabinayak, Bhaktapur",31000000.0
Land for Sale - Rs 1 Crore 35 Lakh,"['land', 'sale', 'r', 'crore', '35', 'lakh']",land sale r crore 35 lakh,6,Land,"Bhaktapur chahunarayan 2 chahunarayan 2  Changunarayan, Bhaktapur",13500000.0
Land for Sale - Rs 30 Lakh 5.33,"['land', 'sale', 'r', '30', 'lakh', '533']",land sale r 30 lakh 533,6,Land,"Bhalwari  03 Tilottama, Rupandehi",3000000.0
Land for Sale - Rs 17 Lakh Per Aana,"['land', 'sale', 'r', '17', 'lakh', 'per', 'aana']",land sale r 17 lakh per aana,7,Land,"Badikhel  Godawari, Lalitpur",6800000.0
Land for Sale - Rs 35 Lakh Per Aana,"['land', 'sale', 'r', '35', 'lakh', 'per', 'aana']",land sale r 35 lakh per aana,7,Land,"Badbhanjyang Dahachowk 1 Chandragiri, Kathmandu",35000000.0
Land for Sale - Rs 2 Crore 15 Lakh,"['land', 'sale', 'r', 'crore', '15', 'lakh']",land sale r crore 15 lakh,6,Land,"Balkot  Suryabinayak, Bhaktapur",21500000.0
Land for Sale - Rs 41 Lakh Per Aana,"['land', 'sale', 'r', '41', 'lakh', 'per', 'aana']",land sale r 41 lakh per aana,7,Land,"Imadol  Lalitpur Metropolis, Lalitpur",14350059.897735575
Land for Sale - Rs 3 Crore 15 Lakh,"['land', 'sale', 'r', 'crore', '15', 'lakh']",land sale r crore 15 lakh,6,Land,"Chunikhel  Budhanilkantha, Kathmandu",31500000.0
Land for Sale - Rs 3 Crore 65 Lakh,"['land', 'sale', 'r', 'crore', '65', 'lakh']",land sale r crore 65 lakh,6,Land,"Bhangal  Budhanilkantha, Kathmandu",36500000.0
Land for Sale - Rs 3 Crore 50 Lakh 5,"['land', 'sale', 'r', 'crore', '50', 'lakh']",land sale r crore 50 lakh,6,Land,"Sitapaila 5 Nagarjun, Kathmandu",35000000.0
Land for Sale - Rs 80 Lakh Per Aana,"['land', 'sale', 'r', '80', 'lakh', 'per', 'aana']",land sale r 80 lakh per aana,7,Land,"Sanagaun 4 Mahalaxmi, Lalitpur",80000000.0
Land for Sale - Rs 2 Crore 50 Lakh Per Aana,"['land', 'sale', 'r', 'crore', '50', 'lakh', 'per', 'aana']",land sale r crore 50 lakh per aana,8,Land,"Gathaghar  Madhyapur Thimi, Bhaktapur",75000000.0
Land for Sale - Rs 2 Crore 50 Lakh,"['land', 'sale', 'r', 'crore', '50', 'lakh']",land sale r crore 50 lakh,6,Land,"Gathaghar  Madhyapur Thimi, Bhaktapur",25000000.0
Land for Sale - Rs 48 Lakh Per Aana,"['land', 'sale', 'r', '48', 'lakh', 'per', 'aana']",land sale r 48 lakh per aana,7,Land,"Bhaisepati  Lalitpur Metropolis, Lalitpur",19200000.0
Land for Sale - Rs 3 Crore 95 Lakh,"['land', 'sale', 'r', 'crore', '95', 'lakh']",land sale r crore 95 lakh,6,Land,"Budhanilkantha  Kathmandu Metropolis, Kathmandu",39500000.0
Land for Sale - Rs 2 Crore 95 Lakh,"['land', 'sale', 'r', 'crore', '95', 'lakh']",land sale r crore 95 lakh,6,Land,"Budhanilkantha  Kathmandu Metropolis, Kathmandu",29500000.0
Land for Sale - Rs 48 Lakh Per Aana,"['land', 'sale', 'r', '48', 'lakh', 'per', 'aana']",land sale r 48 lakh per aana,7,Land,"Bhaisepati  Lalitpur Metropolis, Lalitpur",33600000.0
Land for Sale - Rs 3 Crore 85 Lakh,"['land', 'sale', 'r', 'crore', '85', 'lakh']",land sale r crore 85 lakh,6,Land,"Hattigauda  Budhanilkantha, Kathmandu",38500000.0
Land for Sale - Rs 3 Crore 50 Lakh,"['land', 'sale', 'r', 'crore', '50', 'lakh']",land sale r crore 50 lakh,6,Land,"Budhanilkantha  Kathmandu Metropolis, Kathmandu",35000000.0
Land for Sale - Rs 1 Crore 2500000,"['land', 'sale', 'r', 'crore', '2500000']",land sale r crore 2500000,5,Land,"Gokarna 3 Gokarneshwor, Kathmandu",10000000.0
Land for Sale - Rs 4 Crore,"['land', 'sale', 'r', 'crore']",land sale r crore,4,Land,"Harisiddhi  Mahalaxmi, Lalitpur",40000000.0
Land for Sale - Rs 3 Crore 85 Lakh,"['land', 'sale', 'r', 'crore', '85', 'lakh']",land sale r crore 85 lakh,6,Land,"Bhangal  Budhanilkantha, Kathmandu",38500000.0
Land for Sale - Rs 3 Crore 65 Lakh,"['land', 'sale', 'r', 'crore', '65', 'lakh']",land sale r crore 65 lakh,6,Land,"Bhangal height  Budhanilkantha, Kathmandu",36500000.0
Land for Sale - Rs 38 Lakh Per Aana,"['land', 'sale', 'r', '38', 'lakh', 'per', 'aana']",land sale r 38 lakh per aana,7,Land,"Harisidhhi  Lalitpur Metropolis, Lalitpur",16624958.363769174
Land for Sale - Rs 20 Lakh Per Aana,"['land', 'sale', 'r', '20', 'lakh', 'per', 'aana']",land sale r 20 lakh per aana,7,Land,"Chungunarayan  Suryabinayak, Bhaktapur",6499985.390796201
Land for Sale - Rs 3 Crore 90 Lakh,"['land', 'sale', 'r', 'crore', '90', 'lakh']",land sale r crore 90 lakh,6,Land,"Imadol  Lalitpur Metropolis, Lalitpur",39000000.0
Land for Sale - Rs 44 Lakh Per Aana,"['land', 'sale', 'r', '44', 'lakh', 'per', 'aana']",land sale r 44 lakh per aana,7,Land,"Imadol  Lalitpur Metropolis, Lalitpur",17600000.0
Land for Sale - Rs 1 Crore 40 Lakh,"['land', 'sale', 'r', 'crore', '40', 'lakh']",land sale r crore 40 lakh,6,Land,"Kavresthali 2 Tarakeshor, Kathmandu",14000000.0
Land for Sale - Rs 3 Crore 80 Lakh,"['land', 'sale', 'r', 'crore', '80', 'lakh']",land sale r crore 80 lakh,6,Land,"Imadol  Mahalaxmi, Lalitpur",38000000.0
Land for Sale - Rs 35 Lakh Per Aana,"['land', 'sale', 'r', '35', 'lakh', 'per', 'aana']",land sale r 35 lakh per aana,7,Land,"Lubhu  Mahalaxmi, Lalitpur",26249948.867786705
Land for Sale - Rs 8 Crore 75 Lakh,"['land', 'sale', 'r', 'crore', '75', 'lakh']",land sale r crore 75 lakh,6,Land,"Hattigauda  Budhanilkantha, Kathmandu",87500000.0
Land for Sale - Rs 30 Lakh Per Aana,"['land', 'sale', 'r', '30', 'lakh', 'per', 'aana']",land sale r 30 lakh per aana,7,Land,"Lubhu  Mahalaxmi, Lalitpur",13499956.172388604
Land for Sale - Rs 52 Lakh Per Aana,"['land', 'sale', 'r', '52', 'lakh', 'per', 'aana']",land sale r 52 lakh per aana,7,Land,"Imadol  Lalitpur Metropolis, Lalitpur",41600000.0
Land for Sale - Rs 47 Lakh Per Aana,"['land', 'sale', 'r', '47', 'lakh', 'per', 'aana']",land sale r 47 lakh per aana,7,Land,"Bhaisepati  Lalitpur Metropolis, Lalitpur",23500000.0
Land for Sale - Rs 4 Crore 60 Lakh,"['land', 'sale', 'r', 'crore', '60', 'lakh']",land sale r crore 60 lakh,6,Land,"Bhaisepati  Lalitpur Metropolis, Lalitpur",46000000.0
Land for Sale - Rs 22 Lakh Per Aana,"['land', 'sale', 'r', '22', 'lakh', 'per', 'aana']",land sale r 22 lakh per aana,7,Land,"Duwakot  Madhyapur Thimi, Bhaktapur",8800000.0
Land for Sale - Rs 37 Lakh Per Aana,"['land', 'sale', 'r', '37', 'lakh', 'per', 'aana']",land sale r 37 lakh per aana,7,Land,"Imadol  Lalitpur Metropolis, Lalitpur",15724972.972972972
Land for Sale - Rs 3 Crore 85 Lakh,"['land', 'sale', 'r', 'crore', '85', 'lakh']",land sale r crore 85 lakh,6,Land,"Imadol  Lalitpur Metropolis, Lalitpur",38500000.0
Land for Sale - Rs 39 Lakh Per Aana,"['land', 'sale', 'r', '39', 'lakh', 'per', 'aana']",land sale r 39 lakh per aana,7,Land,"Imadol  Mahalaxmi, Lalitpur",21693685.902118336
Land for Sale - Rs 3 Crore 60 Lakh,"['land', 'sale', 'r', 'crore', '60', 'lakh']",land sale r crore 60 lakh,6,Land,"Sanagaun  Lalitpur Metropolis, Lalitpur",36000000.0
Land for Sale - Rs 1 Crore 75 Lakh,"['land', 'sale', 'r', 'crore', '75', 'lakh']",land sale r crore 75 lakh,6,Land,"Imadol  Mahalaxmi, Lalitpur",17500000.0
Land for Sale - Rs 35 Lakh Per Aana,"['land', 'sale', 'r', '35', 'lakh', 'per', 'aana']",land sale r 35 lakh per aana,7,Land,"Lubhu  Mahalaxmi, Lalitpur",11374974.433893353
Land for Sale - Rs 4 Crore 75 Lakh,"['land', 'sale', 'r', 'crore', '75', 'lakh']",land sale r crore 75 lakh,6,Land,"Imadol  Lalitpur Metropolis, Lalitpur",47500000.0
Land for Sale - Rs 36 Lakh Per Aana,"['land', 'sale', 'r', '36', 'lakh', 'per', 'aana']",land sale r 36 lakh per aana,7,Land,"Lubhu  Lalitpur Metropolis, Lalitpur",11249986.851716582
Land for Sale - Rs 53 Lakh Per Aana,"['land', 'sale', 'r', '53', 'lakh', 'per', 'aana']",land sale r 53 lakh per aana,7,Land,"Radhe Radhe  Madhyapur Thimi, Bhaktapur",29150077.428780135
Land for Sale - Rs 75 Lakh 10 dhur,"['land', 'sale', 'r', '75', 'lakh', '10', 'dhur']",land sale r 75 lakh 10 dhur,7,Land,"gaumukhi colony  12 Siddharthanagar, Rupandehi",7500000.0
Land for Sale - Rs 53 Lakh Per Aana,"['land', 'sale', 'r', '53', 'lakh', 'per', 'aana']",land sale r 53 lakh per aana,7,Land,"Radhe Radhe  Madhyapur Thimi, Bhaktapur",22524961.285609934
Land for Sale - Rs 57 Lakh Per Aana,"['land', 'sale', 'r', '57', 'lakh', 'per', 'aana']",land sale r 57 lakh per aana,7,Land,"Radhe Radhe  Madhyapur Thimi, Bhaktapur",28500000.0
Land for Sale - Rs 3 Crore,"['land', 'sale', 'r', 'crore']",land sale r crore,4,Land,"Bhaisepati  Lalitpur Metropolis, Lalitpur",30000000.0
Land for Sale - Rs 48 Lakh Per Aana,"['land', 'sale', 'r', '48', 'lakh', 'per', 'aana']",land sale r 48 lakh per aana,7,Land,"Imadol  Lalitpur Metropolis, Lalitpur",14400000.0
Land for Sale - Rs 58 Lakh Per Aana,"['land', 'sale', 'r', '58', 'lakh', 'per', 'aana']",land sale r 58 lakh per aana,7,Land,"Bhaisepati  Lalitpur Metropolis, Lalitpur",23200000.0
Land for Sale - Rs 5 Crore 50 Lakh,"['land', 'sale', 'r', 'crore', '50', 'lakh']",land sale r crore 50 lakh,6,Land,"Bhaisepati  Lalitpur Metropolis, Lalitpur",55000000.0
Land for Sale - Rs 2 Crore 55 Lakh,"['land', 'sale', 'r', 'crore', '55', 'lakh']",land sale r crore 55 lakh,6,Land,"Imadol  Lalitpur Metropolis, Lalitpur",25500000.0
Land for Sale - Rs 3 Crore 75 Lakh,"['land', 'sale', 'r', 'crore', '75', 'lakh']",land sale r crore 75 lakh,6,Land,"Imadol  Mahalaxmi, Lalitpur",37500000.0
Land for Sale - Rs 40 Lakh Per Aana,"['land', 'sale', 'r', '40', 'lakh', 'per', 'aana']",land sale r 40 lakh per aana,7,Land,"Gothatar  Kathmandu metropolitan, Kathmandu",12499985.3907962
Land for Sale - Rs 15 Crore,"['land', 'sale', 'r', '15', 'crore']",land sale r 15 crore,5,Land,"Satdobato  Lalitpur Metropolis, Lalitpur",150000000.0
Land for Sale - Rs 45 Lakh Per Aana,"['land', 'sale', 'r', '45', 'lakh', 'per', 'aana']",land sale r 45 lakh per aana,7,Land,"Imadol  Lalitpur Metropolis, Lalitpur",31500000.0
Land for Sale - Rs 55 Lakh Per Aana,"['land', 'sale', 'r', '55', 'lakh', 'per', 'aana']",land sale r 55 lakh per aana,7,Land,"Imadol  Lalitpur Metropolis, Lalitpur",21312359.38641344
Land for Sale - Rs 2 Crore 40 Lakh,"['land', 'sale', 'r', 'crore', '40', 'lakh']",land sale r crore 40 lakh,6,Land,"Chunikhel  Budhanilkantha, Kathmandu",24000000.0
Land for Sale - Rs 58 Lakh Per Aana,"['land', 'sale', 'r', '58', 'lakh', 'per', 'aana']",land sale r 58 lakh per aana,7,Land,"Bhaisepati  Lalitpur Metropolis, Lalitpur",63800000.0
Land for Sale - Rs 32 Lakh Per Aana,"['land', 'sale', 'r', '32', 'lakh', 'per', 'aana']",land sale r 32 lakh per aana,7,Land,"Lubhu  Lalitpur Metropolis, Lalitpur",9600000.0
Land for Sale - Rs 35 Lakh Per Aana,"['land', 'sale', 'r', '35', 'lakh', 'per', 'aana']",land sale r 35 lakh per aana,7,Land,"Lubhu  Lalitpur Metropolis, Lalitpur",11374974.433893353
Land for Sale - Rs 22 Lakh Per Aana,"['land', 'sale', 'r', '22', 'lakh', 'per', 'aana']",land sale r 22 lakh per aana,7,Land,"Maitinepal  Gokarneshwor, Kathmandu",10862439.737034332
Land for Sale - Rs 2 Crore 25 Lakh,"['land', 'sale', 'r', 'crore', '25', 'lakh']",land sale r crore 25 lakh,6,Land,"Imadol  Lalitpur Metropolis, Lalitpur",22500000.0
Land for Sale - Rs 56 Lakh Per Aana,"['land', 'sale', 'r', '56', 'lakh', 'per', 'aana']",land sale r 56 lakh per aana,7,Land,"Kamerotar  Madhyapur Thimi, Bhaktapur",27649846.603360116
Land for Sale - Rs 4 Crore,"['land', 'sale', 'r', 'crore']",land sale r crore,4,Land,"Balkumari  Lalitpur Metropolis, Lalitpur",40000000.0
Land for Sale - Rs 52 Lakh Per Aana,"['land', 'sale', 'r', '52', 'lakh', 'per', 'aana']",land sale r 52 lakh per aana,7,Land,"Kamerotar  Madhyapur Thimi, Bhaktapur",41600000.0
Land for Sale - Rs 3 Crore 20 Lakh,"['land', 'sale', 'r', 'crore', '20', 'lakh']",land sale r crore 20 lakh,6,Land,"Tikathali  Lalitpur Metropolis, Lalitpur",32000000.0
Land for Sale - Rs 24 Lakh,"['land', 'sale', 'r', '24', 'lakh']",land sale r 24 lakh,5,Land,"Ranitar 5 Vyas, Tanahun",2400000.0
Land for Sale - Rs 15 Lakh 25 Thousand Per Aana,"['land', 'sale', 'r', '15', 'lakh', '25', 'thousand', 'per', 'aana']",land sale r 15 lakh 25 thousand per aana,9,Land,"Ramkot 5 Nagarjun, Kathmandu",45750000.0
Land for Sale - Rs 58 Lakh Per Aana,"['land', 'sale', 'r', '58', 'lakh', 'per', 'aana']",land sale r 58 lakh per aana,7,Land,"Radhe radhe  Madhyapur Thimi, Bhaktapur",18849957.633308984
Land for Sale - Rs 25 Lakh Per Aana,"['land', 'sale', 'r', '25', 'lakh', 'per', 'aana']",land sale r 25 lakh per aana,7,Land,"Itagol  6 Kirtipur, Kathmandu",52500000.0
Land for Sale - Rs 2 Crore 75 Lakh,"['land', 'sale', 'r', 'crore', '75', 'lakh']",land sale r crore 75 lakh,6,Land,"Imadol  Mahalaxmi, Lalitpur",27500000.0
Land for Sale - Rs 1 Crore 70 Lakh,"['land', 'sale', 'r', 'crore', '70', 'lakh']",land sale r crore 70 lakh,6,Land,"Imadol  Lalitpur Metropolis, Lalitpur",17000000.0
Land for Sale - Rs 45 Lakh Per Aana,"['land', 'sale', 'r', '45', 'lakh', 'per', 'aana']",land sale r 45 lakh per aana,7,Land,"Imadol  Lalitpur Metropolis, Lalitpur",20812417.823228635
Land for Sale - Rs 5 Crore 75 Lakh,"['land', 'sale', 'r', 'crore', '75', 'lakh']",land sale r crore 75 lakh,6,Land,"Imadol  Lalitpur Metropolis, Lalitpur",57500000.0
Land for Sale - Rs 58 Lakh Per Aana,"['land', 'sale', 'r', '58', 'lakh', 'per', 'aana']",land sale r 58 lakh per aana,7,Land,"Bhaisepati  Lalitpur Metropolis, Lalitpur",31900084.73338203
Land for Sale - Rs 34 Lakh Per Aana,"['land', 'sale', 'r', '34', 'lakh', 'per', 'aana']",land sale r 34 lakh per aana,7,Land,"Lubhu  Lalitpur Metropolis, Lalitpur",11049975.164353542
Land for Sale - Rs 65 Lakh Per Aana,"['land', 'sale', 'r', '65', 'lakh', 'per', 'aana']",land sale r 65 lakh per aana,7,Land,"DHAPASI HEIGHT 5 Tokha, Kathmandu",22750094.959824692
Land for Sale - Rs 3 Crore 25 Lakh,"['land', 'sale', 'r', 'crore', '25', 'lakh']",land sale r crore 25 lakh,6,Land,"Imadol  Mahalaxmi, Lalitpur",32500000.0
Land for Sale - Rs 4 Crore 99 Lakh,"['land', 'sale', 'r', 'crore', '99', 'lakh']",land sale r crore 99 lakh,6,Land,"Imadol  Lalitpur Metropolis, Lalitpur",49900000.0
Land for Sale - Rs 15 Lakh Per Aana,"['land', 'sale', 'r', '15', 'lakh', 'per', 'aana']",land sale r 15 lakh per aana,7,Land,"White gumba  Nagarjun, Kathmandu",45000000.0
Land for Sale - Rs 2 Crore 60 Lakh,"['land', 'sale', 'r', 'crore', '60', 'lakh']",land sale r crore 60 lakh,6,Land,"Toka 06 Budhanilkantha, Kathmandu",26000000.0
Land for Sale - Rs 55 Lakh Per Aana,"['land', 'sale', 'r', '55', 'lakh', 'per', 'aana']",land sale r 55 lakh per aana,7,Land,"Bhaisepati  Lalitpur Metropolis, Lalitpur",44000000.0
Land for Sale - Rs 3 Crore 40 Lakh,"['land', 'sale', 'r', 'crore', '40', 'lakh']",land sale r crore 40 lakh,6,Land,"Imadol  Lalitpur Metropolis, Lalitpur",34000000.0
Land for Sale - Rs 3 Crore 65 Lakh,"['land', 'sale', 'r', 'crore', '65', 'lakh']",land sale r crore 65 lakh,6,Land,"Imadol  Lalitpur Metropolis, Lalitpur",36500000.0
Land for Sale - Rs 19 Lakh 50 Thousand Per Aana,"['land', 'sale', 'r', '19', 'lakh', '50', 'thousand', 'per', 'aana']",land sale r 19 lakh 50 thousand per aana,9,Land,"Suntakhan 3 Gokarneshwor, Kathmandu",8287485.756026296
Land for Sale - Rs 36 Lakh Per Aana,"['land', 'sale', 'r', '36', 'lakh', 'per', 'aana']",land sale r 36 lakh per aana,7,Land,"Lubhu  Lalitpur Metropolis, Lalitpur",11699973.703433162
Land for Sale - Rs 55 Lakh Per Aaana,"['land', 'sale', 'r', '55', 'lakh', 'per', 'aaana']",land sale r 55 lakh per aaana,7,Land,"Kirtipur 9 Kirtipur, Kathmandu",5500000.0
Land for Sale - Rs 2 Crore 90 Lakh,"['land', 'sale', 'r', 'crore', '90', 'lakh']",land sale r crore 90 lakh,6,Land,"Tikathali  Lalitpur Metropolis, Lalitpur",29000000.0
Land for Sale - Rs 3 Crore 25 Lakh,"['land', 'sale', 'r', 'crore', '25', 'lakh']",land sale r crore 25 lakh,6,Land,"Chobar 7 Kirtipur, Kathmandu",32500000.0
Land for Sale - Rs 12 Lakh 50 Thousand Per Aana,"['land', 'sale', 'r', '12', 'lakh', '50', 'thousand', 'per', 'aana']",land sale r 12 lakh 50 thousand per aana,9,Land,"Jharuwarashi  Godawari, Lalitpur",43750000.0
Land for Sale - Rs 6 Lakh Per Dhur,"['land', 'sale', 'r', 'lakh', 'per', 'dhur']",land sale r lakh per dhur,6,Land,"Tilottama  Tilottama, Rupandehi",30000000.0
Land for Sale - Rs 3 Crore 50 Lakh,"['land', 'sale', 'r', 'crore', '50', 'lakh']",land sale r crore 50 lakh,6,Land,"Imadol  Lalitpur Metropolis, Lalitpur",35000000.0
Land for Sale - Rs 60 Lakh,"['land', 'sale', 'r', '60', 'lakh']",land sale r 60 lakh,5,Land,"Dillibazar, Pipalbot   Kathmandu Metropolis, Kathmandu",6000000.0
Land for Sale - Rs 2 Crore 75 Lakh,"['land', 'sale', 'r', 'crore', '75', 'lakh']",land sale r crore 75 lakh,6,Land,"Balkot  Bhaktapur, Bhaktapur",27500000.0
Land for Sale - Rs 2 Crore 35 Lakh,"['land', 'sale', 'r', 'crore', '35', 'lakh']",land sale r crore 35 lakh,6,Land,"Balkot  Bhaktapur, Bhaktapur",23500000.0
Land for Sale - Rs 2 Crore 25 Lakh,"['land', 'sale', 'r', 'crore', '25', 'lakh']",land sale r crore 25 lakh,6,Land,"Thimi near Madyapur hospital  Madhyapur Thimi, Bhaktapur",22500000.0
Land for Sale - Rs 2 Crore 60 Lakh,"['land', 'sale', 'r', 'crore', '60', 'lakh']",land sale r crore 60 lakh,6,Land,"Balkot  Bhaktapur, Bhaktapur",26000000.0
Land for Sale - Rs 4 Crore 50 Lakh,"['land', 'sale', 'r', 'crore', '50', 'lakh']",land sale r crore 50 lakh,6,Land,"Hattiban  Lalitpur Metropolis, Lalitpur",45000000.0
Land for Sale - Rs 10 Lakh Per Aana,"['land', 'sale', 'r', '10', 'lakh', 'per', 'aana']",land sale r 10 lakh per aana,7,Land,"Badikhel bus park  Select Municipality, Lalitpur",4000000.0
Land for Sale - Rs 3 Crore 40 Lakh,"['land', 'sale', 'r', 'crore', '40', 'lakh']",land sale r crore 40 lakh,6,Land,"Gothatar fikal height  Kathmandu Metropolis, Kathmandu",34000000.0
Land for Sale - Rs 4 Crore 65 Lakh,"['land', 'sale', 'r', 'crore', '65', 'lakh']",land sale r crore 65 lakh,6,Land,"Imadol  Lalitpur Metropolis, Lalitpur",46500000.0
Land for Sale - Rs 36 Lakh Per Aana,"['land', 'sale', 'r', '36', 'lakh', 'per', 'aana']",land sale r 36 lakh per aana,7,Land,"Imadol  Lalitpur Metropolis, Lalitpur",32400000.0
Land for Sale - Rs 31 Lakh Per Aana,"['land', 'sale', 'r', '31', 'lakh', 'per', 'aana']",land sale r 31 lakh per aana,7,Land,"Lubhu  Lalitpur Metropolis, Lalitpur",13756210.372534698
Land for Sale - Rs 2 Crore 70 Lakh,"['land', 'sale', 'r', 'crore', '70', 'lakh']",land sale r crore 70 lakh,6,Land,"Imadol  Lalitpur Metropolis, Lalitpur",27000000.0
Land for Sale - Rs 2 Crore 45 Lakh,"['land', 'sale', 'r', 'crore', '45', 'lakh']",land sale r crore 45 lakh,6,Land,"Imadol  Lalitpur Metropolis, Lalitpur",24500000.0
Land for Sale - Rs 10 Lakh Per Aana,"['land', 'sale', 'r', '10', 'lakh', 'per', 'aana']",land sale r 10 lakh per aana,7,Land,"Chapagaun  Kathmandu Metropolis, Kathmandu",16000000.0
Land for Sale - Rs 28 Lakh Per Aana,"['land', 'sale', 'r', '28', 'lakh', 'per', 'aana']",land sale r 28 lakh per aana,7,Land,"Thaiba  Lalitpur Metropolis, Lalitpur",8924984.660336012
Land for Sale - Rs 1 Crore 20 Lakh,"['land', 'sale', 'r', 'crore', '20', 'lakh']",land sale r crore 20 lakh,6,Land,"chinnedada 14 Pokhara Metropolis, Kaski",12000000.0
Land for Sale - Rs 2 Crore 85 Lakh,"['land', 'sale', 'r', 'crore', '85', 'lakh']",land sale r crore 85 lakh,6,Land,"Imadol  Lalitpur Metropolis, Lalitpur",28500000.0
Land for Sale - Rs 2 Crore 90 Lakh,"['land', 'sale', 'r', 'crore', '90', 'lakh']",land sale r crore 90 lakh,6,Land,"Balkot  Madhyapur Thimi, Bhaktapur",29000000.0
Land for Sale - Rs 65 Lakh Per Aana,"['land', 'sale', 'r', '65', 'lakh', 'per', 'aana']",land sale r 65 lakh per aana,7,Land,"Lokanthali  Suryabinayak, Bhaktapur",45500000.0
Land for Sale - Rs 2 Crore 30 Lakh,"['land', 'sale', 'r', 'crore', '30', 'lakh']",land sale r crore 30 lakh,6,Land,"Lubu valley public school Bata 100 miter  Lalitpur Metropolis, Lalitpur",23000000.0
Land for Sale - Rs 65 Lakh Per Aana,"['land', 'sale', 'r', '65', 'lakh', 'per', 'aana']",land sale r 65 lakh per aana,7,Land,"Balkot  Madhyapur Thimi, Bhaktapur",39000000.0
Land for Sale - Rs 32 Lakh Per Aana,"['land', 'sale', 'r', '32', 'lakh', 'per', 'aana']",land sale r 32 lakh per aana,7,Land,"Harsiddhi Newasuli   Select Municipality, Select District",50910153.39663988
House for Sale - Rs 3 Crore 25 Lakh,"['house', 'sale', 'r', 'crore', '25', 'lakh']",house sale r crore 25 lakh,6,House,"Chyasindol  Budhanilkantha, Kathmandu",32500000.0
Land for Sale - Rs 2 Crore 80 Lakh,"['land', 'sale', 'r', 'crore', '80', 'lakh']",land sale r crore 80 lakh,6,Land,"Imadol, Subhashree tole  Lalitpur Metropolis, Lalitpur",28000000.0
Land for Sale - Rs 2 Crore 70 Lakh,"['land', 'sale', 'r', 'crore', '70', 'lakh']",land sale r crore 70 lakh,6,Land,"Imadol, Subhashree Tole  Lalitpur Metropolis, Lalitpur",27000000.0
Land for Sale - Rs 2 Crore 90 Lakh,"['land', 'sale', 'r', 'crore', '90', 'lakh']",land sale r crore 90 lakh,6,Land,"Imadol  Lalitpur Metropolis, Lalitpur",29000000.0
Land for Sale - Rs 47 Lakh Per Aana,"['land', 'sale', 'r', '47', 'lakh', 'per', 'aana']",land sale r 47 lakh per aana,7,Land,"Bhaisepati  Lalitpur Metropolis, Lalitpur",36424897.00511322
Land for Sale - Rs 42 Lakh Per Aana,"['land', 'sale', 'r', '42', 'lakh', 'per', 'aana']",land sale r 42 lakh per aana,7,Land,"Sanothimi  Suryabinayak, Bhaktapur",15749907.96201607
Land for Sale - Rs 28 Lakh Per Aana,"['land', 'sale', 'r', '28', 'lakh', 'per', 'aana']",land sale r 28 lakh per aana,7,Land,"Balkot  Madhyapur Thimi, Bhaktapur",11200000.0
Land for Sale - Rs 2 Crore 55 Lakh,"['land', 'sale', 'r', 'crore', '55', 'lakh']",land sale r crore 55 lakh,6,Land,"imadole, subhashree tole  Lalitpur Metropolis, Lalitpur",25500000.0
Land for Rent - Rs 45 Thousand Per Aana,"['land', 'rent', 'r', '45', 'thousand', 'per', 'aana']",land rent r 45 thousand per aana,7,Land,"Hattiban, Lalitpur  Lalitpur Metropolis, Lalitpur",146249.67129291454
Land for Sale - Rs 20 Lakh Per Aana,"['land', 'sale', 'r', '20', 'lakh', 'per', 'aana']",land sale r 20 lakh per aana,7,Land,"Matatirtha 8 Chandragiri, Kathmandu",7000029.218407597
Land for Sale - Rs 13 Crore,"['land', 'sale', 'r', '13', 'crore']",land sale r 13 crore,5,Land,"Budhanilkantha  Kathmandu Metropolis, Kathmandu",130000000.0
Land for Rent - Rs 85 Thousand,"['land', 'rent', 'r', '85', 'thousand']",land rent r 85 thousand,5,Land,"Imadol  Lalitpur Metropolis, Lalitpur",85000.0
Land for Sale - Rs 2 Crore 60 Lakh,"['land', 'sale', 'r', 'crore', '60', 'lakh']",land sale r crore 60 lakh,6,Land,"Dhapakhel  Lalitpur Metropolis, Lalitpur",26000000.0
Land for Sale - Rs 3 Crore 10 Lakh,"['land', 'sale', 'r', 'crore', '10', 'lakh']",land sale r crore 10 lakh,6,Land,"Imadol 3 Mahalaxmi, Lalitpur",31000000.0
Land for Sale - Rs 2 Crore 50 Lakh 30 lakh per aana,"['land', 'sale', 'r', 'crore', '50', 'lakh', '30', 'lakh', 'per', 'aana']",land sale r crore 50 lakh 30 lakh per aana,10,Land,"Thankot 7 Chandragiri, Kathmandu",200000000.0
Land for Sale - Rs 47 Lakh Per Aana,"['land', 'sale', 'r', '47', 'lakh', 'per', 'aana']",land sale r 47 lakh per aana,7,Land,"Bhaisepati  Lalitpur Metropolis, Lalitpur",31724897.005113214
Land for Sale - Rs 1 Crore 57 Lakh,"['land', 'sale', 'r', 'crore', '57', 'lakh']",land sale r crore 57 lakh,6,Land,"Hattiban  Lalitpur Metropolis, Lalitpur",15700000.0
Land for Sale - Rs 3 Crore 50 Lakh,"['land', 'sale', 'r', 'crore', '50', 'lakh']",land sale r crore 50 lakh,6,Land,"Sitapakha  Lalitpur Metropolis, Lalitpur",35000000.0
Land for Sale - Rs 37 Lakh Per Aana,"['land', 'sale', 'r', '37', 'lakh', 'per', 'aana']",land sale r 37 lakh per aana,7,Land,"Sirutar  Madhyapur Thimi, Bhaktapur",16649945.945945945
Land for Sale - Rs 4 Crore 25 Lakh,"['land', 'sale', 'r', 'crore', '25', 'lakh']",land sale r crore 25 lakh,6,Land,"Passikot  Budhanilkantha, Kathmandu",42500000.0
Land for Sale - Rs 2 Crore 65 Lakh,"['land', 'sale', 'r', 'crore', '65', 'lakh']",land sale r crore 65 lakh,6,Land,"Tikathali, Pawan Prakriti School  Lalitpur Metropolis, Lalitpur",26500000.0
Land for Sale - Rs 65 Lakh Per Aana,"['land', 'sale', 'r', '65', 'lakh', 'per', 'aana']",land sale r 65 lakh per aana,7,Land,"Bhaisepati  Lalitpur Metropolis, Lalitpur",45500000.0
Land for Sale - Rs 2 Crore 90 Lakh,"['land', 'sale', 'r', 'crore', '90', 'lakh']",land sale r crore 90 lakh,6,Land,"Lamatar  Lalitpur Metropolis, Lalitpur",29000000.0
Land for Sale - Rs 49 Lakh Per Aana,"['land', 'sale', 'r', '49', 'lakh', 'per', 'aana']",land sale r 49 lakh per aana,7,Land,"Balkot  Madhyapur Thimi, Bhaktapur",22049928.414901387
Land for Sale - Rs 2 Crore 20 Lakh,"['land', 'sale', 'r', 'crore', '20', 'lakh']",land sale r crore 20 lakh,6,Land,"Sitapakha  Lalitpur Metropolis, Lalitpur",22000000.0
Land for Sale - Rs 40 Lakh Per Aana,"['land', 'sale', 'r', '40', 'lakh', 'per', 'aana']",land sale r 40 lakh per aana,7,Land,"Imadol  Lalitpur Metropolis, Lalitpur",21749948.867786705
Land for Sale - Rs 45 Lakh Per Aana,"['land', 'sale', 'r', '45', 'lakh', 'per', 'aana']",land sale r 45 lakh per aana,7,Land,"Gatthaghar  Madhyapur Thimi, Bhaktapur",15750065.741417097
Land for Sale - Rs 56 Lakh 25 Thousand,"['land', 'sale', 'r', '56', 'lakh', '25', 'thousand']",land sale r 56 lakh 25 thousand,7,Land,"ward 03 3 Makawanpurgadhi, Makwanpur",5625000.0
Land for Sale - Rs 2 Crore 40 Lakh,"['land', 'sale', 'r', 'crore', '40', 'lakh']",land sale r crore 40 lakh,6,Land,"Budhanilkantha  Kathmandu Metropolis, Kathmandu",24000000.0
Land for Sale - Rs 1 Crore 90 Lakh,"['land', 'sale', 'r', 'crore', '90', 'lakh']",land sale r crore 90 lakh,6,Land,"Lasuntar  Budhanilkantha, Kathmandu",19000000.0
Land for Sale - Rs 2 Crore 80 Lakh,"['land', 'sale', 'r', 'crore', '80', 'lakh']",land sale r crore 80 lakh,6,Land,"Imadol  Lalitpur Metropolis, Lalitpur",28000000.0
Land for Sale - Rs 2 Crore 95 Lakh,"['land', 'sale', 'r', 'crore', '95', 'lakh']",land sale r crore 95 lakh,6,Land,"Chapali, Budhanilkantha 2 Budhanilkantha, Kathmandu",29500000.0
Land for Sale - Rs 12 Lakh Per Aana,"['land', 'sale', 'r', '12', 'lakh', 'per', 'aana']",land sale r 12 lakh per aana,7,Land,"Thankot  Chandragiri, Kathmandu",7200000.0
Land for Sale - Rs 55 Lakh Per Aana,"['land', 'sale', 'r', '55', 'lakh', 'per', 'aana']",land sale r 55 lakh per aana,7,Land,"Lokanthali  Madhyapur Thimi, Bhaktapur",28187479.912344776
Land for Sale - Rs 75 Lakh Per Aana,"['land', 'sale', 'r', '75', 'lakh', 'per', 'aana']",land sale r 75 lakh per aana,7,Land,"Imadol  Lalitpur Metropolis, Lalitpur",82500000.0
Land for Sale - Rs 40 Lakh Per Aana,"['land', 'sale', 'r', '40', 'lakh', 'per', 'aana']",land sale r 40 lakh per aana,7,Land,"Gothatar  Kathmandu Metropolis, Kathmandu",12499985.3907962
Land for Sale - Rs 19 Lakh 50 Thousand Per Aana,"['land', 'sale', 'r', '19', 'lakh', '50', 'thousand', 'per', 'aana']",land sale r 19 lakh 50 thousand per aana,9,Land,"Bansbari 7 Changunarayan, Bhaktapur",9750000.0
Land for Sale - Rs 42 Lakh Per Aana,"['land', 'sale', 'r', '42', 'lakh', 'per', 'aana']",land sale r 42 lakh per aana,7,Land,"Kapan 7 Budhanilkantha, Kathmandu",121800000.0
Land for Sale - Rs 26 Crore 50 Lakh,"['land', 'sale', 'r', '26', 'crore', '50', 'lakh']",land sale r 26 crore 50 lakh,7,Land,"Budhanilkantha  Kathmandu Metropolis, Kathmandu",265000000.0
Land for Sale - Rs 4 Crore 75 Lakh,"['land', 'sale', 'r', 'crore', '75', 'lakh']",land sale r crore 75 lakh,6,Land,"Dhapakhel 23 Lalitpur Metropolis, Lalitpur",47500000.0
Land for Sale - Rs 2 Crore 75 Lakh,"['land', 'sale', 'r', 'crore', '75', 'lakh']",land sale r crore 75 lakh,6,Land,"Balkot  Madhyapur Thimi, Bhaktapur",27500000.0
Land for Sale - Rs 50 Lakh Per Aana,"['land', 'sale', 'r', '50', 'lakh', 'per', 'aana']",land sale r 50 lakh per aana,7,Land,"Gatthaghar  Madhyapur Thimi, Bhaktapur",17500073.046018995
Land for Sale - Rs 11 Crore,"['land', 'sale', 'r', '11', 'crore']",land sale r 11 crore,5,Land,"Budhanilkantha  Kathmandu Metropolis, Kathmandu",110000000.0
Land for Sale - Rs 2 Crore,"['land', 'sale', 'r', 'crore']",land sale r crore,4,Land,"Melamchi  11 Melamchi, Sindhupalchok",20000000.0
Land for Sale - Rs 35 Lakh 3.5 Lakh per dhur,"['land', 'sale', 'r', '35', 'lakh', '35', 'lakh', 'per', 'dhur']",land sale r 35 lakh 35 lakh per dhur,9,Land,"Matyari  Dhangadhi, Kailali",35000000.0
Land for Sale - Rs 38 Lakh Per Aana,"['land', 'sale', 'r', '38', 'lakh', 'per', 'aana']",land sale r 38 lakh per aana,7,Land,"Balkot  Madhyapur Thimi, Bhaktapur",19000000.0
Land for Sale - Rs 4 Crore 20 Lakh,"['land', 'sale', 'r', 'crore', '20', 'lakh']",land sale r crore 20 lakh,6,Land,"Baneshwor  Kathmandu Metropolis, Kathmandu",42000000.0
Land for Sale - Rs 4 Crore 25 Lakh,"['land', 'sale', 'r', 'crore', '25', 'lakh']",land sale r crore 25 lakh,6,Land,"Imadol, Tempo Park  Lalitpur Metropolis, Lalitpur",42500000.0
Land for Sale - Rs 3 Crore 25 Lakh,"['land', 'sale', 'r', 'crore', '25', 'lakh']",land sale r crore 25 lakh,6,Land,"Baneshwor  Kathmandu Metropolis, Kathmandu",32500000.0
Land for Sale - Rs 52 Lakh Per Aana,"['land', 'sale', 'r', '52', 'lakh', 'per', 'aana']",land sale r 52 lakh per aana,7,Land,"Kamerotar  Madhyapur Thimi, Bhaktapur",24699886.048210375
Land for Sale - Rs 12 Lakh Per Aana,"['land', 'sale', 'r', '12', 'lakh', 'per', 'aana']",land sale r 12 lakh per aana,7,Land,"Bajrabarahi 6 Godawari, Lalitpur",4800000.0
Land for Sale - Rs 3 Crore 59 Lakh,"['land', 'sale', 'r', 'crore', '59', 'lakh']",land sale r crore 59 lakh,6,Land,"Imadol  Lalitpur Metropolis, Lalitpur",35900000.0
Land for Sale - Rs 27 Lakh Per Aana,"['land', 'sale', 'r', '27', 'lakh', 'per', 'aana']",land sale r 27 lakh per aana,7,Land,"Sirutar  Suryabinayak, Bhaktapur",16200000.0
Land for Sale - Rs 66 Lakh Per Aana,"['land', 'sale', 'r', '66', 'lakh', 'per', 'aana']",land sale r 66 lakh per aana,7,Land,"Lokanthali  Madhyapur Thimi, Bhaktapur",33000000.0
Land for Sale - Rs 2 Crore 75 Lakh,"['land', 'sale', 'r', 'crore', '75', 'lakh']",land sale r crore 75 lakh,6,Land,"Bhaisepati  Lalitpur Metropolis, Lalitpur",27500000.0
Land for Sale - Rs 3 Crore 25 Lakh,"['land', 'sale', 'r', 'crore', '25', 'lakh']",land sale r crore 25 lakh,6,Land,"Harisiddhi  Kathmandu Metropolis, Kathmandu",32500000.0
Land for Sale - Rs 38 Lakh Per Aana,"['land', 'sale', 'r', '38', 'lakh', 'per', 'aana']",land sale r 38 lakh per aana,7,Land,"Balkot  Madhyapur Thimi, Bhaktapur",23749972.24251278
Land for Sale - Rs 25 Lakh 250000,"['land', 'sale', 'r', '25', 'lakh', '250000']",land sale r 25 lakh 250000,6,Land,"Bhansepokhari 2 Ramdhuni, Sunsari",2500000.0
Land for Sale - Rs 30 Lakh Per Aana,"['land', 'sale', 'r', '30', 'lakh', 'per', 'aana']",land sale r 30 lakh per aana,7,Land,"Thali  Kageshwori Manohara, Kathmandu",12000000.0
Land for Sale - Rs 2 Crore 35 Lakh,"['land', 'sale', 'r', 'crore', '35', 'lakh']",land sale r crore 35 lakh,6,Land,"Chasidol, Lubu  Lalitpur Metropolis, Lalitpur",23500000.0
Land for Sale - Rs 2 Crore 75 Lakh,"['land', 'sale', 'r', 'crore', '75', 'lakh']",land sale r crore 75 lakh,6,Land,"Bhandari gauu   Kathmandu Metropolis, Kathmandu",27500000.0
Land for Sale - Rs 65 Lakh Per Aana,"['land', 'sale', 'r', '65', 'lakh', 'per', 'aana']",land sale r 65 lakh per aana,7,Land,"Bhaisepati  Lalitpur Metropolis, Lalitpur",42249905.04017531
Land for Sale - Rs 4 Crore 50 Lakh,"['land', 'sale', 'r', 'crore', '50', 'lakh']",land sale r crore 50 lakh,6,Land,"Sitapaila 4 Nagarjun, Kathmandu",45000000.0
Land for Sale - Rs 40 Lakh Per Aana,"['land', 'sale', 'r', '40', 'lakh', 'per', 'aana']",land sale r 40 lakh per aana,7,Land,"Lazimpat 2 Kathmandu Metropolis, Kathmandu",23500014.6092038
Land for Sale - Rs 2 Crore 50 Lakh,"['land', 'sale', 'r', 'crore', '50', 'lakh']",land sale r crore 50 lakh,6,Land,"Balkot 3 Suryabinayak, Bhaktapur",25000000.0
Land for Sale - Rs 25 Lakh Per Aana,"['land', 'sale', 'r', '25', 'lakh', 'per', 'aana']",land sale r 25 lakh per aana,7,Land,"Phutung 1 Tarakeshor, Kathmandu",7500000.0
Land for Sale - Rs 46 Lakh Per Aana,"['land', 'sale', 'r', '46', 'lakh', 'per', 'aana']",land sale r 46 lakh per aana,7,Land,"Lokanthali  Madhyapur Thimi, Bhaktapur",16100067.202337474
Land for Sale - Rs 43 Lakh Ana,"['land', 'sale', 'r', '43', 'lakh', 'ana']",land sale r 43 lakh ana,6,Land,"Budhanilkantha Temple  1 Budhanilkantha, Kathmandu",4300000.0
Land for Sale - Rs 3 Crore 5 Lakh,"['land', 'sale', 'r', 'crore', 'lakh']",land sale r crore lakh,5,Land,"Imadol  Lalitpur Metropolis, Lalitpur",30500000.0
Land for Sale - Rs 49 Lakh Per Aana,"['land', 'sale', 'r', '49', 'lakh', 'per', 'aana']",land sale r 49 lakh per aana,7,Land,"Lokanthali  Madhyapur Thimi, Bhaktapur",83300000.0
Land for Sale - Rs 13 Lakh Per Aana,"['land', 'sale', 'r', '13', 'lakh', 'per', 'aana']",land sale r 13 lakh per aana,7,Land,"Dahachowk -2 Chandragiri, Kathmandu",6500000.0
Land for Sale - Rs 45 Lakh Per Aana,"['land', 'sale', 'r', '45', 'lakh', 'per', 'aana']",land sale r 45 lakh per aana,7,Land,"Lokanthali  Suryabinayak, Bhaktapur",18000000.0
Land for Sale - Rs 1 Crore 85 Lakh,"['land', 'sale', 'r', 'crore', '85', 'lakh']",land sale r crore 85 lakh,6,Land,"Kupondole 1 Lalitpur Metropolis, Lalitpur",18500000.0
Land for Sale - Rs 4 Crore 20 Lakh,"['land', 'sale', 'r', 'crore', '20', 'lakh']",land sale r crore 20 lakh,6,Land,"Pepsicola  Kathmandu Metropolis, Kathmandu",42000000.0
Land for Sale - Rs 2 Crore 50 Lakh,"['land', 'sale', 'r', 'crore', '50', 'lakh']",land sale r crore 50 lakh,6,Land,"Tandi 2 Ratnanagar, Chitwan",25000000.0
Land for Sale - Rs 5 Crore 25 Lakh,"['land', 'sale', 'r', 'crore', '25', 'lakh']",land sale r crore 25 lakh,6,Land,"Imadol  Lalitpur Metropolis, Lalitpur",52500000.0
Land for Sale - Rs 60 Lakh Per Aana,"['land', 'sale', 'r', '60', 'lakh', 'per', 'aana']",land sale r 60 lakh per aana,7,Land,"Pepsicola  Kathmandu Metropolis, Kathmandu",24000000.0
Land for Sale - Rs 32 Lakh 50 Thousand Per Aana,"['land', 'sale', 'r', '32', 'lakh', '50', 'thousand', 'per', 'aana']",land sale r 32 lakh 50 thousand per aana,9,Land,"Srijananagar  Bhaktapur, Bhaktapur",13812476.260043828
Land for Sale - Rs 45 Lakh Per Aana,"['land', 'sale', 'r', '45', 'lakh', 'per', 'aana']",land sale r 45 lakh per aana,7,Land,"Imadol  Lalitpur Metropolis, Lalitpur",18000000.0
Land for Sale - Rs 40 Lakh Per Aana,"['land', 'sale', 'r', '40', 'lakh', 'per', 'aana']",land sale r 40 lakh per aana,7,Land,"Changathali  Lalitpur Metropolis, Lalitpur",20499985.3907962
Land for Sale - Rs 42 Lakh Per Aana,"['land', 'sale', 'r', '42', 'lakh', 'per', 'aana']",land sale r 42 lakh per aana,7,Land,"Balkot  Suryabinayak, Bhaktapur",16800000.0
Land for Sale - Rs 65 Lakh Per Aana,"['land', 'sale', 'r', '65', 'lakh', 'per', 'aana']",land sale r 65 lakh per aana,7,Land,"Sanepa 1 Lalitpur Metropolis, Lalitpur",27624952.520087656
Land for Sale - Rs 28 Lakh Per Aana,"['land', 'sale', 'r', '28', 'lakh', 'per', 'aana']",land sale r 28 lakh per aana,7,Land,"Lubhu  Lalitpur Metropolis, Lalitpur",133639152.6661797
Land for Sale - Rs 34 Lakh Per Aana,"['land', 'sale', 'r', '34', 'lakh', 'per', 'aana']",land sale r 34 lakh per aana,7,Land,"Changathali  Lalitpur Metropolis, Lalitpur",13600000.0
Land for Sale - Rs 1 Crore 75 Lakh,"['land', 'sale', 'r', 'crore', '75', 'lakh']",land sale r crore 75 lakh,6,Land,"Imadol  Lalitpur Metropolis, Lalitpur",17500000.0
Land for Sale - Rs 45 Lakh Per Aana,"['land', 'sale', 'r', '45', 'lakh', 'per', 'aana']",land sale r 45 lakh per aana,7,Land,"Dibeshwori height  Madhyapur Thimi, Bhaktapur",57374901.387874365
Land for Sale - Rs 6 Crore,"['land', 'sale', 'r', 'crore']",land sale r crore,4,Land,"Gokarneshwor 9 Gokarneshwor, Kathmandu",60000000.0
Land for Sale - Rs 1 Lakh 25 Thousand Per Dhur,"['land', 'sale', 'r', 'lakh', '25', 'thousand', 'per', 'dhur']",land sale r lakh 25 thousand per dhur,8,Land,"Bardaghat 16 municipality near suryanagar stadium   Butwal, Rupandehi",4625000.0
Land for Sale - Rs 2 Crore 10 Lakh,"['land', 'sale', 'r', 'crore', '10', 'lakh']",land sale r crore 10 lakh,6,Land,"Imadol  Lalitpur Metropolis, Lalitpur",21000000.0
Land for Sale - Rs 40 Lakh Per Aana,"['land', 'sale', 'r', '40', 'lakh', 'per', 'aana']",land sale r 40 lakh per aana,7,Land,"Harisiddhi  Lalitpur Metropolis, Lalitpur",17999941.563184805
Land for Sale - Rs 35 Lakh Per Aana,"['land', 'sale', 'r', '35', 'lakh', 'per', 'aana']",land sale r 35 lakh per aana,7,Land,"Harisiddhi  28 Lalitpur Metropolis, Lalitpur",14000000.0
Land for Sale - Rs 5 Lakh,"['land', 'sale', 'r', 'lakh']",land sale r lakh,4,Land,"Sukedhara  4 Kathmandu Metropolis, Kathmandu",500000.0
Land for Sale - Rs 4 Crore 99 Lakh,"['land', 'sale', 'r', 'crore', '99', 'lakh']",land sale r crore 99 lakh,6,Land,"Bhangal   Budhanilkantha, Kathmandu",49900000.0
Land for Sale - Rs 35 Lakh Per Aana,"['land', 'sale', 'r', '35', 'lakh', 'per', 'aana']",land sale r 35 lakh per aana,7,Land,"Changathali  Lalitpur Metropolis, Lalitpur",14000000.0
Land for Sale - Rs 5 Crore 10 Lakh,"['land', 'sale', 'r', 'crore', '10', 'lakh']",land sale r crore 10 lakh,6,Land,"Bhangal  Budhanilkantha, Kathmandu",51000000.0
Land for Sale - Rs 2 Crore 99 Lakh,"['land', 'sale', 'r', 'crore', '99', 'lakh']",land sale r crore 99 lakh,6,Land,"Imadol  Lalitpur Metropolis, Lalitpur",29900000.0
Land for Sale - Rs 65 Lakh Per Aana,"['land', 'sale', 'r', '65', 'lakh', 'per', 'aana']",land sale r 65 lakh per aana,7,Land,"Pepsicola  Kathmandu Metropolis, Kathmandu",29249905.040175308
Land for Sale - Rs 14 Lakh Per Aana,"['land', 'sale', 'r', '14', 'lakh', 'per', 'aana']",land sale r 14 lakh per aana,7,Land,"dukuchap   Lalitpur Metropolis, Lalitpur",7700020.452885319
Land for Sale - Rs 5 Crore Per Aana,"['land', 'sale', 'r', 'crore', 'per', 'aana']",land sale r crore per aana,6,Land,"Lokanthali-Sanothimi Road 1 Madhyapur Thimi, Bhaktapur",324999269.53981006
Land for Sale - Rs 30 Lakh Per Kathha,"['land', 'sale', 'r', '30', 'lakh', 'per', 'kathha']",land sale r 30 lakh per kathha,7,Land,"sapahi 6 Nijgadh, Bara",3000000.0
Land for Sale - Rs 47 Lakh Per Aana,"['land', 'sale', 'r', '47', 'lakh', 'per', 'aana']",land sale r 47 lakh per aana,7,Land,"Kausaltar  Madhyapur Thimi, Bhaktapur",15040000.0
Land for Sale - Rs 38 Lakh Per Aana,"['land', 'sale', 'r', '38', 'lakh', 'per', 'aana']",land sale r 38 lakh per aana,7,Land,"Balkot  Madhyapur Thimi, Bhaktapur",15200000.0
Land for Sale - Rs 3 Crore 38 Lakh,"['land', 'sale', 'r', 'crore', '38', 'lakh']",land sale r crore 38 lakh,6,Land,"Pepsicola 7 Kageshwori Manohara, Kathmandu",33800000.0
Land for Sale - Rs 31 Lakh Per Aana,"['land', 'sale', 'r', '31', 'lakh', 'per', 'aana']",land sale r 31 lakh per aana,7,Land,"Sirutar  Madhyapur Thimi, Bhaktapur",11237443.389335282
House for Sale - Rs 3 Crore 50 Lakh,"['house', 'sale', 'r', 'crore', '50', 'lakh']",house sale r crore 50 lakh,6,House,"Karuna hospital 10 Chandragiri, Kathmandu",35000000.0
Land for Sale - Rs 30 Lakh Per Aana,"['land', 'sale', 'r', '30', 'lakh', 'per', 'aana']",land sale r 30 lakh per aana,7,Land,"Imadol  Lalitpur Metropolis, Lalitpur",30000000.0
Land for Sale - Rs 1 Crore 80 Lakh,"['land', 'sale', 'r', 'crore', '80', 'lakh']",land sale r crore 80 lakh,6,Land,"Lamatar  Lalitpur Metropolis, Lalitpur",18000000.0
Land for Sale - Rs 55 Lakh Per Aana,"['land', 'sale', 'r', '55', 'lakh', 'per', 'aana']",land sale r 55 lakh per aana,7,Land,"Sanagaun  Lalitpur Metropolis, Lalitpur",13749919.64937911
Land for Sale - Rs 27 Lakh Per Aana,"['land', 'sale', 'r', '27', 'lakh', 'per', 'aana']",land sale r 27 lakh per aana,7,Land,"Sirutar  Madhyapur Thimi, Bhaktapur",11137490.138787435
Land for Sale - Rs 33 Lakh Per Aana,"['land', 'sale', 'r', '33', 'lakh', 'per', 'aana']",land sale r 33 lakh per aana,7,Land,"Sirutar  Madhyapur Thimi, Bhaktapur",13200000.0
Land for Sale - Rs 2 Crore 90 Lakh,"['land', 'sale', 'r', 'crore', '90', 'lakh']",land sale r crore 90 lakh,6,Land,"Harisiddhi  Lalitpur Metropolis, Lalitpur",29000000.0
Land for Sale - Rs 40 Lakh Per Aana,"['land', 'sale', 'r', '40', 'lakh', 'per', 'aana']",land sale r 40 lakh per aana,7,Land,"Imadol  Lalitpur Metropolis, Lalitpur",148000000.0
Land for Sale - Rs 3 Crore 25 Lakh,"['land', 'sale', 'r', 'crore', '25', 'lakh']",land sale r crore 25 lakh,6,Land,"Banasthali 1 Kathmandu Metropolis, Kathmandu",32500000.0
Land for Sale - Rs 2 Crore 75 Lakh,"['land', 'sale', 'r', 'crore', '75', 'lakh']",land sale r crore 75 lakh,6,Land,"Sanagaun  Lalitpur Metropolis, Lalitpur",27500000.0
Land for Sale - Rs 12 Crore 50 Lakh,"['land', 'sale', 'r', '12', 'crore', '50', 'lakh']",land sale r 12 crore 50 lakh,7,Land,"surya chaur, gurje bhanjyang  Shivapuri, Nuwakot",125000000.0
Land for Sale - Rs 29 Lakh Per Aana,"['land', 'sale', 'r', '29', 'lakh', 'per', 'aana']",land sale r 29 lakh per aana,7,Land,"Lubhu  Lalitpur Metropolis, Lalitpur",10150042.366691016
Land for Sale - Rs 40 Lakh Per Aana,"['land', 'sale', 'r', '40', 'lakh', 'per', 'aana']",land sale r 40 lakh per aana,7,Land,"Lubhu  Lalitpur Metropolis, Lalitpur",14000058.436815197
Land for Sale - Rs 45 Lakh Per Aana,"['land', 'sale', 'r', '45', 'lakh', 'per', 'aana']",land sale r 45 lakh per aana,7,Land,"Imadol  Lalitpur Metropolis, Lalitpur",45000000.0
Land for Sale - Rs 2 Crore 45 Lakh,"['land', 'sale', 'r', 'crore', '45', 'lakh']",land sale r crore 45 lakh,6,Land,"Gothatar  Kathmandu Metropolis, Kathmandu",24500000.0
Land for Sale - Rs 2 Crore 90 Lakh,"['land', 'sale', 'r', 'crore', '90', 'lakh']",land sale r crore 90 lakh,6,Land,"Harisiddhi   Lalitpur Metropolis, Lalitpur",29000000.0
Land for Sale - Rs 39 Lakh Per Aana,"['land', 'sale', 'r', '39', 'lakh', 'per', 'aana']",land sale r 39 lakh per aana,7,Land,"Kadhaghari  Kathmandu municipality, Kathmandu",15600000.0
Land for Sale - Rs 42 Lakh Per Aana,"['land', 'sale', 'r', '42', 'lakh', 'per', 'aana']",land sale r 42 lakh per aana,7,Land,"Harisiddhi  Lalitpur Metropolis, Lalitpur",25200000.0
Land for Sale - Rs 81 Lakh,"['land', 'sale', 'r', '81', 'lakh']",land sale r 81 lakh,5,Land,"Lubhu 8 Mahalaxmi, Lalitpur",8100000.0
Land for Sale - Rs 23 Lakh,"['land', 'sale', 'r', '23', 'lakh']",land sale r 23 lakh,5,Land,"Gachiya ,upakar chok 3 Sundar Haraincha, Morang",2300000.0
Land for Sale - Rs 80 Lakh Per Aana,"['land', 'sale', 'r', '80', 'lakh', 'per', 'aana']",land sale r 80 lakh per aana,7,Land,"Mahalaxmi Asthan Mandir  Lalitpur Metropolis, Lalitpur",24999970.781592403
Land for Sale - Rs 2 Crore 65 Lakh,"['land', 'sale', 'r', 'crore', '65', 'lakh']",land sale r crore 65 lakh,6,Land,"Imadol  Lalitpur Metropolis, Lalitpur",26500000.0
Land for Sale - Rs 1 Crore 8 Lakh 50 Thousand 31,"['land', 'sale', 'r', 'crore', 'lakh', '50', 'thousand', '31']",land sale r crore lakh 50 thousand 31,8,Land,"Chundevi  Suryabinayak, Bhaktapur",10850000.0
Land for Sale - Rs 58 Lakh Per Aana,"['land', 'sale', 'r', '58', 'lakh', 'per', 'aana']",land sale r 58 lakh per aana,7,Land,"Kamerotar height  Madhyapur Thimi, Bhaktapur",24649957.633308984
Land for Sale - Rs 55 Lakh Per Aana,"['land', 'sale', 'r', '55', 'lakh', 'per', 'aana']",land sale r 55 lakh per aana,7,Land,"Kamerotar  Madhyapur Thimi, Bhaktapur",30249919.649379108
Land for Sale - Rs 3 Crore 80 Lakh,"['land', 'sale', 'r', 'crore', '80', 'lakh']",land sale r crore 80 lakh,6,Land,"Mahalaxmi astha mandir  Lalitpur Metropolis, Lalitpur",38000000.0
Land for Sale - Rs 2 Crore 50 Lakh,"['land', 'sale', 'r', 'crore', '50', 'lakh']",land sale r crore 50 lakh,6,Land,"Lokanthali, Bhaktapur -01 1 Madhyapur Thimi, Bhaktapur",25000000.0
Land for Sale - Rs 75 Lakh,"['land', 'sale', 'r', '75', 'lakh']",land sale r 75 lakh,5,Land,"Boudha 06 Gokarneshwor, Kathmandu",7500000.0
Land for Sale - Rs 5 Crore 40 Lakh,"['land', 'sale', 'r', 'crore', '40', 'lakh']",land sale r crore 40 lakh,6,Land,"Tikathali 5 Mahalaxmi, Lalitpur",54000000.0
Land for Sale - Rs 19 Lakh Per Aana,"['land', 'sale', 'r', '19', 'lakh', 'per', 'aana']",land sale r 19 lakh per aana,7,Land,"Matatirtha  Chandragiri, Kathmandu",7600000.0
Land for Sale - Rs 41 Lakh Per Aana,"['land', 'sale', 'r', '41', 'lakh', 'per', 'aana']",land sale r 41 lakh per aana,7,Land,"Tikathali 5 Mahalaxmi, Lalitpur",16400000.0
Land for Sale - Rs 58 Lakh Per Aana,"['land', 'sale', 'r', '58', 'lakh', 'per', 'aana']",land sale r 58 lakh per aana,7,Land,"Imadol  Lalitpur Metropolis, Lalitpur",29000000.0
Land for Sale - Rs 3 Crore 55 Lakh,"['land', 'sale', 'r', 'crore', '55', 'lakh']",land sale r crore 55 lakh,6,Land,"Imadol  Lalitpur Metropolis, Lalitpur",35500000.0
Land for Sale - Rs 44 Lakh Per Aana,"['land', 'sale', 'r', '44', 'lakh', 'per', 'aana']",land sale r 44 lakh per aana,7,Land,"Balkot  Madhyapur Thimi, Bhaktapur",18480000.0
Land for Sale - Rs 35 Lakh Per Aana,"['land', 'sale', 'r', '35', 'lakh', 'per', 'aana']",land sale r 35 lakh per aana,7,Land,"Sunakothi  Lalitpur Metropolis, Lalitpur",14000000.0
House for Sale - Rs 3 Crore 35 Lakh,"['house', 'sale', 'r', 'crore', '35', 'lakh']",house sale r crore 35 lakh,6,House,"Imadol Nayabasti 4 Mahalaxmi, Lalitpur",33500000.0
Land for Sale - Rs 43 Lakh Per Aana,"['land', 'sale', 'r', '43', 'lakh', 'per', 'aana']",land sale r 43 lakh per aana,7,Land,"Imadol  Lalitpur Metropolis, Lalitpur",18274968.59021183
Land for Sale - Rs 2 Crore 25 Lakh,"['land', 'sale', 'r', 'crore', '25', 'lakh']",land sale r crore 25 lakh,6,Land,"Lubhu  Lalitpur Metropolis, Lalitpur",22500000.0
Land for Sale - Rs 2 Crore 15 Lakh,"['land', 'sale', 'r', 'crore', '15', 'lakh']",land sale r crore 15 lakh,6,Land,"Lubhu  Lalitpur Metropolis, Lalitpur",21500000.0
Land for Sale - Rs 45 Lakh Per Aana,"['land', 'sale', 'r', '45', 'lakh', 'per', 'aana']",land sale r 45 lakh per aana,7,Land,"Imadol  Lalitpur Metropolis, Lalitpur",15750065.741417097
Land for Sale - Rs 2 Crore 95 Lakh,"['land', 'sale', 'r', 'crore', '95', 'lakh']",land sale r crore 95 lakh,6,Land,"Sanagaun  Lalitpur Metropolis, Lalitpur",29500000.0
Land for Sale - Rs 40 Lakh Per Aana,"['land', 'sale', 'r', '40', 'lakh', 'per', 'aana']",land sale r 40 lakh per aana,7,Land,"Balkot  Madhyapur Thimi, Bhaktapur",16999970.781592403
Land for Sale - Rs 4 Crore 50 Lakh,"['land', 'sale', 'r', 'crore', '50', 'lakh']",land sale r crore 50 lakh,6,Land,"Sanagaun  Lalitpur Metropolis, Lalitpur",45000000.0
Land for Sale - Rs 35 Lakh Per Aana,"['land', 'sale', 'r', '35', 'lakh', 'per', 'aana']",land sale r 35 lakh per aana,7,Land,"Balkot  Madhyapur Thimi, Bhaktapur",14000000.0
Land for Sale - Rs 41 Lakh Per Aana,"['land', 'sale', 'r', '41', 'lakh', 'per', 'aana']",land sale r 41 lakh per aana,7,Land,"Balkot  Madhyapur Thimi, Bhaktapur",16400000.0
Land for Sale - Rs 45 Lakh Per Aana,"['land', 'sale', 'r', '45', 'lakh', 'per', 'aana']",land sale r 45 lakh per aana,7,Land,"Kapan  Kathmandu Metropolis, Kathmandu",18562483.564645726
Land for Sale - Rs 4 Crore 80 Lakh,"['land', 'sale', 'r', 'crore', '80', 'lakh']",land sale r crore 80 lakh,6,Land,"Imadol  Lalitpur Metropolis, Lalitpur",48000000.0
Land for Sale - Rs 42 Lakh Per Aana,"['land', 'sale', 'r', '42', 'lakh', 'per', 'aana']",land sale r 42 lakh per aana,7,Land,"Sanagaun  Lalitpur Metropolis, Lalitpur",18899938.641344044
Land for Sale - Rs 9 Crore 50 Lakh,"['land', 'sale', 'r', 'crore', '50', 'lakh']",land sale r crore 50 lakh,6,Land,"Milanchok, New Baneshwor 34 Kathmandu Metropolis, Kathmandu",95000000.0
Land for Sale - Rs 2 Crore 20 Lakh,"['land', 'sale', 'r', 'crore', '20', 'lakh']",land sale r crore 20 lakh,6,Land,"Mulpani  Kathmandu Metropolis, Kathmandu",22000000.0
Land for Sale - Rs 65 Lakh Per Aana,"['land', 'sale', 'r', '65', 'lakh', 'per', 'aana']",land sale r 65 lakh per aana,7,Land,"Pepsicola  Kathmandu Metropolis, Kathmandu",36156143.170197226
Land for Sale - Rs 5 Crore 50 Lakh,"['land', 'sale', 'r', 'crore', '50', 'lakh']",land sale r crore 50 lakh,6,Land,"Pasikot  Budhanilkantha, Kathmandu",55000000.0
Land for Sale - Rs 65 Lakh Per Aana,"['land', 'sale', 'r', '65', 'lakh', 'per', 'aana']",land sale r 65 lakh per aana,7,Land,"Balkot  Suryabinayak, Bhaktapur",32500000.0
Land for Sale - Rs 75 Lakh Per Aana,"['land', 'sale', 'r', '75', 'lakh', 'per', 'aana']",land sale r 75 lakh per aana,7,Land,"Dhobighat  Lalitpur Metropolis, Lalitpur",82500000.0
Land for Sale - Rs 8 Crore 50 Lakh,"['land', 'sale', 'r', 'crore', '50', 'lakh']",land sale r crore 50 lakh,6,Land,"Budhanilkantha  Kathmandu Metropolis, Kathmandu",85000000.0
House for Sale - Rs 2 Crore 20 Lakh,"['house', 'sale', 'r', 'crore', '20', 'lakh']",house sale r crore 20 lakh,6,House,"Dhapakhel  Lalitpur Metropolis, Lalitpur",22000000.0
Land for Sale - Rs 52 Lakh Per Aana,"['land', 'sale', 'r', '52', 'lakh', 'per', 'aana']",land sale r 52 lakh per aana,7,Land,"Pasikot  Budhanilkantha, Kathmandu",20800000.0
Land for Sale - Rs 2 Crore 30 Lakh,"['land', 'sale', 'r', 'crore', '30', 'lakh']",land sale r crore 30 lakh,6,Land,"Chaddhobato,mahalaxmi near lubhu 6 Select Municipality, Select District",23000000.0
Land for Sale - Rs 1 Crore 70 Lakh,"['land', 'sale', 'r', 'crore', '70', 'lakh']",land sale r crore 70 lakh,6,Land,"Lamachaur 16 Pokhara Metropolis, Kaski",17000000.0
Land for Sale - Rs 5 Crore 40 Lakh,"['land', 'sale', 'r', 'crore', '40', 'lakh']",land sale r crore 40 lakh,6,Land,"Budhanilkantha  Kathmandu Metropolis, Kathmandu",54000000.0
Land for Sale - Rs 95 Lakh Per Aana,"['land', 'sale', 'r', '95', 'lakh', 'per', 'aana']",land sale r 95 lakh per aana,7,Land,"Jhamsikhel  Lalitpur Metropolis, Lalitpur",66500000.0
Land for Sale - Rs 38 Lakh Per Aana,"['land', 'sale', 'r', '38', 'lakh', 'per', 'aana']",land sale r 38 lakh per aana,7,Land,"Sirutar  Changunarayan, Bhaktapur",12349972.242512785
Land for Sale - Rs 3 Crore 20 Lakh,"['land', 'sale', 'r', 'crore', '20', 'lakh']",land sale r crore 20 lakh,6,Land,"Sunakothi  Lalitpur Metropolis, Lalitpur",32000000.0
Land for Sale - Rs 85 Lakh Per Aana,"['land', 'sale', 'r', '85', 'lakh', 'per', 'aana']",land sale r 85 lakh per aana,7,Land,"Sanepa  Lalitpur Metropolis, Lalitpur",51000000.0
Land for Sale - Rs 4 Crore 25 Lakh,"['land', 'sale', 'r', 'crore', '25', 'lakh']",land sale r crore 25 lakh,6,Land,"Imadol  Lalitpur Metropolis, Lalitpur",42500000.0
Land for Sale - Rs 38 Lakh Per Aana,"['land', 'sale', 'r', '38', 'lakh', 'per', 'aana']",land sale r 38 lakh per aana,7,Land,"Sirutar  Suryabinayak, Bhaktapur",12112479.181884589
Land for Sale - Rs 2 Crore 80 Lakh,"['land', 'sale', 'r', 'crore', '80', 'lakh']",land sale r crore 80 lakh,6,Land,"Budhanilkantha  Kathmandu Metropolis, Kathmandu",28000000.0
Land for Sale - Rs 36 Lakh Per Aana,"['land', 'sale', 'r', '36', 'lakh', 'per', 'aana']",land sale r 36 lakh per aana,7,Land,"Imadol  Lalitpur Metropolis, Lalitpur",14400000.0
Land for Sale - Rs 3 Crore 95 Lakh,"['land', 'sale', 'r', 'crore', '95', 'lakh']",land sale r crore 95 lakh,6,Land,"Hattiban 23 Lalitpur Metropolis, Lalitpur",39500000.0
Land for Sale - Rs 5 Crore,"['land', 'sale', 'r', 'crore']",land sale r crore,4,Land,"budhani  Budhanilkantha, Kathmandu",50000000.0
Land for Sale - Rs 1 Crore 65 Lakh,"['land', 'sale', 'r', 'crore', '65', 'lakh']",land sale r crore 65 lakh,6,Land,"Badegaun, Swetbarahi   Godawari, Lalitpur",16500000.0
Land for Sale - Rs 3 Crore 15 Lakh,"['land', 'sale', 'r', 'crore', '15', 'lakh']",land sale r crore 15 lakh,6,Land,"Tikathali  Mahalaxmi, Lalitpur",31500000.0
Land for Sale - Rs 35 Lakh Per Aana,"['land', 'sale', 'r', '35', 'lakh', 'per', 'aana']",land sale r 35 lakh per aana,7,Land,"Sanagaun 4 Mahalaxmi, Lalitpur",14000000.0
Land for Sale - Rs 38 Lakh Per Aana,"['land', 'sale', 'r', '38', 'lakh', 'per', 'aana']",land sale r 38 lakh per aana,7,Land,"Lubhu 8 Mahalaxmi, Lalitpur",34200000.0
Land for Sale - Rs 32 Lakh Per Aana,"['land', 'sale', 'r', '32', 'lakh', 'per', 'aana']",land sale r 32 lakh per aana,7,Land,"Lubhu 8 Mahalaxmi, Lalitpur",9600000.0
Land for Sale - Rs 36 Lakh Per Aana,"['land', 'sale', 'r', '36', 'lakh', 'per', 'aana']",land sale r 36 lakh per aana,7,Land,"Lubhu 8 Mahalaxmi, Lalitpur",12600052.593133677
Land for Sale - Rs 33 Lakh Per Aana,"['land', 'sale', 'r', '33', 'lakh', 'per', 'aana']",land sale r 33 lakh per aana,7,Land,"Lubhu 8 Mahalaxmi, Lalitpur",13200000.0
Land for Sale - Rs 1 Crore 80 Lakh,"['land', 'sale', 'r', 'crore', '80', 'lakh']",land sale r crore 80 lakh,6,Land,"Imadol  Mahalaxmi, Lalitpur",18000000.0
Land for Sale - Rs 2 Crore,"['land', 'sale', 'r', 'crore']",land sale r crore,4,Land,"Imadol  Mahalaxmi, Lalitpur",20000000.0
Land for Sale - Rs 70 Lakh Per Aana,"['land', 'sale', 'r', '70', 'lakh', 'per', 'aana']",land sale r 70 lakh per aana,7,Land,"Hanuman Chowk 4 Gokarneshwor, Kathmandu",56000000.0
Land for Sale - Rs 38 Lakh,"['land', 'sale', 'r', '38', 'lakh']",land sale r 38 lakh,5,Land,"Tikathali  Mahalaxmi, Lalitpur",3800000.0
Land for Sale - Rs 3 Crore 60 Lakh,"['land', 'sale', 'r', 'crore', '60', 'lakh']",land sale r crore 60 lakh,6,Land,"Hattiban 15 Lalitpur Metropolis, Lalitpur",36000000.0
Land for Sale - Rs 2 Crore 50 Lakh,"['land', 'sale', 'r', 'crore', '50', 'lakh']",land sale r crore 50 lakh,6,Land,"Siddhipur, lalitpur  6 Mahalaxmi, Lalitpur",25000000.0
Land for Sale - Rs 2 Crore 50 Lakh,"['land', 'sale', 'r', 'crore', '50', 'lakh']",land sale r crore 50 lakh,6,Land,"Pepsicola  Kathmandu Metropolis, Kathmandu",25000000.0
Land for Sale - Rs 15 Crore,"['land', 'sale', 'r', '15', 'crore']",land sale r 15 crore,5,Land,"Chabahil  Kathmandu Metropolis, Kathmandu",150000000.0
Land for Sale - Rs 4 Crore 50 Lakh,"['land', 'sale', 'r', 'crore', '50', 'lakh']",land sale r crore 50 lakh,6,Land,"Pepsicola  Kathmandu Metropolis, Kathmandu",45000000.0
Land for Sale - Rs 4 Crore,"['land', 'sale', 'r', 'crore']",land sale r crore,4,Land,"Imadol  Mahalaxmi, Lalitpur",40000000.0
Land for Sale - Rs 3 Crore 50 Lakh,"['land', 'sale', 'r', 'crore', '50', 'lakh']",land sale r crore 50 lakh,6,Land,"Near surya chaur, gurje bhanjyang  Shivapuri, Nuwakot",35000000.0
Land for Sale - Rs 1 Crore 75 Lakh,"['land', 'sale', 'r', 'crore', '75', 'lakh']",land sale r crore 75 lakh,6,Land,"Lubhu 7 Mahalaxmi, Lalitpur",17500000.0
Land for Sale - Rs 46 Lakh 50 Thousand Per Aana,"['land', 'sale', 'r', '46', 'lakh', '50', 'thousand', 'per', 'aana']",land sale r 46 lakh 50 thousand per aana,9,Land,"Bhaisepati 18 Lalitpur Metropolis, Lalitpur",20924932.067202337
Land for Sale - Rs 75 Lakh Per Aana,"['land', 'sale', 'r', '75', 'lakh', 'per', 'aana']",land sale r 75 lakh per aana,7,Land,"sanobharayang  Nagarjun, Kathmandu",165000000.0
Land for Sale - Rs 2 Crore 90 Lakh,"['land', 'sale', 'r', 'crore', '90', 'lakh']",land sale r crore 90 lakh,6,Land,"Harisiddhi 28 Lalitpur Metropolis, Lalitpur",29000000.0
Land for Sale - Rs 34 Lakh Per Aana,"['land', 'sale', 'r', '34', 'lakh', 'per', 'aana']",land sale r 34 lakh per aana,7,Land,"Harisiddhi  Lalitpur Metropolis, Lalitpur",10200000.0
Land for Sale - Rs 1 Crore 80 Lakh,"['land', 'sale', 'r', 'crore', '80', 'lakh']",land sale r crore 80 lakh,6,Land,"Thaiba  Lalitpur Metropolis, Lalitpur",18000000.0
Land for Sale - Rs 70 Lakh 2000000,"['land', 'sale', 'r', '70', 'lakh', '2000000']",land sale r 70 lakh 2000000,6,Land,"Suntol 4 04 Shankharapur, Kathmandu",7000000.0
Land for Sale - Rs 33 Lakh Per Aana,"['land', 'sale', 'r', '33', 'lakh', 'per', 'aana']",land sale r 33 lakh per aana,7,Land,"Lubhu  Lalitpur Metropolis, Lalitpur",10312487.947406866
Land for Sale - Rs 45 Lakh Per Aana,"['land', 'sale', 'r', '45', 'lakh', 'per', 'aana']",land sale r 45 lakh per aana,7,Land,"Bhaisepati,Sano Khokana  21 Lalitpur Metropolis, Lalitpur",14624967.129291452
Land for Sale - Rs 4 Crore 25 Lakh,"['land', 'sale', 'r', 'crore', '25', 'lakh']",land sale r crore 25 lakh,6,Land,"Hattigauda  Budhanilkantha, Kathmandu",42500000.0
Land for Sale - Rs 38 Lakh Per Aana,"['land', 'sale', 'r', '38', 'lakh', 'per', 'aana']",land sale r 38 lakh per aana,7,Land,"Imadol  Lalitpur Metropolis, Lalitpur",11400000.0
Land for Sale - Rs 4 Crore 10 Lakh,"['land', 'sale', 'r', 'crore', '10', 'lakh']",land sale r crore 10 lakh,6,Land,"Bhangal  Budhanilkantha, Kathmandu",41000000.0
Land for Sale - Rs 1 Crore 60 Lakh,"['land', 'sale', 'r', 'crore', '60', 'lakh']",land sale r crore 60 lakh,6,Land,"Lubhu  Lalitpur Metropolis, Lalitpur",16000000.0
Land for Sale - Rs 45 Lakh Per Aana,"['land', 'sale', 'r', '45', 'lakh', 'per', 'aana']",land sale r 45 lakh per aana,7,Land,"Imadol  Lalitpur Metropolis, Lalitpur",20249934.258582905
Land for Sale - Rs 1 Crore 10 Lakh,"['land', 'sale', 'r', 'crore', '10', 'lakh']",land sale r crore 10 lakh,6,Land,"Gothatar 8 Kathmandu Metropolis, Kathmandu",11000000.0
Land for Sale - Rs 90 Lakh Per Aana,"['land', 'sale', 'r', '90', 'lakh', 'per', 'aana']",land sale r 90 lakh per aana,7,Land,"gairidhara  Kathmandu Metropolis, Kathmandu",108000000.0
Land for Sale - Rs 30 Lakh Per Aana,"['land', 'sale', 'r', '30', 'lakh', 'per', 'aana']",land sale r 30 lakh per aana,7,Land,"tokha  Tokha, Kathmandu",10874945.215485755
Land for Sale - Rs 41 Lakh Per Aana,"['land', 'sale', 'r', '41', 'lakh', 'per', 'aana']",land sale r 41 lakh per aana,7,Land,"Imadol 3 Mahalaxmi, Lalitpur",24600000.0
Land for Sale - Rs 24 Lakh Per Aaana,"['land', 'sale', 'r', '24', 'lakh', 'per', 'aaana']",land sale r 24 lakh per aaana,7,Land,"Tikathali 7 Mahalaxmi, Lalitpur",2400000.0
Land for Sale - Rs 3 Crore,"['land', 'sale', 'r', 'crore']",land sale r crore,4,Land,"Sitapaila 4 Nagarjun, Kathmandu",30000000.0
Land for Sale - Rs 35 Lakh Per Aana,"['land', 'sale', 'r', '35', 'lakh', 'per', 'aana']",land sale r 35 lakh per aana,7,Land,"budhanilkantha  Budhanilkantha, Kathmandu",21000000.0
Land for Sale - Rs 13 Lakh 13Lakh,"['land', 'sale', 'r', '13', 'lakh', '13lakh']",land sale r 13 lakh 13lakh,6,Land,"Godamchaur 1 Godawari, Lalitpur",1300000.0
Land for Sale - Rs 70 Lakh Per Aana,"['land', 'sale', 'r', '70', 'lakh', 'per', 'aana']",land sale r 70 lakh per aana,7,Land,"basundhara  Kathmandu Metropolis, Kathmandu",52062410.518626735
Land for Sale - Rs 4 Crore 90 Lakh,"['land', 'sale', 'r', 'crore', '90', 'lakh']",land sale r crore 90 lakh,6,Land,"Imadol  Lalitpur Metropolis, Lalitpur",49000000.0
Land for Sale - Rs 42 Lakh Per Aana,"['land', 'sale', 'r', '42', 'lakh', 'per', 'aana']",land sale r 42 lakh per aana,7,Land,"Sanagaun  Lalitpur Metropolis, Lalitpur",16800000.0
Land for Sale - Rs 34 Lakh Per Aana,"['land', 'sale', 'r', '34', 'lakh', 'per', 'aana']",land sale r 34 lakh per aana,7,Land,"Imadol  Lalitpur Metropolis, Lalitpur",17000000.0
Land for Sale - Rs 35 Lakh Per Aana,"['land', 'sale', 'r', '35', 'lakh', 'per', 'aana']",land sale r 35 lakh per aana,7,Land,"Gothatar 8 Kageshwori Manohara, Kathmandu",10500000.0
Land for Sale - Rs 2 Crore 20 Lakh,"['land', 'sale', 'r', 'crore', '20', 'lakh']",land sale r crore 20 lakh,6,Land,"Thankot 6 Chandragiri, Kathmandu",22000000.0
Land for Sale - Rs 2 Crore 80 Lakh,"['land', 'sale', 'r', 'crore', '80', 'lakh']",land sale r crore 80 lakh,6,Land,"Manmaiju  Tarakeshor, Kathmandu",28000000.0
Land for Sale - Rs 4 Crore 50 Lakh,"['land', 'sale', 'r', 'crore', '50', 'lakh']",land sale r crore 50 lakh,6,Land,"Pasikot  Budhanilkantha, Kathmandu",45000000.0
Land for Sale - Rs 4 Crore 45 Lakh,"['land', 'sale', 'r', 'crore', '45', 'lakh']",land sale r crore 45 lakh,6,Land,"Bhangal  Budhanilkantha, Kathmandu",44500000.0
Land for Sale - Rs 32 Lakh Per Aana,"['land', 'sale', 'r', '32', 'lakh', 'per', 'aana']",land sale r 32 lakh per aana,7,Land,"Dhapakhel  Lalitpur Metropolis, Lalitpur",11200046.749452155
Land for Sale - Rs 1 Crore 70 Lakh,"['land', 'sale', 'r', 'crore', '70', 'lakh']",land sale r crore 70 lakh,6,Land,"Godawari 14 14 Godawari, Lalitpur",17000000.0
Land for Sale - Rs 3 Crore 85 Lakh,"['land', 'sale', 'r', 'crore', '85', 'lakh']",land sale r crore 85 lakh,6,Land,"budhanilkantha  Budhanilkantha, Kathmandu",38500000.0
Land for Rent - Rs 85 Thousand Per Month,"['land', 'rent', 'r', '85', 'thousand', 'per', 'month']",land rent r 85 thousand per month,7,Land,"Dhumbarahi  Kathmandu Metropolis, Kathmandu",85000.0
Land for Sale - Rs 40 Lakh,"['land', 'sale', 'r', '40', 'lakh']",land sale r 40 lakh,5,Land,"Imadol  Lalitpur Metropolis, Lalitpur",4000000.0
Land for Sale - Rs 12 Crore,"['land', 'sale', 'r', '12', 'crore']",land sale r 12 crore,5,Land,"New road 8 Pokhara Metropolis, Kaski",120000000.0
Land for Sale - Rs 45 Lakh Per Aana,"['land', 'sale', 'r', '45', 'lakh', 'per', 'aana']",land sale r 45 lakh per aana,7,Land,"budhanilkantha  Budhanilkantha, Kathmandu",31500000.0
Land for Sale - Rs 45 Lakh Per Aana,"['land', 'sale', 'r', '45', 'lakh', 'per', 'aana']",land sale r 45 lakh per aana,7,Land,"budhanilkantha  Budhanilkantha, Kathmandu",22500000.0
Land for Sale - Rs 3 Crore 30 Lakh,"['land', 'sale', 'r', 'crore', '30', 'lakh']",land sale r crore 30 lakh,6,Land,"Bhangal  Budhanilkantha, Kathmandu",33000000.0
Land for Sale - Rs 3 Crore 50 Lakh,"['land', 'sale', 'r', 'crore', '50', 'lakh']",land sale r crore 50 lakh,6,Land,"akasedhara  Budhanilkantha, Kathmandu",35000000.0
Land for Sale - Rs 9 Crore,"['land', 'sale', 'r', 'crore']",land sale r crore,4,Land,"Hattigauda  Budhanilkantha, Kathmandu",90000000.0
Land for Sale - Rs 42 Lakh Per Aana,"['land', 'sale', 'r', '42', 'lakh', 'per', 'aana']",land sale r 42 lakh per aana,7,Land,"Imadol  Lalitpur Metropolis, Lalitpur",16800000.0
Land for Sale - Rs 3 Crore 95 Lakh,"['land', 'sale', 'r', 'crore', '95', 'lakh']",land sale r crore 95 lakh,6,Land,"budhanilkantha  Budhanilkantha, Kathmandu",39500000.0
Land for Sale - Rs 13 Lakh Per Aaana,"['land', 'sale', 'r', '13', 'lakh', 'per', 'aaana']",land sale r 13 lakh per aaana,7,Land,"Dahachowk 1 Chandragiri, Kathmandu",1300000.0
Land for Sale - Rs 35 Lakh Per Aana,"['land', 'sale', 'r', '35', 'lakh', 'per', 'aana']",land sale r 35 lakh per aana,7,Land,"tokha  Tokha, Kathmandu",14525025.566106644
Land for Sale - Rs 3 Crore 75 Lakh,"['land', 'sale', 'r', 'crore', '75', 'lakh']",land sale r crore 75 lakh,6,Land,"budhanilkantha  Budhanilkantha, Kathmandu",37500000.0
Land for Sale - Rs 5 Crore 25 Lakh,"['land', 'sale', 'r', 'crore', '25', 'lakh']",land sale r crore 25 lakh,6,Land,"budhanilkantha,kalika park  Budhanilkantha, Kathmandu",52500000.0
Land for Sale - Rs 4 Crore 25 Lakh,"['land', 'sale', 'r', 'crore', '25', 'lakh']",land sale r crore 25 lakh,6,Land,"kalika garden,budhanilkantha  Budhanilkantha, Kathmandu",42500000.0
Land for Sale - Rs 42 Lakh Per Aana,"['land', 'sale', 'r', '42', 'lakh', 'per', 'aana']",land sale r 42 lakh per aana,7,Land,"Pasikot  Budhanilkantha, Kathmandu",147000000.0
Land for Sale - Rs 4 Crore 80 Lakh,"['land', 'sale', 'r', 'crore', '80', 'lakh']",land sale r crore 80 lakh,6,Land,"budhanilkantha,deuwa chowk  Budhanilkantha, Kathmandu",48000000.0
"Land for Sale - Rs 1 Crore 68 Lakh 21,00,000","['land', 'sale', 'r', 'crore', '68', 'lakh', '2100000']",land sale r crore 68 lakh 2100000,7,Land,"Thaiba 14 Godawari, Lalitpur",16800000.0
Land for Sale - Rs 1 Crore 45 Lakh 2900000,"['land', 'sale', 'r', 'crore', '45', 'lakh', '2900000']",land sale r crore 45 lakh 2900000,7,Land,"Chhaling 6 Changunarayan, Bhaktapur",14500000.0
Land for Sale - Rs 40 Lakh Per Aana,"['land', 'sale', 'r', '40', 'lakh', 'per', 'aana']",land sale r 40 lakh per aana,7,Land,"Thimi  Madhyapur Thimi, Bhaktapur",25999941.563184805
Land for Sale - Rs 30 Lakh 7 per ana,"['land', 'sale', 'r', '30', 'lakh', 'per', 'ana']",land sale r 30 lakh per ana,7,Land,"Sajbhote  Bhanu, Tanahun",3000000.0
Land for Sale - Rs 1 Crore 60 Lakh 4 Per Aana,"['land', 'sale', 'r', 'crore', '60', 'lakh', 'per', 'aana']",land sale r crore 60 lakh per aana,8,Land,"Dashdhunga  Devghat, Tanahun",636376917.4579985
Land for Sale - Rs 1 Crore 75 Lakh,"['land', 'sale', 'r', 'crore', '75', 'lakh']",land sale r crore 75 lakh,6,Land,"Bode  Madhyapur Thimi, Bhaktapur",17500000.0
Land for Sale - Rs 40 Lakh Per Aana,"['land', 'sale', 'r', '40', 'lakh', 'per', 'aana']",land sale r 40 lakh per aana,7,Land,"Imadol  Lalitpur Metropolis, Lalitpur",16000000.0
Land for Sale - Rs 2 Crore 35 Lakh,"['land', 'sale', 'r', 'crore', '35', 'lakh']",land sale r crore 35 lakh,6,Land,"Imadol  Lalitpur Metropolis, Lalitpur",23500000.0
Land for Sale - Rs 56 Lakh Per Aana,"['land', 'sale', 'r', '56', 'lakh', 'per', 'aana']",land sale r 56 lakh per aana,7,Land,"Sanothimi  Madhyapur Thimi, Bhaktapur",44800000.0
Land for Sale - Rs 2 Crore 50 Lakh 2 aana 2 paisa,"['land', 'sale', 'r', 'crore', '50', 'lakh', 'aana', 'paisa']",land sale r crore 50 lakh aana paisa,8,Land,"Pepsicola  Select Municipality, Lalitpur",25000000.0
Land for Sale - Rs 2 Crore 20 Lakh,"['land', 'sale', 'r', 'crore', '20', 'lakh']",land sale r crore 20 lakh,6,Land,"Imadol  Lalitpur Metropolis, Lalitpur",22000000.0
Land for Sale - Rs 39 Lakh Per Aana,"['land', 'sale', 'r', '39', 'lakh', 'per', 'aana']",land sale r 39 lakh per aana,7,Land,"Harisiddhi  Lalitpur Metropolis, Lalitpur",11700000.0
Land for Sale - Rs 3 Crore 8 Lakh,"['land', 'sale', 'r', 'crore', 'lakh']",land sale r crore lakh,5,Land,"sunkhani 8 Shivapuri, Nuwakot",30800000.0
Land for Sale - Rs 45 Lakh,"['land', 'sale', 'r', '45', 'lakh']",land sale r 45 lakh,5,Land,"Ranipauwa 4 Kakani, Nuwakot",4500000.0
Land for Sale - Rs 20 Lakh,"['land', 'sale', 'r', '20', 'lakh']",land sale r 20 lakh,5,Land,"sunkhani 8 Shivapuri, Nuwakot",2000000.0
Land for Sale - Rs 59 Lakh Per Aana,"['land', 'sale', 'r', '59', 'lakh', 'per', 'aana']",land sale r 59 lakh per aana,7,Land,"sanothimi  Madhyapur Thimi, Bhaktapur",29500000.0
Land for Sale - Rs 27 Lakh Per Aana,"['land', 'sale', 'r', '27', 'lakh', 'per', 'aana']",land sale r 27 lakh per aana,7,Land,"Godamchaur 1 Godawari, Lalitpur",9450039.444850257
Land for Sale - Rs 2 Crore 75 Lakh,"['land', 'sale', 'r', 'crore', '75', 'lakh']",land sale r crore 75 lakh,6,Land,"Tokha  Tokha, Kathmandu",27500000.0
Land for Sale - Rs 65 Lakh Per Aana,"['land', 'sale', 'r', '65', 'lakh', 'per', 'aana']",land sale r 65 lakh per aana,7,Land,"Samakhusi  Kathmandu Metropolis, Kathmandu",26000000.0
Land for Sale - Rs 30 Lakh Per Aana,"['land', 'sale', 'r', '30', 'lakh', 'per', 'aana']",land sale r 30 lakh per aana,7,Land,"tokha  Tokha, Kathmandu",9000000.0
Land for Sale - Rs 35 Lakh Per Aana,"['land', 'sale', 'r', '35', 'lakh', 'per', 'aana']",land sale r 35 lakh per aana,7,Land,"Mulpani  Kathmandu Metropolis, Kathmandu",14000000.0
Land for Sale - Rs 3 Crore 85 Lakh,"['land', 'sale', 'r', 'crore', '85', 'lakh']",land sale r crore 85 lakh,6,Land,"Baidam 6 Pokhara Metropolis, Kaski",38500000.0
Land for Sale - Rs 2 Crore 80 Lakh,"['land', 'sale', 'r', 'crore', '80', 'lakh']",land sale r crore 80 lakh,6,Land,"Ganeshthan 11 Tokha, Kathmandu",28000000.0
Land for Sale - Rs 65 Lakh Per Aana,"['land', 'sale', 'r', '65', 'lakh', 'per', 'aana']",land sale r 65 lakh per aana,7,Land,"Sanothimi  Madhyapur Thimi, Bhaktapur",26000000.0
Land for Sale - Rs 26 Lakh Per Aana,"['land', 'sale', 'r', '26', 'lakh', 'per', 'aana']",land sale r 26 lakh per aana,7,Land,"Sirutar  Madhyapur Thimi, Bhaktapur",13324990.50401753
Land for Sale - Rs 58 Lakh Per Aana,"['land', 'sale', 'r', '58', 'lakh', 'per', 'aana']",land sale r 58 lakh per aana,7,Land,"Sanothimi  Madhyapur Thimi, Bhaktapur",20300084.73338203
Land for Sale - Rs 57 Lakh Per Aana,"['land', 'sale', 'r', '57', 'lakh', 'per', 'aana']",land sale r 57 lakh per aana,7,Land,"Sanothimi  Madhyapur Thimi, Bhaktapur",28500000.0
Land for Sale - Rs 60 Lakh Per Aana,"['land', 'sale', 'r', '60', 'lakh', 'per', 'aana']",land sale r 60 lakh per aana,7,Land,"Debeshori futsal  Madhyapur Thimi, Bhaktapur",48000000.0
Land for Sale - Rs 65 Lakh Per Aana,"['land', 'sale', 'r', '65', 'lakh', 'per', 'aana']",land sale r 65 lakh per aana,7,Land,"Lokanthali  Madhyapur Thimi, Bhaktapur",22750094.959824692
Land for Sale - Rs 20 Lakh Per Aana,"['land', 'sale', 'r', '20', 'lakh', 'per', 'aana']",land sale r 20 lakh per aana,7,Land,"Kalanki  Kathmandu Metropolis, Kathmandu",10000000.0
Land for Sale - Rs 48 Lakh Per Aana,"['land', 'sale', 'r', '48', 'lakh', 'per', 'aana']",land sale r 48 lakh per aana,7,Land,"Hattiban  Lalitpur Metropolis, Lalitpur",21599929.87582177
Land for Sale - Rs 2 Crore 80 Lakh,"['land', 'sale', 'r', 'crore', '80', 'lakh']",land sale r crore 80 lakh,6,Land,"miyapatan  13 Pokhara Metropolis, Kaski",28000000.0
Land for Sale - Rs 3 Crore 25 Lakh,"['land', 'sale', 'r', 'crore', '25', 'lakh']",land sale r crore 25 lakh,6,Land,"Kusunti  Lalitpur Metropolis, Lalitpur",32500000.0
Land for Sale - Rs 37 Lakh Per Aana,"['land', 'sale', 'r', '37', 'lakh', 'per', 'aana']",land sale r 37 lakh per aana,7,Land,"Balkot  Madhyapur Thimi, Bhaktapur",14800000.0
Land for Sale - Rs 45 Lakh Per Aana,"['land', 'sale', 'r', '45', 'lakh', 'per', 'aana']",land sale r 45 lakh per aana,7,Land,"Imadol  Lalitpur Metropolis, Lalitpur",14343725.346968591
Land for Sale - Rs 55 Lakh Per Aana,"['land', 'sale', 'r', '55', 'lakh', 'per', 'aana']",land sale r 55 lakh per aana,7,Land,"Balkot  Kathmandu Metropolis, Kathmandu",13749919.64937911
Land for Sale - Rs 40 Lakh Per Aana,"['land', 'sale', 'r', '40', 'lakh', 'per', 'aana']",land sale r 40 lakh per aana,7,Land,"Imadol 4 Mahalaxmi, Lalitpur",24000000.0
Land for Sale - Rs 40 Lakh Per Aana,"['land', 'sale', 'r', '40', 'lakh', 'per', 'aana']",land sale r 40 lakh per aana,7,Land,"Sanagaun  Lalitpur Metropolis, Lalitpur",12999970.781592404
Land for Sale - Rs 3 Crore 15 Lakh,"['land', 'sale', 'r', 'crore', '15', 'lakh']",land sale r crore 15 lakh,6,Land,"Imadol -1 Mahalaxmi, Lalitpur",31500000.0
Land for Sale - Rs 26 Lakh Per Aana,"['land', 'sale', 'r', '26', 'lakh', 'per', 'aana']",land sale r 26 lakh per aana,7,Land,"Duwakot  Madhyapur Thimi, Bhaktapur",10400000.0
Land for Sale - Rs 44 Lakh Per Aana,"['land', 'sale', 'r', '44', 'lakh', 'per', 'aana']",land sale r 44 lakh per aana,7,Land,"Kausaltar  Madhyapur Thimi, Bhaktapur",10999935.719503287
Land for Sale - Rs 55 Lakh Per Aana,"['land', 'sale', 'r', '55', 'lakh', 'per', 'aana']",land sale r 55 lakh per aana,7,Land,"Bhaisepati  Lalitpur Metropolis, Lalitpur",22000000.0
Land for Sale - Rs 4 Crore 40 Lakh,"['land', 'sale', 'r', 'crore', '40', 'lakh']",land sale r crore 40 lakh,6,Land,"Bhangal  Budhanilkantha, Kathmandu",44000000.0
Land for Sale - Rs 4 Crore 95 Lakh,"['land', 'sale', 'r', 'crore', '95', 'lakh']",land sale r crore 95 lakh,6,Land,"Imadol  Lalitpur Metropolis, Lalitpur",49500000.0
Land for Sale - Rs 50 Lakh Per Aana,"['land', 'sale', 'r', '50', 'lakh', 'per', 'aana']",land sale r 50 lakh per aana,7,Land,"Tokha  Kathmandu Metropolis, Kathmandu",20000000.0
Land for Sale - Rs 30 Lakh Per Aana,"['land', 'sale', 'r', '30', 'lakh', 'per', 'aana']",land sale r 30 lakh per aana,7,Land,"Dahachowk 1 Chandragiri, Kathmandu",12000000.0
Land for Sale - Rs 32 Lakh Per Aana,"['land', 'sale', 'r', '32', 'lakh', 'per', 'aana']",land sale r 32 lakh per aana,7,Land,"Dahachowk  Chandragiri, Kathmandu",11200046.749452155
Land for Sale - Rs 55 Lakh Per Aana,"['land', 'sale', 'r', '55', 'lakh', 'per', 'aana']",land sale r 55 lakh per aana,7,Land,"Nikosera  Madhyapur Thimi, Bhaktapur",49500000.0
Land for Sale - Rs 4 Crore 20 Lakh,"['land', 'sale', 'r', 'crore', '20', 'lakh']",land sale r crore 20 lakh,6,Land,"Sanothimi  Madhyapur Thimi, Bhaktapur",42000000.0
Land for Sale - Rs 1 Crore 65 Lakh,"['land', 'sale', 'r', 'crore', '65', 'lakh']",land sale r crore 65 lakh,6,Land,"Imadol  Lalitpur Metropolis, Lalitpur",16500000.0
Land for Sale - Rs 55 Lakh Per Aana,"['land', 'sale', 'r', '55', 'lakh', 'per', 'aana']",land sale r 55 lakh per aana,7,Land,"Chapali  Budhanilkantha, Kathmandu",33000000.0
Land for Sale - Rs 65 Lakh Per Aana,"['land', 'sale', 'r', '65', 'lakh', 'per', 'aana']",land sale r 65 lakh per aana,7,Land,"Imadol  Lalitpur Metropolis, Lalitpur",37374857.56026297
Land for Sale - Rs 6 Crore 75 Lakh,"['land', 'sale', 'r', 'crore', '75', 'lakh']",land sale r crore 75 lakh,6,Land,"Near Rai School  Kathmandu Metropolis, Kathmandu",67500000.0
Land for Sale - Rs 53 Lakh Per Aana,"['land', 'sale', 'r', '53', 'lakh', 'per', 'aana']",land sale r 53 lakh per aana,7,Land,"Tokha Height  Tokha, Kathmandu",15900000.0
Land for Sale - Rs 52 Lakh Per Aana,"['land', 'sale', 'r', '52', 'lakh', 'per', 'aana']",land sale r 52 lakh per aana,7,Land,"Bhaisepati  Lalitpur Metropolis, Lalitpur",31200000.0
Land for Sale - Rs 43 Lakh Per Aana,"['land', 'sale', 'r', '43', 'lakh', 'per', 'aana']",land sale r 43 lakh per aana,7,Land,"Kausaltar  Madhyapur Thimi, Bhaktapur",29024905.770635497
Land for Sale - Rs 38 Lakh Per Aana,"['land', 'sale', 'r', '38', 'lakh', 'per', 'aana']",land sale r 38 lakh per aana,7,Land,"Tokha  Budhanilkantha, Kathmandu",19000000.0
Land for Sale - Rs 1 Crore 65 Lakh,"['land', 'sale', 'r', 'crore', '65', 'lakh']",land sale r crore 65 lakh,6,Land,"sallaghari  Suryabinayak, Bhaktapur",16500000.0
Land for Sale - Rs 50 Lakh Per Aana,"['land', 'sale', 'r', '50', 'lakh', 'per', 'aana']",land sale r 50 lakh per aana,7,Land,"Imadol 1 Mahalaxmi, Lalitpur",20000000.0
Land for Sale - Rs 5 Crore 25 Lakh,"['land', 'sale', 'r', 'crore', '25', 'lakh']",land sale r crore 25 lakh,6,Land,"Gongabu  Budhanilkantha, Kathmandu",52500000.0
Land for Sale - Rs 1 Crore 65 Lakh,"['land', 'sale', 'r', 'crore', '65', 'lakh']",land sale r crore 65 lakh,6,Land,"Balkot  Changunarayan, Bhaktapur",16500000.0
Land for Sale - Rs 43 Lakh Per Aana,"['land', 'sale', 'r', '43', 'lakh', 'per', 'aana']",land sale r 43 lakh per aana,7,Land,"Hattigauda  Budhanilkantha, Kathmandu",18274968.59021183
Land for Sale - Rs 58 Lakh Per Aana,"['land', 'sale', 'r', '58', 'lakh', 'per', 'aana']",land sale r 58 lakh per aana,7,Land,"Bhaisepati  Lalitpur Metropolis, Lalitpur",30449957.633308984
Land for Sale - Rs 43 Lakh Per Aana,"['land', 'sale', 'r', '43', 'lakh', 'per', 'aana']",land sale r 43 lakh per aana,7,Land,"Balkot  Madhyapur Thimi, Bhaktapur",16662390.065741416
House for Sale - Rs 3 Crore 70 Lakh,"['house', 'sale', 'r', 'crore', '70', 'lakh']",house sale r crore 70 lakh,6,House,"Dhumbarahi 4 Kathmandu Metropolis, Kathmandu",37000000.0
Land for Sale - Rs 4 Crore 25 Lakh,"['land', 'sale', 'r', 'crore', '25', 'lakh']",land sale r crore 25 lakh,6,Land,"Balkot -2 Select Municipality, Bhaktapur",42500000.0
Land for Sale - Rs 2 Crore 40 Lakh,"['land', 'sale', 'r', 'crore', '40', 'lakh']",land sale r crore 40 lakh,6,Land,"Thimi  Madhyapur Thimi, Bhaktapur",24000000.0
Land for Sale - Rs 3 Crore 30 Lakh,"['land', 'sale', 'r', 'crore', '30', 'lakh']",land sale r crore 30 lakh,6,Land,"Sanagaun 6 Mahalaxmi, Lalitpur",33000000.0
Land for Sale - Rs 2 Crore 30 Lakh,"['land', 'sale', 'r', 'crore', '30', 'lakh']",land sale r crore 30 lakh,6,Land,"Dadhikot  Changunarayan, Bhaktapur",23000000.0
Land for Sale - Rs 47 Lakh Per Aana,"['land', 'sale', 'r', '47', 'lakh', 'per', 'aana']",land sale r 47 lakh per aana,7,Land,"Hattigauda  Budhanilkantha, Kathmandu",18800000.0
Land for Sale - Rs 43 Lakh Per Aana,"['land', 'sale', 'r', '43', 'lakh', 'per', 'aana']",land sale r 43 lakh per aana,7,Land,"Mulpani  Kathmandu Metropolis, Kathmandu",28487421.475529585
Land for Sale - Rs 2 Crore Per Aana,"['land', 'sale', 'r', 'crore', 'per', 'aana']",land sale r crore per aana,6,Land,"Harisiddhi, Lalitpur  Mahalaxmi, Lalitpur",80000000.0
Land for Sale - Rs 8 Crore 75 Lakh,"['land', 'sale', 'r', 'crore', '75', 'lakh']",land sale r crore 75 lakh,6,Land,"Budhanilkantha  Kathmandu Metropolis, Kathmandu",87500000.0
Land for Sale - Rs 62 Lakh Per Aana,"['land', 'sale', 'r', '62', 'lakh', 'per', 'aana']",land sale r 62 lakh per aana,7,Land,"Pepsicola  Kathmandu Metropolis, Kathmandu",35649864.134404674
Land for Sale - Rs 2 Crore 30 Lakh,"['land', 'sale', 'r', 'crore', '30', 'lakh']",land sale r crore 30 lakh,6,Land,"Imadol  Lalitpur Metropolis, Lalitpur",23000000.0
Land for Sale - Rs 4 Crore 55 Lakh,"['land', 'sale', 'r', 'crore', '55', 'lakh']",land sale r crore 55 lakh,6,Land,"Imadol  Lalitpur Metropolis, Lalitpur",45500000.0
Land for Sale - Rs 37 Lakh Per Aana,"['land', 'sale', 'r', '37', 'lakh', 'per', 'aana']",land sale r 37 lakh per aana,7,Land,"Nikosera  Madhyapur Thimi, Bhaktapur",33300000.0
Land for Sale - Rs 4 Crore 20 Lakh,"['land', 'sale', 'r', 'crore', '20', 'lakh']",land sale r crore 20 lakh,6,Land,"Budhanilkantha  Kathmandu Metropolis, Kathmandu",42000000.0
Land for Sale - Rs 40 Lakh Per Aana,"['land', 'sale', 'r', '40', 'lakh', 'per', 'aana']",land sale r 40 lakh per aana,7,Land,"kausaltar  Madhyapur Thimi, Bhaktapur",16000000.0
Land for Sale - Rs 3 Crore 5 Lakh,"['land', 'sale', 'r', 'crore', 'lakh']",land sale r crore lakh,5,Land,"Budhanilkantha  Budhanilkantha, Kathmandu",30500000.0
Land for Sale - Rs 52 Lakh Per Aana,"['land', 'sale', 'r', '52', 'lakh', 'per', 'aana']",land sale r 52 lakh per aana,7,Land,"Lokanthali  Madhyapur Thimi, Bhaktapur",20800000.0
Land for Sale - Rs 60 Lakh Per Aana,"['land', 'sale', 'r', '60', 'lakh', 'per', 'aana']",land sale r 60 lakh per aana,7,Land,"Suncity  Kageshwori, Kathmandu",24000000.0
Land for Sale - Rs 1 Crore 65 Lakh,"['land', 'sale', 'r', 'crore', '65', 'lakh']",land sale r crore 65 lakh,6,Land,"Salaghari  Suryabinayak, Bhaktapur",16500000.0
Land for Sale - Rs 28 Lakh Per Aana,"['land', 'sale', 'r', '28', 'lakh', 'per', 'aana']",land sale r 28 lakh per aana,7,Land,"Balkot  Suryabinayak, Bhaktapur",11760000.0
Land for Sale - Rs 50 Lakh Per Aana,"['land', 'sale', 'r', '50', 'lakh', 'per', 'aana']",land sale r 50 lakh per aana,7,Land,"Balkot  Suryabinayak, Bhaktapur",20000000.0
Land for Sale - Rs 15 Lakh Per Aana,"['land', 'sale', 'r', '15', 'lakh', 'per', 'aana']",land sale r 15 lakh per aana,7,Land,"Dhachowk, Thankot 01 Chandragiri, Kathmandu",23864134.404674947
Land for Sale - Rs 20 Lakh Per Aana,"['land', 'sale', 'r', '20', 'lakh', 'per', 'aana']",land sale r 20 lakh per aana,7,Land,"Dukuchhap, Karyabinayak 02 Lalitpur Metropolis, Lalitpur",10000000.0
Land for Sale - Rs 3 Crore 30 Lakh,"['land', 'sale', 'r', 'crore', '30', 'lakh']",land sale r crore 30 lakh,6,Land,"Matatirtha 8 Chandragiri, Kathmandu",33000000.0
Land for Sale - Rs 58 Lakh Per Aana,"['land', 'sale', 'r', '58', 'lakh', 'per', 'aana']",land sale r 58 lakh per aana,7,Land,"Ghathaghar  Suryabinayak, Bhaktapur",34800000.0
Land for Sale - Rs 3 Crore,"['land', 'sale', 'r', 'crore']",land sale r crore,4,Land,"dillibazar 29 Kathmandu Metropolis, Kathmandu",30000000.0
Land for Sale - Rs 75 Lakh Per Aana,"['land', 'sale', 'r', '75', 'lakh', 'per', 'aana']",land sale r 75 lakh per aana,7,Land,"Baluwatar 04 Kathmandu Metropolis, Kathmandu",26250109.56902849
Land for Sale - Rs 45 Lakh Per Aana,"['land', 'sale', 'r', '45', 'lakh', 'per', 'aana']",land sale r 45 lakh per aana,7,Land,"Pasikot  Budhanilkantha, Kathmandu",20655032.870708548
Land for Sale - Rs 3 Crore 30 Lakh,"['land', 'sale', 'r', 'crore', '30', 'lakh']",land sale r crore 30 lakh,6,Land,"Baluwatar 4 Kathmandu Metropolis, Kathmandu",33000000.0
Land for Sale - Rs 2 Crore 80 Lakh,"['land', 'sale', 'r', 'crore', '80', 'lakh']",land sale r crore 80 lakh,6,Land,"Lubhu  Mahalaxmi, Lalitpur",28000000.0
Land for Sale - Rs 55 Lakh Per Aana,"['land', 'sale', 'r', '55', 'lakh', 'per', 'aana']",land sale r 55 lakh per aana,7,Land,"Kalanki  Kathmandu Metropolis, Kathmandu",71500000.0
Land for Sale - Rs 2 Crore 70 Lakh,"['land', 'sale', 'r', 'crore', '70', 'lakh']",land sale r crore 70 lakh,6,Land,"Sanagaun  Mahalaxmi, Lalitpur",27000000.0
Land for Sale - Rs 40 Lakh Per Aana,"['land', 'sale', 'r', '40', 'lakh', 'per', 'aana']",land sale r 40 lakh per aana,7,Land,"Sanothimi  Madhyapur Thimi, Bhaktapur",24000000.0
Land for Sale - Rs 63 Lakh Per Aana,"['land', 'sale', 'r', '63', 'lakh', 'per', 'aana']",land sale r 63 lakh per aana,7,Land,"Divyeshwori  Madhyapur Thimi, Bhaktapur",34650092.03798393
Land for Sale - Rs 37 Lakh Per Aana,"['land', 'sale', 'r', '37', 'lakh', 'per', 'aana']",land sale r 37 lakh per aana,7,Land,"Mulpani  Kathmandu Metropolis, Kathmandu",29600000.0
Land for Sale - Rs 38 Lakh Per Aana,"['land', 'sale', 'r', '38', 'lakh', 'per', 'aana']",land sale r 38 lakh per aana,7,Land,"Sanagaun  Lalitpur Metropolis, Lalitpur",13299944.485025564
Land for Sale - Rs 3 Crore 75 Lakh,"['land', 'sale', 'r', 'crore', '75', 'lakh']",land sale r crore 75 lakh,6,Land,"Balkot  Suryabinayak, Bhaktapur",37500000.0
Land for Sale - Rs 65 Lakh Per Aana,"['land', 'sale', 'r', '65', 'lakh', 'per', 'aana']",land sale r 65 lakh per aana,7,Land,"Imadol  Lalitpur Metropolis, Lalitpur",58500000.0
Land for Sale - Rs 55 Lakh Per Aana,"['land', 'sale', 'r', '55', 'lakh', 'per', 'aana']",land sale r 55 lakh per aana,7,Land,"basundhara   Kathmandu Metropolis, Kathmandu",19250080.350620892
Land for Sale - Rs 5 Crore 10 Lakh,"['land', 'sale', 'r', 'crore', '10', 'lakh']",land sale r crore 10 lakh,6,Land,"Imadol | Sital Height Pharmacy 0 Mahalaxmi, Lalitpur",51000000.0
Land for Sale - Rs 2 Lakh 70 Thousand Per Dhur,"['land', 'sale', 'r', 'lakh', '70', 'thousand', 'per', 'dhur']",land sale r lakh 70 thousand per dhur,8,Land,"Bhairahawa 09 Siddharthanagar, Rupandehi",29430000.0
Land for Sale - Rs 5 Lakh 50 Thousand Per Dhur,"['land', 'sale', 'r', 'lakh', '50', 'thousand', 'per', 'dhur']",land sale r lakh 50 thousand per dhur,8,Land,"Bhairahawa 09 Siddharthanagar, Rupandehi",6600000.0
Land for Sale - Rs 4 Crore 65 Lakh,"['land', 'sale', 'r', 'crore', '65', 'lakh']",land sale r crore 65 lakh,6,Land,"Imadol | Sital Height 2 Mahalaxmi, Lalitpur",46500000.0
Land for Sale - Rs 4 Crore 15 Lakh,"['land', 'sale', 'r', 'crore', '15', 'lakh']",land sale r crore 15 lakh,6,Land,"Tempo Park 3 Mahalaxmi, Lalitpur",41500000.0
Land for Sale - Rs 4 Lakh Per Dhur,"['land', 'sale', 'r', 'lakh', 'per', 'dhur']",land sale r lakh per dhur,6,Land,"Rajpur-Geta 7 Godawari, Seti, Kailali",17600000.0
Land for Sale - Rs 3 Crore 50 Lakh,"['land', 'sale', 'r', 'crore', '50', 'lakh']",land sale r crore 50 lakh,6,Land,"Pawan Prakriti school 04 Mahalaxmi, Lalitpur",35000000.0
Land for Sale - Rs 1 Crore 50 Lakh,"['land', 'sale', 'r', 'crore', '50', 'lakh']",land sale r crore 50 lakh,6,Land,"Motichowk 7 Dhangadhi, Kailali",15000000.0
Land for Sale - Rs 2 Crore 90 Lakh,"['land', 'sale', 'r', 'crore', '90', 'lakh']",land sale r crore 90 lakh,6,Land,"Imadol | Pawan Prakriti School 05 Mahalaxmi, Lalitpur",29000000.0
Land for Sale - Rs 2 Crore 35 Lakh,"['land', 'sale', 'r', 'crore', '35', 'lakh']",land sale r crore 35 lakh,6,Land,"imadol  Mahalaxmi, Lalitpur",23500000.0
Land for Sale - Rs 65 Lakh Per Aana,"['land', 'sale', 'r', '65', 'lakh', 'per', 'aana']",land sale r 65 lakh per aana,7,Land,"imadol  Mahalaxmi, Lalitpur",26000000.0
Land for Sale - Rs 1 Crore 250000,"['land', 'sale', 'r', 'crore', '250000']",land sale r crore 250000,5,Land,"Vays 4  4 Vyas, Tanahun",10000000.0
Land for Sale - Rs 23 Lakh Per Aana,"['land', 'sale', 'r', '23', 'lakh', 'per', 'aana']",land sale r 23 lakh per aana,7,Land,"Sudal, chayamasingh  03 Chyamasingh, Bhaktapur",41400000.0
Land for Sale - Rs 3 Crore 25 Lakh,"['land', 'sale', 'r', 'crore', '25', 'lakh']",land sale r crore 25 lakh,6,Land,"Manmaiju 11 Tarakeshor, Kathmandu",32500000.0
Land for Sale - Rs 2 Crore 35 Lakh,"['land', 'sale', 'r', 'crore', '35', 'lakh']",land sale r crore 35 lakh,6,Land,"Imadol -2 Mahalaxmi, Lalitpur",23500000.0
Land for Sale - Rs 3 Crore 30 Lakh,"['land', 'sale', 'r', 'crore', '30', 'lakh']",land sale r crore 30 lakh,6,Land,"Hattiban  Lalitpur Metropolis, Lalitpur",33000000.0
Land for Sale - Rs 4 Crore,"['land', 'sale', 'r', 'crore']",land sale r crore,4,Land,"Imadol -1 Mahalaxmi, Lalitpur",40000000.0
Land for Sale - Rs 2 Crore 80 Lakh,"['land', 'sale', 'r', 'crore', '80', 'lakh']",land sale r crore 80 lakh,6,Land,"Hattiban  Lalitpur Metropolis, Lalitpur",28000000.0
Land for Sale - Rs 2 Crore 40 Lakh,"['land', 'sale', 'r', 'crore', '40', 'lakh']",land sale r crore 40 lakh,6,Land,"Tikathali 1 Mahalaxmi, Lalitpur",24000000.0
Land for Sale - Rs 3 Crore 25 Lakh,"['land', 'sale', 'r', 'crore', '25', 'lakh']",land sale r crore 25 lakh,6,Land,"Tikathali 4 Mahalaxmi, Lalitpur",32500000.0
Land for Sale - Rs 1 Crore 55 Lakh Per Aana,"['land', 'sale', 'r', 'crore', '55', 'lakh', 'per', 'aana']",land sale r crore 55 lakh per aana,8,Land,"Balkhu 14 Kathmandu Metropolis, Kathmandu",46500000.0
Land for Sale - Rs 65 Lakh Per Aana,"['land', 'sale', 'r', '65', 'lakh', 'per', 'aana']",land sale r 65 lakh per aana,7,Land,"Imadol  Lalitpur Metropolis, Lalitpur",26000000.0
Land for Sale - Rs 3 Crore 50 Lakh,"['land', 'sale', 'r', 'crore', '50', 'lakh']",land sale r crore 50 lakh,6,Land,"Imadol | Sital Height pharmacy 04 Mahalaxmi, Lalitpur",35000000.0
Land for Sale - Rs 2 Crore 25 Lakh,"['land', 'sale', 'r', 'crore', '25', 'lakh']",land sale r crore 25 lakh,6,Land,"Tempo Park 04 Mahalaxmi, Lalitpur",22500000.0
Land for Rent - Rs 35 Lakh Per Aana,"['land', 'rent', 'r', '35', 'lakh', 'per', 'aana']",land rent r 35 lakh per aana,7,Land,"Mulpani  Kageshwori Manohara, Kathmandu",14000000.0
Land for Sale - Rs 3 Crore 40 Lakh,"['land', 'sale', 'r', 'crore', '40', 'lakh']",land sale r crore 40 lakh,6,Land,"Balkot  Madhyapur Thimi, Bhaktapur",34000000.0
Land for Sale - Rs 58 Lakh Per Aana,"['land', 'sale', 'r', '58', 'lakh', 'per', 'aana']",land sale r 58 lakh per aana,7,Land,"Pepsicola  Kathmandu Metropolis, Kathmandu",21749872.899926953
Land for Sale - Rs 31 Lakh Per Aana,"['land', 'sale', 'r', '31', 'lakh', 'per', 'aana']",land sale r 31 lakh per aana,7,Land,"Chunikhel 13 Budhanilkantha, Kathmandu",12400000.0
Land for Sale - Rs 3 Crore 50 Lakh,"['land', 'sale', 'r', 'crore', '50', 'lakh']",land sale r crore 50 lakh,6,Land,"Imadol | Pawan Prakriti school 04 Mahalaxmi, Lalitpur",35000000.0
Land for Sale - Rs 4 Crore 45 Lakh,"['land', 'sale', 'r', 'crore', '45', 'lakh']",land sale r crore 45 lakh,6,Land,"Imadol | Cozy home  Mahalaxmi, Lalitpur",44500000.0
Land for Sale - Rs 30 Lakh Per Aana,"['land', 'sale', 'r', '30', 'lakh', 'per', 'aana']",land sale r 30 lakh per aana,7,Land,"Nakhipot 25 Lalitpur Metropolis, Lalitpur",47728268.809349895
Land for Sale - Rs 28 Lakh Per Aana,"['land', 'sale', 'r', '28', 'lakh', 'per', 'aana']",land sale r 28 lakh per aana,7,Land,"Lubhu  Lalitpur Metropolis, Lalitpur",11200000.0
Land for Sale - Rs 55 Lakh Per Aana,"['land', 'sale', 'r', '55', 'lakh', 'per', 'aana']",land sale r 55 lakh per aana,7,Land,"Ghathaghar  Madhyapur Thimi, Bhaktapur",22000000.0
Land for Sale - Rs 48 Lakh Per Aana,"['land', 'sale', 'r', '48', 'lakh', 'per', 'aana']",land sale r 48 lakh per aana,7,Land,"Imadol  Lalitpur Metropolis, Lalitpur",38400000.0
Land for Sale - Rs 70 Lakh Per Aana,"['land', 'sale', 'r', '70', 'lakh', 'per', 'aana']",land sale r 70 lakh per aana,7,Land,"Dhumbarahi  Kathmandu Metropolis, Kathmandu",49000000.0
Land for Sale - Rs 2 Crore 50 Lakh,"['land', 'sale', 'r', 'crore', '50', 'lakh']",land sale r crore 50 lakh,6,Land,"Mulpani  Kathmandu Metropolis, Kathmandu",25000000.0
Land for Sale - Rs 3 Crore 45 Lakh,"['land', 'sale', 'r', 'crore', '45', 'lakh']",land sale r crore 45 lakh,6,Land,"Imadol | Bhadrakali Petrol Pump  Mahalaxmi, Lalitpur",34500000.0
Land for Sale - Rs 40 Lakh Per Aana,"['land', 'sale', 'r', '40', 'lakh', 'per', 'aana']",land sale r 40 lakh per aana,7,Land,"Tersatar  Madhyapur Thimi, Bhaktapur",16000000.0
Land for Sale - Rs 4 Crore 80 Lakh,"['land', 'sale', 'r', 'crore', '80', 'lakh']",land sale r crore 80 lakh,6,Land,"Dholahiti  Lalitpur Metropolis, Lalitpur",48000000.0
Land for Sale - Rs 2 Crore 80 Lakh,"['land', 'sale', 'r', 'crore', '80', 'lakh']",land sale r crore 80 lakh,6,Land,"Baikunthapuri Aawas 10 Tokha, Kathmandu",28000000.0
Land for Sale - Rs 3 Crore 95 Lakh,"['land', 'sale', 'r', 'crore', '95', 'lakh']",land sale r crore 95 lakh,6,Land,"Shirjana 10 Tokha, Kathmandu",39500000.0
Land for Sale - Rs 2 Crore 60 Lakh,"['land', 'sale', 'r', 'crore', '60', 'lakh']",land sale r crore 60 lakh,6,Land,"Dhalmal 3 Tokha, Kathmandu",26000000.0
Land for Sale - Rs 4 Crore 25 Lakh,"['land', 'sale', 'r', 'crore', '25', 'lakh']",land sale r crore 25 lakh,6,Land,"Khumaltar  Lalitpur Metropolis, Lalitpur",42500000.0
Land for Sale - Rs 2 Crore 35 Lakh,"['land', 'sale', 'r', 'crore', '35', 'lakh']",land sale r crore 35 lakh,6,Land,"Tikathali | Bhatbhateni 06 Mahalaxmi, Lalitpur",23500000.0
Land for Sale - Rs 55 Lakh Per Aana,"['land', 'sale', 'r', '55', 'lakh', 'per', 'aana']",land sale r 55 lakh per aana,7,Land,"Sanothimi  Madhyapur Thimi, Bhaktapur",27500000.0
Land for Sale - Rs 3 Crore 50 Lakh,"['land', 'sale', 'r', 'crore', '50', 'lakh']",land sale r crore 50 lakh,6,Land,"Imadol | Sital Height pharmacy  Mahalaxmi, Lalitpur",35000000.0
Land for Sale - Rs 5 Crore 95 Lakh,"['land', 'sale', 'r', 'crore', '95', 'lakh']",land sale r crore 95 lakh,6,Land,"Baniyatar 8 Tokha, Kathmandu",59500000.0
Land for Sale - Rs 70 Lakh Per Aana,"['land', 'sale', 'r', '70', 'lakh', 'per', 'aana']",land sale r 70 lakh per aana,7,Land,"sukedhara   Kathmandu Metropolis, Kathmandu",38500102.26442659
Land for Sale - Rs 2 Crore 65 Lakh,"['land', 'sale', 'r', 'crore', '65', 'lakh']",land sale r crore 65 lakh,6,Land,"Imadol  Mahalaxmi, Lalitpur",26500000.0
Land for Sale - Rs 3 Crore 40 Lakh,"['land', 'sale', 'r', 'crore', '40', 'lakh']",land sale r crore 40 lakh,6,Land,"Suntol  Godawari, Lalitpur",34000000.0
Land for Sale - Rs 2 Crore 35 Lakh,"['land', 'sale', 'r', 'crore', '35', 'lakh']",land sale r crore 35 lakh,6,Land,"Tikathali  Mahalaxmi, Lalitpur",23500000.0
Land for Sale - Rs 2 Crore 80 Lakh,"['land', 'sale', 'r', 'crore', '80', 'lakh']",land sale r crore 80 lakh,6,Land,"Kusunti  Lalitpur Metropolis, Lalitpur",28000000.0
Land for Sale - Rs 3 Crore 65 Lakh,"['land', 'sale', 'r', 'crore', '65', 'lakh']",land sale r crore 65 lakh,6,Land,"Lalitpur, Imadol 03 Mahalaxmi, Lalitpur",36500000.0
Land for Sale - Rs 1 Crore 60 Lakh,"['land', 'sale', 'r', 'crore', '60', 'lakh']",land sale r crore 60 lakh,6,Land,"Hiledol 10 Tarakeshwor, Kathmandu",16000000.0
Land for Sale - Rs 50 Lakh Per Aana,"['land', 'sale', 'r', '50', 'lakh', 'per', 'aana']",land sale r 50 lakh per aana,7,Land,"Thimi  Madhyapur Thimi, Bhaktapur",35000000.0
Land for Sale - Rs 40 Lakh Per Aana,"['land', 'sale', 'r', '40', 'lakh', 'per', 'aana']",land sale r 40 lakh per aana,7,Land,"Thimi  Madhyapur Thimi, Bhaktapur",24000000.0
Land for Sale - Rs 2 Crore 20 Lakh,"['land', 'sale', 'r', 'crore', '20', 'lakh']",land sale r crore 20 lakh,6,Land,"Imadol  Mahalaxmi, Lalitpur",22000000.0
Land for Sale - Rs 4 Crore 75 Lakh,"['land', 'sale', 'r', 'crore', '75', 'lakh']",land sale r crore 75 lakh,6,Land,"sukedhara  Kathmandu Metropolis, Kathmandu",47500000.0
Land for Sale - Rs 50 Lakh Per Aana,"['land', 'sale', 'r', '50', 'lakh', 'per', 'aana']",land sale r 50 lakh per aana,7,Land,"Imadol  Lalitpur Metropolis, Lalitpur",20000000.0
Land for Sale - Rs 2 Crore 95 Lakh,"['land', 'sale', 'r', 'crore', '95', 'lakh']",land sale r crore 95 lakh,6,Land,"Dhapakhel  Lalitpur Metropolis, Lalitpur",29500000.0
Land for Sale - Rs 70 Lakh Per Aana,"['land', 'sale', 'r', '70', 'lakh', 'per', 'aana']",land sale r 70 lakh per aana,7,Land,"Bansbari 3 Kathmandu Metropolis, Kathmandu",28000000.0
Land for Sale - Rs 30 Lakh Per Aana,"['land', 'sale', 'r', '30', 'lakh', 'per', 'aana']",land sale r 30 lakh per aana,7,Land,"Imadol  Lalitpur Metropolis, Lalitpur",9000000.0
Land for Sale - Rs 50 Lakh Per Aana,"['land', 'sale', 'r', '50', 'lakh', 'per', 'aana']",land sale r 50 lakh per aana,7,Land,"Imadol  Lalitpur Metropolis, Lalitpur",15000000.0
Land for Sale - Rs 4 Crore 40 Lakh,"['land', 'sale', 'r', 'crore', '40', 'lakh']",land sale r crore 40 lakh,6,Land,"Bhangal height  Budhanilkantha, Kathmandu",44000000.0
Land for Sale - Rs 3 Crore,"['land', 'sale', 'r', 'crore']",land sale r crore,4,Land,"Dhalmal 3 Tokha, Kathmandu",30000000.0
Land for Sale - Rs 1 Crore 70 Lakh,"['land', 'sale', 'r', 'crore', '70', 'lakh']",land sale r crore 70 lakh,6,Land,"Dhaneshwor 3 Tokha, Kathmandu",17000000.0
Land for Sale - Rs 3 Crore 20 Lakh,"['land', 'sale', 'r', 'crore', '20', 'lakh']",land sale r crore 20 lakh,6,Land,"Gairigaun 3 Tokha, Kathmandu",32000000.0
Land for Sale - Rs 2 Crore 90 Lakh,"['land', 'sale', 'r', 'crore', '90', 'lakh']",land sale r crore 90 lakh,6,Land,"Dhaneshwor 3 Tokha, Kathmandu",29000000.0
Land for Sale - Rs 1 Crore 65 Lakh,"['land', 'sale', 'r', 'crore', '65', 'lakh']",land sale r crore 65 lakh,6,Land,"Baluwapati 3 Tokha, Kathmandu",16500000.0
Land for Sale - Rs 3 Crore 40 Lakh,"['land', 'sale', 'r', 'crore', '40', 'lakh']",land sale r crore 40 lakh,6,Land,"Baluwapati 3 Tokha, Kathmandu",34000000.0
Land for Sale - Rs 2 Crore 80 Lakh,"['land', 'sale', 'r', 'crore', '80', 'lakh']",land sale r crore 80 lakh,6,Land,"Dhaneshwor 3 Tokha, Kathmandu",28000000.0
Land for Sale - Rs 5 Crore 55 Lakh,"['land', 'sale', 'r', 'crore', '55', 'lakh']",land sale r crore 55 lakh,6,Land,"Imadol  Mahalaxmi, Lalitpur",55500000.0
Land for Sale - Rs 6 Crore 50 Lakh,"['land', 'sale', 'r', 'crore', '50', 'lakh']",land sale r crore 50 lakh,6,Land,"Imadol  Mahalaxmi, Lalitpur",65000000.0
Land for Sale - Rs 1 Crore 40 Lakh,"['land', 'sale', 'r', 'crore', '40', 'lakh']",land sale r crore 40 lakh,6,Land,"Imadol  Mahalaxmi, Lalitpur",14000000.0
Land for Sale - Rs 3 Crore 50 Lakh,"['land', 'sale', 'r', 'crore', '50', 'lakh']",land sale r crore 50 lakh,6,Land,"Imadol  Mahalaxmi, Lalitpur",35000000.0
Land for Sale - Rs 7 Crore 95 Lakh,"['land', 'sale', 'r', 'crore', '95', 'lakh']",land sale r crore 95 lakh,6,Land,"Imadol, Lalitpur  Mahalaxmi, Lalitpur",79500000.0
Land for Sale - Rs 40 Lakh Per Aana,"['land', 'sale', 'r', '40', 'lakh', 'per', 'aana']",land sale r 40 lakh per aana,7,Land,"Bode  Madhyapur Thimi, Bhaktapur",16000000.0
Land for Sale - Rs 46 Lakh Per Aana,"['land', 'sale', 'r', '46', 'lakh', 'per', 'aana']",land sale r 46 lakh per aana,7,Land,"Kausaltar  Madhyapur Thimi, Bhaktapur",13800000.0
Land for Sale - Rs 3 Crore 30 Lakh,"['land', 'sale', 'r', 'crore', '30', 'lakh']",land sale r crore 30 lakh,6,Land,"Imadol 6 Mahalaxmi, Lalitpur",33000000.0
Land for Sale - Rs 4 Crore 55 Lakh,"['land', 'sale', 'r', 'crore', '55', 'lakh']",land sale r crore 55 lakh,6,Land,"Imadol 3 Mahalaxmi, Lalitpur",45500000.0
Land for Sale - Rs 1 Crore 99 Lakh,"['land', 'sale', 'r', 'crore', '99', 'lakh']",land sale r crore 99 lakh,6,Land,"Sanagaun  Mahalaxmi, Lalitpur",19900000.0
Land for Sale - Rs 1 Crore 90 Lakh,"['land', 'sale', 'r', 'crore', '90', 'lakh']",land sale r crore 90 lakh,6,Land,"Imadol 6 Mahalaxmi, Lalitpur",19000000.0
Land for Sale - Rs 45 Lakh Per Aana,"['land', 'sale', 'r', '45', 'lakh', 'per', 'aana']",land sale r 45 lakh per aana,7,Land,"Hattigauda  Budhanilkantha, Kathmandu",18000000.0
Land for Sale - Rs 7 Crore 60 Lakh,"['land', 'sale', 'r', 'crore', '60', 'lakh']",land sale r crore 60 lakh,6,Land,"Mansa devi cloney  Budhanilkantha, Kathmandu",76000000.0
Land for Sale - Rs 61 Lakh Per Aana,"['land', 'sale', 'r', '61', 'lakh', 'per', 'aana']",land sale r 61 lakh per aana,7,Land,"Kimdol, Swayambhu 14 Kathmandu Metropolis, Kathmandu",35074866.32578525
Land for Sale - Rs 42 Lakh Per Aana,"['land', 'sale', 'r', '42', 'lakh', 'per', 'aana']",land sale r 42 lakh per aana,7,Land,"Kausaltar  Madhyapur Thimi, Bhaktapur",29400000.0
Land for Sale - Rs 36 Lakh Per Aana,"['land', 'sale', 'r', '36', 'lakh', 'per', 'aana']",land sale r 36 lakh per aana,7,Land,"Sanagaun  Lalitpur Metropolis, Lalitpur",14400000.0
Land for Sale - Rs 3 Crore 35 Lakh,"['land', 'sale', 'r', 'crore', '35', 'lakh']",land sale r crore 35 lakh,6,Land,"Chunikhel  Budhanilkantha, Kathmandu",33500000.0
Land for Sale - Rs 1 Crore 80 Lakh,"['land', 'sale', 'r', 'crore', '80', 'lakh']",land sale r crore 80 lakh,6,Land,"Darjeeling height  Madhyapur Thimi, Bhaktapur",18000000.0
Land for Sale - Rs 55 Lakh Per Aana,"['land', 'sale', 'r', '55', 'lakh', 'per', 'aana']",land sale r 55 lakh per aana,7,Land,"Kausaltar  Madhyapur Thimi, Bhaktapur",20624879.474068664
Land for Sale - Rs 38 Lakh Per Aana,"['land', 'sale', 'r', '38', 'lakh', 'per', 'aana']",land sale r 38 lakh per aana,7,Land,"Imadol  Lalitpur Metropolis, Lalitpur",15200000.0
Land for Sale - Rs 55 Lakh Per Aana,"['land', 'sale', 'r', '55', 'lakh', 'per', 'aana']",land sale r 55 lakh per aana,7,Land,"Sanepa 0 Lalitpur Metropolis, Lalitpur",77000000.0
Land for Sale - Rs 45 Lakh Per Aana,"['land', 'sale', 'r', '45', 'lakh', 'per', 'aana']",land sale r 45 lakh per aana,7,Land,"Kausaltar  Madhyapur Thimi, Bhaktapur",15750065.741417097
Land for Sale - Rs 21 Lakh Per Aana,"['land', 'sale', 'r', '21', 'lakh', 'per', 'aana']",land sale r 21 lakh per aana,7,Land,"Nagdah  Lalitpur Metropolis, Lalitpur",6300000.0
Land for Sale - Rs 42 Lakh Per Aana,"['land', 'sale', 'r', '42', 'lakh', 'per', 'aana']",land sale r 42 lakh per aana,7,Land,"Imadol  Lalitpur Metropolis, Lalitpur",12600000.0
Land for Sale - Rs 1 Crore 28 Lakh Per Aana,"['land', 'sale', 'r', 'crore', '28', 'lakh', 'per', 'aana']",land sale r crore 28 lakh per aana,8,Land,"Lubhu  Lalitpur Metropolis, Lalitpur",51200000.0
Land for Sale - Rs 3 Crore 85 Lakh,"['land', 'sale', 'r', 'crore', '85', 'lakh']",land sale r crore 85 lakh,6,Land,"Dholahiti  Lalitpur Metropolis, Lalitpur",38500000.0
Land for Sale - Rs 2 Crore 50 Lakh,"['land', 'sale', 'r', 'crore', '50', 'lakh']",land sale r crore 50 lakh,6,Land,"Lubhu  Lalitpur Metropolis, Lalitpur",25000000.0
Land for Sale - Rs 27 Lakh Per Aana,"['land', 'sale', 'r', '27', 'lakh', 'per', 'aana']",land sale r 27 lakh per aana,7,Land,"Lubhu  Lalitpur Metropolis, Lalitpur",10800000.0
Land for Sale - Rs 26 Lakh Per Aana,"['land', 'sale', 'r', '26', 'lakh', 'per', 'aana']",land sale r 26 lakh per aana,7,Land,"Lubhu  Lalitpur Metropolis, Lalitpur",10562495.252008766
Land for Sale - Rs 50 Lakh Per Aana,"['land', 'sale', 'r', '50', 'lakh', 'per', 'aana']",land sale r 50 lakh per aana,7,Land,"Kausaltar  Madhyapur Thimi, Bhaktapur",25000000.0
Land for Sale - Rs 3 Crore 95 Lakh,"['land', 'sale', 'r', 'crore', '95', 'lakh']",land sale r crore 95 lakh,6,Land,"Imadol  Lalitpur Metropolis, Lalitpur",39500000.0
Land for Sale - Rs 26 Crore 40 Lakh,"['land', 'sale', 'r', '26', 'crore', '40', 'lakh']",land sale r 26 crore 40 lakh,7,Land,"Chhaling 0 Bhaktapur, Bhaktapur",264000000.0
Land for Sale - Rs 36 Lakh Per Aana,"['land', 'sale', 'r', '36', 'lakh', 'per', 'aana']",land sale r 36 lakh per aana,7,Land,"Lubhu  Lalitpur Metropolis, Lalitpur",14400000.0
Land for Sale - Rs 23 Lakh Per Aana,"['land', 'sale', 'r', '23', 'lakh', 'per', 'aana']",land sale r 23 lakh per aana,7,Land,"Sudal, 03, baghmara 03 Chayamasingh , Bhaktapur",20700000.0
Land for Sale - Rs 2 Crore 20 Lakh,"['land', 'sale', 'r', 'crore', '20', 'lakh']",land sale r crore 20 lakh,6,Land,"Lubhu  Lalitpur Metropolis, Lalitpur",22000000.0
Land for Sale - Rs 62 Lakh Per Aana,"['land', 'sale', 'r', '62', 'lakh', 'per', 'aana']",land sale r 62 lakh per aana,7,Land,"Lokanthali  Madhyapur Thimi, Bhaktapur",37200000.0
Land for Sale - Rs 5 Crore 80 Lakh,"['land', 'sale', 'r', 'crore', '80', 'lakh']",land sale r crore 80 lakh,6,Land,"Gothatar  Kathmandu Metropolis, Kathmandu",58000000.0
Land for Sale - Rs 43 Lakh Per Aana,"['land', 'sale', 'r', '43', 'lakh', 'per', 'aana']",land sale r 43 lakh per aana,7,Land,"Kausaltar  Madhyapur Thimi, Bhaktapur",25800000.0
Land for Sale - Rs 2 Crore 10 Lakh,"['land', 'sale', 'r', 'crore', '10', 'lakh']",land sale r crore 10 lakh,6,Land,"Mulpani  Kathmandu Metropolis, Kathmandu",21000000.0
Land for Sale - Rs 35 Lakh Per Aana,"['land', 'sale', 'r', '35', 'lakh', 'per', 'aana']",land sale r 35 lakh per aana,7,Land,"Darjeeling height  Madhyapur Thimi, Bhaktapur",31500000.0
Land for Sale - Rs 50 Lakh Per Aana,"['land', 'sale', 'r', '50', 'lakh', 'per', 'aana']",land sale r 50 lakh per aana,7,Land,"Kausaltar  Madhyapur Thimi, Bhaktapur",30000000.0
Land for Sale - Rs 58 Lakh Per Aana,"['land', 'sale', 'r', '58', 'lakh', 'per', 'aana']",land sale r 58 lakh per aana,7,Land,"Ghathaghar  Madhyapur Thimi, Bhaktapur",31900084.73338203
Land for Sale - Rs 12 Crore,"['land', 'sale', 'r', '12', 'crore']",land sale r 12 crore,5,Land,"Bhaisepati  Lalitpur Metropolis, Lalitpur",120000000.0
Land for Sale - Rs 50 Lakh Per Aana,"['land', 'sale', 'r', '50', 'lakh', 'per', 'aana']",land sale r 50 lakh per aana,7,Land,"Balkot  Madhyapur Thimi, Bhaktapur",15000000.0
Land for Sale - Rs 3 Crore 95 Lakh,"['land', 'sale', 'r', 'crore', '95', 'lakh']",land sale r crore 95 lakh,6,Land,"Imadol 4 Mahalaxmi, Lalitpur",39500000.0
Land for Sale - Rs 2 Crore 30 Lakh,"['land', 'sale', 'r', 'crore', '30', 'lakh']",land sale r crore 30 lakh,6,Land,"Sitapakha  Lalitpur Metropolis, Lalitpur",23000000.0
Land for Sale - Rs 57 Lakh Per Aana,"['land', 'sale', 'r', '57', 'lakh', 'per', 'aana']",land sale r 57 lakh per aana,7,Land,"Sirutar  Madhyapur Thimi, Bhaktapur",35624958.36376917
Land for Sale - Rs 40 Lakh Per Aana,"['land', 'sale', 'r', '40', 'lakh', 'per', 'aana']",land sale r 40 lakh per aana,7,Land,"Gothatar  Kathmandu Metropolis, Kathmandu",16749978.086194305
Land for Sale - Rs 1 Crore 70 Lakh,"['land', 'sale', 'r', 'crore', '70', 'lakh']",land sale r crore 70 lakh,6,Land,"Mulpani  Kathmandu Metropolis, Kathmandu",17000000.0
Land for Sale - Rs 40 Lakh,"['land', 'sale', 'r', '40', 'lakh']",land sale r 40 lakh,5,Land,"Helmet dada  Madhyapur Thimi, Bhaktapur",4000000.0
Land for Sale - Rs 3 Crore 35 Lakh,"['land', 'sale', 'r', 'crore', '35', 'lakh']",land sale r crore 35 lakh,6,Land,"Budhanilkanth  Kathmandu Metropolis, Kathmandu",33500000.0
Land for Sale - Rs 28 Lakh Per Aana,"['land', 'sale', 'r', '28', 'lakh', 'per', 'aana']",land sale r 28 lakh per aana,7,Land,"Lubhu  Lalitpur Metropolis, Lalitpur",8400000.0
Land for Sale - Rs 6 Crore 10 Lakh,"['land', 'sale', 'r', 'crore', '10', 'lakh']",land sale r crore 10 lakh,6,Land,"Baneshwor  Kathmandu Metropolis, Kathmandu",61000000.0
Land for Sale - Rs 2 Crore 75 Lakh,"['land', 'sale', 'r', 'crore', '75', 'lakh']",land sale r crore 75 lakh,6,Land,"Nakhipot  Lalitpur Metropolis, Lalitpur",27500000.0
Land for Sale - Rs 80 Lakh Per Aana,"['land', 'sale', 'r', '80', 'lakh', 'per', 'aana']",land sale r 80 lakh per aana,7,Land,"Pepsicola  Kathmandu Metropolis, Kathmandu",40000000.0
Land for Sale - Rs 24 Lakh Per Aana,"['land', 'sale', 'r', '24', 'lakh', 'per', 'aana']",land sale r 24 lakh per aana,7,Land,"Sudal 8 Changunarayan, Bhaktapur",10799964.937910885
Land for Sale - Rs 4 Crore 35 Lakh,"['land', 'sale', 'r', 'crore', '35', 'lakh']",land sale r crore 35 lakh,6,Land,"Imadol  Lalitpur Metropolis, Lalitpur",43500000.0
Land for Sale - Rs 2 Crore 75 Lakh,"['land', 'sale', 'r', 'crore', '75', 'lakh']",land sale r crore 75 lakh,6,Land,"Tikathali 5 Mahalaxmi, Lalitpur",27500000.0
Land for Sale - Rs 2 Crore 50 Lakh,"['land', 'sale', 'r', 'crore', '50', 'lakh']",land sale r crore 50 lakh,6,Land,"Tikathali -1 Lalitpur Metropolis, Lalitpur",25000000.0
Land for Sale - Rs 45 Lakh Per Aana,"['land', 'sale', 'r', '45', 'lakh', 'per', 'aana']",land sale r 45 lakh per aana,7,Land,"Tikathali 1 Lalitpur Metropolis, Lalitpur",16874901.38787436
Land for Sale - Rs 2 Crore 65 Lakh,"['land', 'sale', 'r', 'crore', '65', 'lakh']",land sale r crore 65 lakh,6,Land,"Tikathali 0 Lalitpur Metropolis, Lalitpur",26500000.0
Land for Sale - Rs 2 Crore 25 Lakh,"['land', 'sale', 'r', 'crore', '25', 'lakh']",land sale r crore 25 lakh,6,Land,"Tikathali 1 Lalitpur Metropolis, Lalitpur",22500000.0
Land for Sale - Rs 3 Crore 45 Lakh,"['land', 'sale', 'r', 'crore', '45', 'lakh']",land sale r crore 45 lakh,6,Land,"200 meters from Alpha Supermarket 8 Budhanilkantha, Kathmandu",34500000.0
Land for Sale - Rs 43 Lakh Per Aana,"['land', 'sale', 'r', '43', 'lakh', 'per', 'aana']",land sale r 43 lakh per aana,7,Land,"Imadol  Lalitpur Metropolis, Lalitpur",16124905.7706355
Land for Sale - Rs 2 Crore 20 Lakh,"['land', 'sale', 'r', 'crore', '20', 'lakh']",land sale r crore 20 lakh,6,Land,"Tikathali  Lalitpur Metropolis, Lalitpur",22000000.0
Land for Sale - Rs 4 Crore 95 Lakh,"['land', 'sale', 'r', 'crore', '95', 'lakh']",land sale r crore 95 lakh,6,Land,"Imadol 3 Lalitpur Metropolis, Lalitpur",49500000.0
Land for Sale - Rs 5 Lakh Per Aana,"['land', 'sale', 'r', 'lakh', 'per', 'aana']",land sale r lakh per aana,6,Land,"Near Ashapuri Temple  8 Suryabinayak, Bhaktapur",6500000.0
Land for Sale - Rs 24 Lakh Per Aana,"['land', 'sale', 'r', '24', 'lakh', 'per', 'aana']",land sale r 24 lakh per aana,7,Land,"Dadhikot 3 Suryabinayak, Bhaktapur",13199964.937910885
Land for Sale - Rs 4 Crore 10 Lakh,"['land', 'sale', 'r', 'crore', '10', 'lakh']",land sale r crore 10 lakh,6,Land,"Baniyatar 8 Tokha, Kathmandu",41000000.0
Land for Sale - Rs 58 Lakh Per Aana,"['land', 'sale', 'r', '58', 'lakh', 'per', 'aana']",land sale r 58 lakh per aana,7,Land,"Imadol  Lalitpur Metropolis, Lalitpur",50749872.89992695
Land for Sale - Rs 15 Crore,"['land', 'sale', 'r', '15', 'crore']",land sale r 15 crore,5,Land,"Budhanilkanth  Kathmandu Metropolis, Kathmandu",150000000.0
Land for Sale - Rs 40 Lakh Per Aana,"['land', 'sale', 'r', '40', 'lakh', 'per', 'aana']",land sale r 40 lakh per aana,7,Land,"Bhaisepati  Lalitpur Metropolis, Lalitpur",17999941.563184805
Land for Sale - Rs 32 Lakh Per Aana,"['land', 'sale', 'r', '32', 'lakh', 'per', 'aana']",land sale r 32 lakh per aana,7,Land,"Imadol  Lalitpur Metropolis, Lalitpur",8799929.875821767
Land for Sale - Rs 5 Crore 85 Lakh,"['land', 'sale', 'r', 'crore', '85', 'lakh']",land sale r crore 85 lakh,6,Land,"Gothatar  Kathmandu Metropolis, Kathmandu",58500000.0
Land for Sale - Rs 3 Crore 85 Lakh,"['land', 'sale', 'r', 'crore', '85', 'lakh']",land sale r crore 85 lakh,6,Land,"Gothatar  Kathmandu Metropolis, Kathmandu",38500000.0
Land for Sale - Rs 3 Crore 50 Lakh,"['land', 'sale', 'r', 'crore', '50', 'lakh']",land sale r crore 50 lakh,6,Land,"Gothatar  Kathmandu Metropolis, Kathmandu",35000000.0
Land for Sale - Rs 23 Lakh Per Aana,"['land', 'sale', 'r', '23', 'lakh', 'per', 'aana']",land sale r 23 lakh per aana,7,Land,"Thimi  Madhyapur Thimi, Bhaktapur",6612441.1979547115
Land for Sale - Rs 2 Crore 65 Lakh,"['land', 'sale', 'r', 'crore', '65', 'lakh']",land sale r crore 65 lakh,6,Land,"Tikathali  Lalitpur Metropolis, Lalitpur",26500000.0
Land for Sale - Rs 43 Lakh Per Aana,"['land', 'sale', 'r', '43', 'lakh', 'per', 'aana']",land sale r 43 lakh per aana,7,Land,"Sanothimi  Madhyapur Thimi, Bhaktapur",20424905.7706355
Land for Sale - Rs 50 Lakh Per Aana,"['land', 'sale', 'r', '50', 'lakh', 'per', 'aana']",land sale r 50 lakh per aana,7,Land,"Kausaltar  Madhyapur Thimi, Bhaktapur",15000000.0
Land for Sale - Rs 42 Lakh Per Aana,"['land', 'sale', 'r', '42', 'lakh', 'per', 'aana']",land sale r 42 lakh per aana,7,Land,"Tikathali  Lalitpur Metropolis, Lalitpur",12600000.0
Land for Sale - Rs 4 Crore 50 Lakh,"['land', 'sale', 'r', 'crore', '50', 'lakh']",land sale r crore 50 lakh,6,Land,"lakeside 6 Pokhara Metropolis, Kaski",45000000.0
Land for Sale - Rs 1 Crore 45 Lakh,"['land', 'sale', 'r', 'crore', '45', 'lakh']",land sale r crore 45 lakh,6,Land,"Lubhu  Mahalaxmi, Lalitpur",14500000.0
Land for Sale - Rs 1 Crore 55 Lakh,"['land', 'sale', 'r', 'crore', '55', 'lakh']",land sale r crore 55 lakh,6,Land,"Lubhu  Mahalaxmi, Lalitpur",15500000.0
Land for Sale - Rs 3 Crore 95 Lakh,"['land', 'sale', 'r', 'crore', '95', 'lakh']",land sale r crore 95 lakh,6,Land,"Bhangal height  Kathmandu Metropolis, Kathmandu",39500000.0
Land for Sale - Rs 2 Crore 55 Lakh,"['land', 'sale', 'r', 'crore', '55', 'lakh']",land sale r crore 55 lakh,6,Land,"Kadaghari Durbar Cloney  Kathmandu Metropolis, Kathmandu",25500000.0
Land for Sale - Rs 1 Crore 75 Lakh,"['land', 'sale', 'r', 'crore', '75', 'lakh']",land sale r crore 75 lakh,6,Land,"Mulpani  Kathmandu Metropolis, Kathmandu",17500000.0
Land for Sale - Rs 38 Lakh Per Aana,"['land', 'sale', 'r', '38', 'lakh', 'per', 'aana']",land sale r 38 lakh per aana,7,Land,"Hattiban  Lalitpur Metropolis, Lalitpur",17099944.485025566
Land for Sale - Rs 45 Lakh 10,"['land', 'sale', 'r', '45', 'lakh', '10']",land sale r 45 lakh 10,6,Land,"Thulo gadi 16 Bharatpur, Chitwan",4500000.0
Land for Sale - Rs 37 Lakh Per Aana,"['land', 'sale', 'r', '37', 'lakh', 'per', 'aana']",land sale r 37 lakh per aana,7,Land,"Hattiban  Lalitpur Metropolis, Lalitpur",14800000.0
Land for Sale - Rs 5 Crore 50 Lakh,"['land', 'sale', 'r', 'crore', '50', 'lakh']",land sale r crore 50 lakh,6,Land,"Shital height  Lalitpur Metropolis, Lalitpur",55000000.0
Land for Sale - Rs 3 Crore 90 Lakh,"['land', 'sale', 'r', 'crore', '90', 'lakh']",land sale r crore 90 lakh,6,Land,"Bhaisepatti  Lalitpur Metropolis, Lalitpur",39000000.0
Land for Sale - Rs 4 Crore,"['land', 'sale', 'r', 'crore']",land sale r crore,4,Land,"Chabahil 7 Kathmandu Metropolis, Kathmandu",40000000.0
Land for Sale - Rs 50 Lakh Per Aana,"['land', 'sale', 'r', '50', 'lakh', 'per', 'aana']",land sale r 50 lakh per aana,7,Land,"Hattiban  Lalitpur Metropolis, Lalitpur",20000000.0
Land for Sale - Rs 36 Lakh Per Aana,"['land', 'sale', 'r', '36', 'lakh', 'per', 'aana']",land sale r 36 lakh per aana,7,Land,"Bode  Madhyapur Thimi, Bhaktapur",11924967.129291454
Land for Sale - Rs 7 Crore 60 Lakh,"['land', 'sale', 'r', 'crore', '60', 'lakh']",land sale r crore 60 lakh,6,Land,"budhanilkanth  Kathmandu Metropolis, Kathmandu",76000000.0
Land for Sale - Rs 40 Lakh Per Aana,"['land', 'sale', 'r', '40', 'lakh', 'per', 'aana']",land sale r 40 lakh per aana,7,Land,"Imadol  Lalitpur Metropolis, Lalitpur",9999941.563184807
Land for Sale - Rs 2 Crore 50 Lakh,"['land', 'sale', 'r', 'crore', '50', 'lakh']",land sale r crore 50 lakh,6,Land,"Nakkhiport  Lalitpur Metropolis, Lalitpur",25000000.0
Land for Sale - Rs 31 Lakh Per Aana,"['land', 'sale', 'r', '31', 'lakh', 'per', 'aana']",land sale r 31 lakh per aana,7,Land,"Duwakot  Madhyapur Thimi, Bhaktapur",15500000.0
Land for Sale - Rs 4 Crore 20 Lakh,"['land', 'sale', 'r', 'crore', '20', 'lakh']",land sale r crore 20 lakh,6,Land,"Budhanilkanth  Kathmandu Metropolis, Kathmandu",42000000.0
Land for Sale - Rs 2 Crore 75 Lakh,"['land', 'sale', 'r', 'crore', '75', 'lakh']",land sale r crore 75 lakh,6,Land,"badikhel  Godawari, Lalitpur",27500000.0
Land for Sale - Rs 36 Lakh Per Aana,"['land', 'sale', 'r', '36', 'lakh', 'per', 'aana']",land sale r 36 lakh per aana,7,Land,"Hattiban  Lalitpur Metropolis, Lalitpur",13499921.110299489
Land for Sale - Rs 4 Crore,"['land', 'sale', 'r', 'crore']",land sale r crore,4,Land,"Sanepa -2 Lalitpur Metropolis, Lalitpur",40000000.0
Land for Sale - Rs 44 Lakh Per Aana,"['land', 'sale', 'r', '44', 'lakh', 'per', 'aana']",land sale r 44 lakh per aana,7,Land,"Imadol  Lalitpur Metropolis, Lalitpur",19799935.719503287
Land for Sale - Rs 48 Lakh Per Aana,"['land', 'sale', 'r', '48', 'lakh', 'per', 'aana']",land sale r 48 lakh per aana,7,Land,"Hattiban  Lalitpur Metropolis, Lalitpur",28800000.0
Land for Sale - Rs 3 Crore 25 Lakh,"['land', 'sale', 'r', 'crore', '25', 'lakh']",land sale r crore 25 lakh,6,Land,"Teku  Lalitpur Metropolis, Lalitpur",32500000.0
Land for Sale - Rs 4 Crore 55 Lakh,"['land', 'sale', 'r', 'crore', '55', 'lakh']",land sale r crore 55 lakh,6,Land,"Imadol 6 Lalitpur Metropolis, Lalitpur",45500000.0
Land for Sale - Rs 4 Crore 95 Lakh,"['land', 'sale', 'r', 'crore', '95', 'lakh']",land sale r crore 95 lakh,6,Land,"Imadol 6 Lalitpur Metropolis, Lalitpur",49500000.0
Land for Sale - Rs 4 Crore 60 Lakh,"['land', 'sale', 'r', 'crore', '60', 'lakh']",land sale r crore 60 lakh,6,Land,"Imadol 6 Lalitpur Metropolis, Lalitpur",46000000.0
Land for Sale - Rs 43 Lakh Per Aana,"['land', 'sale', 'r', '43', 'lakh', 'per', 'aana']",land sale r 43 lakh per aana,7,Land,"Imadol  Lalitpur Metropolis, Lalitpur",14512452.885317748
Land for Sale - Rs 54 Lakh Per Aana,"['land', 'sale', 'r', '54', 'lakh', 'per', 'aana']",land sale r 54 lakh per aana,7,Land,"Hattiban  Lalitpur Metropolis, Lalitpur",27000000.0
Land for Sale - Rs 21 Lakh Per Aana,"['land', 'sale', 'r', '21', 'lakh', 'per', 'aana']",land sale r 21 lakh per aana,7,Land,"Imadol  Lalitpur Metropolis, Lalitpur",6300000.0
Land for Sale - Rs 2 Crore 20 Lakh,"['land', 'sale', 'r', 'crore', '20', 'lakh']",land sale r crore 20 lakh,6,Land,"Lamatar  Lalitpur Metropolis, Lalitpur",22000000.0
Land for Sale - Rs 36 Lakh 50 Thousand Per Aana,"['land', 'sale', 'r', '36', 'lakh', '50', 'thousand', 'per', 'aana']",land sale r 36 lakh 50 thousand per aana,9,Land,"Sanagaun  Lalitpur Metropolis, Lalitpur",10950000.0
Land for Sale - Rs 4 Crore 90 Lakh,"['land', 'sale', 'r', 'crore', '90', 'lakh']",land sale r crore 90 lakh,6,Land,"Hattigauda 8 Budhanilkantha, Kathmandu",49000000.0
Land for Sale - Rs 90 Lakh Per Aana,"['land', 'sale', 'r', '90', 'lakh', 'per', 'aana']",land sale r 90 lakh per aana,7,Land,"Baneshwor  Kathmandu Metropolis, Kathmandu",45000000.0
Land for Sale - Rs 90 Lakh Per Aana,"['land', 'sale', 'r', '90', 'lakh', 'per', 'aana']",land sale r 90 lakh per aana,7,Land,"Baneshwor  Kathmandu Metropolis, Kathmandu",51749802.77574872
Land for Sale - Rs 80 Lakh Per Aana,"['land', 'sale', 'r', '80', 'lakh', 'per', 'aana']",land sale r 80 lakh per aana,7,Land,"Baneshwor  Kathmandu Metropolis, Kathmandu",40499985.39079621
Land for Sale - Rs 4 Crore 50 Lakh,"['land', 'sale', 'r', 'crore', '50', 'lakh']",land sale r crore 50 lakh,6,Land,"Bhaisepati  Lalitpur Metropolis, Lalitpur",45000000.0
Land for Sale - Rs 34 Lakh Per Aana,"['land', 'sale', 'r', '34', 'lakh', 'per', 'aana']",land sale r 34 lakh per aana,7,Land,"Lubhu  Lalitpur Metropolis, Lalitpur",13600000.0
Land for Sale - Rs 4 Crore 45 Lakh,"['land', 'sale', 'r', 'crore', '45', 'lakh']",land sale r crore 45 lakh,6,Land,"Buddhanilkanth  Kathmandu Metropolis, Kathmandu",44500000.0
Land for Sale - Rs 70 Lakh Per Aana,"['land', 'sale', 'r', '70', 'lakh', 'per', 'aana']",land sale r 70 lakh per aana,7,Land,"Gwarko 0 Lalitpur Metropolis, Lalitpur",28000000.0
Land for Sale - Rs 36 Lakh Per Aana,"['land', 'sale', 'r', '36', 'lakh', 'per', 'aana']",land sale r 36 lakh per aana,7,Land,"sanothimi  Madhyapur Thimi, Bhaktapur",15524967.129291454
Land for Sale - Rs 42 Lakh Per Aana,"['land', 'sale', 'r', '42', 'lakh', 'per', 'aana']",land sale r 42 lakh per aana,7,Land,"sanothimi  Madhyapur Thimi, Bhaktapur",19949907.962016072
Land for Sale - Rs 3 Crore 25 Lakh,"['land', 'sale', 'r', 'crore', '25', 'lakh']",land sale r crore 25 lakh,6,Land,"Pepsicola  Kathmandu Metropolis, Kathmandu",32500000.0
Land for Sale - Rs 9 Crore 80 Lakh 7000000,"['land', 'sale', 'r', 'crore', '80', 'lakh', '7000000']",land sale r crore 80 lakh 7000000,7,Land,"Hadigaun  Kathmandu Metropolis, Kathmandu",98000000.0
Land for Sale - Rs 13 Crore,"['land', 'sale', 'r', '13', 'crore']",land sale r 13 crore,5,Land,"gwarko  Kathmandu Metropolis, Kathmandu",130000000.0
Land for Sale - Rs 1 Crore 96 Lakh 4900000,"['land', 'sale', 'r', 'crore', '96', 'lakh', '4900000']",land sale r crore 96 lakh 4900000,7,Land,"Nagarjun  Kathmandu Metropolis, Kathmandu",19600000.0
Land for Sale - Rs 1 Crore 88 Lakh 42 Thousand 600,"['land', 'sale', 'r', 'crore', '88', 'lakh', '42', 'thousand', '600']",land sale r crore 88 lakh 42 thousand 600,9,Land,"Sarangkot  Pokhara Metropolis, Kaski",18842000.0
Land for Sale - Rs 12 Crore,"['land', 'sale', 'r', '12', 'crore']",land sale r 12 crore,5,Land,"Bishalnagar  Kathmandu Metropolis, Kathmandu",120000000.0
Land for Sale - Rs 28 Crore 52 Lakh 9200000,"['land', 'sale', 'r', '28', 'crore', '52', 'lakh', '9200000']",land sale r 28 crore 52 lakh 9200000,8,Land,"sanepa  Lalitpur Metropolis, Lalitpur",285200000.0
Land for Sale - Rs 21 Crore 10500000,"['land', 'sale', 'r', '21', 'crore', '10500000']",land sale r 21 crore 10500000,6,Land,"Bishalnagar  Kathmandu Metropolis, Kathmandu",210000000.0
Land for Sale - Rs 3 Crore 15 Lakh,"['land', 'sale', 'r', 'crore', '15', 'lakh']",land sale r crore 15 lakh,6,Land,"Chunikhel  Kathmandu Metropolis, Kathmandu",31500000.0
Land for Sale - Rs 37 Lakh Per Aana,"['land', 'sale', 'r', '37', 'lakh', 'per', 'aana']",land sale r 37 lakh per aana,7,Land,"Tikathali  Lalitpur Metropolis, Lalitpur",16649945.945945945
Land for Sale - Rs 32 Lakh Per Aana,"['land', 'sale', 'r', '32', 'lakh', 'per', 'aana']",land sale r 32 lakh per aana,7,Land,"Tikathali  Lalitpur Metropolis, Lalitpur",8799929.875821767
Land for Sale - Rs 3 Crore 65 Lakh,"['land', 'sale', 'r', 'crore', '65', 'lakh']",land sale r crore 65 lakh,6,Land,"Bhaisepati  Lalitpur Metropolis, Lalitpur",36500000.0
Land for Sale - Rs 1 Crore 10 Lakh,"['land', 'sale', 'r', 'crore', '10', 'lakh']",land sale r crore 10 lakh,6,Land,"Chauthe 14 Pokhara Metropolis, Kaski",11000000.0
Land for Sale - Rs 4 Crore,"['land', 'sale', 'r', 'crore']",land sale r crore,4,Land,"Galfutar  Budhanilkantha, Kathmandu",40000000.0
Land for Sale - Rs 5 Crore,"['land', 'sale', 'r', 'crore']",land sale r crore,4,Land,"Sonakothi  Lalitpur Metropolis, Lalitpur",50000000.0
Land for Sale - Rs 3 Crore 25 Lakh,"['land', 'sale', 'r', 'crore', '25', 'lakh']",land sale r crore 25 lakh,6,Land,"Bhaisepati  Lalitpur Metropolis, Lalitpur",32500000.0
Land for Sale - Rs 60 Lakh,"['land', 'sale', 'r', '60', 'lakh']",land sale r 60 lakh,5,Land,"Tikathali 7 Lalitpur Metropolis, Lalitpur",6000000.0
Land for Sale - Rs 38 Lakh Per Aana,"['land', 'sale', 'r', '38', 'lakh', 'per', 'aana']",land sale r 38 lakh per aana,7,Land,"Tikathali  Lalitpur Metropolis, Lalitpur",17099944.485025566
Land for Sale - Rs 3 Crore 70 Lakh,"['land', 'sale', 'r', 'crore', '70', 'lakh']",land sale r crore 70 lakh,6,Land,"Bhaisepati  Lalitpur Metropolis, Lalitpur",37000000.0
Land for Sale - Rs 34 Lakh Per Aana,"['land', 'sale', 'r', '34', 'lakh', 'per', 'aana']",land sale r 34 lakh per aana,7,Land,"Lubhu   Lalitpur Metropolis, Lalitpur",13600000.0
Land for Sale - Rs 1 Crore 75 Lakh,"['land', 'sale', 'r', 'crore', '75', 'lakh']",land sale r crore 75 lakh,6,Land,"Mulpani  Kageshwori Manohara, Kathmandu",17500000.0
Land for Sale - Rs 3 Crore 25 Lakh,"['land', 'sale', 'r', 'crore', '25', 'lakh']",land sale r crore 25 lakh,6,Land,"kusunti  Lalitpur Metropolis, Lalitpur",32500000.0
Land for Sale - Rs 37 Lakh 50 Thousand Per Aana,"['land', 'sale', 'r', '37', 'lakh', '50', 'thousand', 'per', 'aana']",land sale r 37 lakh 50 thousand per aana,9,Land,"Lubhu  Mahalaxmi, Lalitpur",33750000.0
Land for Sale - Rs 7 Crore 60 Lakh,"['land', 'sale', 'r', 'crore', '60', 'lakh']",land sale r crore 60 lakh,6,Land,"Buaddhanilkanth  Kathmandu Metropolis, Kathmandu",76000000.0
Land for Sale - Rs 27 Lakh Per Aana,"['land', 'sale', 'r', '27', 'lakh', 'per', 'aana']",land sale r 27 lakh per aana,7,Land,"Tikathali 6 Mahalaxmi, Lalitpur",13500000.0
Land for Sale - Rs 3 Crore 35 Lakh,"['land', 'sale', 'r', 'crore', '35', 'lakh']",land sale r crore 35 lakh,6,Land,"buddhanilkanth  Kathmandu Metropolis, Kathmandu",33500000.0
Land for Sale - Rs 48 Lakh Per Aana,"['land', 'sale', 'r', '48', 'lakh', 'per', 'aana']",land sale r 48 lakh per aana,7,Land,"Hattiban  Select Municipality, Lalitpur",28800000.0
Land for Sale - Rs 3 Crore 25 Lakh,"['land', 'sale', 'r', 'crore', '25', 'lakh']",land sale r crore 25 lakh,6,Land,"buddhanilkanth  Kathmandu Metropolis, Kathmandu",32500000.0
Land for Sale - Rs 2 Crore 75 Lakh,"['land', 'sale', 'r', 'crore', '75', 'lakh']",land sale r crore 75 lakh,6,Land,"Tikathali  Lalitpur Metropolis, Lalitpur",27500000.0
Land for Sale - Rs 3 Crore 90 Lakh,"['land', 'sale', 'r', 'crore', '90', 'lakh']",land sale r crore 90 lakh,6,Land,"Dhapakhel  Lalitpur Metropolis, Lalitpur",39000000.0
Land for Sale - Rs 40 Lakh Per Aana,"['land', 'sale', 'r', '40', 'lakh', 'per', 'aana']",land sale r 40 lakh per aana,7,Land,"hattiban dhapakhel  Lalitpur Metropolis, Lalitpur",16000000.0
Land for Sale - Rs 3 Crore 54 Lakh 99 Thousand 999,"['land', 'sale', 'r', 'crore', '54', 'lakh', '99', 'thousand', '999']",land sale r crore 54 lakh 99 thousand 999,9,Land,"Imadol  Lalitpur Metropolis, Lalitpur",35499000.0
Land for Sale - Rs 2 Crore 95 Lakh,"['land', 'sale', 'r', 'crore', '95', 'lakh']",land sale r crore 95 lakh,6,Land,"Imadol  Mahalaxmi, Lalitpur",29500000.0
Land for Sale - Rs 3 Crore 89 Lakh 99 Thousand 998 price on call,"['land', 'sale', 'r', 'crore', '89', 'lakh', '99', 'thousand', '998', 'price', 'call']",land sale r crore 89 lakh 99 thousand 998 price call,11,Land,"Imadol  Kathmandu Metropolis, Kathmandu",38999000.0
Land for Sale - Rs 3 Crore 90 Lakh,"['land', 'sale', 'r', 'crore', '90', 'lakh']",land sale r crore 90 lakh,6,Land,"Tikathali  Lalitpur Metropolis, Lalitpur",39000000.0
Land for Sale - Rs 3 Crore,"['land', 'sale', 'r', 'crore']",land sale r crore,4,Land,"Balkot 3 Bhaktapur, Bhaktapur",30000000.0
Land for Sale - Rs 43 Lakh Per Aana,"['land', 'sale', 'r', '43', 'lakh', 'per', 'aana']",land sale r 43 lakh per aana,7,Land,"Imadol  Mahalaxmi, Lalitpur",17200000.0
Land for Sale - Rs 3 Crore 65 Lakh,"['land', 'sale', 'r', 'crore', '65', 'lakh']",land sale r crore 65 lakh,6,Land,"Bhaisepatii  Lalitpur Metropolis, Lalitpur",36500000.0
Land for Sale - Rs 3 Crore 70 Lakh,"['land', 'sale', 'r', 'crore', '70', 'lakh']",land sale r crore 70 lakh,6,Land,"Imadol  Mahalaxmi, Lalitpur",37000000.0
Land for Sale - Rs 2 Crore 30 Lakh,"['land', 'sale', 'r', 'crore', '30', 'lakh']",land sale r crore 30 lakh,6,Land,"Imadol  Mahalaxmi, Lalitpur",23000000.0
Land for Sale - Rs 2 Crore 55 Lakh,"['land', 'sale', 'r', 'crore', '55', 'lakh']",land sale r crore 55 lakh,6,Land,"Tikathali  Mahalaxmi, Lalitpur",25500000.0
Land for Sale - Rs 1 Crore 53 Lakh 75 Thousand,"['land', 'sale', 'r', 'crore', '53', 'lakh', '75', 'thousand']",land sale r crore 53 lakh 75 thousand,8,Land,"Chitwan 1 Khairhani, Chitwan",15375000.0
Land for Sale - Rs 4 Crore 45 Lakh,"['land', 'sale', 'r', 'crore', '45', 'lakh']",land sale r crore 45 lakh,6,Land,"Budhanilkantha  Budhanilkantha, Kathmandu",44500000.0
Land for Sale - Rs 4 Crore 50 Lakh,"['land', 'sale', 'r', 'crore', '50', 'lakh']",land sale r crore 50 lakh,6,Land,"Gongabu  Budhanilkantha, Kathmandu",45000000.0
Land for Sale - Rs 3 Crore 25 Lakh,"['land', 'sale', 'r', 'crore', '25', 'lakh']",land sale r crore 25 lakh,6,Land,"Gongabu  Budhanilkantha, Kathmandu",32500000.0
Land for Sale - Rs 30 Lakh Per Aana,"['land', 'sale', 'r', '30', 'lakh', 'per', 'aana']",land sale r 30 lakh per aana,7,Land,"Sangla 1 Tarakeshor, Kathmandu",9374989.043097151
Land for Sale - Rs 1 Crore 5 Lakh,"['land', 'sale', 'r', 'crore', 'lakh']",land sale r crore lakh,5,Land,"Ramailo Danda 2 Tokha, Kathmandu",10500000.0
Land for Sale - Rs 1 Crore 60 Lakh,"['land', 'sale', 'r', 'crore', '60', 'lakh']",land sale r crore 60 lakh,6,Land,"Tokha-Saraswoti 3 Tokha, Kathmandu",16000000.0
Land for Sale - Rs 2 Crore 55 Lakh,"['land', 'sale', 'r', 'crore', '55', 'lakh']",land sale r crore 55 lakh,6,Land,"kadaghari  Kageshwori Manohara, Kathmandu",25500000.0
Land for Sale - Rs 9 Crore,"['land', 'sale', 'r', 'crore']",land sale r crore,4,Land,"Balkot  Suryabinayak, Bhaktapur",90000000.0
Land for Sale - Rs 38 Lakh Per Aana,"['land', 'sale', 'r', '38', 'lakh', 'per', 'aana']",land sale r 38 lakh per aana,7,Land,"Tikathali  Mahalaxmi, Lalitpur",17099944.485025566
Land for Sale - Rs 45 Lakh Per Aana,"['land', 'sale', 'r', '45', 'lakh', 'per', 'aana']",land sale r 45 lakh per aana,7,Land,"Balkot  Suryabinayak, Bhaktapur",27000000.0
Land for Sale - Rs 4 Crore 20 Lakh,"['land', 'sale', 'r', 'crore', '20', 'lakh']",land sale r crore 20 lakh,6,Land,"Gongabu  Budhanilkantha, Kathmandu",42000000.0
Land for Sale - Rs 4 Crore 50 Lakh,"['land', 'sale', 'r', 'crore', '50', 'lakh']",land sale r crore 50 lakh,6,Land,"Imadol  Mahalaxmi, Lalitpur",45000000.0
Land for Sale - Rs 2 Crore 90 Lakh,"['land', 'sale', 'r', 'crore', '90', 'lakh']",land sale r crore 90 lakh,6,Land,"Tikathali  Mahalaxmi, Lalitpur",29000000.0
Land for Sale - Rs 2 Crore 99 Lakh,"['land', 'sale', 'r', 'crore', '99', 'lakh']",land sale r crore 99 lakh,6,Land,"Imadol  Mahalaxmi, Lalitpur",29900000.0
Land for Sale - Rs 34 Lakh 340000,"['land', 'sale', 'r', '34', 'lakh', '340000']",land sale r 34 lakh 340000,6,Land,"Naranpur  5 Bharatpur, Chitwan",3400000.0
Land for Sale - Rs 5 Lakh 12 Thousand 550 Per Dhur,"['land', 'sale', 'r', 'lakh', '12', 'thousand', '550', 'per', 'dhur']",land sale r lakh 12 thousand 550 per dhur,9,Land,"Ratnanagar 04 Ratnanagar, Chitwan",4096000.0
Land for Sale - Rs 9 Crore 50 Lakh,"['land', 'sale', 'r', 'crore', '50', 'lakh']",land sale r crore 50 lakh,6,Land,"Pepsicola  Kathmandu Metropolis, Kathmandu",95000000.0
Land for Sale - Rs 43 Lakh Per Aana,"['land', 'sale', 'r', '43', 'lakh', 'per', 'aana']",land sale r 43 lakh per aana,7,Land,"Imadol  Mahalaxmi, Lalitpur",15050062.819576334
Land for Sale - Rs 6 Crore,"['land', 'sale', 'r', 'crore']",land sale r crore,4,Land,"dillibazzar  Kathmandu Metropolis, Kathmandu",60000000.0
Land for Sale - Rs 26 Lakh Per Aana,"['land', 'sale', 'r', '26', 'lakh', 'per', 'aana']",land sale r 26 lakh per aana,7,Land,"Thankot  Chandragiri, Kathmandu",7800000.0
Land for Sale - Rs 45 Lakh Per Aana,"['land', 'sale', 'r', '45', 'lakh', 'per', 'aana']",land sale r 45 lakh per aana,7,Land,"Imadol  Mahalaxmi, Lalitpur",42750065.741417095
Land for Sale - Rs 30 Lakh Per Aana,"['land', 'sale', 'r', '30', 'lakh', 'per', 'aana']",land sale r 30 lakh per aana,7,Land,"Dahachowk 1 Chandragiri, Kathmandu",12059956.172388606
Land for Sale - Rs 13 Crore,"['land', 'sale', 'r', '13', 'crore']",land sale r 13 crore,5,Land,"Banasthali 16 Kathmandu Metropolis, Kathmandu",130000000.0
Land for Sale - Rs 3 Crore 85 Lakh,"['land', 'sale', 'r', 'crore', '85', 'lakh']",land sale r crore 85 lakh,6,Land,"Khumaltar  Lalitpur Metropolis, Lalitpur",38500000.0
Land for Sale - Rs 1 Crore 45 Lakh,"['land', 'sale', 'r', 'crore', '45', 'lakh']",land sale r crore 45 lakh,6,Land,"Tikathali  5 Mahalaxmi, Lalitpur",14500000.0
Land for Sale - Rs 2 Crore 50 Lakh,"['land', 'sale', 'r', 'crore', '50', 'lakh']",land sale r crore 50 lakh,6,Land,"Baniyatar 8 Tokha, Kathmandu",25000000.0
Land for Sale - Rs 4 Crore 70 Lakh,"['land', 'sale', 'r', 'crore', '70', 'lakh']",land sale r crore 70 lakh,6,Land,"Imadol  Mahalaxmi, Lalitpur",47000000.0
Land for Sale - Rs 32 Lakh Per Aana,"['land', 'sale', 'r', '32', 'lakh', 'per', 'aana']",land sale r 32 lakh per aana,7,Land,"Sanagaun  Mahalaxmi, Lalitpur",16000000.0
Land for Sale - Rs 50 Lakh Per Aana,"['land', 'sale', 'r', '50', 'lakh', 'per', 'aana']",land sale r 50 lakh per aana,7,Land,"Imadol  Mahalaxmi, Lalitpur",50000000.0
Land for Sale - Rs 4 Crore 50 Lakh,"['land', 'sale', 'r', 'crore', '50', 'lakh']",land sale r crore 50 lakh,6,Land,"Tikathali  Mahalaxmi, Lalitpur",45000000.0
Land for Sale - Rs 65 Lakh,"['land', 'sale', 'r', '65', 'lakh']",land sale r 65 lakh,5,Land,"bardibas 1 mahottrai , deaurali school area 1 Bardibas, Mahottari",6500000.0
Land for Sale - Rs 3 Crore 50 Lakh,"['land', 'sale', 'r', 'crore', '50', 'lakh']",land sale r crore 50 lakh,6,Land,"Tikathali  Mahalaxmi, Lalitpur",35000000.0
Land for Sale - Rs 3 Crore 75 Lakh,"['land', 'sale', 'r', 'crore', '75', 'lakh']",land sale r crore 75 lakh,6,Land,"Tikathali  Mahalaxmi, Lalitpur",37500000.0
Land for Sale - Rs 2 Crore 85 Lakh,"['land', 'sale', 'r', 'crore', '85', 'lakh']",land sale r crore 85 lakh,6,Land,"Imadol  Mahalaxmi, Lalitpur",28500000.0
Land for Sale - Rs 2 Crore 80 Lakh,"['land', 'sale', 'r', 'crore', '80', 'lakh']",land sale r crore 80 lakh,6,Land,"Pasikot  Budhanilkantha, Kathmandu",28000000.0
Land for Sale - Rs 2 Crore 75 Lakh,"['land', 'sale', 'r', 'crore', '75', 'lakh']",land sale r crore 75 lakh,6,Land,"Setipakha  Mahalaxmi, Lalitpur",27500000.0
Land for Sale - Rs 7 Crore 25 Lakh,"['land', 'sale', 'r', 'crore', '25', 'lakh']",land sale r crore 25 lakh,6,Land,"Imadol  Mahalaxmi, Lalitpur",72500000.0
House for Sale - Rs 2 Crore 70 Lakh,"['house', 'sale', 'r', 'crore', '70', 'lakh']",house sale r crore 70 lakh,6,House,"Mandikatar   Budhanilkantha, Kathmandu",27000000.0
Land for Sale - Rs 2 Crore 85 Lakh,"['land', 'sale', 'r', 'crore', '85', 'lakh']",land sale r crore 85 lakh,6,Land,"Tikathali  Mahalaxmi, Lalitpur",28500000.0
Land for Sale - Rs 1 Crore 30 Lakh,"['land', 'sale', 'r', 'crore', '30', 'lakh']",land sale r crore 30 lakh,6,Land,"badikhel 4 Godawari, Lalitpur",13000000.0
Land for Sale - Rs 3 Crore 95 Lakh,"['land', 'sale', 'r', 'crore', '95', 'lakh']",land sale r crore 95 lakh,6,Land,"Imadol  Mahalaxmi, Lalitpur",39500000.0
Land for Sale - Rs 16 Crore 50 Lakh,"['land', 'sale', 'r', '16', 'crore', '50', 'lakh']",land sale r 16 crore 50 lakh,7,Land,"Imadol  Mahalaxmi, Lalitpur",165000000.0
Land for Sale - Rs 2 Crore 20 Lakh,"['land', 'sale', 'r', 'crore', '20', 'lakh']",land sale r crore 20 lakh,6,Land,"Balkot 0 Select Municipality, Select District",22000000.0
Land for Sale - Rs 2 Crore 35 Lakh,"['land', 'sale', 'r', 'crore', '35', 'lakh']",land sale r crore 35 lakh,6,Land,"Tikathali 5 Mahalaxmi, Lalitpur",23500000.0
Land for Sale - Rs 2 Crore 45 Lakh,"['land', 'sale', 'r', 'crore', '45', 'lakh']",land sale r crore 45 lakh,6,Land,"Tikathali  Mahalaxmi, Lalitpur",24500000.0
Land for Sale - Rs 16 Lakh Per Aana,"['land', 'sale', 'r', '16', 'lakh', 'per', 'aana']",land sale r 16 lakh per aana,7,Land,"Pikhel Chhaling 5 Changunarayan, Bhaktapur",4800000.0
Land for Sale - Rs 1 Crore 50 Lakh,"['land', 'sale', 'r', 'crore', '50', 'lakh']",land sale r crore 50 lakh,6,Land,"Kapan 3 Budhanilkantha, Kathmandu",15000000.0
Land for Sale - Rs 38 Lakh Per Aana,"['land', 'sale', 'r', '38', 'lakh', 'per', 'aana']",land sale r 38 lakh per aana,7,Land,"Harisiddhi  Lalitpur Metropolis, Lalitpur",16149972.242512785
Land for Sale - Rs 4 Crore 25 Lakh,"['land', 'sale', 'r', 'crore', '25', 'lakh']",land sale r crore 25 lakh,6,Land,"Imadol  Mahalaxmi, Lalitpur",42500000.0
Land for Sale - Rs 4 Crore 15 Lakh,"['land', 'sale', 'r', 'crore', '15', 'lakh']",land sale r crore 15 lakh,6,Land,"Khumaltar  Lalitpur Metropolis, Lalitpur",41500000.0
Land for Sale - Rs 2 Crore 50 Lakh,"['land', 'sale', 'r', 'crore', '50', 'lakh']",land sale r crore 50 lakh,6,Land,"Imadol 2 Mahalaxmi, Lalitpur",25000000.0
Land for Sale - Rs 70 Lakh Per Aana,"['land', 'sale', 'r', '70', 'lakh', 'per', 'aana']",land sale r 70 lakh per aana,7,Land,"Lazimphat 2 Kathmandu Metropolis, Kathmandu",280000000.0
Land for Sale - Rs 2 Crore 30 Lakh,"['land', 'sale', 'r', 'crore', '30', 'lakh']",land sale r crore 30 lakh,6,Land,"Tikathali  Mahalaxmi, Lalitpur",23000000.0
Land for Sale - Rs 2 Crore 90 Lakh,"['land', 'sale', 'r', 'crore', '90', 'lakh']",land sale r crore 90 lakh,6,Land,"Imadol  Mahalaxmi, Lalitpur",29000000.0
Land for Sale - Rs 4 Crore 75 Lakh,"['land', 'sale', 'r', 'crore', '75', 'lakh']",land sale r crore 75 lakh,6,Land,"Nakhipot 9 Lalitpur Metropolis, Lalitpur",47500000.0
Land for Sale - Rs 5 Crore,"['land', 'sale', 'r', 'crore']",land sale r crore,4,Land,"sonakothi 26 Lalitpur Metropolis, Lalitpur",50000000.0
Land for Sale - Rs 3 Crore 45 Lakh,"['land', 'sale', 'r', 'crore', '45', 'lakh']",land sale r crore 45 lakh,6,Land,"Dholahiti 26 Lalitpur Metropolis, Lalitpur",34500000.0
Land for Sale - Rs 39 Lakh Per Aana,"['land', 'sale', 'r', '39', 'lakh', 'per', 'aana']",land sale r 39 lakh per aana,7,Land,"Imadol  Mahalaxmi, Lalitpur",14624914.53615778
Land for Sale - Rs 85 Lakh Per Aana 28.333,"['land', 'sale', 'r', '85', 'lakh', 'per', 'aana', '28333']",land sale r 85 lakh per aana 28333,8,Land,"Dharmasthali 2 Tarakeshor, Kathmandu",25500000.0
Land for Sale - Rs 1 Crore 10 Lakh Per Aana 27.5lakh,"['land', 'sale', 'r', 'crore', '10', 'lakh', 'per', 'aana', '275lakh']",land sale r crore 10 lakh per aana 275lakh,9,Land,"Kabhresthali 4 Tarakeshor, Kathmandu",44000000.0
Land for Sale - Rs 5 Lakh Per Aana,"['land', 'sale', 'r', 'lakh', 'per', 'aana']",land sale r lakh per aana,6,Land,"Near RRM Campus (200 m east) 12 Janakpurdham, Dhanusha",1917019.722425128
Land for Sale - Rs 4 Crore 95 Lakh,"['land', 'sale', 'r', 'crore', '95', 'lakh']",land sale r crore 95 lakh,6,Land,"Imadol  Mahalaxmi, Lalitpur",49500000.0
Land for Sale - Rs 45 Lakh Per Aana,"['land', 'sale', 'r', '45', 'lakh', 'per', 'aana']",land sale r 45 lakh per aana,7,Land,"Bhaisepati 25 Lalitpur Metropolis, Lalitpur",27000000.0
Land for Sale - Rs 40 Lakh Per Aana,"['land', 'sale', 'r', '40', 'lakh', 'per', 'aana']",land sale r 40 lakh per aana,7,Land,"Bhaisepati 25 Lalitpur Metropolis, Lalitpur",17999941.563184805
Land for Sale - Rs 3 Crore 60 Lakh,"['land', 'sale', 'r', 'crore', '60', 'lakh']",land sale r crore 60 lakh,6,Land,"Hattigauda  Budhanilkantha, Kathmandu",36000000.0
Land for Sale - Rs 38 Lakh Per Aana,"['land', 'sale', 'r', '38', 'lakh', 'per', 'aana']",land sale r 38 lakh per aana,7,Land,"Bhaisepati 25 Lalitpur Metropolis, Lalitpur",17099944.485025566
Land for Sale - Rs 48 Lakh 4,"['land', 'sale', 'r', '48', 'lakh']",land sale r 48 lakh,5,Land,"kalikasthan 4 Panchakanya, Nuwakot",4800000.0
Land for Sale - Rs 60 Lakh,"['land', 'sale', 'r', '60', 'lakh']",land sale r 60 lakh,5,Land,"suryachaur 8 Shivapuri, Nuwakot",6000000.0
Land for Sale - Rs 38 Lakh Per Aana,"['land', 'sale', 'r', '38', 'lakh', 'per', 'aana']",land sale r 38 lakh per aana,7,Land,"Kutunje  Suryabinayak, Bhaktapur",16624958.363769174
Land for Sale - Rs 30 Lakh Per Aana,"['land', 'sale', 'r', '30', 'lakh', 'per', 'aana']",land sale r 30 lakh per aana,7,Land,"Lubhu  Mahalaxmi, Lalitpur",10500043.827611396
Land for Sale - Rs 32 Lakh Per Aana,"['land', 'sale', 'r', '32', 'lakh', 'per', 'aana']",land sale r 32 lakh per aana,7,Land,"Lubhu  Mahalaxmi, Lalitpur",11200046.749452155
Land for Sale - Rs 32 Lakh Per Aana,"['land', 'sale', 'r', '32', 'lakh', 'per', 'aana']",land sale r 32 lakh per aana,7,Land,"Lubhu  Mahalaxmi, Lalitpur",10399976.625273922
Land for Sale - Rs 2 Crore 90 Lakh,"['land', 'sale', 'r', 'crore', '90', 'lakh']",land sale r crore 90 lakh,6,Land,"Sitapakha 4 Mahalaxmi, Lalitpur",29000000.0
Land for Sale - Rs 5 Crore,"['land', 'sale', 'r', 'crore']",land sale r crore,4,Land,"Thulobharyang 2 Nagarjun, Kathmandu",50000000.0
Land for Sale - Rs 23 Lakh Per Aana,"['land', 'sale', 'r', '23', 'lakh', 'per', 'aana']",land sale r 23 lakh per aana,7,Land,"Tathali 09 Changunarayan, Bhaktapur",9200000.0
Land for Sale - Rs 36 Lakh Per Aana,"['land', 'sale', 'r', '36', 'lakh', 'per', 'aana']",land sale r 36 lakh per aana,7,Land,"0 0 Suryabinayak, Bhaktapur",25200000.0
Land for Sale - Rs 2 Crore 15 Lakh,"['land', 'sale', 'r', 'crore', '15', 'lakh']",land sale r crore 15 lakh,6,Land,"lubhu  Mahalaxmi, Lalitpur",21500000.0
Land for Sale - Rs 2 Crore 65 Lakh,"['land', 'sale', 'r', 'crore', '65', 'lakh']",land sale r crore 65 lakh,6,Land,"Manmaiju 09 Tarakeshor, Kathmandu",26500000.0
Land for Sale - Rs 16 Lakh Per Aana,"['land', 'sale', 'r', '16', 'lakh', 'per', 'aana']",land sale r 16 lakh per aana,7,Land,"Naala Ward 4 4 Banepa, Kavrepalanchowk",8499985.390796201
Land for Sale - Rs 65 Lakh Per Aana,"['land', 'sale', 'r', '65', 'lakh', 'per', 'aana']",land sale r 65 lakh per aana,7,Land,"Bhaisepati  Lalitpur Metropolis, Lalitpur",32500000.0
Land for Sale - Rs 29 Lakh,"['land', 'sale', 'r', '29', 'lakh']",land sale r 29 lakh,5,Land,"changathali  Mahalaxmi, Lalitpur",2900000.0
Land for Sale - Rs 28 Lakh Per Aana,"['land', 'sale', 'r', '28', 'lakh', 'per', 'aana']",land sale r 28 lakh per aana,7,Land,"lubhu  Lalitpur Metropolis, Lalitpur",8574994.886778671
Land for Sale - Rs 4 Crore 25 Lakh,"['land', 'sale', 'r', 'crore', '25', 'lakh']",land sale r crore 25 lakh,6,Land,"Bhaisepati  Lalitpur Metropolis, Lalitpur",42500000.0
Land for Sale - Rs 3 Crore 35 Lakh,"['land', 'sale', 'r', 'crore', '35', 'lakh']",land sale r crore 35 lakh,6,Land,"Pasikot 3 Budhanilkantha, Kathmandu",33500000.0
Land for Sale - Rs 3 Crore,"['land', 'sale', 'r', 'crore']",land sale r crore,4,Land,"Baniyatar 8 Tokha, Kathmandu",30000000.0
Land for Sale - Rs 3 Crore 80 Lakh,"['land', 'sale', 'r', 'crore', '80', 'lakh']",land sale r crore 80 lakh,6,Land,"Baniyatar 8 Tokha, Kathmandu",38000000.0
Land for Sale - Rs 2 Crore 80 Lakh,"['land', 'sale', 'r', 'crore', '80', 'lakh']",land sale r crore 80 lakh,6,Land,"Baniyatar 8 Tokha, Kathmandu",28000000.0
Land for Sale - Rs 4 Crore 50 Lakh,"['land', 'sale', 'r', 'crore', '50', 'lakh']",land sale r crore 50 lakh,6,Land,"Bhaisepati  Mahalaxmi, Lalitpur",45000000.0
Land for Sale - Rs 4 Crore 55 Lakh,"['land', 'sale', 'r', 'crore', '55', 'lakh']",land sale r crore 55 lakh,6,Land,"Sital Height  Mahalaxmi, Lalitpur",45500000.0
Land for Sale - Rs 1 Crore 70 Lakh,"['land', 'sale', 'r', 'crore', '70', 'lakh']",land sale r crore 70 lakh,6,Land,"Sallaghari  Bhaktapur, Bhaktapur",17000000.0
Land for Sale - Rs 26 Lakh Per Aana,"['land', 'sale', 'r', '26', 'lakh', 'per', 'aana']",land sale r 26 lakh per aana,7,Land,"Chitapol 2 Suryabinayak, Bhaktapur",10400000.0
Land for Sale - Rs 33 Lakh Per Aana,"['land', 'sale', 'r', '33', 'lakh', 'per', 'aana']",land sale r 33 lakh per aana,7,Land,"Machchhegaun  9 Chandragiri, Kathmandu",9900000.0
Land for Sale - Rs 4 Crore 25 Lakh,"['land', 'sale', 'r', 'crore', '25', 'lakh']",land sale r crore 25 lakh,6,Land,"imadol  Mahalaxmi, Lalitpur",42500000.0
Land for Sale - Rs 35 Lakh Per Aana,"['land', 'sale', 'r', '35', 'lakh', 'per', 'aana']",land sale r 35 lakh per aana,7,Land,"Thankot 4 Chandragiri, Kathmandu",14000000.0
Land for Sale - Rs 14 Lakh Per Aana,"['land', 'sale', 'r', '14', 'lakh', 'per', 'aana']",land sale r 14 lakh per aana,7,Land,"badikhel 1 Godawari, Lalitpur",21000000.0
Land for Sale - Rs 30 Lakh per aana,"['land', 'sale', 'r', '30', 'lakh', 'per', 'aana']",land sale r 30 lakh per aana,7,Land,"Gotamthok, Ramkot 7 Nagarjun, Kathmandu",15000000.0
Land for Sale - Rs 42 Lakh Per Aana,"['land', 'sale', 'r', '42', 'lakh', 'per', 'aana']",land sale r 42 lakh per aana,7,Land,"Pasikot 3 Budhanilkantha, Kathmandu",34649969.32067202
Land for Sale - Rs 1 Crore 40 Lakh,"['land', 'sale', 'r', 'crore', '40', 'lakh']",land sale r crore 40 lakh,6,Land,"Sanagaun  Mahalaxmi, Lalitpur",14000000.0
Land for Sale - Rs 2 Crore 45 Lakh,"['land', 'sale', 'r', 'crore', '45', 'lakh']",land sale r crore 45 lakh,6,Land,"Imadol  Mahalaxmi, Lalitpur",24500000.0
Land for Sale - Rs 3 Crore 90 Lakh,"['land', 'sale', 'r', 'crore', '90', 'lakh']",land sale r crore 90 lakh,6,Land,"Khumaltar  Godawari, Lalitpur",39000000.0
Land for Sale - Rs 42 Lakh Per Aana,"['land', 'sale', 'r', '42', 'lakh', 'per', 'aana']",land sale r 42 lakh per aana,7,Land,"Lubhu  Mahalaxmi, Lalitpur",12600000.0
Land for Sale - Rs 33 Lakh Per Aana,"['land', 'sale', 'r', '33', 'lakh', 'per', 'aana']",land sale r 33 lakh per aana,7,Land,"Lubhu  Mahalaxmi, Lalitpur",24750048.210372537
Land for Sale - Rs 38 Lakh Per Aana,"['land', 'sale', 'r', '38', 'lakh', 'per', 'aana']",land sale r 38 lakh per aana,7,Land,"Lubhu  Mahankal, Lalitpur",15200000.0
Land for Sale - Rs 2 Crore 50 Lakh,"['land', 'sale', 'r', 'crore', '50', 'lakh']",land sale r crore 50 lakh,6,Land,"Tikathali  Mahalaxmi, Lalitpur",25000000.0
Land for Sale - Rs 3 Crore 55 Lakh,"['land', 'sale', 'r', 'crore', '55', 'lakh']",land sale r crore 55 lakh,6,Land,"Tikathali 00 Mahalaxmi, Lalitpur",35500000.0
House for Sale - Rs 7 Crore 50 Lakh Total price,"['house', 'sale', 'r', 'crore', '50', 'lakh', 'total', 'price']",house sale r crore 50 lakh total price,8,House,"bhaisepati 0 Lalitpur Metropolis, Lalitpur",75000000.0
House for Sale - Rs 2 Crore 50 Lakh,"['house', 'sale', 'r', 'crore', '50', 'lakh']",house sale r crore 50 lakh,6,House,"ima 4 Mahalaxmi, Lalitpur",25000000.0
Land for Sale - Rs 45 Lakh Per Aana,"['land', 'sale', 'r', '45', 'lakh', 'per', 'aana']",land sale r 45 lakh per aana,7,Land,"Chapali 4 Budhanilkantha, Kathmandu",36000000.0
Land for Sale - Rs 55 Lakh Per Aana,"['land', 'sale', 'r', '55', 'lakh', 'per', 'aana']",land sale r 55 lakh per aana,7,Land,"imadol  Mahalaxmi, Lalitpur",16500000.0
Land for Sale - Rs 1 Crore,"['land', 'sale', 'r', 'crore']",land sale r crore,4,Land,"sanagaun  Mahalaxmi, Lalitpur",10000000.0
Land for Sale - Rs 27 Lakh Per Aana,"['land', 'sale', 'r', '27', 'lakh', 'per', 'aana']",land sale r 27 lakh per aana,7,Land,"matatirtha 8 Chandragiri, Kathmandu",10800000.0
Land for Sale - Rs 2 Crore 99 Lakh,"['land', 'sale', 'r', 'crore', '99', 'lakh']",land sale r crore 99 lakh,6,Land,"Imadol 03 Lalitpur Metropolis, Lalitpur",29900000.0
Land for Sale - Rs 1 Crore 65 Lakh 30/anna,"['land', 'sale', 'r', 'crore', '65', 'lakh', '30anna']",land sale r crore 65 lakh 30anna,7,Land,"Kudahar 13 13 Select Municipality, Kaski",16500000.0
Land for Sale - Rs 30 Lakh Per Aana,"['land', 'sale', 'r', '30', 'lakh', 'per', 'aana']",land sale r 30 lakh per aana,7,Land,"lubhu  Mahalaxmi, Lalitpur",14249934.258582909
Land for Sale - Rs 34 Lakh Per Aana,"['land', 'sale', 'r', '34', 'lakh', 'per', 'aana']",land sale r 34 lakh per aana,7,Land,"Lubhu  Mahalaxmi, Lalitpur",16362419.284149012
Land for Sale - Rs 36 Lakh per Aana,"['land', 'sale', 'r', '36', 'lakh', 'per', 'aana']",land sale r 36 lakh per aana,7,Land,"lubhu  Mahalaxmi, Lalitpur",10800000.0
Land for Sale - Rs 43 Lakh Per Aana,"['land', 'sale', 'r', '43', 'lakh', 'per', 'aana']",land sale r 43 lakh per aana,7,Land,"lubhu  Mahalaxmi, Lalitpur",15050062.819576334
Land for Sale - Rs 38 Lakh Per Aana,"['land', 'sale', 'r', '38', 'lakh', 'per', 'aana']",land sale r 38 lakh per aana,7,Land,"Lubhu  Mahalaxmi, Lalitpur",26600000.0
Land for Sale - Rs 40 Lakh Per Aana,"['land', 'sale', 'r', '40', 'lakh', 'per', 'aana']",land sale r 40 lakh per aana,7,Land,"lubhu  Mahalaxmi, Lalitpur",32000000.0
Land for Sale - Rs 42 Lakh Per Aana,"['land', 'sale', 'r', '42', 'lakh', 'per', 'aana']",land sale r 42 lakh per aana,7,Land,"lubhu  Mahalaxmi, Lalitpur",12600000.0
Land for Sale - Rs 42 Lakh per aana,"['land', 'sale', 'r', '42', 'lakh', 'per', 'aana']",land sale r 42 lakh per aana,7,Land,"Dhumchepakha  Madhyapur Thimi, Bhaktapur",21000000.0
Land for Sale - Rs 1 Crore 40 Lakh Total price,"['land', 'sale', 'r', 'crore', '40', 'lakh', 'total', 'price']",land sale r crore 40 lakh total price,8,Land,"Imadol 00 Lalitpur Metropolis, Lalitpur",14000000.0
Land for Sale - Rs 36 Lakh par aana,"['land', 'sale', 'r', '36', 'lakh', 'par', 'aana']",land sale r 36 lakh par aana,7,Land,"Bhaktapur   Bhaktapur, Bhaktapur",3600000.0
Land for Sale - Rs 20 Lakh Per Aana,"['land', 'sale', 'r', '20', 'lakh', 'per', 'aana']",land sale r 20 lakh per aana,7,Land,"Dhapakhel  Godawari, Lalitpur",18000000.0
Land for Sale - Rs 42 Lakh per aana,"['land', 'sale', 'r', '42', 'lakh', 'per', 'aana']",land sale r 42 lakh per aana,7,Land,"Lubhu 1 Mahalaxmi, Lalitpur",12600000.0
House for Sale - Rs 35 Lakh par anna,"['house', 'sale', 'r', '35', 'lakh', 'par', 'anna']",house sale r 35 lakh par anna,7,House,"Lubhu 0 Mahalaxmi, Lalitpur",3500000.0
House for Sale - Rs 32 Lakh Per Anna,"['house', 'sale', 'r', '32', 'lakh', 'per', 'anna']",house sale r 32 lakh per anna,7,House,"Harisiddhi 2 Mahalaxmi, Lalitpur",25600000.0
Land for Sale - Rs 5 Crore,"['land', 'sale', 'r', 'crore']",land sale r crore,4,Land,"rabibhawan  Kathmandu Metropolis, Kathmandu",50000000.0
Land for Sale - Rs 32 Lakh Per Aana,"['land', 'sale', 'r', '32', 'lakh', 'per', 'aana']",land sale r 32 lakh per aana,7,Land,"Harisiddhi, lalitpur  Godawari, Lalitpur",25600000.0
Land for Sale - Rs 3 Crore 30 Lakh Total price? Property Features ?Property Code:-IPAR-H 2116 ?Land Area:- 5 Aana  ?Bedrooms:-8 ? Bathrooms:-4 ?Living Hall:-1 ?Modular Kitchen & Dining:-2 ?Facing:- So,"['land', 'sale', 'r', 'crore', '30', 'lakh', 'total', 'price', 'property', 'feature', 'property', 'codeiparh', '2116', 'land', 'area', 'aana', 'bedrooms8', 'bathrooms4', 'living', 'hall1', 'modular', 'kitchen', 'dining2', 'facing']",land sale r crore 30 lakh total price property feature property codeiparh 2116 land area aana bedrooms8 bathrooms4 living hall1 modular kitchen dining2 facing,24,Land,"Harisiddhi hattiban  Godawari, Lalitpur",33000000.0
Land for Sale - Rs 2 Crore 50 Lakh,"['land', 'sale', 'r', 'crore', '50', 'lakh']",land sale r crore 50 lakh,6,Land,"Harisiddhi  Godawari, Lalitpur",25000000.0
Land for Sale - Rs 3 Crore 50 Lakh Total price,"['land', 'sale', 'r', 'crore', '50', 'lakh', 'total', 'price']",land sale r crore 50 lakh total price,8,Land,"Kusunti, dhobighat  Mahalaxmi, Lalitpur",35000000.0
Land for Sale - Rs 85 Lakh per aana,"['land', 'sale', 'r', '85', 'lakh', 'per', 'aana']",land sale r 85 lakh per aana,7,Land,"Suntol 9 Kageshwori Manohara, Kathmandu",63750124.17823229
House for Sale - Rs 2 Crore 15 Lakh,"['house', 'sale', 'r', 'crore', '15', 'lakh']",house sale r crore 15 lakh,6,House,"Imadol 0 Lalitpur Metropolis, Lalitpur",21500000.0
Land for Sale - Rs 20 Lakh Per Aana,"['land', 'sale', 'r', '20', 'lakh', 'per', 'aana']",land sale r 20 lakh per aana,7,Land,"Dhapakhel 9 Godawari, Lalitpur",6000000.0
Land for Sale - Rs 2 Crore 30 Lakh,"['land', 'sale', 'r', 'crore', '30', 'lakh']",land sale r crore 30 lakh,6,Land,"sital height  Mahalaxmi, Lalitpur",23000000.0
Land for Sale - Rs 3 Crore 65 Lakh,"['land', 'sale', 'r', 'crore', '65', 'lakh']",land sale r crore 65 lakh,6,Land,"Imadol 14 Mahalaxmi, Lalitpur",36500000.0
Land for Sale - Rs 6 Crore 75 Lakh,"['land', 'sale', 'r', 'crore', '75', 'lakh']",land sale r crore 75 lakh,6,Land,"Imadol 13 Mahalaxmi, Lalitpur",67500000.0
Land for Sale - Rs 5 Lakh 50 Thousand Per Dhur,"['land', 'sale', 'r', 'lakh', '50', 'thousand', 'per', 'dhur']",land sale r lakh 50 thousand per dhur,8,Land,"Naulo path 15 Dharan, Sunsari",8250000.0
Land for Sale - Rs 5 Crore 65 Lakh,"['land', 'sale', 'r', 'crore', '65', 'lakh']",land sale r crore 65 lakh,6,Land,"Shital Height 12 Mahalaxmi, Lalitpur",56500000.0
Land for Sale - Rs 25 Lakh Per Aana,"['land', 'sale', 'r', '25', 'lakh', 'per', 'aana']",land sale r 25 lakh per aana,7,Land,"Godamchaur 10 Godawari, Lalitpur",8750036.523009498
Land for Sale - Rs 40 Lakh Per Aana,"['land', 'sale', 'r', '40', 'lakh', 'per', 'aana']",land sale r 40 lakh per aana,7,Land,"Imadol 9 Mahalaxmi, Lalitpur",36000000.0
Land for Sale - Rs 3 Crore 65 Lakh,"['land', 'sale', 'r', 'crore', '65', 'lakh']",land sale r crore 65 lakh,6,Land,"Tikathali 8 Mahalaxmi, Lalitpur",36500000.0
Land for Sale - Rs 3 Crore 65 Lakh,"['land', 'sale', 'r', 'crore', '65', 'lakh']",land sale r crore 65 lakh,6,Land,"Tikathali 7 Mahalaxmi, Lalitpur",36500000.0
Land for Sale - Rs 43 Lakh Per Aana,"['land', 'sale', 'r', '43', 'lakh', 'per', 'aana']",land sale r 43 lakh per aana,7,Land,"Tikathali 12 Mahalaxmi, Lalitpur",12900000.0
Land for Sale - Rs 3 Crore 80 Lakh,"['land', 'sale', 'r', 'crore', '80', 'lakh']",land sale r crore 80 lakh,6,Land,"Imadol 10 Mahalaxmi, Lalitpur",38000000.0
Land for Sale - Rs 28 Lakh Per Aana,"['land', 'sale', 'r', '28', 'lakh', 'per', 'aana']",land sale r 28 lakh per aana,7,Land,"Lubhu 12 Mahalaxmi, Lalitpur",8400000.0
Land for Sale - Rs 38 Lakh Per Aana,"['land', 'sale', 'r', '38', 'lakh', 'per', 'aana']",land sale r 38 lakh per aana,7,Land,"Changathali 10 Mahalaxmi, Lalitpur",13300055.514974436
Land for Sale - Rs 4 Crore 70 Lakh,"['land', 'sale', 'r', 'crore', '70', 'lakh']",land sale r crore 70 lakh,6,Land,"Khumaltar 8 Lalitpur Metropolis, Lalitpur",47000000.0
Land for Sale - Rs 32 Lakh Per Aana,"['land', 'sale', 'r', '32', 'lakh', 'per', 'aana']",land sale r 32 lakh per aana,7,Land,"Duwakot 17 Changunarayan, Bhaktapur",11200046.749452155
Land for Sale - Rs 35 Lakh Per Aana,"['land', 'sale', 'r', '35', 'lakh', 'per', 'aana']",land sale r 35 lakh per aana,7,Land,"Duwakot 16 Changunarayan, Bhaktapur",12250051.132213296
Land for Sale - Rs 38 Lakh Per Aana,"['land', 'sale', 'r', '38', 'lakh', 'per', 'aana']",land sale r 38 lakh per aana,7,Land,"Nikosera 15 Madhyapur Thimi, Bhaktapur",13300055.514974436
Land for Sale - Rs 42 Lakh Per Aana,"['land', 'sale', 'r', '42', 'lakh', 'per', 'aana']",land sale r 42 lakh per aana,7,Land,"Sallaghari 14 Bhaktapur, Bhaktapur",16800000.0
Land for Sale - Rs 4 Crore 50 Lakh,"['land', 'sale', 'r', 'crore', '50', 'lakh']",land sale r crore 50 lakh,6,Land,"Bhaisepati 13 Lalitpur Metropolis, Lalitpur",45000000.0
Land for Sale - Rs 2 Crore 90 Lakh,"['land', 'sale', 'r', 'crore', '90', 'lakh']",land sale r crore 90 lakh,6,Land,"Godawari 12 Godawari, Lalitpur",29000000.0
Land for Sale - Rs 3 Crore 50 Lakh total price,"['land', 'sale', 'r', 'crore', '50', 'lakh', 'total', 'price']",land sale r crore 50 lakh total price,8,Land,"Imadol 1 Mahalaxmi, Lalitpur",35000000.0
Land for Sale - Rs 41 Lakh Per Aana,"['land', 'sale', 'r', '41', 'lakh', 'per', 'aana']",land sale r 41 lakh per aana,7,Land,"Balkot 11 Suryabinayak, Bhaktapur",15374910.15339664
Land for Sale - Rs 3 Crore 50 Lakh 3.5 Cr,"['land', 'sale', 'r', 'crore', '50', 'lakh', '35', 'cr']",land sale r crore 50 lakh 35 cr,8,Land,"Imadol 4 Mahalaxmi, Lalitpur",35000000.0
Land for Sale - Rs 38 Lakh Per Aana,"['land', 'sale', 'r', '38', 'lakh', 'per', 'aana']",land sale r 38 lakh per aana,7,Land,"Balkot 10 Suryabinayak, Bhaktapur",15200000.0
Land for Sale - Rs 2 Crore 90 Lakh,"['land', 'sale', 'r', 'crore', '90', 'lakh']",land sale r crore 90 lakh,6,Land,"Imadol 8 Mahalaxmi, Lalitpur",29000000.0
Land for Sale - Rs 2 Crore 30 Lakh,"['land', 'sale', 'r', 'crore', '30', 'lakh']",land sale r crore 30 lakh,6,Land,"Shital Height 7 Mahalaxmi, Lalitpur",23000000.0
House for Sale - Rs 1 Crore 25 Lakh total price,"['house', 'sale', 'r', 'crore', '25', 'lakh', 'total', 'price']",house sale r crore 25 lakh total price,8,House,"Dahachowk 01 Chandragiri, Kathmandu",12500000.0
Land for Sale - Rs 3 Crore 50 Lakh,"['land', 'sale', 'r', 'crore', '50', 'lakh']",land sale r crore 50 lakh,6,Land,"Kusunti 12 Lalitpur Metropolis, Lalitpur",35000000.0
Land for Sale - Rs 4 Crore 25 Lakh,"['land', 'sale', 'r', 'crore', '25', 'lakh']",land sale r crore 25 lakh,6,Land,"Kusunti 11 Lalitpur Metropolis, Lalitpur",42500000.0
Land for Sale - Rs 60 Lakh Per Aana,"['land', 'sale', 'r', '60', 'lakh', 'per', 'aana']",land sale r 60 lakh per aana,7,Land,"Setipakha 9 Mahalaxmi, Lalitpur",48000000.0
Land for Sale - Rs 43 Lakh Per Aana,"['land', 'sale', 'r', '43', 'lakh', 'per', 'aana']",land sale r 43 lakh per aana,7,Land,"Tikathali 8 Mahalaxmi, Lalitpur",15050062.819576334
Land for Sale - Rs 25 Lakh Per Aana,"['land', 'sale', 'r', '25', 'lakh', 'per', 'aana']",land sale r 25 lakh per aana,7,Land,"Bhaisepati 7 Lalitpur Metropolis, Lalitpur",15000000.0
Land for Sale - Rs 55 Lakh Per Aana,"['land', 'sale', 'r', '55', 'lakh', 'per', 'aana']",land sale r 55 lakh per aana,7,Land,"Pasikot 15 Budhanilkantha, Kathmandu",38500000.0
Land for Sale - Rs 55 Lakh Per Aana,"['land', 'sale', 'r', '55', 'lakh', 'per', 'aana']",land sale r 55 lakh per aana,7,Land,"Chapali 14 Budhanilkantha, Kathmandu",33000000.0
Land for Sale - Rs 25 Lakh 99 Thousand 999 Per Aana,"['land', 'sale', 'r', '25', 'lakh', '99', 'thousand', '999', 'per', 'aana']",land sale r 25 lakh 99 thousand 999 per aana,10,Land,"Changathali 13 Mahalaxmi, Lalitpur",11695462.030679328
Land for Sale - Rs 3 Crore 75 Lakh,"['land', 'sale', 'r', 'crore', '75', 'lakh']",land sale r crore 75 lakh,6,Land,"Bhaisepati 11 Lalitpur Metropolis, Lalitpur",37500000.0
Land for Sale - Rs 3 Crore 20 Lakh,"['land', 'sale', 'r', 'crore', '20', 'lakh']",land sale r crore 20 lakh,6,Land,"Bhaisepati 10 Lalitpur Metropolis, Lalitpur",32000000.0
Land for Sale - Rs 45 Lakh Per Aana,"['land', 'sale', 'r', '45', 'lakh', 'per', 'aana']",land sale r 45 lakh per aana,7,Land,"Imadol 8 Mahalaxmi, Lalitpur",16874901.38787436
Land for Sale - Rs 3 Crore 10 Lakh,"['land', 'sale', 'r', 'crore', '10', 'lakh']",land sale r crore 10 lakh,6,Land,"Bhaisepati 7 Lalitpur Metropolis, Lalitpur",31000000.0
Land for Sale - Rs 5 Lakh Per Aana,"['land', 'sale', 'r', 'lakh', 'per', 'aana']",land sale r lakh per aana,6,Land,"Lalitpur lele  6 Godawari, Lalitpur",2000000.0
Land for Sale - Rs 3 Crore 50 Lakh,"['land', 'sale', 'r', 'crore', '50', 'lakh']",land sale r crore 50 lakh,6,Land,"HETAUDA  5 Hetauda, Makwanpur",35000000.0
Land for Sale - Rs 4 Crore 75 Lakh,"['land', 'sale', 'r', 'crore', '75', 'lakh']",land sale r crore 75 lakh,6,Land,"Pasikot 4 Budhanilkantha, Kathmandu",47500000.0
Land for Sale - Rs 39 Lakh Per Kathha,"['land', 'sale', 'r', '39', 'lakh', 'per', 'kathha']",land sale r 39 lakh per kathha,7,Land,"Bharatpur, Chitwan, Near Gadi Kalika Mandir  Bharatpur, Chitwan",3900000.0
Land for Sale - Rs 47 Lakh Per Aana,"['land', 'sale', 'r', '47', 'lakh', 'per', 'aana']",land sale r 47 lakh per aana,7,Land,"Sitapakha 13 Mahalaxmi, Lalitpur",27024897.00511322
Land for Sale - Rs 2 Crore 55 Lakh,"['land', 'sale', 'r', 'crore', '55', 'lakh']",land sale r crore 55 lakh,6,Land,"Naikap 14 Kathmandu Metropolis, Kathmandu",25500000.0
Land for Sale - Rs 3 Crore,"['land', 'sale', 'r', 'crore']",land sale r crore,4,Land,"Bhaisepati 9 Lalitpur Metropolis, Lalitpur",30000000.0
Land for Sale - Rs 2 Crore 60 Lakh,"['land', 'sale', 'r', 'crore', '60', 'lakh']",land sale r crore 60 lakh,6,Land,"Bhaisepati 8 Lalitpur Metropolis, Lalitpur",26000000.0
Land for Sale - Rs 2 Crore 10 Lakh,"['land', 'sale', 'r', 'crore', '10', 'lakh']",land sale r crore 10 lakh,6,Land,"Bhangal  Budhanilkantha, Kathmandu",21000000.0
Land for Sale - Rs 41 Lakh Per Aana,"['land', 'sale', 'r', '41', 'lakh', 'per', 'aana']",land sale r 41 lakh per aana,7,Land,"Balkot 14 Bhaktapur, Bhaktapur",16400000.0
Land for Sale - Rs 30 Lakh Per Aana,"['land', 'sale', 'r', '30', 'lakh', 'per', 'aana']",land sale r 30 lakh per aana,7,Land,"Dadhikot 13 Changunarayan, Bhaktapur",19499956.1723886
Land for Sale - Rs 4 Crore 25 Lakh,"['land', 'sale', 'r', 'crore', '25', 'lakh']",land sale r crore 25 lakh,6,Land,"Bhaisepati 12 Lalitpur Metropolis, Lalitpur",42500000.0
Land for Sale - Rs 3 Crore 40 Lakh,"['land', 'sale', 'r', 'crore', '40', 'lakh']",land sale r crore 40 lakh,6,Land,"Karyabinayak 11 Lalitpur Metropolis, Lalitpur",34000000.0
Land for Sale - Rs 3 Crore 45 Lakh,"['land', 'sale', 'r', 'crore', '45', 'lakh']",land sale r crore 45 lakh,6,Land,"Bhaisepati 10 Lalitpur Metropolis, Lalitpur",34500000.0
Land for Sale - Rs 25 Lakh Per Aana,"['land', 'sale', 'r', '25', 'lakh', 'per', 'aana']",land sale r 25 lakh per aana,7,Land,"Bishundol 14 Mahalaxmi, Lalitpur",62500000.0
Land for Sale - Rs 6 Crore 50 Lakh,"['land', 'sale', 'r', 'crore', '50', 'lakh']",land sale r crore 50 lakh,6,Land,"Bhaisepati 12 Lalitpur Metropolis, Lalitpur",65000000.0
Land for Sale - Rs 15 Lakh Per Aana,"['land', 'sale', 'r', '15', 'lakh', 'per', 'aana']",land sale r 15 lakh per aana,7,Land,"Badikhel 10 Godawari, Lalitpur",8250021.913805698
Land for Sale - Rs 4 Crore 50 Lakh,"['land', 'sale', 'r', 'crore', '50', 'lakh']",land sale r crore 50 lakh,6,Land,"Karyabinayak 8 Lalitpur Metropolis, Lalitpur",45000000.0
Land for Sale - Rs 73 Lakh Per Aana,"['land', 'sale', 'r', '73', 'lakh', 'per', 'aana']",land sale r 73 lakh per aana,7,Land,"Satdobato 7 Lalitpur Metropolis, Lalitpur",43800000.0
Land for Sale - Rs 40 Lakh Per Aana,"['land', 'sale', 'r', '40', 'lakh', 'per', 'aana']",land sale r 40 lakh per aana,7,Land,"Imadol 15 Mahalaxmi, Lalitpur",10249934.258582909
Land for Sale - Rs 52 Lakh Per Aana,"['land', 'sale', 'r', '52', 'lakh', 'per', 'aana']",land sale r 52 lakh per aana,7,Land,"Pasikot 14 Budhanilkantha, Kathmandu",36400000.0
Land for Sale - Rs 55 Lakh Per Aana,"['land', 'sale', 'r', '55', 'lakh', 'per', 'aana']",land sale r 55 lakh per aana,7,Land,"Pasikot 13 Budhanilkantha, Kathmandu",34374959.82468955
Land for Sale - Rs 55 Lakh Per Aana,"['land', 'sale', 'r', '55', 'lakh', 'per', 'aana']",land sale r 55 lakh per aana,7,Land,"Pasikot 12 Budhanilkantha, Kathmandu",31624879.474068664
Land for Sale - Rs 38 Lakh Per Aana,"['land', 'sale', 'r', '38', 'lakh', 'per', 'aana']",land sale r 38 lakh per aana,7,Land,"Sanagau 10 Mahalaxmi, Lalitpur",12824958.363769174
Land for Sale - Rs 45 Lakh Per Aana,"['land', 'sale', 'r', '45', 'lakh', 'per', 'aana']",land sale r 45 lakh per aana,7,Land,"Sanagau 9 Mahalaxmi, Lalitpur",6974769.905040176
Land for Sale - Rs 48 Lakh Per Aana,"['land', 'sale', 'r', '48', 'lakh', 'per', 'aana']",land sale r 48 lakh per aana,7,Land,"Shital Height 7 Mahalaxmi, Lalitpur",19200000.0
Land for Sale - Rs 25 Lakh Per Aana,"['land', 'sale', 'r', '25', 'lakh', 'per', 'aana']",land sale r 25 lakh per aana,7,Land,"Lamatar 14 Mahalaxmi, Lalitpur",7500000.0
Land for Sale - Rs 55 Lakh Per Aana,"['land', 'sale', 'r', '55', 'lakh', 'per', 'aana']",land sale r 55 lakh per aana,7,Land,"Pasikot 10 Budhanilkantha, Kathmandu",37124879.474068664
Land for Sale - Rs 25 Lakh Per Aana,"['land', 'sale', 'r', '25', 'lakh', 'per', 'aana']",land sale r 25 lakh per aana,7,Land,"Gokarna 5 Gokarneshwor, Kathmandu",10000000.0
Land for Sale - Rs 49 Lakh Per Aana,"['land', 'sale', 'r', '49', 'lakh', 'per', 'aana']",land sale r 49 lakh per aana,7,Land,"Balkot 7 Suryabinayak, Bhaktapur",24500000.0
Land for Sale - Rs 2 Lakh 90 Thousand Per Dhur,"['land', 'sale', 'r', 'lakh', '90', 'thousand', 'per', 'dhur']",land sale r lakh 90 thousand per dhur,8,Land,"Gitanagar  Bharatpur, Chitwan",3770000.0
Land for Sale - Rs 1 Crore 90 Lakh,"['land', 'sale', 'r', 'crore', '90', 'lakh']",land sale r crore 90 lakh,6,Land,"Bode 9 Bhaktapur, Bhaktapur",19000000.0
Land for Sale - Rs 3 Crore 25 Lakh,"['land', 'sale', 'r', 'crore', '25', 'lakh']",land sale r crore 25 lakh,6,Land,"Balkot 8 Bhaktapur, Bhaktapur",32500000.0
Land for Sale - Rs 32 Lakh Per Aana,"['land', 'sale', 'r', '32', 'lakh', 'per', 'aana']",land sale r 32 lakh per aana,7,Land,"Changathali 7 Mahalaxmi, Lalitpur",15199929.87582177
Land for Sale - Rs 28 Lakh Per Aana,"['land', 'sale', 'r', '28', 'lakh', 'per', 'aana']",land sale r 28 lakh per aana,7,Land,"Machhegaun 9 Chandragiri, Kathmandu",11200000.0
Land for Sale - Rs 55 Lakh Per Aana,"['land', 'sale', 'r', '55', 'lakh', 'per', 'aana']",land sale r 55 lakh per aana,7,Land,"Thimi 12 Bhaktapur, Bhaktapur",27500000.0
Land for Sale - Rs 55 Lakh Per Aana,"['land', 'sale', 'r', '55', 'lakh', 'per', 'aana']",land sale r 55 lakh per aana,7,Land,"Kamerotar 11 Bhaktapur, Bhaktapur",33000000.0
Land for Sale - Rs 37 Lakh Per Aana,"['land', 'sale', 'r', '37', 'lakh', 'per', 'aana']",land sale r 37 lakh per aana,7,Land,"Bhaktapur 10 Bhaktapur, Bhaktapur",12024972.972972972
Land for Sale - Rs 42 Lakh Per Aana,"['land', 'sale', 'r', '42', 'lakh', 'per', 'aana']",land sale r 42 lakh per aana,7,Land,"Saraswotikhel 9 Changunarayan, Bhaktapur",31500061.358655956
Land for Sale - Rs 2 Crore 10 Lakh,"['land', 'sale', 'r', 'crore', '10', 'lakh']",land sale r crore 10 lakh,6,Land,"thaiba 14 Godawari, Lalitpur",21000000.0
Land for Sale - Rs 34 Lakh 50 Thousand Per Aana,"['land', 'sale', 'r', '34', 'lakh', '50', 'thousand', 'per', 'aana']",land sale r 34 lakh 50 thousand per aana,9,Land,"dadapauwa ramkot 4 Nagarjun, Kathmandu",29324949.598246895
Land for Sale - Rs 2 Crore 10 Lakh,"['land', 'sale', 'r', 'crore', '10', 'lakh']",land sale r crore 10 lakh,6,Land,"Gothatar 9 Kathmandu Metropolis, Kathmandu",21000000.0
Land for Sale - Rs 2 Crore 15 Lakh,"['land', 'sale', 'r', 'crore', '15', 'lakh']",land sale r crore 15 lakh,6,Land,"Dhumbarahi 2 Kathmandu Metropolis, Kathmandu",21500000.0
Land for Sale - Rs 1 Crore,"['land', 'sale', 'r', 'crore']",land sale r crore,4,Land,"Sanothimi 14 Bhaktapur, Bhaktapur",10000000.0
Land for Sale - Rs 4 Crore 40 Lakh,"['land', 'sale', 'r', 'crore', '40', 'lakh']",land sale r crore 40 lakh,6,Land,"Imadol 13 Mahalaxmi, Lalitpur",44000000.0
Land for Sale - Rs 67 Lakh Per Aana,"['land', 'sale', 'r', '67', 'lakh', 'per', 'aana']",land sale r 67 lakh per aana,7,Land,"Manohra Town Planning 8 Kathmandu Metropolis, Kathmandu",46900000.0
Land for Sale - Rs 65 Lakh Per Aana,"['land', 'sale', 'r', '65', 'lakh', 'per', 'aana']",land sale r 65 lakh per aana,7,Land,"Pepsicola 7 Kathmandu Metropolis, Kathmandu",45500000.0
Land for Sale - Rs 2 Crore 45 Lakh,"['land', 'sale', 'r', 'crore', '45', 'lakh']",land sale r crore 45 lakh,6,Land,"Kapan 7 Budhanilkantha, Kathmandu",24500000.0
Land for Sale - Rs 24 Lakh Kathha,"['land', 'sale', 'r', '24', 'lakh', 'kathha']",land sale r 24 lakh kathha,6,Land,"Near Khajurico Nepal Pvt Ltd, Budhi Rapti Khola Pool  Ratnanagar, Chitwan",2400000.0
Land for Sale - Rs 50 Lakh Per Aana,"['land', 'sale', 'r', '50', 'lakh', 'per', 'aana']",land sale r 50 lakh per aana,7,Land,"Kapan  Budhanilkantha, Kathmandu",35000000.0
House for Sale - Rs 90 Lakh,"['house', 'sale', 'r', '90', 'lakh']",house sale r 90 lakh,5,House,"Bhaisepati 8 Lalitpur Metropolis, Lalitpur",9000000.0
Land for Sale - Rs 3 Crore 95 Lakh,"['land', 'sale', 'r', 'crore', '95', 'lakh']",land sale r crore 95 lakh,6,Land,"Dhapakhel 7 Lalitpur Metropolis, Lalitpur",39500000.0
Land for Sale - Rs 3 Crore 75 Lakh,"['land', 'sale', 'r', 'crore', '75', 'lakh']",land sale r crore 75 lakh,6,Land,"Balkot 7 Bhaktapur, Bhaktapur",37500000.0
Land for Sale - Rs 2 Crore 65 Lakh,"['land', 'sale', 'r', 'crore', '65', 'lakh']",land sale r crore 65 lakh,6,Land,"Balkot 14 Bhaktapur, Bhaktapur",26500000.0
Land for Sale - Rs 10 Crore,"['land', 'sale', 'r', '10', 'crore']",land sale r 10 crore,5,Land,"Sinamangal 12 Kathmandu Metropolis, Kathmandu",100000000.0
Land for Sale - Rs 4 Crore 50 Lakh,"['land', 'sale', 'r', 'crore', '50', 'lakh']",land sale r crore 50 lakh,6,Land,"Shantinagar 11 Kathmandu Metropolis, Kathmandu",45000000.0
Land for Sale - Rs 6 Crore,"['land', 'sale', 'r', 'crore']",land sale r crore,4,Land,"Shantinagar 10 Kathmandu Metropolis, Kathmandu",60000000.0
Land for Sale - Rs 5 Crore 50 Lakh,"['land', 'sale', 'r', 'crore', '50', 'lakh']",land sale r crore 50 lakh,6,Land,"Shantinagar 9 Kathmandu Metropolis, Kathmandu",55000000.0
Land for Sale - Rs 6 Crore 50 Lakh,"['land', 'sale', 'r', 'crore', '50', 'lakh']",land sale r crore 50 lakh,6,Land,"Shantinagar 12 Kathmandu Metropolis, Kathmandu",65000000.0
Land for Sale - Rs 3 Crore 90 Lakh,"['land', 'sale', 'r', 'crore', '90', 'lakh']",land sale r crore 90 lakh,6,Land,"nakhu 25 Lalitpur Metropolis, Lalitpur",39000000.0
Land for Sale - Rs 26 Lakh Per Aana,"['land', 'sale', 'r', '26', 'lakh', 'per', 'aana']",land sale r 26 lakh per aana,7,Land,"Lubhu 11 Mahalaxmi, Lalitpur",10724990.50401753
Land for Sale - Rs 37 Lakh Per Aana,"['land', 'sale', 'r', '37', 'lakh', 'per', 'aana']",land sale r 37 lakh per aana,7,Land,"Lubhu 8 Mahalaxmi, Lalitpur",18500000.0
Land for Sale - Rs 33 Lakh Per Aana,"['land', 'sale', 'r', '33', 'lakh', 'per', 'aana']",land sale r 33 lakh per aana,7,Land,"Lubhu 8 Mahalaxmi, Lalitpur",12374927.684441198
Land for Sale - Rs 35 Lakh Per Aana,"['land', 'sale', 'r', '35', 'lakh', 'per', 'aana']",land sale r 35 lakh per aana,7,Land,"Lubhu 7 Mahalaxmi, Lalitpur",12250051.132213296
Land for Sale - Rs 5 Crore 75 Lakh,"['land', 'sale', 'r', 'crore', '75', 'lakh']",land sale r crore 75 lakh,6,Land,"Shantinagar 13 Kathmandu Metropolis, Kathmandu",57500000.0
Land for Sale - Rs 75 Lakh Per Aana,"['land', 'sale', 'r', '75', 'lakh', 'per', 'aana']",land sale r 75 lakh per aana,7,Land,"Shantinagar 12 Kathmandu Metropolis, Kathmandu",63749890.43097151
Land for Sale - Rs 57 Lakh Per Aana,"['land', 'sale', 'r', '57', 'lakh', 'per', 'aana']",land sale r 57 lakh per aana,7,Land,"Lokanthali 7 Bhaktapur, Bhaktapur",24937437.54565376
Land for Sale - Rs 8 Lakh 75 Thousand Per Aana,"['land', 'sale', 'r', 'lakh', '75', 'thousand', 'per', 'aana']",land sale r lakh 75 thousand per aana,8,Land,"lele 5 Godawari, Lalitpur",2625000.0
Land for Sale - Rs 38 Lakh Per Aana,"['land', 'sale', 'r', '38', 'lakh', 'per', 'aana']",land sale r 38 lakh per aana,7,Land,"Bode 13 Bhaktapur, Bhaktapur",15200000.0
Land for Sale - Rs 60 Lakh Per Aana,"['land', 'sale', 'r', '60', 'lakh', 'per', 'aana']",land sale r 60 lakh per aana,7,Land,"Bistagau 12 Kathmandu Metropolis, Kathmandu",54000000.0
Land for Sale - Rs 35 Lakh Per Aana,"['land', 'sale', 'r', '35', 'lakh', 'per', 'aana']",land sale r 35 lakh per aana,7,Land,"Chandeshwori 2 Tokha, Kathmandu",15749948.867786704
Land for Sale - Rs 2 Crore 75 Lakh,"['land', 'sale', 'r', 'crore', '75', 'lakh']",land sale r crore 75 lakh,6,Land,"Safray dhunga 9 Budhanilkantha, Kathmandu",27500000.0
Land for Sale - Rs 3 Crore 25 Lakh,"['land', 'sale', 'r', 'crore', '25', 'lakh']",land sale r crore 25 lakh,6,Land,"Dibyeshwori Planning 10 Bhaktapur, Bhaktapur",32500000.0
Land for Sale - Rs 9 Crore,"['land', 'sale', 'r', 'crore']",land sale r crore,4,Land,"Baluwatar 9 Kathmandu Metropolis, Kathmandu",90000000.0
Land for Sale - Rs 10 Crore,"['land', 'sale', 'r', '10', 'crore']",land sale r 10 crore,5,Land,"Naxal 7 Kathmandu Metropolis, Kathmandu",100000000.0
Land for Sale - Rs 1 Crore 75 Lakh Per Aana,"['land', 'sale', 'r', 'crore', '75', 'lakh', 'per', 'aana']",land sale r crore 75 lakh per aana,8,Land,"Baluwatar 14 Kathmandu Metropolis, Kathmandu",332500000.0
Land for Sale - Rs 45 Lakh Per Aana,"['land', 'sale', 'r', '45', 'lakh', 'per', 'aana']",land sale r 45 lakh per aana,7,Land,"Bhaisepati 13 Lalitpur Metropolis, Lalitpur",27000000.0
Land for Sale - Rs 80 Lakh Per Aana,"['land', 'sale', 'r', '80', 'lakh', 'per', 'aana']",land sale r 80 lakh per aana,7,Land,"Koteshwor 11 Kathmandu Metropolis, Kathmandu",32000000.0
Land for Sale - Rs 30 Lakh Per Aana,"['land', 'sale', 'r', '30', 'lakh', 'per', 'aana']",land sale r 30 lakh per aana,7,Land,"Lubhu 13 Mahalaxmi, Lalitpur",27000000.0
Land for Sale - Rs 45 Lakh Per Aana,"['land', 'sale', 'r', '45', 'lakh', 'per', 'aana']",land sale r 45 lakh per aana,7,Land,"Bhaisepati 11 Lalitpur Metropolis, Lalitpur",36000000.0
Land for Sale - Rs 4 Crore 35 Lakh,"['land', 'sale', 'r', 'crore', '35', 'lakh']",land sale r crore 35 lakh,6,Land,"Jorpati 8 Kathmandu Metropolis, Kathmandu",43500000.0
Land for Sale - Rs 4 Crore 25 Lakh,"['land', 'sale', 'r', 'crore', '25', 'lakh']",land sale r crore 25 lakh,6,Land,"Hattigauda 10 Budhanilkantha, Kathmandu",42500000.0
Land for Sale - Rs 3 Crore 50 Lakh,"['land', 'sale', 'r', 'crore', '50', 'lakh']",land sale r crore 50 lakh,6,Land,"Budhanilkantha 10 Budhanilkantha, Kathmandu",35000000.0
Land for Sale - Rs 4 Crore 75 Lakh,"['land', 'sale', 'r', 'crore', '75', 'lakh']",land sale r crore 75 lakh,6,Land,"Baluwakhani 9 Kathmandu Metropolis, Kathmandu",47500000.0
Land for Sale - Rs 3 Crore 90 Lakh,"['land', 'sale', 'r', 'crore', '90', 'lakh']",land sale r crore 90 lakh,6,Land,"Sanobharyang 11 Kathmandu Metropolis, Kathmandu",39000000.0
Land for Sale - Rs 65 Lakh Per Aana,"['land', 'sale', 'r', '65', 'lakh', 'per', 'aana']",land sale r 65 lakh per aana,7,Land,"Bansbari 10 Kathmandu Metropolis, Kathmandu",32500000.0
Land for Sale - Rs 6 Crore,"['land', 'sale', 'r', 'crore']",land sale r crore,4,Land,"Panipokhari 7 Kathmandu Metropolis, Kathmandu",60000000.0
Land for Sale - Rs 1 Crore 80 Lakh,"['land', 'sale', 'r', 'crore', '80', 'lakh']",land sale r crore 80 lakh,6,Land,"Sitapaila 7 Kathmandu Metropolis, Kathmandu",18000000.0
Land for Sale - Rs 90 Lakh Per Aana,"['land', 'sale', 'r', '90', 'lakh', 'per', 'aana']",land sale r 90 lakh per aana,7,Land,"BishalNagar 12 Kathmandu Metropolis, Kathmandu",360000000.0
Land for Sale - Rs 1 Crore 50 Lakh Per Aana,"['land', 'sale', 'r', 'crore', '50', 'lakh', 'per', 'aana']",land sale r crore 50 lakh per aana,8,Land,"Baluwatar 11 Kathmandu Metropolis, Kathmandu",52500219.13805698
Land for Sale - Rs 14 Crore,"['land', 'sale', 'r', '14', 'crore']",land sale r 14 crore,5,Land,"Baneshwor 10 Kathmandu Metropolis, Kathmandu",140000000.0
Land for Sale - Rs 4 Crore 25 Lakh,"['land', 'sale', 'r', 'crore', '25', 'lakh']",land sale r crore 25 lakh,6,Land,"Shantinagar 9 Kathmandu Metropolis, Kathmandu",42500000.0
Land for Sale - Rs 4 Crore 90 Lakh,"['land', 'sale', 'r', 'crore', '90', 'lakh']",land sale r crore 90 lakh,6,Land,"Tikathali 7 Mahalaxmi, Lalitpur",49000000.0
Land for Sale - Rs 75 Lakh Per Aana,"['land', 'sale', 'r', '75', 'lakh', 'per', 'aana']",land sale r 75 lakh per aana,7,Land,"Maharajgunj 10 Kathmandu Metropolis, Kathmandu",105000000.0
Land for Sale - Rs 60 Lakh Per Aana,"['land', 'sale', 'r', '60', 'lakh', 'per', 'aana']",land sale r 60 lakh per aana,7,Land,"Maharajgunj 8 Kathmandu Metropolis, Kathmandu",84000000.0
Land for Sale - Rs 60 Lakh Per Aana,"['land', 'sale', 'r', '60', 'lakh', 'per', 'aana']",land sale r 60 lakh per aana,7,Land,"Maharajgunj 7 Kathmandu Metropolis, Kathmandu",114000000.0
Land for Sale - Rs 15 Lakh Per Aana,"['land', 'sale', 'r', '15', 'lakh', 'per', 'aana']",land sale r 15 lakh per aana,7,Land,"Dadingbesi puchar bazar 5 Nilkantha , Dhading",4500000.0
Land for Sale - Rs 4 Crore,"['land', 'sale', 'r', 'crore']",land sale r crore,4,Land,"satdobato swimming pool 15 Lalitpur Metropolis, Lalitpur",40000000.0
Land for Sale - Rs 35 Lakh Per Aana,"['land', 'sale', 'r', '35', 'lakh', 'per', 'aana']",land sale r 35 lakh per aana,7,Land,"Hattiban 13 Lalitpur Metropolis, Lalitpur",10500000.0
Land for Sale - Rs 3 Crore 25 Lakh,"['land', 'sale', 'r', 'crore', '25', 'lakh']",land sale r crore 25 lakh,6,Land,"Sanobharyang 10 Kathmandu Metropolis, Kathmandu",32500000.0
Land for Sale - Rs 50 Lakh Per Aana,"['land', 'sale', 'r', '50', 'lakh', 'per', 'aana']",land sale r 50 lakh per aana,7,Land,"Lokanthali 7 Bhaktapur, Bhaktapur",20000000.0
Land for Sale - Rs 26 Lakh Per Aana,"['land', 'sale', 'r', '26', 'lakh', 'per', 'aana']",land sale r 26 lakh per aana,7,Land,"Dahachowk  Chandragiri, Kathmandu",10400000.0
Land for Sale - Rs 22 Lakh Per Aana,"['land', 'sale', 'r', '22', 'lakh', 'per', 'aana']",land sale r 22 lakh per aana,7,Land,"Dahachowk  Chandragiri, Kathmandu",8800000.0
Land for Sale - Rs 6 Crore 75 Lakh,"['land', 'sale', 'r', 'crore', '75', 'lakh']",land sale r crore 75 lakh,6,Land,"Bhaisepati 0 Lalitpur Metropolis, Lalitpur",67500000.0
Land for Sale - Rs 65 Lakh Per Aana,"['land', 'sale', 'r', '65', 'lakh', 'per', 'aana']",land sale r 65 lakh per aana,7,Land,"tahachal 0 Kathmandu Metropolis, Kathmandu",136500000.0
Land for Sale - Rs 2 Crore 55 Lakh,"['land', 'sale', 'r', 'crore', '55', 'lakh']",land sale r crore 55 lakh,6,Land,"Tikathali 4 Mahalaxmi, Lalitpur",25500000.0
Land for Sale - Rs 90 Lakh Per Aana,"['land', 'sale', 'r', '90', 'lakh', 'per', 'aana']",land sale r 90 lakh per aana,7,Land,"kuleshower  0 Kathmandu Metropolis, Kathmandu",126000000.0
Land for Sale - Rs 1 Crore 55 Lakh Per Aana,"['land', 'sale', 'r', 'crore', '55', 'lakh', 'per', 'aana']",land sale r crore 55 lakh per aana,8,Land,"Jhamaikhel chowk 3 Select Municipality, Lalitpur",77500000.0
Land for Sale - Rs 4 Crore 20 Lakh,"['land', 'sale', 'r', 'crore', '20', 'lakh']",land sale r crore 20 lakh,6,Land,"Jhamsikhel Lalitpur  3 Lalitpur Metropolis, Lalitpur",42000000.0
Land for Sale - Rs 90 Lakh Per Aana,"['land', 'sale', 'r', '90', 'lakh', 'per', 'aana']",land sale r 90 lakh per aana,7,Land,"Jhamsikhel Lalitpur  3 Lalitpur Metropolis, Lalitpur",63000000.0
Land for Sale - Rs 15 Lakh Per Dhur,"['land', 'sale', 'r', '15', 'lakh', 'per', 'dhur']",land sale r 15 lakh per dhur,7,Land,"Dharan  0 Dharan, Sunsari",109500000.0
Land for Sale - Rs 11 Crore,"['land', 'sale', 'r', '11', 'crore']",land sale r 11 crore,5,Land,"Satdobato 0 Select Municipality, Lalitpur",110000000.0
Land for Sale - Rs 5 Crore 25 Lakh,"['land', 'sale', 'r', 'crore', '25', 'lakh']",land sale r crore 25 lakh,6,Land,"... 0 Lalitpur Metropolis, Lalitpur",52500000.0
Land for Sale - Rs 3 Crore 90 Lakh,"['land', 'sale', 'r', 'crore', '90', 'lakh']",land sale r crore 90 lakh,6,Land,"Bhaisepati 0 Bagmati, Lalitpur",39000000.0
Land for Sale - Rs 75 Lakh Per Aana,"['land', 'sale', 'r', '75', 'lakh', 'per', 'aana']",land sale r 75 lakh per aana,7,Land,"Satdobato 0 Bagmati, Lalitpur",30000000.0
Land for Sale - Rs 33 Lakh,"['land', 'sale', 'r', '33', 'lakh']",land sale r 33 lakh,5,Land,"Duwakot 7 Changunarayan, Bhaktapur",3300000.0
House for Sale - Rs 3 Crore 99 Lakh 99 Thousand 999,"['house', 'sale', 'r', 'crore', '99', 'lakh', '99', 'thousand', '999']",house sale r crore 99 lakh 99 thousand 999,9,House,"Hattiban 0 Lalitpur Metropolis, Lalitpur",39999000.0
Land for Sale - Rs 2 Crore 30 Lakh,"['land', 'sale', 'r', 'crore', '30', 'lakh']",land sale r crore 30 lakh,6,Land,"Hattiban 0 Lalitpur Metropolis, Lalitpur",23000000.0
House for Sale - Rs 1 Crore 39 Lakh 99 Thousand 999,"['house', 'sale', 'r', 'crore', '39', 'lakh', '99', 'thousand', '999']",house sale r crore 39 lakh 99 thousand 999,9,House,"Sanagau, Charghare 0 Mahalaxmi, Lalitpur",13999000.0
Land for Sale - Rs 38 Lakh Per Aana,"['land', 'sale', 'r', '38', 'lakh', 'per', 'aana']",land sale r 38 lakh per aana,7,Land,"Balkot 13 Bhaktapur, Bhaktapur",30400000.0
Land for Sale - Rs 40 Lakh Per Aana,"['land', 'sale', 'r', '40', 'lakh', 'per', 'aana']",land sale r 40 lakh per aana,7,Land,"Balkot 12 Bhaktapur, Bhaktapur",25999941.563184805
Land for Sale - Rs 60 Lakh Per Aana,"['land', 'sale', 'r', '60', 'lakh', 'per', 'aana']",land sale r 60 lakh per aana,7,Land,"Pepsicola 11 Kathmandu Metropolis, Kathmandu",21749890.43097151
Land for Sale - Rs 45 Lakh Per Aana,"['land', 'sale', 'r', '45', 'lakh', 'per', 'aana']",land sale r 45 lakh per aana,7,Land,"Deuba Chowk 10 Kathmandu Metropolis, Kathmandu",36000000.0
Land for Sale - Rs 5 Crore 49 Lakh 99 Thousand 999,"['land', 'sale', 'r', 'crore', '49', 'lakh', '99', 'thousand', '999']",land sale r crore 49 lakh 99 thousand 999,9,Land,"Dhphakhel 0 Mahalaxmi, Lalitpur",54999000.0
House for Sale - Rs 2 Crore 99 Lakh 99 Thousand 999,"['house', 'sale', 'r', 'crore', '99', 'lakh', '99', 'thousand', '999']",house sale r crore 99 lakh 99 thousand 999,9,House,"magargau 4 Mahalaxmi, Lalitpur",29999000.0
Land for Sale - Rs 5 Crore 50 Lakh,"['land', 'sale', 'r', 'crore', '50', 'lakh']",land sale r crore 50 lakh,6,Land,"Dhapakhel 8 Lalitpur Metropolis, Lalitpur",55000000.0
Land for Sale - Rs 2 Crore 60 Lakh,"['land', 'sale', 'r', 'crore', '60', 'lakh']",land sale r crore 60 lakh,6,Land,"Bhaisepati 7 Lalitpur Metropolis, Lalitpur",26000000.0
House for Sale - Rs 3 Crore 19 Lakh 99 Thousand 999,"['house', 'sale', 'r', 'crore', '19', 'lakh', '99', 'thousand', '999']",house sale r crore 19 lakh 99 thousand 999,9,House,"Imadol 4 Mahalaxmi, Lalitpur",31999000.0
House for Sale - Rs 3 Crore 24 Lakh 99 Thousand 999,"['house', 'sale', 'r', 'crore', '24', 'lakh', '99', 'thousand', '999']",house sale r crore 24 lakh 99 thousand 999,9,House,"Imadol 4 Mahalaxmi, Lalitpur",32499000.0
Land for Sale - Rs 1 Crore 89 Lakh,"['land', 'sale', 'r', 'crore', '89', 'lakh']",land sale r crore 89 lakh,6,Land,"Setipakha 12 Lalitpur Metropolis, Lalitpur",18900000.0
Land for Sale - Rs 2 Crore 90 Lakh,"['land', 'sale', 'r', 'crore', '90', 'lakh']",land sale r crore 90 lakh,6,Land,"Shital Height 10 Mahalaxmi, Lalitpur",29000000.0
Land for Sale - Rs 39 Lakh Per Aana,"['land', 'sale', 'r', '39', 'lakh', 'per', 'aana']",land sale r 39 lakh per aana,7,Land,"Harisiddhi 10 Lalitpur Metropolis, Lalitpur",17549943.024105184
Land for Sale - Rs 40 Lakh Per Aana,"['land', 'sale', 'r', '40', 'lakh', 'per', 'aana']",land sale r 40 lakh per aana,7,Land,"Harisiddhi 9 Lalitpur Metropolis, Lalitpur",15499897.735573413
Land for Sale - Rs 57 Lakh Per Aana,"['land', 'sale', 'r', '57', 'lakh', 'per', 'aana']",land sale r 57 lakh per aana,7,Land,"Khumaltar 11 Lalitpur Metropolis, Lalitpur",79800000.0
Land for Sale - Rs 59 Lakh Per Aana,"['land', 'sale', 'r', '59', 'lakh', 'per', 'aana']",land sale r 59 lakh per aana,7,Land,"Khumaltar 13 Lalitpur Metropolis, Lalitpur",44250086.19430241
Land for Sale - Rs 58 Lakh Per Aana,"['land', 'sale', 'r', '58', 'lakh', 'per', 'aana']",land sale r 58 lakh per aana,7,Land,"Khumaltar 12 Lalitpur Metropolis, Lalitpur",58000000.0
Land for Sale - Rs 40 Lakh Per Aana,"['land', 'sale', 'r', '40', 'lakh', 'per', 'aana']",land sale r 40 lakh per aana,7,Land,"Imadol 9 Lalitpur Metropolis, Lalitpur",18999912.34477721
Land for Sale - Rs 90 Lakh Per Aana,"['land', 'sale', 'r', '90', 'lakh', 'per', 'aana']",land sale r 90 lakh per aana,7,Land,"Ratopul 16 Kathmandu Metropolis, Kathmandu",42750065.741417095
Land for Sale - Rs 70 Lakh Per Aana,"['land', 'sale', 'r', '70', 'lakh', 'per', 'aana']",land sale r 70 lakh per aana,7,Land,"Maharajgunj 14 Kathmandu Metropolis, Kathmandu",49000000.0
Land for Sale - Rs 4 Crore,"['land', 'sale', 'r', 'crore']",land sale r crore,4,Land,"Bansbari 11 Kathmandu Metropolis, Kathmandu",40000000.0
Land for Sale - Rs 6 Crore,"['land', 'sale', 'r', 'crore']",land sale r crore,4,Land,"Bansbari 10 Kathmandu Metropolis, Kathmandu",60000000.0
Land for Sale - Rs 5 Crore,"['land', 'sale', 'r', 'crore']",land sale r crore,4,Land,"Basundhara 9 Kathmandu Metropolis, Kathmandu",50000000.0
Land for Sale - Rs 2 Crore 50 Lakh Per Aana,"['land', 'sale', 'r', 'crore', '50', 'lakh', 'per', 'aana']",land sale r crore 50 lakh per aana,8,Land,"Balkot 02 Suryabinayak, Bhaktapur",87500365.23009497
Land for Sale - Rs 45 Lakh Per Aana,"['land', 'sale', 'r', '45', 'lakh', 'per', 'aana']",land sale r 45 lakh per aana,7,Land,"Ghathaghar 7 Bhaktapur, Bhaktapur",27000000.0
Land for Sale - Rs 35 Lakh Per Aana,"['land', 'sale', 'r', '35', 'lakh', 'per', 'aana']",land sale r 35 lakh per aana,7,Land,"Thimi 15 Bhaktapur, Bhaktapur",21000000.0
Land for Sale - Rs 39 Lakh Per Aana,"['land', 'sale', 'r', '39', 'lakh', 'per', 'aana']",land sale r 39 lakh per aana,7,Land,"Gothatar 6 Kageshwori Manohara, Kathmandu",15600000.0
Land for Sale - Rs 62 Lakh Per Aana,"['land', 'sale', 'r', '62', 'lakh', 'per', 'aana']",land sale r 62 lakh per aana,7,Land,"imadol ochu height 4 Lalitpur Metropolis, Lalitpur",31000000.0
House for Sale - Rs 2 Crore 40 Lakh,"['house', 'sale', 'r', 'crore', '40', 'lakh']",house sale r crore 40 lakh,6,House,"Dhapakhel 14 Lalitpur Metropolis, Lalitpur",24000000.0
Land for Sale - Rs 45 Lakh Per Aana,"['land', 'sale', 'r', '45', 'lakh', 'per', 'aana']",land sale r 45 lakh per aana,7,Land,"Gothatar 15 Kathmandu Metropolis, Kathmandu",15750065.741417097
Land for Sale - Rs 55 Lakh Per Aana,"['land', 'sale', 'r', '55', 'lakh', 'per', 'aana']",land sale r 55 lakh per aana,7,Land,"Kamerotar 11 Bhaktapur, Bhaktapur",33687479.91234478
House for Sale - Rs 3 Crore 25 Lakh,"['house', 'sale', 'r', 'crore', '25', 'lakh']",house sale r crore 25 lakh,6,House,"Kumaripati 19 Lalitpur Metropolis, Lalitpur",32500000.0
Land for Sale - Rs 45 Lakh Per Aana,"['land', 'sale', 'r', '45', 'lakh', 'per', 'aana']",land sale r 45 lakh per aana,7,Land,"Gothatar 11 Kathmandu Metropolis, Kathmandu",18000000.0
Land for Sale - Rs 45 Lakh Per Aana,"['land', 'sale', 'r', '45', 'lakh', 'per', 'aana']",land sale r 45 lakh per aana,7,Land,"Gothatar 10 Kathmandu Metropolis, Kathmandu",18000000.0
Land for Sale - Rs 60 Lakh Per Aana,"['land', 'sale', 'r', '60', 'lakh', 'per', 'aana']",land sale r 60 lakh per aana,7,Land,"Gothatar 9 Lalitpur Metropolis, Lalitpur",48000000.0
Land for Sale - Rs 75 Lakh Per Aana,"['land', 'sale', 'r', '75', 'lakh', 'per', 'aana']",land sale r 75 lakh per aana,7,Land,"Mahalaxmisthan 13 Lalitpur Metropolis, Lalitpur",39374945.21548575
Land for Sale - Rs 49 Lakh Per Aana,"['land', 'sale', 'r', '49', 'lakh', 'per', 'aana']",land sale r 49 lakh per aana,7,Land,"Imadol 11 Mahalaxmi, Lalitpur",15924964.207450692
Land for Sale - Rs 9 Lakh Per Aana,"['land', 'sale', 'r', 'lakh', 'per', 'aana']",land sale r lakh per aana,6,Land,"lele 5 Godawari, Lalitpur",2700000.0
Land for Sale - Rs 22 Lakh Per Aana,"['land', 'sale', 'r', '22', 'lakh', 'per', 'aana']",land sale r 22 lakh per aana,7,Land,"Maiti nepal 4 Gokarneshwor, Kathmandu",6600000.0
Land for Sale - Rs 40 Lakh Per Aana,"['land', 'sale', 'r', '40', 'lakh', 'per', 'aana']",land sale r 40 lakh per aana,7,Land,"Balkot 10 Bhaktapur, Bhaktapur",16249992.695398102
Land for Sale - Rs 50 Lakh Per Aana,"['land', 'sale', 'r', '50', 'lakh', 'per', 'aana']",land sale r 50 lakh per aana,7,Land,"Nakhu 4 Lalitpur Metropolis, Lalitpur",27812417.823228635
Land for Sale - Rs 3 Crore 25 Lakh,"['land', 'sale', 'r', 'crore', '25', 'lakh']",land sale r crore 25 lakh,6,Land,"Imadol 11 Mahalaxmi, Lalitpur",32500000.0
Land for Sale - Rs 36 Lakh Per Aana,"['land', 'sale', 'r', '36', 'lakh', 'per', 'aana']",land sale r 36 lakh per aana,7,Land,"Harisiddhi 13 Lalitpur Metropolis, Lalitpur",14400000.0
Land for Sale - Rs 34 Lakh Per Aana,"['land', 'sale', 'r', '34', 'lakh', 'per', 'aana']",land sale r 34 lakh per aana,7,Land,"Harisiddhi 11 Lalitpur Metropolis, Lalitpur",12537431.701972242
Land for Sale - Rs 30 Lakh Per Aana,"['land', 'sale', 'r', '30', 'lakh', 'per', 'aana']",land sale r 30 lakh per aana,7,Land,"Dhapakhel 12 Lalitpur Metropolis, Lalitpur",9000000.0
Land for Sale - Rs 40 Lakh Per Aana,"['land', 'sale', 'r', '40', 'lakh', 'per', 'aana']",land sale r 40 lakh per aana,7,Land,"Harisiddhi 11 Mahalaxmi, Lalitpur",17499956.172388602
Land for Sale - Rs 30 Lakh Per Aana,"['land', 'sale', 'r', '30', 'lakh', 'per', 'aana']",land sale r 30 lakh per aana,7,Land,"Harisiddhi 10 Mahalaxmi, Lalitpur",18000000.0
Land for Sale - Rs 23 Lakh Per Aana,"['land', 'sale', 'r', '23', 'lakh', 'per', 'aana']",land sale r 23 lakh per aana,7,Land,"Lamatar 9 Mahalaxmi, Lalitpur",9200000.0
Land for Sale - Rs 23 Lakh Per Aana,"['land', 'sale', 'r', '23', 'lakh', 'per', 'aana']",land sale r 23 lakh per aana,7,Land,"Lamatar 9 Mahalaxmi, Lalitpur",8624949.598246895
House for Sale - Rs 3 Crore 70 Lakh,"['house', 'sale', 'r', 'crore', '70', 'lakh']",house sale r crore 70 lakh,6,House,"bhaudaha  Katahari, Morang",37000000.0
Land for Sale - Rs 2 Crore 45 Lakh,"['land', 'sale', 'r', 'crore', '45', 'lakh']",land sale r crore 45 lakh,6,Land,"Tikathali 4 Mahalaxmi, Lalitpur",24500000.0
Land for Sale - Rs 2 Crore 50 Lakh,"['land', 'sale', 'r', 'crore', '50', 'lakh']",land sale r crore 50 lakh,6,Land,"Imadol  4 Mahalaxmi, Lalitpur",25000000.0
Land for Sale - Rs 4 Crore 50 Lakh,"['land', 'sale', 'r', 'crore', '50', 'lakh']",land sale r crore 50 lakh,6,Land,"Imadol 11 Mahalaxmi, Lalitpur",45000000.0
Land for Sale - Rs 38 Lakh Per Aana,"['land', 'sale', 'r', '38', 'lakh', 'per', 'aana']",land sale r 38 lakh per aana,7,Land,"Shital Height 11 Mahalaxmi, Lalitpur",13300055.514974436
House for Sale - Rs 4 Crore,"['house', 'sale', 'r', 'crore']",house sale r crore,4,House,"Sundar basti 8 Budhanilkantha, Kathmandu",40000000.0
Land for Sale - Rs 62 Lakh Per Aana,"['land', 'sale', 'r', '62', 'lakh', 'per', 'aana']",land sale r 62 lakh per aana,7,Land,"Lamatar 9 Mahalaxmi, Lalitpur",37200000.0
Land for Sale - Rs 32 Lakh Per Aana,"['land', 'sale', 'r', '32', 'lakh', 'per', 'aana']",land sale r 32 lakh per aana,7,Land,"Lubhu 9 Mahalaxmi, Lalitpur",12800000.0
Land for Sale - Rs 38 Lakh Per Aana,"['land', 'sale', 'r', '38', 'lakh', 'per', 'aana']",land sale r 38 lakh per aana,7,Land,"Shital height 9 Mahalaxmi, Lalitpur",23749972.24251278
Land for Sale - Rs 2 Crore 60 Lakh,"['land', 'sale', 'r', 'crore', '60', 'lakh']",land sale r crore 60 lakh,6,Land,"Shital Height 12 Mahalaxmi, Lalitpur",26000000.0
Land for Sale - Rs 4 Crore 35 Lakh,"['land', 'sale', 'r', 'crore', '35', 'lakh']",land sale r crore 35 lakh,6,Land,"Bhaisepati 11 Lalitpur Metropolis, Lalitpur",43500000.0
House for Sale - Rs 4 Crore 25 Lakh,"['house', 'sale', 'r', 'crore', '25', 'lakh']",house sale r crore 25 lakh,6,House,"Imadol Ochu Height 6 Mahalaxmi, Lalitpur",42500000.0
Land for Sale - Rs 4 Crore 25 Lakh,"['land', 'sale', 'r', 'crore', '25', 'lakh']",land sale r crore 25 lakh,6,Land,"Imadol Cozy Home 4 Mahalaxmi, Lalitpur",42500000.0
Land for Sale - Rs 3 Crore 10 Lakh,"['land', 'sale', 'r', 'crore', '10', 'lakh']",land sale r crore 10 lakh,6,Land,"Imadol  3 Mahalaxmi, Lalitpur",31000000.0
Land for Rent - Rs 1 Lakh 80 Thousand Per Sq. Ft.,"['land', 'rent', 'r', 'lakh', '80', 'thousand', 'per', 'sq', 'ft']",land rent r lakh 80 thousand per sq ft,9,Land,"Kupo 9 Lalitpur Metropolis, Lalitpur",180000.0
House for Sale - Rs 2 Crore 40 Lakh,"['house', 'sale', 'r', 'crore', '40', 'lakh']",house sale r crore 40 lakh,6,House,"Kapan height  Budhanilkantha, Kathmandu",24000000.0
Land for Sale - Rs 38 Lakh Per Aana,"['land', 'sale', 'r', '38', 'lakh', 'per', 'aana']",land sale r 38 lakh per aana,7,Land,"Tikathali 12 Bhaktapur, Bhaktapur",13300055.514974436
Land for Sale - Rs 70 Lakh Per Aana,"['land', 'sale', 'r', '70', 'lakh', 'per', 'aana']",land sale r 70 lakh per aana,7,Land,"Lokanthali 11 Bhaktapur, Bhaktapur",73499897.73557341
Land for Sale - Rs 38 Lakh Per Aana,"['land', 'sale', 'r', '38', 'lakh', 'per', 'aana']",land sale r 38 lakh per aana,7,Land,"Balkot 8 Bhaktapur, Bhaktapur",15200000.0
Land for Sale - Rs 48 Lakh Per Aana,"['land', 'sale', 'r', '48', 'lakh', 'per', 'aana']",land sale r 48 lakh per aana,7,Land,"Balkot 9 Bhaktapur, Bhaktapur",17999894.81373265
Land for Sale - Rs 35 Lakh Per Aana,"['land', 'sale', 'r', '35', 'lakh', 'per', 'aana']",land sale r 35 lakh per aana,7,Land,"Bode 6 Bhaktapur, Bhaktapur",28000000.0
Land for Sale - Rs 3 Crore 80 Lakh,"['land', 'sale', 'r', 'crore', '80', 'lakh']",land sale r crore 80 lakh,6,Land,"Imadol 12 Mahalaxmi, Lalitpur",38000000.0
Land for Sale - Rs 49 Lakh Per Aana,"['land', 'sale', 'r', '49', 'lakh', 'per', 'aana']",land sale r 49 lakh per aana,7,Land,"Kapan   Budhanilkantha, Kathmandu",44100000.0
Land for Sale - Rs 11 Crore 50 Lakh,"['land', 'sale', 'r', '11', 'crore', '50', 'lakh']",land sale r 11 crore 50 lakh,7,Land,"Sinamangal 13 Kathmandu Metropolis, Kathmandu",115000000.0
Land for Sale - Rs 4 Crore,"['land', 'sale', 'r', 'crore']",land sale r crore,4,Land,"Harisiddhi 12 Lalitpur Metropolis, Lalitpur",40000000.0
Land for Sale - Rs 38 Lakh Per Aana,"['land', 'sale', 'r', '38', 'lakh', 'per', 'aana']",land sale r 38 lakh per aana,7,Land,"Sanagau 12 Mahalaxmi, Lalitpur",11400000.0
Land for Sale - Rs 3 Crore 25 Lakh,"['land', 'sale', 'r', 'crore', '25', 'lakh']",land sale r crore 25 lakh,6,Land,"Bhaisepati 11 Lalitpur Metropolis, Lalitpur",32500000.0
Land for Sale - Rs 50 Lakh Per Aana,"['land', 'sale', 'r', '50', 'lakh', 'per', 'aana']",land sale r 50 lakh per aana,7,Land,"Imadol 17 Mahalaxmi, Lalitpur",15000000.0
Land for Sale - Rs 2 Crore 70 Lakh,"['land', 'sale', 'r', 'crore', '70', 'lakh']",land sale r crore 70 lakh,6,Land,"Bhaisepati  Lalitpur Metropolis, Lalitpur",27000000.0
Land for Sale - Rs 40 Lakh Per Aana,"['land', 'sale', 'r', '40', 'lakh', 'per', 'aana']",land sale r 40 lakh per aana,7,Land,"Thaiba 13 Lalitpur Metropolis, Lalitpur",17999941.563184805
Land for Sale - Rs 11 Crore 50 Lakh,"['land', 'sale', 'r', '11', 'crore', '50', 'lakh']",land sale r 11 crore 50 lakh,7,Land,"Kathmandu 16 Kathmandu Metropolis, Kathmandu",115000000.0
Land for Sale - Rs 5 Crore 25 Lakh,"['land', 'sale', 'r', 'crore', '25', 'lakh']",land sale r crore 25 lakh,6,Land,"Bhaisepati 12 Lalitpur Metropolis, Lalitpur",52500000.0
Land for Sale - Rs 35 Lakh Per Aana,"['land', 'sale', 'r', '35', 'lakh', 'per', 'aana']",land sale r 35 lakh per aana,7,Land,"Hattiban  Lalitpur Metropolis, Lalitpur",13124923.301680058
Land for Sale - Rs 70 Lakh Per Aana,"['land', 'sale', 'r', '70', 'lakh', 'per', 'aana']",land sale r 70 lakh per aana,7,Land,"Imadol 1 Mahalaxmi, Lalitpur",42000000.0
Land for Sale - Rs 45 Lakh Per Aana,"['land', 'sale', 'r', '45', 'lakh', 'per', 'aana']",land sale r 45 lakh per aana,7,Land,"Setipakha 11 Lalitpur Metropolis, Lalitpur",36000000.0
Land for Sale - Rs 45 Lakh Per Aana,"['land', 'sale', 'r', '45', 'lakh', 'per', 'aana']",land sale r 45 lakh per aana,7,Land,"Setipakha 15 Lalitpur Metropolis, Lalitpur",49500000.0
Land for Sale - Rs 2 Crore 20 Lakh,"['land', 'sale', 'r', 'crore', '20', 'lakh']",land sale r crore 20 lakh,6,Land,"Imadol 1 Mahalaxmi, Lalitpur",22000000.0
Land for Sale - Rs 1 Crore 15 Lakh Per Aana,"['land', 'sale', 'r', 'crore', '15', 'lakh', 'per', 'aana']",land sale r crore 15 lakh per aana,8,Land,"Imadol 14 Mahalaxmi, Lalitpur",37374915.99707816
Land for Sale - Rs 3 Crore,"['land', 'sale', 'r', 'crore']",land sale r crore,4,Land,"Bhaisepati 12 Lalitpur Metropolis, Lalitpur",30000000.0
Land for Sale - Rs 3 Crore 90 Lakh,"['land', 'sale', 'r', 'crore', '90', 'lakh']",land sale r crore 90 lakh,6,Land,"Bhaisepati 11 Lalitpur Metropolis, Lalitpur",39000000.0
Land for Sale - Rs 44 Lakh Per Aana,"['land', 'sale', 'r', '44', 'lakh', 'per', 'aana']",land sale r 44 lakh per aana,7,Land,"Imadol 4 Lalitpur Metropolis, Lalitpur",18699967.85975164
Land for Sale - Rs 45 Lakh Per Aana,"['land', 'sale', 'r', '45', 'lakh', 'per', 'aana']",land sale r 45 lakh per aana,7,Land,"Balkumari 5 Lalitpur Metropolis, Lalitpur",16874901.38787436
Land for Sale - Rs 45 Lakh Per Aana,"['land', 'sale', 'r', '45', 'lakh', 'per', 'aana']",land sale r 45 lakh per aana,7,Land,"Imadol 6 Mahalaxmi, Lalitpur",17437384.952520087
Land for Sale - Rs 52 Lakh Per Aana,"['land', 'sale', 'r', '52', 'lakh', 'per', 'aana']",land sale r 52 lakh per aana,7,Land,"Thimi Chowk 7 Bhaktapur, Bhaktapur",140400000.0
Land for Sale - Rs 45 Lakh Per Aana,"['land', 'sale', 'r', '45', 'lakh', 'per', 'aana']",land sale r 45 lakh per aana,7,Land,"Kamerotar 8 Bhaktapur, Bhaktapur",18281241.782322865
Land for Sale - Rs 3 Crore 95 Lakh,"['land', 'sale', 'r', 'crore', '95', 'lakh']",land sale r crore 95 lakh,6,Land,"Buddhanilkanth  Budhanilkantha, Kathmandu",39500000.0
Land for Rent - Rs 2 Lakh 25 Thousand Per Dhur,"['land', 'rent', 'r', 'lakh', '25', 'thousand', 'per', 'dhur']",land rent r lakh 25 thousand per dhur,8,Land,"Bansbari  Itahari, Sunsari",4500000.0
Land for Sale - Rs 4 Crore 75 Lakh,"['land', 'sale', 'r', 'crore', '75', 'lakh']",land sale r crore 75 lakh,6,Land,"Pasikot 12 Budhanilkantha, Kathmandu",47500000.0
Land for Sale - Rs 37 Lakh Per Aana,"['land', 'sale', 'r', '37', 'lakh', 'per', 'aana']",land sale r 37 lakh per aana,7,Land,"Gothatar 12 Kathmandu Metropolis, Kathmandu",22200000.0
Land for Sale - Rs 90 Lakh,"['land', 'sale', 'r', '90', 'lakh']",land sale r 90 lakh,5,Land,"Padampur 2 Kalika, Chitwan",9000000.0
Land for Sale - Rs 3 Crore 25 Lakh,"['land', 'sale', 'r', 'crore', '25', 'lakh']",land sale r crore 25 lakh,6,Land,"Bhaisepati 11 Mahalaxmi, Lalitpur",32500000.0
Land for Sale - Rs 3 Crore 25 Lakh,"['land', 'sale', 'r', 'crore', '25', 'lakh']",land sale r crore 25 lakh,6,Land,"Sanagau 11 Mahalaxmi, Lalitpur",32500000.0
Land for Sale - Rs 19 Lakh Per Aana,"['land', 'sale', 'r', '19', 'lakh', 'per', 'aana']",land sale r 19 lakh per aana,7,Land,"Dhapakhel 24 Lalitpur Metropolis, Lalitpur",30227903.579254933
Land for Sale - Rs 3 Crore,"['land', 'sale', 'r', 'crore']",land sale r crore,4,Land,"Shital Height 9 Mahalaxmi, Lalitpur",30000000.0
Land for Sale - Rs 3 Crore 65 Lakh,"['land', 'sale', 'r', 'crore', '65', 'lakh']",land sale r crore 65 lakh,6,Land,"Bhaisepati 12 Lalitpur Metropolis, Lalitpur",36500000.0
Land for Sale - Rs 5 Crore,"['land', 'sale', 'r', 'crore']",land sale r crore,4,Land,"Swayambhu 11 Kathmandu Metropolis, Kathmandu",50000000.0
Land for Sale - Rs 3 Crore 90 Lakh,"['land', 'sale', 'r', 'crore', '90', 'lakh']",land sale r crore 90 lakh,6,Land,"Shital height 5 Mahalaxmi, Lalitpur",39000000.0
Land for Sale - Rs 1 Crore 15 Lakh,"['land', 'sale', 'r', 'crore', '15', 'lakh']",land sale r crore 15 lakh,6,Land,"GAURIGANJ-8 8 Bharatpur, Chitwan",11500000.0
Land for Sale - Rs 4 Crore 10 Lakh,"['land', 'sale', 'r', 'crore', '10', 'lakh']",land sale r crore 10 lakh,6,Land,"Bhaisepati 12 Lalitpur Metropolis, Lalitpur",41000000.0
Land for Sale - Rs 36 Lakh Per Aana,"['land', 'sale', 'r', '36', 'lakh', 'per', 'aana']",land sale r 36 lakh per aana,7,Land,"Balkot 8 Bhaktapur, Bhaktapur",18000000.0
Land for Sale - Rs 50 Lakh Per Aana,"['land', 'sale', 'r', '50', 'lakh', 'per', 'aana']",land sale r 50 lakh per aana,7,Land,"Kaushaltar 12 Bhaktapur, Bhaktapur",25000000.0
Land for Sale - Rs 45 Lakh Per Aana,"['land', 'sale', 'r', '45', 'lakh', 'per', 'aana']",land sale r 45 lakh per aana,7,Land,"Thimi Chowk 11 Madhyapur Thimi, Bhaktapur",22500000.0
Land for Sale - Rs 55 Lakh Per Aana,"['land', 'sale', 'r', '55', 'lakh', 'per', 'aana']",land sale r 55 lakh per aana,7,Land,"Dibyeshwori 7 Bhaktapur, Bhaktapur",18562439.737034332
House for Sale - Rs 4 Crore 50 Lakh,"['house', 'sale', 'r', 'crore', '50', 'lakh']",house sale r crore 50 lakh,6,House,"Baneshwor  Kathmandu Metropolis, Kathmandu",45000000.0
Land for Sale - Rs 30 Lakh Per Kathha,"['land', 'sale', 'r', '30', 'lakh', 'per', 'kathha']",land sale r 30 lakh per kathha,7,Land,"Rajmandir, Pithauli 12 Kawasoti, Nawalpur",3000000.0
Land for Sale - Rs 55 Lakh Per Aana,"['land', 'sale', 'r', '55', 'lakh', 'per', 'aana']",land sale r 55 lakh per aana,7,Land,"Dibyeshwori 8 Bhaktapur, Bhaktapur",55000000.0
Land for Sale - Rs 67 Lakh Per Aana,"['land', 'sale', 'r', '67', 'lakh', 'per', 'aana']",land sale r 67 lakh per aana,7,Land,"Pepsicola 7 Kathmandu Metropolis, Kathmandu",33500000.0
Land for Sale - Rs 1 Crore 80 Lakh,"['land', 'sale', 'r', 'crore', '80', 'lakh']",land sale r crore 80 lakh,6,Land,"Imadol 12 Mahalaxmi, Lalitpur",18000000.0
Land for Sale - Rs 36 Lakh Per Aana,"['land', 'sale', 'r', '36', 'lakh', 'per', 'aana']",land sale r 36 lakh per aana,7,Land,"Changathali 11 Lalitpur Metropolis, Lalitpur",10800000.0
Land for Sale - Rs 38 Lakh Per Aana,"['land', 'sale', 'r', '38', 'lakh', 'per', 'aana']",land sale r 38 lakh per aana,7,Land,"Harisiddhi 11 Mahalaxmi, Lalitpur",12824958.363769174
Land for Sale - Rs 3 Crore 70 Lakh,"['land', 'sale', 'r', 'crore', '70', 'lakh']",land sale r crore 70 lakh,6,Land,"Manamaiju 09 Tarakeshor, Kathmandu",37000000.0
Land for Sale - Rs 70 Lakh Per Aana,"['land', 'sale', 'r', '70', 'lakh', 'per', 'aana']",land sale r 70 lakh per aana,7,Land,"Balaju 16 Kathmandu Metropolis, Kathmandu",35000000.0
Land for Sale - Rs 2 Crore 85 Lakh,"['land', 'sale', 'r', 'crore', '85', 'lakh']",land sale r crore 85 lakh,6,Land,"Jorpati  Kathmandu Metropolis, Kathmandu",28500000.0
Land for Sale - Rs 24 Lakh Per Kathha,"['land', 'sale', 'r', '24', 'lakh', 'per', 'kathha']",land sale r 24 lakh per kathha,7,Land,"Bharatpur 23 Jagatpur, Chitwan",2400000.0
House for Sale - Rs 4 Crore 75 Lakh,"['house', 'sale', 'r', 'crore', '75', 'lakh']",house sale r crore 75 lakh,6,House,"Nakhipot  Lalitpur Metropolis, Lalitpur",47500000.0
Land for Sale - Rs 3 Crore 90 Lakh,"['land', 'sale', 'r', 'crore', '90', 'lakh']",land sale r crore 90 lakh,6,Land,"Nakhipot  Lalitpur Metropolis, Lalitpur",39000000.0
Land for Sale - Rs 42 Lakh Per Aana,"['land', 'sale', 'r', '42', 'lakh', 'per', 'aana']",land sale r 42 lakh per aana,7,Land,"Tikathali   Mahalaxmi, Lalitpur",13649969.320672022
Land for Sale - Rs 37 Lakh Per Aana,"['land', 'sale', 'r', '37', 'lakh', 'per', 'aana']",land sale r 37 lakh per aana,7,Land,"Tikathali  Mahalaxmi, Lalitpur",18500000.0
Land for Sale - Rs 4 Crore,"['land', 'sale', 'r', 'crore']",land sale r crore,4,Land,"Nilopul  Kathmandu Metropolis, Kathmandu",40000000.0
Land for Sale - Rs 3 Crore 50 Lakh,"['land', 'sale', 'r', 'crore', '50', 'lakh']",land sale r crore 50 lakh,6,Land,"chovar Chargare  Kirtipur, Kathmandu",35000000.0
Land for Rent - Rs 36 Lakh Per Aana,"['land', 'rent', 'r', '36', 'lakh', 'per', 'aana']",land rent r 36 lakh per aana,7,Land,"Tikathali   Mahalaxmi, Lalitpur",13499921.110299489
Land for Sale - Rs 2 Crore 60 Lakh,"['land', 'sale', 'r', 'crore', '60', 'lakh']",land sale r crore 60 lakh,6,Land,"Sanagaun  Mahalaxmi, Lalitpur",26000000.0
House for Sale - Rs 3 Crore 85 Lakh,"['house', 'sale', 'r', 'crore', '85', 'lakh']",house sale r crore 85 lakh,6,House,"Imadol  Mahalaxmi, Lalitpur",38500000.0
Land for Sale - Rs 3 Crore 35 Lakh,"['land', 'sale', 'r', 'crore', '35', 'lakh']",land sale r crore 35 lakh,6,Land,"Sanagaun  Mahalaxmi, Lalitpur",33500000.0
Land for Sale - Rs 55 Lakh Per Aana,"['land', 'sale', 'r', '55', 'lakh', 'per', 'aana']",land sale r 55 lakh per aana,7,Land,"deuba chowk   Budhanilkantha, Kathmandu",55000000.0
Land for Sale - Rs 36 Lakh Per Aana,"['land', 'sale', 'r', '36', 'lakh', 'per', 'aana']",land sale r 36 lakh per aana,7,Land,"Balkot  Bhaktapur, Bhaktapur",18000000.0
Land for Sale - Rs 36 Lakh Per Aana,"['land', 'sale', 'r', '36', 'lakh', 'per', 'aana']",land sale r 36 lakh per aana,7,Land,"Balkot  Bhaktapur, Bhaktapur",14400000.0
Land for Sale - Rs 35 Lakh Per Aana,"['land', 'sale', 'r', '35', 'lakh', 'per', 'aana']",land sale r 35 lakh per aana,7,Land,"Lubhu  Mahalaxmi, Lalitpur",21000000.0
Land for Sale - Rs 35 Lakh Per Aana,"['land', 'sale', 'r', '35', 'lakh', 'per', 'aana']",land sale r 35 lakh per aana,7,Land,"Sanagaun  Mahalaxmi, Lalitpur",25374974.433893353
Land for Sale - Rs 3 Crore 50 Lakh,"['land', 'sale', 'r', 'crore', '50', 'lakh']",land sale r crore 50 lakh,6,Land,"Bhaisepati  Mahalaxmi, Lalitpur",35000000.0
Land for Sale - Rs 1 Lakh 50 Thousand Per Aana,"['land', 'sale', 'r', 'lakh', '50', 'thousand', 'per', 'aana']",land sale r lakh 50 thousand per aana,8,Land,"Patap 2 Shankharapur, Kathmandu",4772826.880934989
House for Sale - Rs 8 Crore 50 Lakh,"['house', 'sale', 'r', 'crore', '50', 'lakh']",house sale r crore 50 lakh,6,House,"Balkot   Suryabinayak, Bhaktapur",85000000.0
Land for Sale - Rs 17 Lakh Per Aana,"['land', 'sale', 'r', '17', 'lakh', 'per', 'aana']",land sale r 17 lakh per aana,7,Land,"Bhaktapur  7 Bhaktapur, Bhaktapur",11900000.0
Land for Sale - Rs 23 Lakh 25 Thousand Per Aana,"['land', 'sale', 'r', '23', 'lakh', '25', 'thousand', 'per', 'aana']",land sale r 23 lakh 25 thousand per aana,9,Land,"Duwakot 2 Changunarayan, Bhaktapur",9300000.0
Land for Sale - Rs 4 Crore 10 Lakh,"['land', 'sale', 'r', 'crore', '10', 'lakh']",land sale r crore 10 lakh,6,Land,"Bhaisepati 11 Lalitpur Metropolis, Lalitpur",41000000.0
Land for Sale - Rs 5 Crore 75 Lakh,"['land', 'sale', 'r', 'crore', '75', 'lakh']",land sale r crore 75 lakh,6,Land,"Bhaisepati 11 Lalitpur Metropolis, Lalitpur",57500000.0
Land for Sale - Rs 25 Lakh Per Aana,"['land', 'sale', 'r', '25', 'lakh', 'per', 'aana']",land sale r 25 lakh per aana,7,Land,"Bandeli height 02 Budhanilkantha, Kathmandu",13750036.523009498
Land for Sale - Rs 42 Lakh Per Aana,"['land', 'sale', 'r', '42', 'lakh', 'per', 'aana']",land sale r 42 lakh per aana,7,Land,"Baluwakhani 11 Budhanilkantha, Kathmandu",29400000.0
Land for Sale - Rs 42 Lakh Per Aana,"['land', 'sale', 'r', '42', 'lakh', 'per', 'aana']",land sale r 42 lakh per aana,7,Land,"Nikosera 12 Madhyapur Thimi, Bhaktapur",16800000.0
Land for Sale - Rs 50 Lakh Per Aana,"['land', 'sale', 'r', '50', 'lakh', 'per', 'aana']",land sale r 50 lakh per aana,7,Land,"Kamerotar 11 Madhyapur Thimi, Bhaktapur",20624981.738495253
Land for Sale - Rs 39 Lakh Per Aana,"['land', 'sale', 'r', '39', 'lakh', 'per', 'aana']",land sale r 39 lakh per aana,7,Land,"harisiddhi -1 Lalitpur Metropolis, Lalitpur",18524914.53615778
Land for Sale - Rs 2 Crore 65 Lakh,"['land', 'sale', 'r', 'crore', '65', 'lakh']",land sale r crore 65 lakh,6,Land,"Gothatar 11 Gokarneshwor, Kathmandu",26500000.0
Land for Sale - Rs 3 Crore 30 Lakh,"['land', 'sale', 'r', 'crore', '30', 'lakh']",land sale r crore 30 lakh,6,Land,"Balkot 9 Suryabinayak, Bhaktapur",33000000.0
Land for Sale - Rs 4 Crore 20 Lakh,"['land', 'sale', 'r', 'crore', '20', 'lakh']",land sale r crore 20 lakh,6,Land,"Imadol 11 Mahalaxmi, Lalitpur",42000000.0
Land for Sale - Rs 34 Lakh Per Aana,"['land', 'sale', 'r', '34', 'lakh', 'per', 'aana']",land sale r 34 lakh per aana,7,Land,"Balkot 8 Suryabinayak, Bhaktapur",16149925.49306063
Land for Sale - Rs 45 Lakh Per Aana,"['land', 'sale', 'r', '45', 'lakh', 'per', 'aana']",land sale r 45 lakh per aana,7,Land,"Thimi 5 Madhyapur Thimi, Bhaktapur",14343725.346968591
Land for Sale - Rs 40 Lakh Per Aana,"['land', 'sale', 'r', '40', 'lakh', 'per', 'aana']",land sale r 40 lakh per aana,7,Land,"Harisiddhi 11 Mahalaxmi, Lalitpur",15499897.735573413
Land for Sale - Rs 3 Crore 25 Lakh,"['land', 'sale', 'r', 'crore', '25', 'lakh']",land sale r crore 25 lakh,6,Land,"Pepsicola 11 Kathmandu Metropolis, Kathmandu",32500000.0
Land for Sale - Rs 37 Lakh Per Aana,"['land', 'sale', 'r', '37', 'lakh', 'per', 'aana']",land sale r 37 lakh per aana,7,Land,"Lubhu 12 Mahalaxmi, Lalitpur",14800000.0
Land for Sale - Rs 28 Lakh Per Aana,"['land', 'sale', 'r', '28', 'lakh', 'per', 'aana']",land sale r 28 lakh per aana,7,Land,"Lubhu 11 Mahalaxmi, Lalitpur",89092768.4441198
Land for Sale - Rs 6 Crore,"['land', 'sale', 'r', 'crore']",land sale r crore,4,Land,"Kalanki 14 Kathmandu Metropolis, Kathmandu",60000000.0
Land for Sale - Rs 80 Lakh Per Aana,"['land', 'sale', 'r', '80', 'lakh', 'per', 'aana']",land sale r 80 lakh per aana,7,Land,"Dhumbarahi  Kathmandu Metropolis, Kathmandu",64000000.0
Land for Sale - Rs 29 Lakh Per Aana,"['land', 'sale', 'r', '29', 'lakh', 'per', 'aana']",land sale r 29 lakh per aana,7,Land,"Bhaisepati 25 Lalitpur Metropolis, Lalitpur",14500000.0
Land for Sale - Rs 33 Lakh Per Aana,"['land', 'sale', 'r', '33', 'lakh', 'per', 'aana']",land sale r 33 lakh per aana,7,Land,"Lubhu 3 Mahalaxmi, Lalitpur",9900000.0
Land for Sale - Rs 33 Lakh Per Aana,"['land', 'sale', 'r', '33', 'lakh', 'per', 'aana']",land sale r 33 lakh per aana,7,Land,"Lamatar 11 Mahalaxmi, Lalitpur",10518731.9211103
Land for Sale - Rs 29 Lakh Per Aana,"['land', 'sale', 'r', '29', 'lakh', 'per', 'aana']",land sale r 29 lakh per aana,7,Land,"Lamatar 7 Mahalaxmi, Lalitpur",11418670.562454348
Land for Sale - Rs 40 Lakh Per Aana,"['land', 'sale', 'r', '40', 'lakh', 'per', 'aana']",land sale r 40 lakh per aana,7,Land,"Daksheenbarahi 4 Suryabinayak, Bhaktapur",29999941.563184805
Land for Sale - Rs 35 Lakh Per Aana,"['land', 'sale', 'r', '35', 'lakh', 'per', 'aana']",land sale r 35 lakh per aana,7,Land,"Lubhu 6 Mahalaxmi, Lalitpur",14000000.0
Land for Sale - Rs 4 Crore 10 Lakh,"['land', 'sale', 'r', 'crore', '10', 'lakh']",land sale r crore 10 lakh,6,Land,"Bhaisepati 8 Lalitpur Metropolis, Lalitpur",41000000.0
Land for Sale - Rs 4 Crore 50 Lakh,"['land', 'sale', 'r', 'crore', '50', 'lakh']",land sale r crore 50 lakh,6,Land,"Bhaisepati 9 Lalitpur Metropolis, Lalitpur",45000000.0
Land for Sale - Rs 5 Crore,"['land', 'sale', 'r', 'crore']",land sale r crore,4,Land,"Bhaisepati 11 Lalitpur Metropolis, Lalitpur",50000000.0
Land for Sale - Rs 1 Crore,"['land', 'sale', 'r', 'crore']",land sale r crore,4,Land,"Kamalpokhari Plotting 13 Pokhara Metropolis, Kaski",10000000.0
Land for Sale - Rs 45 Lakh Per Aana,"['land', 'sale', 'r', '45', 'lakh', 'per', 'aana']",land sale r 45 lakh per aana,7,Land,"Imadol 1 Mahalaxmi, Lalitpur",27000000.0
Land for Sale - Rs 35 Lakh Per Aana,"['land', 'sale', 'r', '35', 'lakh', 'per', 'aana']",land sale r 35 lakh per aana,7,Land,"Sanagaun 9 Mahalaxmi, Lalitpur",10500000.0
Land for Sale - Rs 35 Lakh Per Aana,"['land', 'sale', 'r', '35', 'lakh', 'per', 'aana']",land sale r 35 lakh per aana,7,Land,"Balambu 7 Chandragiri, Kathmandu",21000000.0
Land for Sale - Rs 42 Lakh Per Aana,"['land', 'sale', 'r', '42', 'lakh', 'per', 'aana']",land sale r 42 lakh per aana,7,Land,"Setipakha 12 Mahalaxmi, Lalitpur",63000000.0
Land for Sale - Rs 42 Lakh Per Aana,"['land', 'sale', 'r', '42', 'lakh', 'per', 'aana']",land sale r 42 lakh per aana,7,Land,"Setipakha 9 Lalitpur Metropolis, Lalitpur",23100061.358655956
Land for Sale - Rs 52 Lakh Per Aana,"['land', 'sale', 'r', '52', 'lakh', 'per', 'aana']",land sale r 52 lakh per aana,7,Land,"Imadol 8 Mahalaxmi, Lalitpur",41274857.56026296
Land for Sale - Rs 2 Crore 10 Lakh,"['land', 'sale', 'r', 'crore', '10', 'lakh']",land sale r crore 10 lakh,6,Land,"Imadol  Mahalaxmi, Lalitpur",21000000.0
House for Sale - Rs 1 Crore 65 Lakh,"['house', 'sale', 'r', 'crore', '65', 'lakh']",house sale r crore 65 lakh,6,House,"Sinamangal 8 Kathmandu Metropolis, Kathmandu",16500000.0
Land for Sale - Rs 3 Crore 35 Lakh,"['land', 'sale', 'r', 'crore', '35', 'lakh']",land sale r crore 35 lakh,6,Land,"Pepsicola 7 Kathmandu Metropolis, Kathmandu",33500000.0
Land for Sale - Rs 7 Crore 50 Lakh,"['land', 'sale', 'r', 'crore', '50', 'lakh']",land sale r crore 50 lakh,6,Land,"Bhaisepati 11 Lalitpur Metropolis, Lalitpur",75000000.0
Land for Sale - Rs 4 Crore,"['land', 'sale', 'r', 'crore']",land sale r crore,4,Land,"Ganesh Chowk 8 Budhanilkantha, Kathmandu",40000000.0
Land for Sale - Rs 28 Lakh Per Aana,"['land', 'sale', 'r', '28', 'lakh', 'per', 'aana']",land sale r 28 lakh per aana,7,Land,"Changathali 9 Lalitpur Metropolis, Lalitpur",14000000.0
Land for Sale - Rs 1 Crore 17 Lakh Per Aana,"['land', 'sale', 'r', 'crore', '17', 'lakh', 'per', 'aana']",land sale r crore 17 lakh per aana,8,Land,"Siddhipur 8 Mahalaxmi, Lalitpur",32174743.60847334
Land for Sale - Rs 5 Crore 75 Lakh,"['land', 'sale', 'r', 'crore', '75', 'lakh']",land sale r crore 75 lakh,6,Land,"Sital Height 7 Mahalaxmi, Lalitpur",57500000.0
Land for Sale - Rs 3 Crore 35 Lakh,"['land', 'sale', 'r', 'crore', '35', 'lakh']",land sale r crore 35 lakh,6,Land,"Imadol 2 Mahalaxmi, Lalitpur",33500000.0
Land for Sale - Rs 33 Lakh Per Aana,"['land', 'sale', 'r', '33', 'lakh', 'per', 'aana']",land sale r 33 lakh per aana,7,Land,"Sanagaun 7 Mahalaxmi, Lalitpur",14849951.789627464
Land for Sale - Rs 60 Lakh Per Aana,"['land', 'sale', 'r', '60', 'lakh', 'per', 'aana']",land sale r 60 lakh per aana,7,Land,"Dibyashwori Planning 3 Bhaktapur, Bhaktapur",30000000.0
Land for Sale - Rs 42 Lakh Per Aana,"['land', 'sale', 'r', '42', 'lakh', 'per', 'aana']",land sale r 42 lakh per aana,7,Land,"Tikathali 2 Mahalaxmi, Lalitpur",12600000.0
Land for Sale - Rs 50 Lakh Per Aana,"['land', 'sale', 'r', '50', 'lakh', 'per', 'aana']",land sale r 50 lakh per aana,7,Land,"Bojepokhari 9 Mahalaxmi, Lalitpur",35000000.0
Land for Sale - Rs 2 Crore 45 Lakh,"['land', 'sale', 'r', 'crore', '45', 'lakh']",land sale r crore 45 lakh,6,Land,"Sitalheight 12 Mahalaxmi, Lalitpur",24500000.0
Land for Sale - Rs 2 Crore 70 Lakh,"['land', 'sale', 'r', 'crore', '70', 'lakh']",land sale r crore 70 lakh,6,Land,"Imadol 8 Mahalaxmi, Lalitpur",27000000.0
Land for Sale - Rs 3 Crore 10 Lakh,"['land', 'sale', 'r', 'crore', '10', 'lakh']",land sale r crore 10 lakh,6,Land,"Tikathali 12 Mahalaxmi, Lalitpur",31000000.0
Land for Sale - Rs 2 Crore 50 Lakh,"['land', 'sale', 'r', 'crore', '50', 'lakh']",land sale r crore 50 lakh,6,Land,"Imadol 6 Mahalaxmi, Lalitpur",25000000.0
Land for Sale - Rs 75 Lakh Per Aana,"['land', 'sale', 'r', '75', 'lakh', 'per', 'aana']",land sale r 75 lakh per aana,7,Land,"Maharajgunj 2 Kathmandu Metropolis, Kathmandu",105000000.0
Land for Sale - Rs 1 Crore 55 Lakh,"['land', 'sale', 'r', 'crore', '55', 'lakh']",land sale r crore 55 lakh,6,Land,"Siddhipur 7 Lalitpur Metropolis, Lalitpur",15500000.0
Land for Sale - Rs 3 Crore 35 Lakh,"['land', 'sale', 'r', 'crore', '35', 'lakh']",land sale r crore 35 lakh,6,Land,"Imadol 11 Mahalaxmi, Lalitpur",33500000.0
Land for Sale - Rs 3 Crore Per Aana,"['land', 'sale', 'r', 'crore', 'per', 'aana']",land sale r crore per aana,6,Land,"Bagdole  Bagmati, Lalitpur",150000000.0
Land for Sale - Rs 3 Crore,"['land', 'sale', 'r', 'crore']",land sale r crore,4,Land,"Imadol 11 Mahalaxmi, Lalitpur",30000000.0
Land for Sale - Rs 30 Lakh Per Aana,"['land', 'sale', 'r', '30', 'lakh', 'per', 'aana']",land sale r 30 lakh per aana,7,Land,"Kavresthali  9 Tarakeshor, Kathmandu",9374989.043097151
Land for Sale - Rs 39 Lakh Per Aana,"['land', 'sale', 'r', '39', 'lakh', 'per', 'aana']",land sale r 39 lakh per aana,7,Land,"Bhangal  Budhanilkantha, Kathmandu",35100000.0
Land for Sale - Rs 7 Crore,"['land', 'sale', 'r', 'crore']",land sale r crore,4,Land,"Lamachaur 2 Select Municipality, Kaski",70000000.0
Land for Sale - Rs 4 Crore 90 Lakh,"['land', 'sale', 'r', 'crore', '90', 'lakh']",land sale r crore 90 lakh,6,Land,"Chorepatan  17 Pokhara Metropolis, Kaski",49000000.0
Land for Sale - Rs 42 Lakh Per Aana,"['land', 'sale', 'r', '42', 'lakh', 'per', 'aana']",land sale r 42 lakh per aana,7,Land,"Near Baluwakhani  Budhanilkantha, Kathmandu",21000000.0
Land for Sale - Rs 4 Crore 20 Lakh,"['land', 'sale', 'r', 'crore', '20', 'lakh']",land sale r crore 20 lakh,6,Land,"krishi talim kendra  Madhyapur Thimi, Bhaktapur",42000000.0
Land for Sale - Rs 21 Lakh,"['land', 'sale', 'r', '21', 'lakh']",land sale r 21 lakh,5,Land,"https://maps.app.goo.gl/q1DmSRUG4SXPPTpH8  Dangisharan, Dang",2100000.0
Land for Sale - Rs 39 Lakh Per Aana,"['land', 'sale', 'r', '39', 'lakh', 'per', 'aana']",land sale r 39 lakh per aana,7,Land,"Harisiddhi 9 Lalitpur Metropolis, Lalitpur",17549943.024105184
Land for Sale - Rs 36 Lakh Per Aana,"['land', 'sale', 'r', '36', 'lakh', 'per', 'aana']",land sale r 36 lakh per aana,7,Land,"Harisiddhi 7 Lalitpur Metropolis, Lalitpur",14400000.0
Land for Sale - Rs 34 Lakh Per Aana,"['land', 'sale', 'r', '34', 'lakh', 'per', 'aana']",land sale r 34 lakh per aana,7,Land,"Harisiddhi 8 Lalitpur Metropolis, Lalitpur",12537431.701972242
Land for Sale - Rs 30 Lakh Per Aana,"['land', 'sale', 'r', '30', 'lakh', 'per', 'aana']",land sale r 30 lakh per aana,7,Land,"Dhapakhel 11 Lalitpur Metropolis, Lalitpur",9000000.0
Land for Sale - Rs 2 Crore,"['land', 'sale', 'r', 'crore']",land sale r crore,4,Land,"Main road karuna hospital  Budhanilkantha, Kathmandu",20000000.0
Land for Sale - Rs 3 Crore,"['land', 'sale', 'r', 'crore']",land sale r crore,4,Land,"Imadol 11 Lalitpur Metropolis, Lalitpur",30000000.0
Land for Sale - Rs 2 Crore 20 Lakh,"['land', 'sale', 'r', 'crore', '20', 'lakh']",land sale r crore 20 lakh,6,Land,"Lubhu 9 Lalitpur Metropolis, Lalitpur",22000000.0
Land for Sale - Rs 40 Lakh Per Aana,"['land', 'sale', 'r', '40', 'lakh', 'per', 'aana']",land sale r 40 lakh per aana,7,Land,"Salaghari 12 Bhaktapur, Bhaktapur",92000000.0
Land for Sale - Rs 3 Crore 70 Lakh,"['land', 'sale', 'r', 'crore', '70', 'lakh']",land sale r crore 70 lakh,6,Land,"Hattigauda 7 Kathmandu Metropolis, Kathmandu",37000000.0
Land for Sale - Rs 2 Crore 90 Lakh,"['land', 'sale', 'r', 'crore', '90', 'lakh']",land sale r crore 90 lakh,6,Land,"Imadol 10 Lalitpur Metropolis, Lalitpur",29000000.0
Land for Sale - Rs 40 Lakh Per Aana,"['land', 'sale', 'r', '40', 'lakh', 'per', 'aana']",land sale r 40 lakh per aana,7,Land,"Chapali 5 Budhanilkantha, Kathmandu",20000000.0
House for Sale - Rs 4 Crore 90 Lakh,"['house', 'sale', 'r', 'crore', '90', 'lakh']",house sale r crore 90 lakh,6,House,"Dhapakhel  23 Lalitpur Metropolis, Lalitpur",49000000.0
Land for Sale - Rs 9 Lakh 75 Thousand Per Aana,"['land', 'sale', 'r', 'lakh', '75', 'thousand', 'per', 'aana']",land sale r lakh 75 thousand per aana,8,Land,"lele 5 Lalitpur Metropolis, Lalitpur",2925000.0
Land for Sale - Rs 30 Lakh Per Aana,"['land', 'sale', 'r', '30', 'lakh', 'per', 'aana']",land sale r 30 lakh per aana,7,Land,"Ramalio Danda 2 Tokha, Kathmandu",12000000.0
Land for Sale - Rs 65 Lakh Per Aana,"['land', 'sale', 'r', '65', 'lakh', 'per', 'aana']",land sale r 65 lakh per aana,7,Land,"Golfutar 11 Budhanilkantha, Kathmandu",35750094.95982469
Land for Sale - Rs 60 Lakh Per Aana,"['land', 'sale', 'r', '60', 'lakh', 'per', 'aana']",land sale r 60 lakh per aana,7,Land,"Italitar 6 Budhanilkantha, Kathmandu",37499956.172388606
Land for Sale - Rs 45 Lakh Per Aana,"['land', 'sale', 'r', '45', 'lakh', 'per', 'aana']",land sale r 45 lakh per aana,7,Land,"Bhangal 5 Budhanilkantha, Kathmandu",22500000.0
Land for Sale - Rs 6 Crore,"['land', 'sale', 'r', 'crore']",land sale r crore,4,Land,"Thimi Kamerotar 2 Madhyapur Thimi, Bhaktapur",60000000.0
Land for Sale - Rs 2 Crore 70 Lakh,"['land', 'sale', 'r', 'crore', '70', 'lakh']",land sale r crore 70 lakh,6,Land,"Sanagaun 2 Lalitpur Metropolis, Lalitpur",27000000.0
Land for Sale - Rs 30 Lakh Per Aana,"['land', 'sale', 'r', '30', 'lakh', 'per', 'aana']",land sale r 30 lakh per aana,7,Land,"Salaghari Katunje 15 Suryabinayak, Bhaktapur",15000000.0
Land for Sale - Rs 5 Crore 50 Lakh,"['land', 'sale', 'r', 'crore', '50', 'lakh']",land sale r crore 50 lakh,6,Land,"Imadol 10 Lalitpur Metropolis, Lalitpur",55000000.0
Land for Sale - Rs 1 Crore 80 Lakh,"['land', 'sale', 'r', 'crore', '80', 'lakh']",land sale r crore 80 lakh,6,Land,"Dhobighat 7 Lalitpur Metropolis, Lalitpur",18000000.0
Land for Sale - Rs 3 Crore 90 Lakh,"['land', 'sale', 'r', 'crore', '90', 'lakh']",land sale r crore 90 lakh,6,Land,"Chapali 5 Kathmandu Metropolis, Kathmandu",39000000.0
Land for Sale - Rs 45 Lakh Per Aana,"['land', 'sale', 'r', '45', 'lakh', 'per', 'aana']",land sale r 45 lakh per aana,7,Land,"Imadol 2 Lalitpur Metropolis, Lalitpur",17437384.952520087
Land for Sale - Rs 2 Crore 15 Lakh,"['land', 'sale', 'r', 'crore', '15', 'lakh']",land sale r crore 15 lakh,6,Land,"Ramailo Danda 2 Tarakeshwor, Kathmandu",21500000.0
Land for Sale - Rs 1 Crore Per Aana,"['land', 'sale', 'r', 'crore', 'per', 'aana']",land sale r crore per aana,6,Land,"new baneshwor   Kathmandu Metropolis, Kathmandu",110000000.0
Land for Sale - Rs 30 Lakh Per Aana,"['land', 'sale', 'r', '30', 'lakh', 'per', 'aana']",land sale r 30 lakh per aana,7,Land,"Khulaltar chowk   Shankharapur, Kathmandu",3000000.0
Land for Sale - Rs 26 Lakh Per Aana,"['land', 'sale', 'r', '26', 'lakh', 'per', 'aana']",land sale r 26 lakh per aana,7,Land,"Sirutar 7 Suryabinayak, Bhaktapur",26000000.0
House for Sale - Rs 4 Crore 75 Lakh,"['house', 'sale', 'r', 'crore', '75', 'lakh']",house sale r crore 75 lakh,6,House,"Pasikot 11 Budhanilkantha, Kathmandu",47500000.0
Land for Sale - Rs 3 Crore 70 Lakh,"['land', 'sale', 'r', 'crore', '70', 'lakh']",land sale r crore 70 lakh,6,Land,"Hattigauda 14 Kathmandu Metropolis, Kathmandu",37000000.0
Land for Sale - Rs 5 Crore 50 Lakh,"['land', 'sale', 'r', 'crore', '50', 'lakh']",land sale r crore 50 lakh,6,Land,"Hattigauda 10 Kathmandu Metropolis, Kathmandu",55000000.0
Land for Sale - Rs 2 Crore 95 Lakh,"['land', 'sale', 'r', 'crore', '95', 'lakh']",land sale r crore 95 lakh,6,Land,"Tikathali 7 Lalitpur Metropolis, Lalitpur",29500000.0
Land for Sale - Rs 56 Lakh Per Aana,"['land', 'sale', 'r', '56', 'lakh', 'per', 'aana']",land sale r 56 lakh per aana,7,Land,"Kamerotar 5 Bhaktapur, Bhaktapur",29399959.094229363
Land for Sale - Rs 3 Crore 55 Lakh,"['land', 'sale', 'r', 'crore', '55', 'lakh']",land sale r crore 55 lakh,6,Land,"Setipakha 8 Lalitpur Metropolis, Lalitpur",35500000.0
Land for Sale - Rs 3 Crore 85 Lakh,"['land', 'sale', 'r', 'crore', '85', 'lakh']",land sale r crore 85 lakh,6,Land,"Imadol 5 Lalitpur Metropolis, Lalitpur",38500000.0
Land for Sale - Rs 35 Lakh Per Aana,"['land', 'sale', 'r', '35', 'lakh', 'per', 'aana']",land sale r 35 lakh per aana,7,Land,"Imadol 7 Lalitpur Metropolis, Lalitpur",37843666.9101534
Land for Sale - Rs 33 Lakh Per Aana,"['land', 'sale', 'r', '33', 'lakh', 'per', 'aana']",land sale r 33 lakh per aana,7,Land,"Nikosera 13 Bhaktapur, Bhaktapur",16293659.605551496
Land for Sale - Rs 45 Lakh Per Aana,"['land', 'sale', 'r', '45', 'lakh', 'per', 'aana']",land sale r 45 lakh per aana,7,Land,"Magar Gau 6 Bhaktapur, Bhaktapur",22500000.0
Land for Sale - Rs 50 Lakh,"['land', 'sale', 'r', '50', 'lakh']",land sale r 50 lakh,5,Land,"Bode 7 Bhaktapur, Bhaktapur",5000000.0
Land for Sale - Rs 37 Lakh,"['land', 'sale', 'r', '37', 'lakh']",land sale r 37 lakh,5,Land,"Bode 9 Madhyapur Thimi, Bhaktapur",3700000.0
Land for Sale - Rs 35 Lakh,"['land', 'sale', 'r', '35', 'lakh']",land sale r 35 lakh,5,Land,"Dhunchepakha 13 Bhaktapur, Bhaktapur",3500000.0
Land for Sale - Rs 44 Lakh Per Aana,"['land', 'sale', 'r', '44', 'lakh', 'per', 'aana']",land sale r 44 lakh per aana,7,Land,"Dhunchepakha 12 Bhaktapur, Bhaktapur",17600000.0
Land for Sale - Rs 35 Lakh,"['land', 'sale', 'r', '35', 'lakh']",land sale r 35 lakh,5,Land,"Sallaghari 10 Bhaktapur, Bhaktapur",3500000.0
Land for Rent - Rs 2 Lakh,"['land', 'rent', 'r', 'lakh']",land rent r lakh,4,Land,"Budhanilkantha 10 Kathmandu Metropolis, Kathmandu",200000.0
Land for Sale - Rs 24 Lakh,"['land', 'sale', 'r', '24', 'lakh']",land sale r 24 lakh,5,Land,"Lamatar 10 Lalitpur Metropolis, Lalitpur",2400000.0
Land for Sale - Rs 35 Lakh,"['land', 'sale', 'r', '35', 'lakh']",land sale r 35 lakh,5,Land,"Nagadesh 13 Bhaktapur, Bhaktapur",3500000.0
Land for Sale - Rs 25 Lakh,"['land', 'sale', 'r', '25', 'lakh']",land sale r 25 lakh,5,Land,"pipaltar 5 Devghat, Tanahun",2500000.0
Land for Sale - Rs 36 Lakh,"['land', 'sale', 'r', '36', 'lakh']",land sale r 36 lakh,5,Land,"Thimi 10 Madhyapur Thimi, Bhaktapur",3600000.0
Land for Sale - Rs 90 Lakh,"['land', 'sale', 'r', '90', 'lakh']",land sale r 90 lakh,5,Land,"Imadol 8 Lalitpur Metropolis, Lalitpur",9000000.0
Land for Sale - Rs 1 Crore 32 Lakh,"['land', 'sale', 'r', 'crore', '32', 'lakh']",land sale r crore 32 lakh,6,Land,"putalisadak 29 Kathmandu Metropolis, Kathmandu",13200000.0
House for Sale - Rs 55 Lakh,"['house', 'sale', 'r', '55', 'lakh']",house sale r 55 lakh,5,House,"Imadol 11 Lalitpur Metropolis, Lalitpur",5500000.0
Land for Sale - Rs 55 Lakh,"['land', 'sale', 'r', '55', 'lakh']",land sale r 55 lakh,5,Land,"Bhaisepati 9 Lalitpur Metropolis, Lalitpur",5500000.0
Land for Sale - Rs 45 Lakh,"['land', 'sale', 'r', '45', 'lakh']",land sale r 45 lakh,5,Land,"Bhaisepati  Lalitpur Metropolis, Lalitpur",4500000.0
House for Sale - Rs 36 Lakh,"['house', 'sale', 'r', '36', 'lakh']",house sale r 36 lakh,5,House,"Lokanthali,Bhaktapur 7 Bhaktapur, Bhaktapur",3600000.0
Land for Sale - Rs 70 Lakh,"['land', 'sale', 'r', '70', 'lakh']",land sale r 70 lakh,5,Land,"Dibeshwori Planning Bhaktapur 12 Bhaktapur, Bhaktapur",7000000.0
House for Sale - Rs 2 Crore 69 Lakh,"['house', 'sale', 'r', 'crore', '69', 'lakh']",house sale r crore 69 lakh,6,House,"Tikathali  Mahalaxmi, Lalitpur",26900000.0
Land for Sale - Rs 3 Crore 45 Lakh,"['land', 'sale', 'r', 'crore', '45', 'lakh']",land sale r crore 45 lakh,6,Land,"Bhangal  Budhanilkantha, Kathmandu",34500000.0
Land for Sale - Rs 2 Crore 85 Lakh,"['land', 'sale', 'r', 'crore', '85', 'lakh']",land sale r crore 85 lakh,6,Land,"Lasuntar  Budhanilkantha, Kathmandu",28500000.0
Land for Sale - Rs 80 Lakh,"['land', 'sale', 'r', '80', 'lakh']",land sale r 80 lakh,5,Land,"Thasikhel 05 Lalitpur Metropolis, Lalitpur",8000000.0
Land for Sale - Rs 2 Crore 90 Lakh,"['land', 'sale', 'r', 'crore', '90', 'lakh']",land sale r crore 90 lakh,6,Land,"Imadol 1 Mahalaxmi, Lalitpur",29000000.0
Land for Sale - Rs 3 Crore 90 Lakh,"['land', 'sale', 'r', 'crore', '90', 'lakh']",land sale r crore 90 lakh,6,Land,"Dhobighat 03 Lalitpur Metropolis, Lalitpur",39000000.0
Land for Sale - Rs 2 Crore 70 Lakh,"['land', 'sale', 'r', 'crore', '70', 'lakh']",land sale r crore 70 lakh,6,Land,"Nakkhu  Mahalaxmi, Lalitpur",27000000.0
Land for Sale - Rs 2 Crore 98 Lakh,"['land', 'sale', 'r', 'crore', '98', 'lakh']",land sale r crore 98 lakh,6,Land,"Imadol  Mahalaxmi, Lalitpur",29800000.0
Land for Sale - Rs 1 Crore 15 Lakh,"['land', 'sale', 'r', 'crore', '15', 'lakh']",land sale r crore 15 lakh,6,Land,"Sanepa  Lalitpur Metropolis, Lalitpur",11500000.0
Land for Sale - Rs 98 Lakh,"['land', 'sale', 'r', '98', 'lakh']",land sale r 98 lakh,5,Land,"Sanepa  Lalitpur Metropolis, Lalitpur",9800000.0
Land for Sale - Rs 35 Lakh 50 Thousand Per Aana,"['land', 'sale', 'r', '35', 'lakh', '50', 'thousand', 'per', 'aana']",land sale r 35 lakh 50 thousand per aana,9,Land,"Kirtipur 4 Kirtipur, Kathmandu",17750000.0
Land for Sale - Rs 4 Crore 50 Lakh,"['land', 'sale', 'r', 'crore', '50', 'lakh']",land sale r crore 50 lakh,6,Land,"Ganesh chock 1 Budhanilkantha, Kathmandu",45000000.0
Land for Sale - Rs 1 Lakh,"['land', 'sale', 'r', 'lakh']",land sale r lakh,4,Land,"Ratananagr   Ratnanagar, Chitwan",100000.0
Land for Sale - Rs 1 Crore 35 Lakh,"['land', 'sale', 'r', 'crore', '35', 'lakh']",land sale r crore 35 lakh,6,Land,"Mahilwar  Lumbini Sanskritik, Rupandehi",13500000.0
Land for Sale - Rs 5 Crore 50 Lakh,"['land', 'sale', 'r', 'crore', '50', 'lakh']",land sale r crore 50 lakh,6,Land,"Bhaisepati -1 Mahalaxmi, Lalitpur",55000000.0
Land for Sale - Rs 2 Crore 60 Lakh,"['land', 'sale', 'r', 'crore', '60', 'lakh']",land sale r crore 60 lakh,6,Land,"ganesh chowk  Budhanilkantha, Kathmandu",26000000.0
Land for Sale - Rs 1 Crore 57 Lakh 50 Thousand,"['land', 'sale', 'r', 'crore', '57', 'lakh', '50', 'thousand']",land sale r crore 57 lakh 50 thousand,8,Land,"Bhangal  Budhanilkantha, Kathmandu",15750000.0
Land for Sale - Rs 4 Crore 70 Lakh Per Aana,"['land', 'sale', 'r', 'crore', '70', 'lakh', 'per', 'aana']",land sale r crore 70 lakh per aana,8,Land,"Bhaisepati 4 Mahankal, Lalitpur",235000000.0
Land for Sale - Rs 60 Lakh Per Aana,"['land', 'sale', 'r', '60', 'lakh', 'per', 'aana']",land sale r 60 lakh per aana,7,Land,"lokanthali  1 Madhyapur Thimi, Bhaktapur",48000000.0
Land for Sale - Rs 35 Lakh Per Aana,"['land', 'sale', 'r', '35', 'lakh', 'per', 'aana']",land sale r 35 lakh per aana,7,Land,"Sitapaila 5 Nagarjun, Kathmandu",17500000.0
Land for Sale - Rs 2 Crore 45 Lakh,"['land', 'sale', 'r', 'crore', '45', 'lakh']",land sale r crore 45 lakh,6,Land,"Sital Height 4 Mahalaxmi, Lalitpur",24500000.0
Land for Sale - Rs 2 Crore 20 Lakh Per Aana,"['land', 'sale', 'r', 'crore', '20', 'lakh', 'per', 'aana']",land sale r crore 20 lakh per aana,8,Land,"Imadol 3 Lalitpur Metropolis, Lalitpur",60499517.896274656
Land for Sale - Rs 70 Lakh,"['land', 'sale', 'r', '70', 'lakh']",land sale r 70 lakh,5,Land,"Lokanthali 3 Godawari, Lalitpur",7000000.0
Land for Sale - Rs 1 Crore 25 Lakh Per Aana,"['land', 'sale', 'r', 'crore', '25', 'lakh', 'per', 'aana']",land sale r crore 25 lakh per aana,8,Land,"Akasaydara 10 Kathmandu Metropolis, Budanilkanth",37500000.0
House for Sale - Rs 38 Lakh,"['house', 'sale', 'r', '38', 'lakh']",house sale r 38 lakh,5,House,"Tikathali 3 Lalitpur Metropolis, Lalitpur",3800000.0
Land for Sale - Rs 3 Crore 15 Lakh,"['land', 'sale', 'r', 'crore', '15', 'lakh']",land sale r crore 15 lakh,6,Land,"Satdobato 3 Lalitpur Metropolis, Lalitpur",31500000.0
Land for Sale - Rs 46 Lakh Per Aana,"['land', 'sale', 'r', '46', 'lakh', 'per', 'aana']",land sale r 46 lakh per aana,7,Land,"budhanilkantha  Budhanilkantha, Kathmandu",18400000.0
Land for Sale - Rs 45 Lakh,"['land', 'sale', 'r', '45', 'lakh']",land sale r 45 lakh,5,Land,"Bode 6 Suryabinayak, Bhaktapur",4500000.0
Land for Sale - Rs 4 Crore 35 Lakh,"['land', 'sale', 'r', 'crore', '35', 'lakh']",land sale r crore 35 lakh,6,Land,"Budhanilkantha 5 Budhanilkantha, Kathmandu",43500000.0
Land for Sale - Rs 2 Crore 50 Lakh,"['land', 'sale', 'r', 'crore', '50', 'lakh']",land sale r crore 50 lakh,6,Land,"Imadol 3 Mahalaxmi, Lalitpur",25000000.0
Land for Sale - Rs 70 Lakh Per Aana,"['land', 'sale', 'r', '70', 'lakh', 'per', 'aana']",land sale r 70 lakh per aana,7,Land,"Dhapasi  Tokha, Kathmandu",49000000.0
Land for Sale - Rs 4 Crore 90 Lakh Per Aana,"['land', 'sale', 'r', 'crore', '90', 'lakh', 'per', 'aana']",land sale r crore 90 lakh per aana,8,Land,"Nakhipot 4 Mahalaxmi, Lalitpur",245000000.0
Land for Sale - Rs 2 Crore 95 Lakh,"['land', 'sale', 'r', 'crore', '95', 'lakh']",land sale r crore 95 lakh,6,Land,"Tikathali 3 Mahalaxmi, Lalitpur",29500000.0
House for Sale - Rs 2 Crore 80 Lakh,"['house', 'sale', 'r', 'crore', '80', 'lakh']",house sale r crore 80 lakh,6,House,"Ratomate  15 Hetauda, Makwanpur",28000000.0
Land for Sale - Rs 48 Lakh Per Aana,"['land', 'sale', 'r', '48', 'lakh', 'per', 'aana']",land sale r 48 lakh per aana,7,Land,"Hattiban 4 Lalitpur Metropolis, Lalitpur",24899973.703433163
Land for Sale - Rs 3 Crore 14 Lakh 99 Thousand 999,"['land', 'sale', 'r', 'crore', '14', 'lakh', '99', 'thousand', '999']",land sale r crore 14 lakh 99 thousand 999,9,Land,"Imadol 1 Mahalaxmi, Lalitpur",31499000.0
Land for Sale - Rs 3 Crore 95 Lakh,"['land', 'sale', 'r', 'crore', '95', 'lakh']",land sale r crore 95 lakh,6,Land,"Sital Height 5 Mahalaxmi, Lalitpur",39500000.0
Land for Sale - Rs 85 Lakh,"['land', 'sale', 'r', '85', 'lakh']",land sale r 85 lakh,5,Land,"Tutunga 15 Pokhara Metropolis, Kaski",8500000.0
Land for Sale - Rs 23 Lakh Per Aana,"['land', 'sale', 'r', '23', 'lakh', 'per', 'aana']",land sale r 23 lakh per aana,7,Land,"Duwakot  Changunarayan, Bhaktapur",7762474.799123447
Land for Sale - Rs 52 Lakh Per Aana,"['land', 'sale', 'r', '52', 'lakh', 'per', 'aana']",land sale r 52 lakh per aana,7,Land,"Hattiban 4 Lalitpur Metropolis, Lalitpur",20800000.0
Land for Sale - Rs 55 Lakh,"['land', 'sale', 'r', '55', 'lakh']",land sale r 55 lakh,5,Land,"Hattiban 6 Lalitpur Metropolis, Lalitpur",5500000.0
Land for Sale - Rs 36 Lakh,"['land', 'sale', 'r', '36', 'lakh']",land sale r 36 lakh,5,Land,"Changathali 6 Lalitpur Metropolis, Lalitpur",3600000.0
Land for Sale - Rs 36 Lakh,"['land', 'sale', 'r', '36', 'lakh']",land sale r 36 lakh,5,Land,"Dhapakhel 5 Lalitpur Metropolis, Lalitpur",3600000.0
Land for Sale - Rs 2 Crore 25 Lakh,"['land', 'sale', 'r', 'crore', '25', 'lakh']",land sale r crore 25 lakh,6,Land,"Kapan 3 Budhanilkantha, Kathmandu",22500000.0
Land for Sale - Rs 4 Crore 60 Lakh Per Aana,"['land', 'sale', 'r', 'crore', '60', 'lakh', 'per', 'aana']",land sale r crore 60 lakh per aana,8,Land,"Dhapakhel 6 Bagmati, Lalitpur",253000672.0233747
Land for Sale - Rs 20 Lakh,"['land', 'sale', 'r', '20', 'lakh']",land sale r 20 lakh,5,Land,"Sanagaun 6 Mahalaxmi, Lalitpur",2000000.0
Land for Sale - Rs 50 Lakh Per Aana,"['land', 'sale', 'r', '50', 'lakh', 'per', 'aana']",land sale r 50 lakh per aana,7,Land,"Ghathaghar 5 Madhyapur Thimi, Bhaktapur",16249963.476990502
Land for Sale - Rs 45 Lakh,"['land', 'sale', 'r', '45', 'lakh']",land sale r 45 lakh,5,Land,"Balkot 5 Suryabinayak, Bhaktapur",4500000.0
Land for Sale - Rs 3 Crore 50 Lakh,"['land', 'sale', 'r', 'crore', '50', 'lakh']",land sale r crore 50 lakh,6,Land,"nepaltar  Kathmandu Metropolis, Kathmandu",35000000.0
Land for Sale - Rs 3 Crore 50 Lakh,"['land', 'sale', 'r', 'crore', '50', 'lakh']",land sale r crore 50 lakh,6,Land,"Dhapasi 4 Tokha, Kathmandu",35000000.0
Land for Sale - Rs 36 Lakh,"['land', 'sale', 'r', '36', 'lakh']",land sale r 36 lakh,5,Land,"dhunchepakha  Madhyapur Thimi, Bhaktapur",3600000.0
Land for Sale - Rs 2 Crore 40 Lakh,"['land', 'sale', 'r', 'crore', '40', 'lakh']",land sale r crore 40 lakh,6,Land,"padamsal  Budhanilkantha, Kathmandu",24000000.0
Land for Sale - Rs 40 Lakh Per Aana,"['land', 'sale', 'r', '40', 'lakh', 'per', 'aana']",land sale r 40 lakh per aana,7,Land,"narayanthan   Budhanilkantha, Kathmandu",159094229.36449963
Land for Sale - Rs 12 Lakh,"['land', 'sale', 'r', '12', 'lakh']",land sale r 12 lakh,5,Land,"Bardibas 3 Mahottari 3 Bardibas, Mahottari",1200000.0
Land for Sale - Rs 2 Lakh 25 Thousand Per Dhur,"['land', 'sale', 'r', 'lakh', '25', 'thousand', 'per', 'dhur']",land sale r lakh 25 thousand per dhur,8,Land,"Gauribas- 1 Mahottari 3 Bardibas, Mahottari",1575000.0
Land for Sale - Rs 9 Crore 25 Lakh,"['land', 'sale', 'r', 'crore', '25', 'lakh']",land sale r crore 25 lakh,6,Land,"Sitapaila  Chandragiri, Kathmandu",92500000.0
Land for Sale - Rs 3 Crore 30 Lakh,"['land', 'sale', 'r', 'crore', '30', 'lakh']",land sale r crore 30 lakh,6,Land,"Kapan 11 Budhanilkantha, Kathmandu",33000000.0
Land for Sale - Rs 3 Crore,"['land', 'sale', 'r', 'crore']",land sale r crore,4,Land,"chyasundole  Budhanilkantha, Kathmandu",30000000.0
Land for Sale - Rs 70 Lakh Per Aana,"['land', 'sale', 'r', '70', 'lakh', 'per', 'aana']",land sale r 70 lakh per aana,7,Land,"chandol  Kathmandu Metropolis, Kathmandu",49000000.0
Land for Sale - Rs 28 Lakh Per Aana,"['land', 'sale', 'r', '28', 'lakh', 'per', 'aana']",land sale r 28 lakh per aana,7,Land,"budhanilkantha  3 Budhanilkantha, Kathmandu",17499979.54711468
Land for Sale - Rs 6 Crore 25 Lakh,"['land', 'sale', 'r', 'crore', '25', 'lakh']",land sale r crore 25 lakh,6,Land,"budhanilkantha 2 Budhanilkantha, Kathmandu",62500000.0
Land for Sale - Rs 3 Crore 85 Lakh,"['land', 'sale', 'r', 'crore', '85', 'lakh']",land sale r crore 85 lakh,6,Land,"Pahelopul Kathmandu  Kageshwori Manohara, Kathmandu",38500000.0
Land for Rent - Rs 1 Lakh 50 Thousand,"['land', 'rent', 'r', 'lakh', '50', 'thousand']",land rent r lakh 50 thousand,6,Land,"Hattiban 23 Lalitpur Metropolis, Lalitpur",150000.0
Land for Sale - Rs 2 Crore 65 Lakh,"['land', 'sale', 'r', 'crore', '65', 'lakh']",land sale r crore 65 lakh,6,Land,"Tikathali 7 Mahalaxmi, Lalitpur",26500000.0
Land for Sale - Rs 3 Crore 50 Lakh,"['land', 'sale', 'r', 'crore', '50', 'lakh']",land sale r crore 50 lakh,6,Land,"Dhapasi  Select Municipality, Select District",35000000.0
Land for Sale - Rs 47 Lakh Per Aana,"['land', 'sale', 'r', '47', 'lakh', 'per', 'aana']",land sale r 47 lakh per aana,7,Land,"Hattigauda 6 Budhanilkantha, Kathmandu",470068.6632578524
Land for Sale - Rs 4 Crore 50 Lakh,"['land', 'sale', 'r', 'crore', '50', 'lakh']",land sale r crore 50 lakh,6,Land,"Samakhusi  Tokha, Kathmandu",45000000.0
Land for Sale - Rs 3 Crore 50 Lakh,"['land', 'sale', 'r', 'crore', '50', 'lakh']",land sale r crore 50 lakh,6,Land,"wasik  Budhanilkantha, Kathmandu",35000000.0
Land for Sale - Rs 2 Crore 50 Lakh,"['land', 'sale', 'r', 'crore', '50', 'lakh']",land sale r crore 50 lakh,6,Land,"Kapan  Budhanilkantha, Kathmandu",25000000.0
Land for Sale - Rs 2 Crore 70 Lakh,"['land', 'sale', 'r', 'crore', '70', 'lakh']",land sale r crore 70 lakh,6,Land,"Goldhunga  Tarakeshor, Kathmandu",27000000.0
Land for Sale - Rs 70 Lakh,"['land', 'sale', 'r', '70', 'lakh']",land sale r 70 lakh,5,Land,"imadol  Mahalaxmi, Lalitpur",7000000.0
Land for Sale - Rs 3 Crore 25 Lakh,"['land', 'sale', 'r', 'crore', '25', 'lakh']",land sale r crore 25 lakh,6,Land,"budhanilkantha  Budhanilkantha, Kathmandu",32500000.0
Land for Sale - Rs 34 Lakh 50 Thousand,"['land', 'sale', 'r', '34', 'lakh', '50', 'thousand']",land sale r 34 lakh 50 thousand,7,Land,"Bhaisepati  Lalitpur Metropolis, Lalitpur",3450000.0
Land for Sale - Rs 2 Crore 20 Lakh,"['land', 'sale', 'r', 'crore', '20', 'lakh']",land sale r crore 20 lakh,6,Land,"Kapan  Bhaktapur, Bhaktapur",22000000.0
Land for Sale - Rs 3 Crore 30 Lakh,"['land', 'sale', 'r', 'crore', '30', 'lakh']",land sale r crore 30 lakh,6,Land,"Sukedhara  Budhanilkantha, Kathmandu",33000000.0
Land for Sale - Rs 45 Lakh,"['land', 'sale', 'r', '45', 'lakh']",land sale r 45 lakh,5,Land,"Balaju  Kathmandu Metropolis, Kathmandu",4500000.0
Land for Sale - Rs 5 Crore,"['land', 'sale', 'r', 'crore']",land sale r crore,4,Land,"Budhanilkantha  Budhanilkantha, Kathmandu",50000000.0
Land for Sale - Rs 3 Crore 10 Lakh,"['land', 'sale', 'r', 'crore', '10', 'lakh']",land sale r crore 10 lakh,6,Land,"Hattigauda  Budhanilkantha, Kathmandu",31000000.0
Land for Sale - Rs 2 Crore 65 Lakh,"['land', 'sale', 'r', 'crore', '65', 'lakh']",land sale r crore 65 lakh,6,Land,"Tikathali  Mahalaxmi, Lalitpur",26500000.0
Land for Sale - Rs 46 Lakh,"['land', 'sale', 'r', '46', 'lakh']",land sale r 46 lakh,5,Land,"Gatthaghar  Madhyapur Thimi, Bhaktapur",4600000.0
Land for Sale - Rs 38 Lakh,"['land', 'sale', 'r', '38', 'lakh']",land sale r 38 lakh,5,Land,"Thimi  Madhyapur Thimi, Bhaktapur",3800000.0
House for Sale - Rs 4 Crore 25 Lakh,"['house', 'sale', 'r', 'crore', '25', 'lakh']",house sale r crore 25 lakh,6,House,"Imadol 4 Mahalaxmi, Lalitpur",42500000.0
Land for Sale - Rs 1 Crore 70 Lakh,"['land', 'sale', 'r', 'crore', '70', 'lakh']",land sale r crore 70 lakh,6,Land,"Hulas  Jitpursimara, Bara",17000000.0
Land for Sale - Rs 3 Crore 65 Lakh,"['land', 'sale', 'r', 'crore', '65', 'lakh']",land sale r crore 65 lakh,6,Land,"Thulobharyang  Nagarjun, Kathmandu",36500000.0
Land for Sale - Rs 52 Lakh,"['land', 'sale', 'r', '52', 'lakh']",land sale r 52 lakh,5,Land,"Budhanilkantha  Budhanilkantha, Kathmandu",5200000.0
Land for Sale - Rs 55 Lakh,"['land', 'sale', 'r', '55', 'lakh']",land sale r 55 lakh,5,Land,"Bhairahawa 03 Siddharthanagar, Rupandehi",5500000.0
Land for Sale - Rs 28 Lakh,"['land', 'sale', 'r', '28', 'lakh']",land sale r 28 lakh,5,Land,"Lubhu  Mahalaxmi, Lalitpur",2800000.0
Land for Sale - Rs 14 Lakh,"['land', 'sale', 'r', '14', 'lakh']",land sale r 14 lakh,5,Land,"dhungeni  Mahalaxmi, Lalitpur",1400000.0
Land for Sale - Rs 4 Crore 50 Lakh,"['land', 'sale', 'r', 'crore', '50', 'lakh']",land sale r crore 50 lakh,6,Land,"Tokha  Tokha, Kathmandu",45000000.0
Land for Sale - Rs 3 Crore 20 Lakh,"['land', 'sale', 'r', 'crore', '20', 'lakh']",land sale r crore 20 lakh,6,Land,"Kapan  Budhanilkantha, Kathmandu",32000000.0
Land for Sale - Rs 3 Crore 35 Lakh,"['land', 'sale', 'r', 'crore', '35', 'lakh']",land sale r crore 35 lakh,6,Land,"Imadol  Bagmati, Lalitpur",33500000.0
Land for Sale - Rs 36 Lakh,"['land', 'sale', 'r', '36', 'lakh']",land sale r 36 lakh,5,Land,"Bhangal  Budhanilkantha, Kathmandu",3600000.0
Land for Sale - Rs 45 Lakh,"['land', 'sale', 'r', '45', 'lakh']",land sale r 45 lakh,5,Land,"budhanilkantha  Budhanilkantha, Kathmandu",4500000.0
Land for Sale - Rs 55 Lakh,"['land', 'sale', 'r', '55', 'lakh']",land sale r 55 lakh,5,Land,"sundarbasti  Budhanilkantha, Kathmandu",5500000.0
Land for Sale - Rs 43 Lakh,"['land', 'sale', 'r', '43', 'lakh']",land sale r 43 lakh,5,Land,"Bhangal  Budhanilkantha, Kathmandu",4300000.0
Land for Sale - Rs 50 Lakh,"['land', 'sale', 'r', '50', 'lakh']",land sale r 50 lakh,5,Land,"Bhangal  Budhanilkantha, Kathmandu",5000000.0
Land for Sale - Rs 50 Lakh,"['land', 'sale', 'r', '50', 'lakh']",land sale r 50 lakh,5,Land,"Mandikatar  Budhanilkantha, Kathmandu",5000000.0
Land for Sale - Rs 50 Lakh,"['land', 'sale', 'r', '50', 'lakh']",land sale r 50 lakh,5,Land,"kaushaltar  Madhyapur Thimi, Bhaktapur",5000000.0
Land for Sale - Rs 1 Crore 85 Lakh,"['land', 'sale', 'r', 'crore', '85', 'lakh']",land sale r crore 85 lakh,6,Land,"Karki event  Budhanilkantha, Kathmandu",18500000.0
Land for Sale - Rs 55 Lakh,"['land', 'sale', 'r', '55', 'lakh']",land sale r 55 lakh,5,Land,"kaushaltar  Madhyapur Thimi, Bhaktapur",5500000.0
Land for Sale - Rs 48 Lakh,"['land', 'sale', 'r', '48', 'lakh']",land sale r 48 lakh,5,Land,"lokanthali  Madhyapur Thimi, Bhaktapur",4800000.0
Land for Sale - Rs 45 Lakh Per Aana,"['land', 'sale', 'r', '45', 'lakh', 'per', 'aana']",land sale r 45 lakh per aana,7,Land,"lokanthali  Madhyapur Thimi, Bhaktapur",20249934.258582905
Land for Sale - Rs 55 Lakh,"['land', 'sale', 'r', '55', 'lakh']",land sale r 55 lakh,5,Land,"lokanthali  Madhyapur Thimi, Bhaktapur",5500000.0
Land for Sale - Rs 62 Lakh,"['land', 'sale', 'r', '62', 'lakh']",land sale r 62 lakh,5,Land,"Pepsicola  Kageshwori Manohara, Kathmandu",6200000.0
Land for Sale - Rs 1 Crore,"['land', 'sale', 'r', 'crore']",land sale r crore,4,Land,"Samakhusi  Tokha, Kathmandu",10000000.0
Land for Sale - Rs 65 Lakh Per Aana,"['land', 'sale', 'r', '65', 'lakh', 'per', 'aana']",land sale r 65 lakh per aana,7,Land,"Gothatar  Kathmandu Metropolis, Kathmandu",26000000.0
Land for Sale - Rs 65 Lakh Per Aana,"['land', 'sale', 'r', '65', 'lakh', 'per', 'aana']",land sale r 65 lakh per aana,7,Land,"Pepsicola  Gokarneshwor, Kathmandu",29249905.040175308
Land for Sale - Rs 35 Lakh,"['land', 'sale', 'r', '35', 'lakh']",land sale r 35 lakh,5,Land,"Gothatar  Kageshwori Manohara, Kathmandu",3500000.0
Land for Sale - Rs 43 Lakh,"['land', 'sale', 'r', '43', 'lakh']",land sale r 43 lakh,5,Land,"Kalanki  Kathmandu Metropolis, Kathmandu",4300000.0
Land for Sale - Rs 2 Crore 15 Lakh,"['land', 'sale', 'r', 'crore', '15', 'lakh']",land sale r crore 15 lakh,6,Land,"Kalanki  Kathmandu Metropolis, Kathmandu",21500000.0
Land for Sale - Rs 2 Crore 35 Lakh,"['land', 'sale', 'r', 'crore', '35', 'lakh']",land sale r crore 35 lakh,6,Land,"Kalanki  Kathmandu Metropolis, Kathmandu",23500000.0
Land for Sale - Rs 34 Lakh,"['land', 'sale', 'r', '34', 'lakh']",land sale r 34 lakh,5,Land,"Tikathali  Mahalaxmi, Lalitpur",3400000.0
Land for Sale - Rs 29 Lakh,"['land', 'sale', 'r', '29', 'lakh']",land sale r 29 lakh,5,Land,"Machhegaun  Chandragiri, Kathmandu",2900000.0
Land for Sale - Rs 28 Lakh,"['land', 'sale', 'r', '28', 'lakh']",land sale r 28 lakh,5,Land,"nilbarahi  Madhyapur Thimi, Bhaktapur",2800000.0
Land for Sale - Rs 45 Lakh,"['land', 'sale', 'r', '45', 'lakh']",land sale r 45 lakh,5,Land,"Kapan  Budhanilkantha, Kathmandu",4500000.0
Land for Sale - Rs 3 Crore 70 Lakh,"['land', 'sale', 'r', 'crore', '70', 'lakh']",land sale r crore 70 lakh,6,Land,"Imadol 4 Mahalaxmi, Lalitpur",37000000.0
Land for Sale - Rs 28 Lakh Per Aana,"['land', 'sale', 'r', '28', 'lakh', 'per', 'aana']",land sale r 28 lakh per aana,7,Land,"Imadol 4 Mahalaxmi, Lalitpur",67200000.0
Land for Sale - Rs 1 Crore 65 Lakh,"['land', 'sale', 'r', 'crore', '65', 'lakh']",land sale r crore 65 lakh,6,Land,"Imadol 4 Mahalaxmi, Lalitpur",16500000.0
Land for Sale - Rs 47 Lakh,"['land', 'sale', 'r', '47', 'lakh']",land sale r 47 lakh,5,Land,"Imadol 4 Mahalaxmi, Lalitpur",4700000.0
Land for Sale - Rs 50 Lakh,"['land', 'sale', 'r', '50', 'lakh']",land sale r 50 lakh,5,Land,"Imadol 4 Mahalaxmi, Lalitpur",5000000.0
Land for Sale - Rs 65 Thousand,"['land', 'sale', 'r', '65', 'thousand']",land sale r 65 thousand,5,Land,"Balkumari 3 Lalitpur Metropolis, Lalitpur",65000.0
Land for Sale - Rs 43 Lakh,"['land', 'sale', 'r', '43', 'lakh']",land sale r 43 lakh,5,Land,"Hattiban 3 Lalitpur Metropolis, Lalitpur",4300000.0
Land for Sale - Rs 28 Lakh,"['land', 'sale', 'r', '28', 'lakh']",land sale r 28 lakh,5,Land,"Taukhel 3 Godawari, Lalitpur",2800000.0
Land for Sale - Rs 27 Lakh Per Aana,"['land', 'sale', 'r', '27', 'lakh', 'per', 'aana']",land sale r 27 lakh per aana,7,Land,"Taukhel  Godawari, Lalitpur",9450039.444850257
Land for Sale - Rs 45 Lakh Per Aana,"['land', 'sale', 'r', '45', 'lakh', 'per', 'aana']",land sale r 45 lakh per aana,7,Land,"Imadol 4 Mahalaxmi, Lalitpur",18000000.0
Land for Sale - Rs 1 Crore 58 Lakh Per Aana,"['land', 'sale', 'r', 'crore', '58', 'lakh', 'per', 'aana']",land sale r crore 58 lakh per aana,8,Land,"Sundar basti sano bhangal 8 Budhanilkantha, Kathmandu",55300230.82542002
House for Sale - Rs 4 Crore 25 Lakh,"['house', 'sale', 'r', 'crore', '25', 'lakh']",house sale r crore 25 lakh,6,House,"Lubhu 2 Mahalaxmi, Lalitpur",42500000.0
Land for Sale - Rs 10 Crore 20 Lakh Per Aana,"['land', 'sale', 'r', '10', 'crore', '20', 'lakh', 'per', 'aana']",land sale r 10 crore 20 lakh per aana,9,Land,"Nayabazar 16 Kathmandu Metropolis, Kathmandu",1224000000.0
Land for Sale - Rs 4 Crore 75 Lakh,"['land', 'sale', 'r', 'crore', '75', 'lakh']",land sale r crore 75 lakh,6,Land,"Imadol  Mahalaxmi, Lalitpur",47500000.0
"Land for Sale - Rs 46,00,000","['land', 'sale', 'r', '4600000']",land sale r 4600000,4,Land,"Chandragiri  Kathmandu Metropolis, Kathmandu",4600000.0
"Land for Sale - Rs 2,40,00,000","['land', 'sale', 'r', '24000000']",land sale r 24000000,4,Land,"Manmaiju  Kathmandu Metropolis, Kathmandu",24000000.0
Land for Sale - Rs 39 Lakh Per Aana,"['land', 'sale', 'r', '39', 'lakh', 'per', 'aana']",land sale r 39 lakh per aana,7,Land,"Sangla  Tokha, Kathmandu",18525028.487947408
"Land for Sale - Rs 30,00,000","['land', 'sale', 'r', '3000000']",land sale r 3000000,4,Land,"Lubhu 9 Mahalaxmi, Lalitpur",3000000.0
"Land for Sale - Rs 2,90,00,000","['land', 'sale', 'r', '29000000']",land sale r 29000000,4,Land,"Imadol 4 Mahalaxmi, Lalitpur",29000000.0
"Land for Sale - Rs 2,80,00,000","['land', 'sale', 'r', '28000000']",land sale r 28000000,4,Land,"Imadol 4 Mahalaxmi, Lalitpur",28000000.0
"Land for Sale - Rs 4,00,00,000","['land', 'sale', 'r', '40000000']",land sale r 40000000,4,Land,"Chapali 3 Budhanilkantha, Kathmandu",40000000.0
"Land for Sale - Rs 4,10,00,000","['land', 'sale', 'r', '41000000']",land sale r 41000000,4,Land,"Chapali 3 Budhanilkantha, Kathmandu",41000000.0
"Land for Sale - Rs 3,25,00,000","['land', 'sale', 'r', '32500000']",land sale r 32500000,4,Land,"kageshwori 6 Kageshwori Manohara, Kathmandu",32500000.0
"Land for Sale - Rs 23,00,000","['land', 'sale', 'r', '2300000']",land sale r 2300000,4,Land,"Sudal  Changunarayan, Bhaktapur",2300000.0
Land for Sale - Rs 3 Crore 90 Lakh,"['land', 'sale', 'r', 'crore', '90', 'lakh']",land sale r crore 90 lakh,6,Land,"ekantakuna 3 Lalitpur Metropolis, Lalitpur",39000000.0
Land for Sale - Rs 3 Crore 80 Lakh,"['land', 'sale', 'r', 'crore', '80', 'lakh']",land sale r crore 80 lakh,6,Land,"Kapan  Budhanilkantha, Kathmandu",38000000.0
Land for Sale - Rs 40 Lakh Per Aana,"['land', 'sale', 'r', '40', 'lakh', 'per', 'aana']",land sale r 40 lakh per aana,7,Land,"Chunikhel  Budhanilkantha, Kathmandu",20999970.781592403
Land for Sale - Rs 3 Crore 60 Lakh,"['land', 'sale', 'r', 'crore', '60', 'lakh']",land sale r crore 60 lakh,6,Land,"Bhangal  Budhanilkantha, Kathmandu",36000000.0
"Land for Sale - Rs 2,75,00,000","['land', 'sale', 'r', '27500000']",land sale r 27500000,4,Land,"Sital height   Bagmati, Lalitpur",27500000.0
Land for Sale - Rs 4 Crore 50 Lakh,"['land', 'sale', 'r', 'crore', '50', 'lakh']",land sale r crore 50 lakh,6,Land,"Sanepa  Lalitpur Metropolis, Lalitpur",45000000.0
"Land for Sale - Rs 8,00,000","['land', 'sale', 'r', '800000']",land sale r 800000,4,Land,"Lele, Kanaksundari  Godawari, Lalitpur",800000.0
"Land for Sale - Rs 3,75,00,000","['land', 'sale', 'r', '37500000']",land sale r 37500000,4,Land,"Sanagaun 9 Mahalaxmi, Lalitpur",37500000.0
"Land for Sale - Rs 38,00,000","['land', 'sale', 'r', '3800000']",land sale r 3800000,4,Land,"Hattiban 5 Lalitpur Metropolis, Lalitpur",3800000.0
"Land for Sale - Rs 80,00,000","['land', 'sale', 'r', '8000000']",land sale r 8000000,4,Land,"Galchhi 07 Galchhi, Dhading",8000000.0
"Land for Sale - Rs 65,00,000","['land', 'sale', 'r', '6500000']",land sale r 6500000,4,Land,"Khas, Karkado  Nepalgunj, Banke",6500000.0
Land for Sale - Rs 70 Lakh Per Kathha,"['land', 'sale', 'r', '70', 'lakh', 'per', 'kathha']",land sale r 70 lakh per kathha,7,Land,"Rajpur, Geta  Dhangadhi, Kailali",7000000.0
Land for Sale - Rs 1 Crore 50 Lakh Per Kathha,"['land', 'sale', 'r', 'crore', '50', 'lakh', 'per', 'kathha']",land sale r crore 50 lakh per kathha,8,Land,"Motichowk  Dhangadhi, Kailali",15000000.0
Land for Sale - Rs 2 Crore 90 Lakh,"['land', 'sale', 'r', 'crore', '90', 'lakh']",land sale r crore 90 lakh,6,Land,"Kapan  Budhanilkantha, Kathmandu",29000000.0
"Land for Sale - Rs 35,00,000","['land', 'sale', 'r', '3500000']",land sale r 3500000,4,Land,"Hattiban 28 Lalitpur Metropolis, Lalitpur",3500000.0
Land for Sale - Rs 55 Lakh Per Aana,"['land', 'sale', 'r', '55', 'lakh', 'per', 'aana']",land sale r 55 lakh per aana,7,Land,"Raniban  Nagarjun, Kathmandu",27500000.0
Land for Sale - Rs 2 Crore 80 Lakh,"['land', 'sale', 'r', 'crore', '80', 'lakh']",land sale r crore 80 lakh,6,Land,"Balambu 5 Chandragiri, Kathmandu",28000000.0
Land for Sale - Rs 34 Lakh 50 Thousand Per Aana,"['land', 'sale', 'r', '34', 'lakh', '50', 'thousand', 'per', 'aana']",land sale r 34 lakh 50 thousand per aana,9,Land,"Bhaisepati  Lalitpur Metropolis, Lalitpur",17250000.0
"Land for Sale - Rs 54,00,000","['land', 'sale', 'r', '5400000']",land sale r 5400000,4,Land,"taulung 0 Budhanilkantha, Kathmandu",5400000.0
"Land for Sale - Rs 40,00,000","['land', 'sale', 'r', '4000000']",land sale r 4000000,4,Land,"Syuchatar  Kathmandu Metropolis, Kathmandu",4000000.0
"Land for Sale - Rs 1,60,00,000","['land', 'sale', 'r', '16000000']",land sale r 16000000,4,Land,"Myagde 3 Myagde, Tanahun",16000000.0
Land for Sale - Rs 42 Lakh Per Aana,"['land', 'sale', 'r', '42', 'lakh', 'per', 'aana']",land sale r 42 lakh per aana,7,Land,"budhanilkantha 2 Budhanilkantha, Kathmandu",100800000.0
Land for Sale - Rs 31 Lakh Per Aana,"['land', 'sale', 'r', '31', 'lakh', 'per', 'aana']",land sale r 31 lakh per aana,7,Land,"Sanagaun  Mahalaxmi, Lalitpur",14725022.644265888
"Land for Sale - Rs 2,60,00,000","['land', 'sale', 'r', '26000000']",land sale r 26000000,4,Land,"Dadhikot  Changunarayan, Bhaktapur",26000000.0
Land for Sale - Rs 28 Lakh Per Aana,"['land', 'sale', 'r', '28', 'lakh', 'per', 'aana']",land sale r 28 lakh per aana,7,Land,"Balkumari Mandir, Naya Naikap  Chandragiri, Kathmandu",15400040.905770635
"Land for Sale - Rs 18,25,000","['land', 'sale', 'r', '1825000']",land sale r 1825000,4,Land,"Godamchaur  Godawari, Lalitpur",1825000.0
"Land for Sale - Rs 4,75,00,000","['land', 'sale', 'r', '47500000']",land sale r 47500000,4,Land,"Bhangal  Budhanilkantha, Kathmandu",47500000.0
Land for Sale - Rs 1 Lakh Per Dhur,"['land', 'sale', 'r', 'lakh', 'per', 'dhur']",land sale r lakh per dhur,6,Land,"Chaukitole 1 Hetauda, Makwanpur",1000000.0
Land for Sale - Rs 7 Lakh Per Dhur,"['land', 'sale', 'r', 'lakh', 'per', 'dhur']",land sale r lakh per dhur,6,Land,"Chaukitole 1 Hetauda, Makwanpur",6300000.0
House for Sale - Rs 30 Lakh,"['house', 'sale', 'r', '30', 'lakh']",house sale r 30 lakh,5,House,"Duwakot pipal chautari back side of KMC 2 Changunarayan, Bhaktapur",3000000.0
Land for Sale - Rs 85 Lakh,"['land', 'sale', 'r', '85', 'lakh']",land sale r 85 lakh,5,Land,"mid baneshwor   Kathmandu, Kathmandu",8500000.0
Land for Sale - Rs 2 Crore 75 Lakh,"['land', 'sale', 'r', 'crore', '75', 'lakh']",land sale r crore 75 lakh,6,Land,"Harisiddhi 10 Mahalaxmi, Lalitpur",27500000.0
Land for Sale - Rs 30 Lakh Per Aana,"['land', 'sale', 'r', '30', 'lakh', 'per', 'aana']",land sale r 30 lakh per aana,7,Land,"Gokarneshowr 3 Gokarneshowr , Kathmandu",12000000.0
Land for Sale - Rs 70 Lakh Per Aana,"['land', 'sale', 'r', '70', 'lakh', 'per', 'aana']",land sale r 70 lakh per aana,7,Land,"Lekhnath Chowk  Lekhnath, Kaski",28000000.0
House for Rent - Rs 80 Thousand,"['house', 'rent', 'r', '80', 'thousand']",house rent r 80 thousand,5,House,"Mid Baneshwor  Kathmandu Metropolis, Kathmandu",80000.0
Land for Sale - Rs 4 Crore,"['land', 'sale', 'r', 'crore']",land sale r crore,4,Land,"Balkot  Bhaktapur, Bhaktapur",40000000.0
Land for Sale - Rs 3 Crore 50 Lakh,"['land', 'sale', 'r', 'crore', '50', 'lakh']",land sale r crore 50 lakh,6,Land,"Syuchatar  Kathmandu, Kathmandu",35000000.0
Land for Sale - Rs 31 Lakh Per Aana,"['land', 'sale', 'r', '31', 'lakh', 'per', 'aana']",land sale r 31 lakh per aana,7,Land,"Sanogaun, Lubhu  Mahalaxmi, Lalitpur",14725022.644265888
Land for Sale - Rs 1 Crore 25 Lakh,"['land', 'sale', 'r', 'crore', '25', 'lakh']",land sale r crore 25 lakh,6,Land,"Kmc hospital  2 Changunarayan , Bhaktapur",12500000.0
Land for Sale - Rs 1 Crore 60 Lakh Per Aana,"['land', 'sale', 'r', 'crore', '60', 'lakh', 'per', 'aana']",land sale r crore 60 lakh per aana,8,Land,"Maharajgunj  Kathmandu, Kathmandu",336000000.0
Land for Sale - Rs 38 Lakh Per Aana,"['land', 'sale', 'r', '38', 'lakh', 'per', 'aana']",land sale r 38 lakh per aana,7,Land,"thulobharyang 2 Nagarjun, Kathmandu",17099944.485025566
Land for Sale - Rs 1 Crore 5 Lakh Per Aana,"['land', 'sale', 'r', 'crore', 'lakh', 'per', 'aana']",land sale r crore lakh per aana,7,Land,"Dhading Besi  Nilkantha, Dhading",73500000.0
Land for Sale - Rs 3 Lakh 50 Thousand Per Aana,"['land', 'sale', 'r', 'lakh', '50', 'thousand', 'per', 'aana']",land sale r lakh 50 thousand per aana,8,Land,"Manthali 3 Manthali, Ramechhap",7000000.0
Land for Sale - Rs 2 Crore 50 Lakh Per Aana,"['land', 'sale', 'r', 'crore', '50', 'lakh', 'per', 'aana']",land sale r crore 50 lakh per aana,8,Land,"Sitapaila  Kathmandu, Kathmandu",100000000.0
Land for Sale - Rs 40 Lakh Per Aana,"['land', 'sale', 'r', '40', 'lakh', 'per', 'aana']",land sale r 40 lakh per aana,7,Land,"Dhalpa 09 Kirtipur, Kathmandu",16000000.0
Land for Sale - Rs 4 Crore,"['land', 'sale', 'r', 'crore']",land sale r crore,4,Land,"Siddhipur 06 Mahalaxmi, Lalitpur",40000000.0
House for Sale - Rs 3 Crore 95 Lakh,"['house', 'sale', 'r', 'crore', '95', 'lakh']",house sale r crore 95 lakh,6,House,"Kapan 11 Budhanilkantha, Kathmandu",39500000.0
Land for Sale - Rs 2 Crore 10 Lakh,"['land', 'sale', 'r', 'crore', '10', 'lakh']",land sale r crore 10 lakh,6,Land,"Srijana Nagar  Bharatpur, Bhaktapur",21000000.0
Land for Sale - Rs 33 Lakh 50 Thousand Per Aana,"['land', 'sale', 'r', '33', 'lakh', '50', 'thousand', 'per', 'aana']",land sale r 33 lakh 50 thousand per aana,9,Land,"Srijana Nagar  Bhaktapur, Bhaktapur",50250000.0
Land for Sale - Rs 1 Crore 20 Lakh Ropani,"['land', 'sale', 'r', 'crore', '20', 'lakh', 'ropani']",land sale r crore 20 lakh ropani,7,Land,"Narayanthan, Nuwakot  Shivapuri, Nuwako",12000000.0
Land for Sale - Rs 3 Crore 52 Lakh Ropani,"['land', 'sale', 'r', 'crore', '52', 'lakh', 'ropani']",land sale r crore 52 lakh ropani,7,Land,"Ranipauwa, Nuwakot  Kakani, Nuwakot",35200000.0
Land for Sale - Rs 18 Lakh 50 Thousand Per Aana,"['land', 'sale', 'r', '18', 'lakh', '50', 'thousand', 'per', 'aana']",land sale r 18 lakh 50 thousand per aana,9,Land,"Godamchaur  Goda, Lalitpur",9481243.243243244
Land for Sale - Rs 18 Lakh 50 Thousand Per Aana,"['land', 'sale', 'r', '18', 'lakh', '50', 'thousand', 'per', 'aana']",land sale r 18 lakh 50 thousand per aana,9,Land,"Godamchaur  Godawari, Lalitpur",5550000.0
Land for Sale - Rs 25 Lakh Per Aana,"['land', 'sale', 'r', '25', 'lakh', 'per', 'aana']",land sale r 25 lakh per aana,7,Land,"Kavresthali 6 Tarakeshwor , Kathmandu",10000000.0
Land for Sale - Rs 2 Crore Per Aana,"['land', 'sale', 'r', 'crore', 'per', 'aana']",land sale r crore per aana,6,Land,"Dharma chakra galli east last electric poll. 28 Kathmandu Metropolis, Kathmandu",60000000.0
Land for Sale - Rs 5 Crore 80 Lakh,"['land', 'sale', 'r', 'crore', '80', 'lakh']",land sale r crore 80 lakh,6,Land,"Maharajgunj  Kathmandu, Kathmandu",58000000.0
Land for Sale - Rs 8 Crore 50 Lakh,"['land', 'sale', 'r', 'crore', '50', 'lakh']",land sale r crore 50 lakh,6,Land,"Maharajgunj  Kathmandu, Kathmandu",85000000.0
Land for Sale - Rs 19 Crore,"['land', 'sale', 'r', '19', 'crore']",land sale r 19 crore,5,Land,"Rudreshwor  Budhanilkantha, Kathmandu",190000000.0
Land for Sale - Rs 1 Crore 30 Lakh Per Aana,"['land', 'sale', 'r', 'crore', '30', 'lakh', 'per', 'aana']",land sale r crore 30 lakh per aana,8,Land,"Baluwatar  kathmandu, Kathmandu",219822498.17384952
Land for Sale - Rs 65 Lakh Per Aana,"['land', 'sale', 'r', '65', 'lakh', 'per', 'aana']",land sale r 65 lakh per aana,7,Land,"Bansbari  Kathmandu, Kathmandu",91000000.0
Land for Sale - Rs 12 Crore 50 Lakh,"['land', 'sale', 'r', '12', 'crore', '50', 'lakh']",land sale r 12 crore 50 lakh,7,Land,"Narayanthan  Budhanilkantha, Kathmandu",125000000.0
Land for Sale - Rs 9 Crore 60 Lakh,"['land', 'sale', 'r', 'crore', '60', 'lakh']",land sale r crore 60 lakh,6,Land,"Maitidevi  kathmandu, Kathmandu",96000000.0
Land for Sale - Rs 3 Crore 10 Lakh,"['land', 'sale', 'r', 'crore', '10', 'lakh']",land sale r crore 10 lakh,6,Land,"Katunje  Suryabinayak, Bhaktapur",31000000.0
Land for Sale - Rs 11 Crore 20 Lakh,"['land', 'sale', 'r', '11', 'crore', '20', 'lakh']",land sale r 11 crore 20 lakh,7,Land,"Rudreshwor  Budhanilkantha, Kathmandu",112000000.0
Land for Sale - Rs 12 Crore,"['land', 'sale', 'r', '12', 'crore']",land sale r 12 crore,5,Land,"Hattigauda  Budhanilkantha, Kathmandu",120000000.0
Land for Sale - Rs 52 Lakh Per Aana,"['land', 'sale', 'r', '52', 'lakh', 'per', 'aana']",land sale r 52 lakh per aana,7,Land,"Chapali  Budhanilkantha, Kathmandu",41600000.0
Land for Sale - Rs 3 Crore 80 Lakh,"['land', 'sale', 'r', 'crore', '80', 'lakh']",land sale r crore 80 lakh,6,Land,"Deuba Chowk, Budhanilkantha   Budhanilkantha, Kathmandu",38000000.0
Land for Sale - Rs 60 Lakh Ropani,"['land', 'sale', 'r', '60', 'lakh', 'ropani']",land sale r 60 lakh ropani,6,Land,"Kharibhanjyang, Nuwakot  Shivapuri, Nuawkot",6000000.0
Land for Sale - Rs 72 Lakh Ropani,"['land', 'sale', 'r', '72', 'lakh', 'ropani']",land sale r 72 lakh ropani,6,Land,"Lamagaun, Kakani- Nuwakot  Kakani, Nuwakot",7200000.0
Land for Sale - Rs 5 Crore,"['land', 'sale', 'r', 'crore']",land sale r crore,4,Land,"Rudreshwor, Budhanilkantha   Budhanilkantha, Kathmandu",50000000.0
Land for Sale - Rs 12 Lakh 50 Thousand Per Aana,"['land', 'sale', 'r', '12', 'lakh', '50', 'thousand', 'per', 'aana']",land sale r 12 lakh 50 thousand per aana,9,Land,"Lele  Lalitpur, Lalitpur",6250000.0
Land for Sale - Rs 2 Crore 60 Lakh,"['land', 'sale', 'r', 'crore', '60', 'lakh']",land sale r crore 60 lakh,6,Land,"Kantipur Coloney  Lalitpur, Lalitpur",26000000.0
Land for Sale - Rs 14 Crore 40 Lakh,"['land', 'sale', 'r', '14', 'crore', '40', 'lakh']",land sale r 14 crore 40 lakh,7,Land,"Manbhaban, Lalitpur   Budhanilkantha, Kathmandu",144000000.0
Land for Sale - Rs 3 Crore 50 Lakh,"['land', 'sale', 'r', 'crore', '50', 'lakh']",land sale r crore 50 lakh,6,Land,"Harharmahadev  Kageshwori Manohora, Kathmandu",35000000.0
Land for Sale - Rs 1 Crore 75 Lakh,"['land', 'sale', 'r', 'crore', '75', 'lakh']",land sale r crore 75 lakh,6,Land,"Tej Binayak  Kageshwori Manohora, Kathmandu",17500000.0
Land for Sale - Rs 15 Crore,"['land', 'sale', 'r', '15', 'crore']",land sale r 15 crore,5,Land,"Chappalkarkhana, Budhanilkantha   Kathmandu Metropolis, Kathmandu",150000000.0
Land for Sale - Rs 7 Crore,"['land', 'sale', 'r', 'crore']",land sale r crore,4,Land,"Golfutar, Budhanilkantha   Budhanilkantha, Kathmandu",70000000.0
Land for Sale - Rs 2 Crore 80 Lakh,"['land', 'sale', 'r', 'crore', '80', 'lakh']",land sale r crore 80 lakh,6,Land,"Tej Binayak  Kageshwori Manohora, Kathmandu",28000000.0
Land for Sale - Rs 2 Crore 30 Lakh,"['land', 'sale', 'r', 'crore', '30', 'lakh']",land sale r crore 30 lakh,6,Land,"Jorpati  Kathmandu, Kathmandu",23000000.0
Land for Sale - Rs 5 Crore,"['land', 'sale', 'r', 'crore']",land sale r crore,4,Land,"Deuwa Chowk  Budhanilkantha, Kathmandu",50000000.0
Land for Sale - Rs 7 Crore 70 Lakh,"['land', 'sale', 'r', 'crore', '70', 'lakh']",land sale r crore 70 lakh,6,Land,"Golfutar  Budhanilkantha, Kathmandu",77000000.0
Land for Sale - Rs 8 Lakh 10 Thousand Dhur,"['land', 'sale', 'r', 'lakh', '10', 'thousand', 'dhur']",land sale r lakh 10 thousand dhur,7,Land,"Drivertol 5 Tilottama, Butwal",810000.0
Land for Sale - Rs 27 Lakh 25 Thousand Per Aana,"['land', 'sale', 'r', '27', 'lakh', '25', 'thousand', 'per', 'aana']",land sale r 27 lakh 25 thousand per aana,9,Land,"Machhegaun 7 Kathmandu Metropolis, Kathmandu",12943690.284879476
Land for Sale - Rs 5 Crore,"['land', 'sale', 'r', 'crore']",land sale r crore,4,Land,"Baluwatar  kathmandu, Kathmandu",50000000.0
Land for Sale - Rs 8 Crore,"['land', 'sale', 'r', 'crore']",land sale r crore,4,Land,"Bishalnagar  kathmandu, Kathmandu",80000000.0
Land for Sale - Rs 4 Crore 20 Lakh,"['land', 'sale', 'r', 'crore', '20', 'lakh']",land sale r crore 20 lakh,6,Land,"dhilahiti  lalitpur, Lalitpur",42000000.0
Land for Sale - Rs 11 Crore,"['land', 'sale', 'r', '11', 'crore']",land sale r 11 crore,5,Land,"Maharajgunj  Kathmandu , Kathmandu",110000000.0
Land for Sale - Rs 45 Lakh Per Aana,"['land', 'sale', 'r', '45', 'lakh', 'per', 'aana']",land sale r 45 lakh per aana,7,Land,"Dadhikot  Changunarayan, Bhaktapur",22500000.0
Land for Sale - Rs 8 Crore 50 Lakh,"['land', 'sale', 'r', 'crore', '50', 'lakh']",land sale r crore 50 lakh,6,Land,"Bhaisepati  Lalitpur, Lalitpur",85000000.0
Land for Sale - Rs 25 Lakh Per Aana,"['land', 'sale', 'r', '25', 'lakh', 'per', 'aana']",land sale r 25 lakh per aana,7,Land,"buddanilkantha  Budhanilkantha, Kathmandu",15000000.0
Land for Sale - Rs 15 Crore 25 Lakh,"['land', 'sale', 'r', '15', 'crore', '25', 'lakh']",land sale r 15 crore 25 lakh,7,Land,"Manbhawan  lalitpur, Lalitpur",152500000.0
Land for Sale - Rs 13 Crore,"['land', 'sale', 'r', '13', 'crore']",land sale r 13 crore,5,Land,"Baluwatar  Kathmandu, Kathmandu",130000000.0
Land for Sale - Rs 75 Lakh Per Aana,"['land', 'sale', 'r', '75', 'lakh', 'per', 'aana']",land sale r 75 lakh per aana,7,Land,"Tangal  Kathmandu, Kathmandu",37500000.0
Land for Sale - Rs 5 Crore,"['land', 'sale', 'r', 'crore']",land sale r crore,4,Land,"Baneshwor  Kathmandu, Kathmandu",50000000.0
Land for Sale - Rs 48 Lakh Per Aana,"['land', 'sale', 'r', '48', 'lakh', 'per', 'aana']",land sale r 48 lakh per aana,7,Land,"Hattigauda  Budhanilkantha, Kathmandu",22799894.813732658
Land for Sale - Rs 3 Crore 25 Lakh,"['land', 'sale', 'r', 'crore', '25', 'lakh']",land sale r crore 25 lakh,6,Land,"Mandikatar Faat  Budhanilkantha, Kathmandu",32500000.0
Land for Sale - Rs 3 Crore,"['land', 'sale', 'r', 'crore']",land sale r crore,4,Land,"Lasuntar  Budhanilkantha, Kathmandu",30000000.0
Land for Sale - Rs 24 Lakh Per Aana,"['land', 'sale', 'r', '24', 'lakh', 'per', 'aana']",land sale r 24 lakh per aana,7,Land,"Pasikot  Budhanilkantha, Kathmandu",76365230.09495983
Land for Sale - Rs 4 Crore 70 Lakh,"['land', 'sale', 'r', 'crore', '70', 'lakh']",land sale r crore 70 lakh,6,Land,"Ganesh Chowk  Budhanilkantha, Kathmandu",47000000.0
Land for Sale - Rs 3 Crore 40 Lakh,"['land', 'sale', 'r', 'crore', '40', 'lakh']",land sale r crore 40 lakh,6,Land,"Lasuntar  Budhanilkantha, Kathmandu",34000000.0
Land for Sale - Rs 4 Crore 45 Lakh,"['land', 'sale', 'r', 'crore', '45', 'lakh']",land sale r crore 45 lakh,6,Land,"Sukedhara  Budhanilkantha, Kathmandu",44500000.0
Land for Sale - Rs 5 Crore,"['land', 'sale', 'r', 'crore']",land sale r crore,4,Land,"Rudreshwor  Budhanilkantha, Kathmandu",50000000.0
Land for Sale - Rs 11 Crore 50 Lakh,"['land', 'sale', 'r', '11', 'crore', '50', 'lakh']",land sale r 11 crore 50 lakh,7,Land,"Sukedhara  Budhanilkantha, Kathmandu",115000000.0
House for Sale - Rs 3 Crore,"['house', 'sale', 'r', 'crore']",house sale r crore,4,House,"Nepal Medical College, Janasagar chowk 8 Gokarneshwor, Kathmandu",30000000.0
Land for Sale - Rs 12 Crore,"['land', 'sale', 'r', '12', 'crore']",land sale r 12 crore,5,Land,"Ganesh Chowk  Budhanilkantha, Kathmandu",120000000.0
Land for Sale - Rs 7 Crore 20 Lakh,"['land', 'sale', 'r', 'crore', '20', 'lakh']",land sale r crore 20 lakh,6,Land,"Hepali Height  Budhanilkantha, Kathmandu",72000000.0
Land for Sale - Rs 8 Crore,"['land', 'sale', 'r', 'crore']",land sale r crore,4,Land,"Naxal  kathmandu, Kathmandu",80000000.0
Land for Sale - Rs 10 Crore,"['land', 'sale', 'r', '10', 'crore']",land sale r 10 crore,5,Land,"Pasikot  Budhanilkantha, Kathmandu",100000000.0
Land for Sale - Rs 5 Crore 50 Lakh,"['land', 'sale', 'r', 'crore', '50', 'lakh']",land sale r crore 50 lakh,6,Land,"Chundevi  Kathmandu, Kathmandu",55000000.0
Land for Sale - Rs 7 Crore 85 Lakh,"['land', 'sale', 'r', 'crore', '85', 'lakh']",land sale r crore 85 lakh,6,Land,"Pasikot  Budhanilkantha, Kathmandu",78500000.0
Land for Sale - Rs 15 Crore 25 Lakh,"['land', 'sale', 'r', '15', 'crore', '25', 'lakh']",land sale r 15 crore 25 lakh,7,Land,"tangal  Kathmandu, Kathmandu",152500000.0
Land for Sale - Rs 2 Crore flat,"['land', 'sale', 'r', 'crore', 'flat']",land sale r crore flat,5,Land,"Pepsicola  Kathmandu, Kathmandu",20000000.0
Land for Sale - Rs 4 Crore 80 Lakh,"['land', 'sale', 'r', 'crore', '80', 'lakh']",land sale r crore 80 lakh,6,Land,"Maharajgunj  Kathmandu, Kathmandu",48000000.0
Land for Sale - Rs 3 Crore 85 Lakh,"['land', 'sale', 'r', 'crore', '85', 'lakh']",land sale r crore 85 lakh,6,Land,"Narayanthan  Budhanilkantha, Kathmandu",38500000.0
Apartment for Sale - Rs 2 Crore 60 Lakh flat,"['apartment', 'sale', 'r', 'crore', '60', 'lakh', 'flat']",apartment sale r crore 60 lakh flat,7,Apartment,"Gharipatan 17 Pokhara Metropolis, Kaski",26000000.0
Land for Sale - Rs 2 Crore 45 Lakh,"['land', 'sale', 'r', 'crore', '45', 'lakh']",land sale r crore 45 lakh,6,Land,"Dhungedhara  Kathmandu Metropolis, Kathmandu",24500000.0
Land for Sale - Rs 47 Lakh Per Aana,"['land', 'sale', 'r', '47', 'lakh', 'per', 'aana']",land sale r 47 lakh per aana,7,Land,"Balambu 12 Chandragiri, Kathmandu",23500000.0
Land for Sale - Rs 16 Lakh Per Aana,"['land', 'sale', 'r', '16', 'lakh', 'per', 'aana']",land sale r 16 lakh per aana,7,Land,"Chhampi  Mahalaxmi, Lalitpur",6400000.0
Land for Sale - Rs 1 Crore 95 Lakh,"['land', 'sale', 'r', 'crore', '95', 'lakh']",land sale r crore 95 lakh,6,Land,"Chunnikhel  Budhanilkantha, Kathmandu",19500000.0
Land for Sale - Rs 1 Crore 70 Lakh,"['land', 'sale', 'r', 'crore', '70', 'lakh']",land sale r crore 70 lakh,6,Land,"Tikathali  Mahalaxmi, Lalitpur",17000000.0
Land for Sale - Rs 2 Crore 95 Lakh,"['land', 'sale', 'r', 'crore', '95', 'lakh']",land sale r crore 95 lakh,6,Land,"Harisiddhi  Godawari, Lalitpur",29500000.0
Land for Sale - Rs 10 Crore,"['land', 'sale', 'r', '10', 'crore']",land sale r 10 crore,5,Land,"Dadhikot 04 Suryabinayak, Bhaktapur",100000000.0
Land for Sale - Rs 40 Lakh Per Aana,"['land', 'sale', 'r', '40', 'lakh', 'per', 'aana']",land sale r 40 lakh per aana,7,Land,"Sangla phant,  Tarkeshwor-1, Kathmandu",20000000.0
Land for Sale - Rs 15 Crore 50 Lakh,"['land', 'sale', 'r', '15', 'crore', '50', 'lakh']",land sale r 15 crore 50 lakh,7,Land,"Chyasundol  Budhanilkantha, Kathmandu",155000000.0
Land for Sale - Rs 2 Crore 60 Lakh,"['land', 'sale', 'r', 'crore', '60', 'lakh']",land sale r crore 60 lakh,6,Land,"Tikathjali  Mahalaxmi, Lalitpur",26000000.0
Land for Sale - Rs 3 Crore 30 Lakh,"['land', 'sale', 'r', 'crore', '30', 'lakh']",land sale r crore 30 lakh,6,Land,"Imadol  Mahalaxmi, Lalitpur",33000000.0
Land for Sale - Rs 5 Crore 50 Lakh,"['land', 'sale', 'r', 'crore', '50', 'lakh']",land sale r crore 50 lakh,6,Land,"Imadol  Mahalaxmi, Lalitpur",55000000.0
Land for Sale - Rs 3 Crore 55 Lakh,"['land', 'sale', 'r', 'crore', '55', 'lakh']",land sale r crore 55 lakh,6,Land,"Imadol  Mahalaxmi, Lalitpur",35500000.0
Land for Sale - Rs 3 Crore 20 Lakh,"['land', 'sale', 'r', 'crore', '20', 'lakh']",land sale r crore 20 lakh,6,Land,"Imadol,shital Height  Lalitpur Metropolis, Lalitpur",32000000.0
Land for Sale - Rs 1 Crore 75 Lakh,"['land', 'sale', 'r', 'crore', '75', 'lakh']",land sale r crore 75 lakh,6,Land,"Dhunge shaghu 0 Lalitpur Metropolis, Lalitpur",17500000.0
Land for Sale - Rs 42 Lakh Per Aana,"['land', 'sale', 'r', '42', 'lakh', 'per', 'aana']",land sale r 42 lakh per aana,7,Land,"Dhapakhel 24 Lalitpur Metropolis, Lalitpur",13912461.650840033
Land for Sale - Rs 40 Lakh Per Aana,"['land', 'sale', 'r', '40', 'lakh', 'per', 'aana']",land sale r 40 lakh per aana,7,Land,"Lakeside 6 Pokhara Metropolis, Kaski",32000000.0
Land for Sale - Rs 50 Lakh Ropani,"['land', 'sale', 'r', '50', 'lakh', 'ropani']",land sale r 50 lakh ropani,6,Land,"Ranipauwa  Likhu, Nuwakot",5000000.0
Land for Sale - Rs 1 Crore 50 Lakh Ropani,"['land', 'sale', 'r', 'crore', '50', 'lakh', 'ropani']",land sale r crore 50 lakh ropani,7,Land,"Kharibhanjyang , Nuwakot  Likhu, Nuwakot",15000000.0
Land for Sale - Rs 32 Lakh,"['land', 'sale', 'r', '32', 'lakh']",land sale r 32 lakh,5,Land,"Kharibhanjyang  Likhu, Nuwakot",3200000.0
Land for Sale - Rs 55 Lakh Ropani,"['land', 'sale', 'r', '55', 'lakh', 'ropani']",land sale r 55 lakh ropani,6,Land,"Ranipauwa  Likhu, Nuwakot",5500000.0
Land for Sale - Rs 18 Lakh Ropani,"['land', 'sale', 'r', '18', 'lakh', 'ropani']",land sale r 18 lakh ropani,6,Land,"Katheri  Likhu, Nuwakot",1800000.0
Land for Sale - Rs 1 Crore 5 Lakh,"['land', 'sale', 'r', 'crore', 'lakh']",land sale r crore lakh,5,Land,"Phedibesh  Likhu, Nuwakot",10500000.0
Land for Sale - Rs 36 Lakh Ropani,"['land', 'sale', 'r', '36', 'lakh', 'ropani']",land sale r 36 lakh ropani,6,Land,"Dhikure , Nuwakot  Likhu, Nuwakot",3600000.0
Land for Sale - Rs 90 Lakh,"['land', 'sale', 'r', '90', 'lakh']",land sale r 90 lakh,5,Land,"Matragaun , Nuwakot  Likhu, Nuwakot",9000000.0
Land for Sale - Rs 1 Crore 44 Lakh Ropani,"['land', 'sale', 'r', 'crore', '44', 'lakh', 'ropani']",land sale r crore 44 lakh ropani,7,Land,"Mulabari , Nuwakot  Likhu, Nuwakot",14400000.0
Land for Sale - Rs 16 Lakh Ropani,"['land', 'sale', 'r', '16', 'lakh', 'ropani']",land sale r 16 lakh ropani,6,Land,"Okharpauwa , Nuwakot  Likhu, Nuwakot",1600000.0
Land for Sale - Rs 98 Lakh,"['land', 'sale', 'r', '98', 'lakh']",land sale r 98 lakh,5,Land,"Nuwakot  Likhu, Nuwakot",9800000.0
Land for Sale - Rs 11 Crore 68 Lakh Ropani,"['land', 'sale', 'r', '11', 'crore', '68', 'lakh', 'ropani']",land sale r 11 crore 68 lakh ropani,8,Land,"KhariBhanjyang , Nuwakot  Likhu, Nuwakot",116800000.0
Land for Sale - Rs 60 Lakh,"['land', 'sale', 'r', '60', 'lakh']",land sale r 60 lakh,5,Land,"Kharibhanjyang , Nuwakot  Likhhu, Nuwakot",6000000.0
Land for Sale - Rs 36 Lakh,"['land', 'sale', 'r', '36', 'lakh']",land sale r 36 lakh,5,Land,"Pudibhanjyang  Likhu, Nuwakot",3600000.0
Land for Sale - Rs 77 Lakh Ropani,"['land', 'sale', 'r', '77', 'lakh', 'ropani']",land sale r 77 lakh ropani,6,Land,"Ranipauwa  Likhu, Nuwakot",7700000.0
Land for Sale - Rs 5 Lakh 60 Thousand Ropani,"['land', 'sale', 'r', 'lakh', '60', 'thousand', 'ropani']",land sale r lakh 60 thousand ropani,7,Land,"Karki Dara  Likhu, Nuwakot",560000.0
Land for Sale - Rs 3 Crore 95 Lakh,"['land', 'sale', 'r', 'crore', '95', 'lakh']",land sale r crore 95 lakh,6,Land,"Imadol  Lalitpur, Lalitpur",39500000.0
Land for Sale - Rs 72 Lakh,"['land', 'sale', 'r', '72', 'lakh']",land sale r 72 lakh,5,Land,"Naraynthan , Nuwakot  Likhu, Nuwakot",7200000.0
Land for Sale - Rs 24 Lakh Ropani,"['land', 'sale', 'r', '24', 'lakh', 'ropani']",land sale r 24 lakh ropani,6,Land,"Okharpuwa ,  Nuwakot  Likhu, Nuwakot",2400000.0
Land for Sale - Rs 66 Lakh Ropani,"['land', 'sale', 'r', '66', 'lakh', 'ropani']",land sale r 66 lakh ropani,6,Land,"Mulbari , Nuwakot  Likhu, Nuwakot",6600000.0
Land for Sale - Rs 1 Crore 87 Lakh Ropani,"['land', 'sale', 'r', 'crore', '87', 'lakh', 'ropani']",land sale r crore 87 lakh ropani,7,Land,"Chahare , Nuwakot  Likhu, Nuwakot",18700000.0
Land for Sale - Rs 2 Crore 45 Lakh,"['land', 'sale', 'r', 'crore', '45', 'lakh']",land sale r crore 45 lakh,6,Land,"Katheri , Nuwakot  Likhu, Nuwakot",24500000.0
Land for Sale - Rs 2 Crore 65 Lakh,"['land', 'sale', 'r', 'crore', '65', 'lakh']",land sale r crore 65 lakh,6,Land,"Imadol  Lalitpur, Lalitpur",26500000.0
Land for Sale - Rs 2 Crore 16 Lakh Ropani,"['land', 'sale', 'r', 'crore', '16', 'lakh', 'ropani']",land sale r crore 16 lakh ropani,7,Land,"Nuwakot   likhu, Nuwakot",21600000.0
Land for Sale - Rs 60 Lakh Ropani,"['land', 'sale', 'r', '60', 'lakh', 'ropani']",land sale r 60 lakh ropani,6,Land,"Nuwakot , Thaprek  Likhu, Nuwakot",6000000.0
Land for Sale - Rs 70 Lakh Ropani,"['land', 'sale', 'r', '70', 'lakh', 'ropani']",land sale r 70 lakh ropani,6,Land,"Chahare  Nuwakot  Likhu, Nuwakot",7000000.0
Land for Sale - Rs 1 Crore 5 Lakh Ropani,"['land', 'sale', 'r', 'crore', 'lakh', 'ropani']",land sale r crore lakh ropani,6,Land,"Ranipauwa , Kakani Nuwakot  Likhu, Nuwakot",10500000.0
Land for Sale - Rs 1 Crore 26 Lakh Ropani,"['land', 'sale', 'r', 'crore', '26', 'lakh', 'ropani']",land sale r crore 26 lakh ropani,7,Land,"KhariBhanjyang ,  Nuwakot  Likhu, Nuwakot",12600000.0
Land for Sale - Rs 1 Crore 45 Lakh,"['land', 'sale', 'r', 'crore', '45', 'lakh']",land sale r crore 45 lakh,6,Land,"Imadol  Lalitpur, Lalitpur",14500000.0
Land for Sale - Rs 3 Crore 55 Lakh,"['land', 'sale', 'r', 'crore', '55', 'lakh']",land sale r crore 55 lakh,6,Land,"Imadol  Lalitpur, Lalitpur",35500000.0
Land for Sale - Rs 2 Crore 99 Lakh,"['land', 'sale', 'r', 'crore', '99', 'lakh']",land sale r crore 99 lakh,6,Land,"Imadole  Mahalaxmi, Lalitpur",29900000.0
Land for Sale - Rs 78 Lakh Ropani,"['land', 'sale', 'r', '78', 'lakh', 'ropani']",land sale r 78 lakh ropani,6,Land,"Narayanthan 8 Likhu, Nuwakot",7800000.0
Land for Sale - Rs 2 Crore 15 Lakh,"['land', 'sale', 'r', 'crore', '15', 'lakh']",land sale r crore 15 lakh,6,Land,"Tikathali  Bhaktapur, Bhaktapur",21500000.0
Land for Sale - Rs 5 Crore 30 Lakh,"['land', 'sale', 'r', 'crore', '30', 'lakh']",land sale r crore 30 lakh,6,Land,"Balkot  Bhaktapur, Bhaktapur",53000000.0
Land for Sale - Rs 3 Crore 95 Lakh,"['land', 'sale', 'r', 'crore', '95', 'lakh']",land sale r crore 95 lakh,6,Land,"Kupondole  Mahalaxmi, Lalitpur",39500000.0
Land for Sale - Rs 3 Lakh 25 Thousand Ropani,"['land', 'sale', 'r', 'lakh', '25', 'thousand', 'ropani']",land sale r lakh 25 thousand ropani,7,Land,"Hupsekot 14 Madyebindu, Nawalparasi",325000.0
Land for Sale - Rs 65 Lakh Per Aana,"['land', 'sale', 'r', '65', 'lakh', 'per', 'aana']",land sale r 65 lakh per aana,7,Land,"Ganesh Chowk  Budhanilkantha, Kathmandu",32500000.0
Land for Sale - Rs 4 Crore 60 Lakh,"['land', 'sale', 'r', 'crore', '60', 'lakh']",land sale r crore 60 lakh,6,Land,"Ganesh Chowk  Budhanilkantha, Kathmandu",46000000.0
Land for Sale - Rs 2 Crore 25 Lakh,"['land', 'sale', 'r', 'crore', '25', 'lakh']",land sale r crore 25 lakh,6,Land,"Tikathali  Mahalaxmi, Lalitpur",22500000.0
Land for Sale - Rs 53 Lakh Per Aana,"['land', 'sale', 'r', '53', 'lakh', 'per', 'aana']",land sale r 53 lakh per aana,7,Land,"Bhaisepati  Mahalaxmi, Lalitpur",42400000.0
Land for Sale - Rs 3 Crore 80 Lakh,"['land', 'sale', 'r', 'crore', '80', 'lakh']",land sale r crore 80 lakh,6,Land,"Binayak Colony ,Ganesh Chowk  Budhanilkantha, Kathmandu",38000000.0
Land for Sale - Rs 65 Lakh Per Aana,"['land', 'sale', 'r', '65', 'lakh', 'per', 'aana']",land sale r 65 lakh per aana,7,Land,"Chapal karkhana  kathmandu, Kathmandu",28031190.65010957
Land for Sale - Rs 3 Crore 35 Lakh,"['land', 'sale', 'r', 'crore', '35', 'lakh']",land sale r crore 35 lakh,6,Land,"Imadol  Mahalaxmi, Lalitpur",33500000.0
Land for Sale - Rs 3 Crore 15 Lakh,"['land', 'sale', 'r', 'crore', '15', 'lakh']",land sale r crore 15 lakh,6,Land,"Imadol  Mahalaxmi, Lalitpur",31500000.0
Land for Sale - Rs 18 Lakh Per Aana,"['land', 'sale', 'r', '18', 'lakh', 'per', 'aana']",land sale r 18 lakh per aana,7,Land,"Lamatar  Mahalaxmi, Lalitpur",80099973.70343317
Land for Sale - Rs 35 Lakh Per Aana,"['land', 'sale', 'r', '35', 'lakh', 'per', 'aana']",land sale r 35 lakh per aana,7,Land,"Dhapakhel  Mahalaxmi, Lalitpur",16187436.084733384
Land for Sale - Rs 27 Lakh Per Aana,"['land', 'sale', 'r', '27', 'lakh', 'per', 'aana']",land sale r 27 lakh per aana,7,Land,"Thecho  Godawari, Lalitpur",12824940.832724618
Land for Sale - Rs 43 Lakh,"['land', 'sale', 'r', '43', 'lakh']",land sale r 43 lakh,5,Land,"Imadol  Mahalaxmi, Lalitpur",4300000.0
Land for Sale - Rs 4 Crore 15 Lakh,"['land', 'sale', 'r', 'crore', '15', 'lakh']",land sale r crore 15 lakh,6,Land,"khumaltar  Mahalaxmi, Lalitpur",41500000.0
Land for Sale - Rs 30 Lakh Per Aana,"['land', 'sale', 'r', '30', 'lakh', 'per', 'aana']",land sale r 30 lakh per aana,7,Land,"danchhi  kageshwori manohora, Kathmandu",12000000.0
Land for Sale - Rs 14 Crore,"['land', 'sale', 'r', '14', 'crore']",land sale r 14 crore,5,Land,"bhaisepati  lalitpur, Lalitpur",140000000.0
Land for Sale - Rs 40 Lakh Per Aana,"['land', 'sale', 'r', '40', 'lakh', 'per', 'aana']",land sale r 40 lakh per aana,7,Land,"kapan , Paiyutar  Budhanilkantha, Kathmandu",44000000.0
Land for Sale - Rs 26 Crore,"['land', 'sale', 'r', '26', 'crore']",land sale r 26 crore,5,Land,"Mudkhu  Tarkeshwor, Kathmandu",260000000.0
Land for Sale - Rs 6 Crore 50 Lakh,"['land', 'sale', 'r', 'crore', '50', 'lakh']",land sale r crore 50 lakh,6,Land,"Bhaisepati Colony 25 Mahalaxmi, Lalitpur",65000000.0
Land for Sale - Rs 25 Lakh Per Aana,"['land', 'sale', 'r', '25', 'lakh', 'per', 'aana']",land sale r 25 lakh per aana,7,Land,"Lubhu 8 Mahalaxmi, Lalitpur",12500000.0
Land for Sale - Rs 32 Lakh Per Aana,"['land', 'sale', 'r', '32', 'lakh', 'per', 'aana']",land sale r 32 lakh per aana,7,Land,"Dapasi 5 Kathmandu Metropolis, Kathmandu",32000000.0
Land for Sale - Rs 7 Crore 25 Lakh,"['land', 'sale', 'r', 'crore', '25', 'lakh']",land sale r crore 25 lakh,6,Land,"Khumaltar  15 Lalitpur , Lalitpur",72500000.0
Land for Sale - Rs 4 Crore 90 Lakh Per Aana,"['land', 'sale', 'r', 'crore', '90', 'lakh', 'per', 'aana']",land sale r crore 90 lakh per aana,8,Land,"Dholahiti 29 Lalitpur , Lalitpur",289633308.9846603
Land for Sale - Rs 4 Crore 40 Lakh Sqft,"['land', 'sale', 'r', 'crore', '40', 'lakh', 'sqft']",land sale r crore 40 lakh sqft,7,Land,"Rajmargha choura 9 Butwal, Rupandehi",44000000.0
Land for Sale - Rs 1 Crore 45 Lakh Per Aana,"['land', 'sale', 'r', 'crore', '45', 'lakh', 'per', 'aana']",land sale r crore 45 lakh per aana,8,Land,"Tejvinayak chowk 9 Kageshori manohara, Kathmandu",43500000.0
Land for Sale - Rs 90 Lakh Per Aana,"['land', 'sale', 'r', '90', 'lakh', 'per', 'aana']",land sale r 90 lakh per aana,7,Land,"Kalanki  14 Kathmandu Metropolis, Kathmandu",27000000.0
Land for Sale - Rs 30 Lakh Per Aana,"['land', 'sale', 'r', '30', 'lakh', 'per', 'aana']",land sale r 30 lakh per aana,7,Land,"badeli 2 Budhanilkantha, Kathmandu",28500043.8276114
Land for Sale - Rs 7 Crore Per Aana,"['land', 'sale', 'r', 'crore', 'per', 'aana']",land sale r crore per aana,6,Land,"pokhara malepatan 5 Pokhara Metropolis, Kaski",770000000.0
Land for Sale - Rs 26 Lakh Per Aana,"['land', 'sale', 'r', '26', 'lakh', 'per', 'aana']",land sale r 26 lakh per aana,7,Land,"Milan chowk, Nakhipot  13 Lalitpur, Lalitpur",13000000.0
House for Sale - Rs 1 Crore 40 Lakh Sqft,"['house', 'sale', 'r', 'crore', '40', 'lakh', 'sqft']",house sale r crore 40 lakh sqft,7,House,"Thali, Danchhi  4 Kathmandu Metropolis, Kathmandu",14000000.0
Land for Sale - Rs 10 Crore 50 Lakh Per Aana,"['land', 'sale', 'r', '10', 'crore', '50', 'lakh', 'per', 'aana']",land sale r 10 crore 50 lakh per aana,9,Land,"New baneswor  Kathmandu Metropolis, Kathmandu",1050000000.0
Land for Sale - Rs 85 Lakh Per Aana,"['land', 'sale', 'r', '85', 'lakh', 'per', 'aana']",land sale r 85 lakh per aana,7,Land,"Chappal Karkhana  Kathmandu Metropolis, Kathmandu",25500000.0
Land for Sale - Rs 75 Lakh Per Aana,"['land', 'sale', 'r', '75', 'lakh', 'per', 'aana']",land sale r 75 lakh per aana,7,Land,"Dallu 19 Kathmandu, Kathmandu",33749890.43097151
House for Sale - Rs 2 Crore 70 Lakh,"['house', 'sale', 'r', 'crore', '70', 'lakh']",house sale r crore 70 lakh,6,House,"Thulobharwang,swyambhu 2 Nagarjun, Kathmandu",27000000.0
Land for Sale - Rs 32 Lakh Per Aana,"['land', 'sale', 'r', '32', 'lakh', 'per', 'aana']",land sale r 32 lakh per aana,7,Land,"Nagdaha  Lalitpur Metropolis, Lalitpur",9600000.0
Land for Sale - Rs 58 Lakh Per Aana,"['land', 'sale', 'r', '58', 'lakh', 'per', 'aana']",land sale r 58 lakh per aana,7,Land,"Tinkune 9 Kathmandu Metropolis, Kathmandu",17400000.0
Land for Sale - Rs 20 Lakh Per Aana,"['land', 'sale', 'r', '20', 'lakh', 'per', 'aana']",land sale r 20 lakh per aana,7,Land,"Lubhu  Mahalaxmi, Lalitpur",14000000.0
Land for Sale - Rs 3 Crore Per Aana,"['land', 'sale', 'r', 'crore', 'per', 'aana']",land sale r crore per aana,6,Land,"Balaju chamati naya pull  Kathmandu Metropolis, Kathmandu",68999561.72388604
Land for Sale - Rs 3 Lakh 50 Thousand Dhur,"['land', 'sale', 'r', 'lakh', '50', 'thousand', 'dhur']",land sale r lakh 50 thousand dhur,7,Land,"Simara Bara  2 JeetpurSimara , Bara",350000.0
Land for Sale - Rs 11 Lakh Dhur,"['land', 'sale', 'r', '11', 'lakh', 'dhur']",land sale r 11 lakh dhur,6,Land,"Simara Bara 2 JeetpurSimara , Bara",1100000.0
Land for Sale - Rs 17 Lakh Per Aana,"['land', 'sale', 'r', '17', 'lakh', 'per', 'aana']",land sale r 17 lakh per aana,7,Land,"Barmakhel  Kathmandu Metropolis, Kathmandu",7649975.164353542
Land for Sale - Rs 5 Crore 60 Lakh,"['land', 'sale', 'r', 'crore', '60', 'lakh']",land sale r crore 60 lakh,6,Land,"Chandol   Naxal  4 Kathmandu Metropolis, Kathmandu",56000000.0
Land for Sale - Rs 70 Lakh Dhur,"['land', 'sale', 'r', '70', 'lakh', 'dhur']",land sale r 70 lakh dhur,6,Land,"Mohoria chowk 31 Pokhara Metropolis, Kaski",7000000.0
Land for Sale - Rs 27 Lakh Per Aana,"['land', 'sale', 'r', '27', 'lakh', 'per', 'aana']",land sale r 27 lakh per aana,7,Land,"duwakot 01 chagunaryan, Bhaktapur",13500000.0
Land for Sale - Rs 26 Lakh 50 Thousand Per Aana,"['land', 'sale', 'r', '26', 'lakh', '50', 'thousand', 'per', 'aana']",land sale r 26 lakh 50 thousand per aana,9,Land,"Gokarneshor Nayapati 2 Kathmandu Metropolis, Kathmandu",21200000.0
Land for Sale - Rs 85 Lakh Per Aana,"['land', 'sale', 'r', '85', 'lakh', 'per', 'aana']",land sale r 85 lakh per aana,7,Land,"Jharuwarasi  13 Bajrabarahi, Lalitpur",21249875.82176771
Land for Sale - Rs 5 Crore 56 Lakh,"['land', 'sale', 'r', 'crore', '56', 'lakh']",land sale r crore 56 lakh,6,Land,"Deuba Chowk 1 Budhanilkantha, Kathmandu",55600000.0
Land for Sale - Rs 45 Lakh Per Aana,"['land', 'sale', 'r', '45', 'lakh', 'per', 'aana']",land sale r 45 lakh per aana,7,Land,"10 minutes walking distance to Grande Hospital  8 Tokha, Kathmandu",31500000.0
Land for Sale - Rs 29 Lakh Per Aana,"['land', 'sale', 'r', '29', 'lakh', 'per', 'aana']",land sale r 29 lakh per aana,7,Land,"Duwakot  ChanguNarayan Muncipality , Bhaktapur",16674936.449963478
Land for Sale - Rs 2 Crore 51 Lakh,"['land', 'sale', 'r', 'crore', '51', 'lakh']",land sale r crore 51 lakh,6,Land,"Hattiban  Godawari, Lalitpur",25100000.0
Land for Sale - Rs 3 Crore 25 Lakh Per Aana,"['land', 'sale', 'r', 'crore', '25', 'lakh', 'per', 'aana']",land sale r crore 25 lakh per aana,8,Land,"LMC 26 Lalitpur, Lalitpur",136500000.0
Land for Sale - Rs 20 Lakh Per Aana,"['land', 'sale', 'r', '20', 'lakh', 'per', 'aana']",land sale r 20 lakh per aana,7,Land,"Gokarneshwar Municipality-02 02 gokarneswor, Kathmandu",10000000.0
Land for Sale - Rs 10 Lakh Dhur,"['land', 'sale', 'r', '10', 'lakh', 'dhur']",land sale r 10 lakh dhur,6,Land,"28°04'25.5""N 81°38'16.1""E  Nepalgunj, Banke",1000000.0
Land for Sale - Rs 85 Lakh Per Aana,"['land', 'sale', 'r', '85', 'lakh', 'per', 'aana']",land sale r 85 lakh per aana,7,Land,"Sitapaila  Kathmandu Metropolis, Kathmandu",204000000.0
Land for Sale - Rs 15 Lakh Per Aana,"['land', 'sale', 'r', '15', 'lakh', 'per', 'aana']",land sale r 15 lakh per aana,7,Land,"Gyarjati  18 Pokhara Metropolis, Kaski Pokhara",60000000.0
Land for Sale - Rs 28 Lakh Per Aana,"['land', 'sale', 'r', '28', 'lakh', 'per', 'aana']",land sale r 28 lakh per aana,7,Land,"Nayapati 2 gokarneswor, Sakhu",19600000.0
House for Sale - Rs 1 Crore 80 Lakh,"['house', 'sale', 'r', 'crore', '80', 'lakh']",house sale r crore 80 lakh,6,House,"Parsyang 5 Pokhara-Lekhnath, Kaski",18000000.0
Land for Sale - Rs 60 Lakh Per Aana,"['land', 'sale', 'r', '60', 'lakh', 'per', 'aana']",land sale r 60 lakh per aana,7,Land,"Tinthana  Chandragiri, Kathmandu",24000000.0
Land for Sale - Rs 5 Lakh Dhur,"['land', 'sale', 'r', 'lakh', 'dhur']",land sale r lakh dhur,5,Land,"Itahari, Aadarsha Tole 1 Itahari, Sunsari",500000.0
Land for Sale - Rs 1 Crore 20 Lakh Per Aana,"['land', 'sale', 'r', 'crore', '20', 'lakh', 'per', 'aana']",land sale r crore 20 lakh per aana,8,Land,"Bhaisepati 18 Lalitpur Metropolis, Lalitpur",36000000.0
House for Rent - Rs 50 Thousand Per Month,"['house', 'rent', 'r', '50', 'thousand', 'per', 'month']",house rent r 50 thousand per month,7,House,"Baluwatar 4 Kathmandu Metropolis, Kathmandu",50000.0
Land for Sale - Rs 3 Crore 10 Lakh,"['land', 'sale', 'r', 'crore', '10', 'lakh']",land sale r crore 10 lakh,6,Land,"setipakha  Mahalaxmi, Lalitpur",31000000.0
Land for Sale - Rs 3 Crore 36 Lakh Per Aana,"['land', 'sale', 'r', 'crore', '36', 'lakh', 'per', 'aana']",land sale r crore 36 lakh per aana,8,Land,"Bhaktupur  49 BMC, Bhaktapur",352799509.1307524
House for Sale - Rs 1 Crore 55 Lakh,"['house', 'sale', 'r', 'crore', '55', 'lakh']",house sale r crore 55 lakh,6,House,"Makalbari  Kathmandu Metropolis, Kathmandu",15500000.0
Land for Sale - Rs 25 Lakh Per Aana,"['land', 'sale', 'r', '25', 'lakh', 'per', 'aana']",land sale r 25 lakh per aana,7,Land,"Dhapakhel (9) 24 Lalitpur Metropolis, Lalitpur",15000000.0
Land for Sale - Rs 32 Lakh Per Aana,"['land', 'sale', 'r', '32', 'lakh', 'per', 'aana']",land sale r 32 lakh per aana,7,Land,"Chunikhel, Bhaisipati 7 Lalitpur Metropolis, Lalitpur",14399953.250547845
Land for Sale - Rs 40 Lakh Per Aana,"['land', 'sale', 'r', '40', 'lakh', 'per', 'aana']",land sale r 40 lakh per aana,7,Land,"Bhaisipati  7 Lalitpur Metropolis, Lalitpur",24499985.390796203
Land for Sale - Rs 35 Lakh Per Aana,"['land', 'sale', 'r', '35', 'lakh', 'per', 'aana']",land sale r 35 lakh per aana,7,Land,"Chobhar 5 Kathmandu, Kathmandu",24500000.0
Land for Sale - Rs 5 Crore Per Aana,"['land', 'sale', 'r', 'crore', 'per', 'aana']",land sale r crore per aana,6,Land,"Hattigauda 2 Budhanilkantha, Kathmandu",219138056.9758948
Land for Sale - Rs 23 Lakh Per Aana,"['land', 'sale', 'r', '23', 'lakh', 'per', 'aana']",land sale r 23 lakh per aana,7,Land,"Ramkot  8 Nagarjun, Kathmandu",8064280.496712929
Land for Sale - Rs 14 Lakh Ropani,"['land', 'sale', 'r', '14', 'lakh', 'ropani']",land sale r 14 lakh ropani,6,Land,"Manikhel 2 Mahankal, Lalitpur",1400000.0
Land for Sale - Rs 4 Crore 25 Lakh,"['land', 'sale', 'r', 'crore', '25', 'lakh']",land sale r crore 25 lakh,6,Land,"Shantinagar, New Baneshwor  Kathmandu Metropolis, Kathmandu",42500000.0
Land for Sale - Rs 25 Lakh Per Aana,"['land', 'sale', 'r', '25', 'lakh', 'per', 'aana']",land sale r 25 lakh per aana,7,Land,"Bandeli Heights 02 Budhanilkantha, Kathmandu",10956902.848794742
Land for Sale - Rs 9 Lakh 90 Thousand Per Aana,"['land', 'sale', 'r', 'lakh', '90', 'thousand', 'per', 'aana']",land sale r lakh 90 thousand per aana,8,Land,"khokana 21 Lalitpur Metropolis, Lalitpur",4338933.5281227175
Land for Sale - Rs 28 Lakh Per Aana,"['land', 'sale', 'r', '28', 'lakh', 'per', 'aana']",land sale r 28 lakh per aana,7,Land,"Mulapani  Kageshwori-Manohara, Kathmandu",8400000.0
Apartment for Sale - Rs 1 Crore 80 Lakh flat,"['apartment', 'sale', 'r', 'crore', '80', 'lakh', 'flat']",apartment sale r crore 80 lakh flat,7,Apartment,"Oriental Colony  14 Kathmandu Metropolis, Kathmandu",18000000.0
Land for Sale - Rs 32 Lakh Per Aana,"['land', 'sale', 'r', '32', 'lakh', 'per', 'aana']",land sale r 32 lakh per aana,7,Land,"Tokha, Jhor  Tarkeshwor, Kathmandu",12800000.0
Land for Sale - Rs 6 Crore Per Aana,"['land', 'sale', 'r', 'crore', 'per', 'aana']",land sale r crore per aana,6,Land,"Bir Hospital  Kathmandu Metropolis, Kathmandu",122717311.90650111
Land for Sale - Rs 1 Crore 95 Lakh flat,"['land', 'sale', 'r', 'crore', '95', 'lakh', 'flat']",land sale r crore 95 lakh flat,7,Land,"Sainik Basti, Bhandardik 29 Pokhara Mahanagarpalika, Pokhara",19500000.0
Land for Sale - Rs 4 Crore 20 Lakh,"['land', 'sale', 'r', 'crore', '20', 'lakh']",land sale r crore 20 lakh,6,Land,"Manohara BP Eye hospital 1 Madhyapur Thimi, Bhaktapur",42000000.0
Land for Sale - Rs 2 Crore 25 Lakh flat,"['land', 'sale', 'r', 'crore', '25', 'lakh', 'flat']",land sale r crore 25 lakh flat,7,Land,"NEAR Kapan Gumba 11 Budhanilkantha, Kathmandu",22500000.0
Land for Sale - Rs 6 Lakh Per Aana,"['land', 'sale', 'r', 'lakh', 'per', 'aana']",land sale r lakh per aana,6,Land,"kewalpur road 6 chatra deuralit, dhading",7200000.0
Land for Sale - Rs 39 Lakh 50 Thousand Per Aana,"['land', 'sale', 'r', '39', 'lakh', '50', 'thousand', 'per', 'aana']",land sale r 39 lakh 50 thousand per aana,9,Land,"Thankot 7 Chandragiri, Kathmandu",23700000.0
Land for Sale - Rs 5 Crore 50 Lakh Per Aana,"['land', 'sale', 'r', 'crore', '50', 'lakh', 'per', 'aana']",land sale r crore 50 lakh per aana,8,Land,"Dhumbhari pipalchock main road 4 Kathmandu Metropolis, Kathmandu",275000000.0
Land for Sale - Rs 21 Lakh Per Aana,"['land', 'sale', 'r', '21', 'lakh', 'per', 'aana']",land sale r 21 lakh per aana,7,Land,"Dhara Pani marg Ratamata Parsang 6.4 anna 5 Pokhara Metropolis, Kaski",13443681.519357195
Land for Sale - Rs 2 Crore 90 Lakh Per Aana,"['land', 'sale', 'r', 'crore', '90', 'lakh', 'per', 'aana']",land sale r crore 90 lakh per aana,8,Land,"Iscon nepal  5 Budhanilkantha, Kathmandu",127100073.046019
Land for Sale - Rs 30 Lakh Per Aana,"['land', 'sale', 'r', '30', 'lakh', 'per', 'aana']",land sale r 30 lakh per aana,7,Land,"manamaiju 1 Kathmandu Metropolis, Kathmandu",31499956.1723886
Land for Sale - Rs 70 Lakh Per Aana,"['land', 'sale', 'r', '70', 'lakh', 'per', 'aana']",land sale r 70 lakh per aana,7,Land,"Way to Baluwatar Cricket Club 2 Kathmandu Metropolis, Kathmandu",22312461.650840033
Land for Sale - Rs 35 Lakh Per Aana,"['land', 'sale', 'r', '35', 'lakh', 'per', 'aana']",land sale r 35 lakh per aana,7,Land,"Tikathali  1 Mahalaxmi, Lalitpur",13124923.301680058
Land for Sale - Rs 2 Crore 50 Lakh Per Aana,"['land', 'sale', 'r', 'crore', '50', 'lakh', 'per', 'aana']",land sale r crore 50 lakh per aana,8,Land,"Bhangal height 7 Kathmandu Metropolis, Kathmandu",87500365.23009497
Land for Sale - Rs 1 Crore 5 Lakh,"['land', 'sale', 'r', 'crore', 'lakh']",land sale r crore lakh,5,Land,"Goldhunga  05 Tarakeshwor, Kathmandu",10500000.0
Land for Sale - Rs 57 Lakh Kathha,"['land', 'sale', 'r', '57', 'lakh', 'kathha']",land sale r 57 lakh kathha,6,Land,"Shukrangar-4  25 Bharatpur-25, Chitwan",5700000.0
Land for Sale - Rs 5 Lakh Dhur,"['land', 'sale', 'r', 'lakh', 'dhur']",land sale r lakh dhur,5,Land,"Near kakarvitta  9 Nagarpalika , Jhapa",500000.0
House for Sale - Rs 1 Crore 95 Lakh,"['house', 'sale', 'r', 'crore', '95', 'lakh']",house sale r crore 95 lakh,6,House,"Gokarna 10 Gokarneshwor, Kathmandu",19500000.0
Land for Sale - Rs 35 Lakh Per Aana,"['land', 'sale', 'r', '35', 'lakh', 'per', 'aana']",land sale r 35 lakh per aana,7,Land,"very closed to high way  6 Chandragiri, Kathmandu",17500000.0
Land for Sale - Rs 6 Crore 75 Lakh,"['land', 'sale', 'r', 'crore', '75', 'lakh']",land sale r crore 75 lakh,6,Land,"Golfutar, Near Navaraj & Niraj Sekuwa  Budhanilkantha, Kathmandu",67500000.0
Land for Sale - Rs 35 Lakh Per Aana,"['land', 'sale', 'r', '35', 'lakh', 'per', 'aana']",land sale r 35 lakh per aana,7,Land,"Tikathali 1 lalitpur, Lalitpur",13124923.301680058
Land for Sale - Rs 65 Lakh Per Aana,"['land', 'sale', 'r', '65', 'lakh', 'per', 'aana']",land sale r 65 lakh per aana,7,Land,"Patandhoka 10 Lalitpur, Lalitpur",110500000.0
Land for Sale - Rs 40 Lakh Per Aana,"['land', 'sale', 'r', '40', 'lakh', 'per', 'aana']",land sale r 40 lakh per aana,7,Land,"Sano Thimi 02 Madhyapur Thimi, Bhaktapur",12999970.781592404
Land for Sale - Rs 46 Lakh Per Aana,"['land', 'sale', 'r', '46', 'lakh', 'per', 'aana']",land sale r 46 lakh per aana,7,Land,"Dhapasi height 4 Tokha, Kathmandu",16100067.202337474
Land for Sale - Rs 2 Crore 35 Lakh Kathha,"['land', 'sale', 'r', 'crore', '35', 'lakh', 'kathha']",land sale r crore 35 lakh kathha,7,Land,"GAINDAKOT  2 Kathmandu Metropolis, Chitwan",23500000.0
Land for Sale - Rs 48 Lakh Ropani,"['land', 'sale', 'r', '48', 'lakh', 'ropani']",land sale r 48 lakh ropani,6,Land,"BHATERI ,TANAHUN ,DEVGHAT GAUPALIKA  2 Kathmandu Metropolis, Chitwan",4800000.0
Land for Sale - Rs 3 Lakh 30 Thousand Per Aana,"['land', 'sale', 'r', 'lakh', '30', 'thousand', 'per', 'aana']",land sale r lakh 30 thousand per aana,8,Land,"GAINDAKOT 1 Lalitpur Metropolis, Chitwan",990000.0
Apartment for Sale - Rs 3 Crore 30 Lakh flat,"['apartment', 'sale', 'r', 'crore', '30', 'lakh', 'flat']",apartment sale r crore 30 lakh flat,7,Apartment,"kapurdhara 26 Kathmandu Metropolis, Kathmandu",33000000.0
Land for Sale - Rs 16 Lakh flat,"['land', 'sale', 'r', '16', 'lakh', 'flat']",land sale r 16 lakh flat,6,Land,"Devchuli Aaptadi 8 Devchuli, Nawalpur",1600000.0
Land for Sale - Rs 2 Lakh 90 Thousand Per Aana,"['land', 'sale', 'r', 'lakh', '90', 'thousand', 'per', 'aana']",land sale r lakh 90 thousand per aana,8,Land,"Dudkula 8 Sundarbazar, Lamjung",4988000.0
Land for Sale - Rs 13 Lakh 50 Thousand Per Aana,"['land', 'sale', 'r', '13', 'lakh', '50', 'thousand', 'per', 'aana']",land sale r 13 lakh 50 thousand per aana,9,Land,"Rithepani  03 Lekhnath , Kaski",611395.1789627465
Land for Sale - Rs 11 Lakh Kathha,"['land', 'sale', 'r', '11', 'lakh', 'kathha']",land sale r 11 lakh kathha,6,Land,"Birpur  Shivraj, Kapilvastu",1100000.0
Land for Sale - Rs 15 Crore 50 Lakh Per Aana,"['land', 'sale', 'r', '15', 'crore', '50', 'lakh', 'per', 'aana']",land sale r 15 crore 50 lakh per aana,9,Land,"Mahalaxmithan 15 Lalitpur Metropolis, Lalitpur",2790000000.0
House for Sale - Rs 2 Crore 60 Lakh,"['house', 'sale', 'r', 'crore', '60', 'lakh']",house sale r crore 60 lakh,6,House,"near by Tokha road behind manohar school 10 Tokha, Kathmandu",26000000.0
House for Sale - Rs 2 Crore 60 Lakh,"['house', 'sale', 'r', 'crore', '60', 'lakh']",house sale r crore 60 lakh,6,House,"Behind manohar School,  10 Tokha, Kathmandu",26000000.0
Land for Sale - Rs 38 Lakh Per Aana,"['land', 'sale', 'r', '38', 'lakh', 'per', 'aana']",land sale r 38 lakh per aana,7,Land,"Nayapati 7 Gokarneswor , Kathmandu",15200000.0
Land for Sale - Rs 10 Lakh Per Aana,"['land', 'sale', 'r', '10', 'lakh', 'per', 'aana']",land sale r 10 lakh per aana,7,Land,"Dahachowk, Gahate 1 Chandragiri, Kathmandu",17000000.0
Land for Sale - Rs 9 Crore,"['land', 'sale', 'r', 'crore']",land sale r crore,4,Land,"Maharajgunj  Kathmandu Metropolis, Kathmandu",90000000.0
House for Sale - Rs 1 Crore 10 Lakh,"['house', 'sale', 'r', 'crore', '10', 'lakh']",house sale r crore 10 lakh,6,House,"Ganesh mandir jane bato  Suryabinayak, Bhaktapur",11000000.0
Land for Sale - Rs 44 Lakh Per Aana,"['land', 'sale', 'r', '44', 'lakh', 'per', 'aana']",land sale r 44 lakh per aana,7,Land,"Thankot 10 Chandragiri, Kathmandu",21726165.08400292
Land for Sale - Rs 1 Crore 10 Lakh Per Aana,"['land', 'sale', 'r', 'crore', '10', 'lakh', 'per', 'aana']",land sale r crore 10 lakh per aana,8,Land,"Charikot 6 Bhimeshwor, Dolakha",48210372.53469686
Land for Sale - Rs 55 Lakh,"['land', 'sale', 'r', '55', 'lakh']",land sale r 55 lakh,5,Land,"Khanidada, Kailali 5 Chure, KAILALI",5500000.0
Land for Sale - Rs 3 Crore 15 Lakh Per Aana,"['land', 'sale', 'r', 'crore', '15', 'lakh', 'per', 'aana']",land sale r crore 15 lakh per aana,8,Land,"Near ganesh chowk  Budhanilkantha, Kathmandu",110445580.71585098
Land for Sale - Rs 2 Crore 38 Lakh Sqft,"['land', 'sale', 'r', 'crore', '38', 'lakh', 'sqft']",land sale r crore 38 lakh sqft,7,Land,"Sitapaila 4 Nagarjun, Kathmandu",23800000.0
Land for Sale - Rs 85 Lakh Per Aana,"['land', 'sale', 'r', '85', 'lakh', 'per', 'aana']",land sale r 85 lakh per aana,7,Land,"Basundhara  3 Kathmandu, Kathmandu",123249875.82176772
Land for Sale - Rs 13 Lakh Dhur,"['land', 'sale', 'r', '13', 'lakh', 'dhur']",land sale r 13 lakh dhur,6,Land,"Farsatiket near Beer factory  Butwal, Rupendehi",1300000.0
Apartment for Sale - Rs 1 Crore 65 Lakh flat,"['apartment', 'sale', 'r', 'crore', '65', 'lakh', 'flat']",apartment sale r crore 65 lakh flat,7,Apartment,"Dhumbarahi Apartment 23 Kathmandu Metropolis, Kathmandu",16500000.0
Land for Sale - Rs 40 Lakh Dhur,"['land', 'sale', 'r', '40', 'lakh', 'dhur']",land sale r 40 lakh dhur,6,Land,"Bharatpur, Chitwan  06 BMC, Chitwan",4000000.0
Land for Sale - Rs 18 Lakh Per Aana,"['land', 'sale', 'r', '18', 'lakh', 'per', 'aana']",land sale r 18 lakh per aana,7,Land,"Thecho  Godawari, Lalitpur",10800000.0
Land for Sale - Rs 35 Lakh Per Aana,"['land', 'sale', 'r', '35', 'lakh', 'per', 'aana']",land sale r 35 lakh per aana,7,Land,"Balambu  6 Nagarjun , Kathmandu",35000000.0
Land for Sale - Rs 1 Crore 20 Lakh Per Aana,"['land', 'sale', 'r', 'crore', '20', 'lakh', 'per', 'aana']",land sale r crore 20 lakh per aana,8,Land,"Kapan 7 Kathmandu Metropolis, Kathmandu",48000000.0
Land for Sale - Rs 35 Lakh Per Aana,"['land', 'sale', 'r', '35', 'lakh', 'per', 'aana']",land sale r 35 lakh per aana,7,Land,"Gairigaun 8 Tarkeshwor , Kathmandu",14874974.433893353
Land for Sale - Rs 85 Lakh Ropani,"['land', 'sale', 'r', '85', 'lakh', 'ropani']",land sale r 85 lakh ropani,6,Land,"Naubise 6 Dhunibeshi , Dhading",8500000.0
Land for Sale - Rs 34 Lakh Per Aana,"['land', 'sale', 'r', '34', 'lakh', 'per', 'aana']",land sale r 34 lakh per aana,7,Land,"Katunje-5 5 Katunje, Bhaktapur",17000000.0
Land for Sale - Rs 3 Crore 58 Lakh 60 Thousand Ropani,"['land', 'sale', 'r', 'crore', '58', 'lakh', '60', 'thousand', 'ropani']",land sale r crore 58 lakh 60 thousand ropani,9,Land,"Sadobato  Lalitpur Metropolis, Lalitpur",35860000.0
Land for Sale - Rs 2 Crore 68 Lakh Per Aana,"['land', 'sale', 'r', 'crore', '68', 'lakh', 'per', 'aana']",land sale r crore 68 lakh per aana,8,Land,"imadol  Lalitpur Metropolis, Lalitpur",100500195.7633309
Land for Sale - Rs 3 Lakh 25 Thousand Dhur,"['land', 'sale', 'r', 'lakh', '25', 'thousand', 'dhur']",land sale r lakh 25 thousand dhur,7,Land,"Hetauda 15 Ratomate, makwanpur",325000.0
Land for Sale - Rs 70 Lakh Dhur,"['land', 'sale', 'r', '70', 'lakh', 'dhur']",land sale r 70 lakh dhur,6,Land,"Nepalgunj 19 Nepalgunj sub metro, Banke",7000000.0
Land for Sale - Rs 1 Crore 55 Lakh,"['land', 'sale', 'r', 'crore', '55', 'lakh']",land sale r crore 55 lakh,6,Land,"Gothatar  Kaageshwori-Manohara, Kathmandu",15500000.0
Land for Sale - Rs 2 Crore 17 Lakh,"['land', 'sale', 'r', 'crore', '17', 'lakh']",land sale r crore 17 lakh,6,Land,"Kadaghari  Kaageshwori-Manohara, Kathmandu",21700000.0
Land for Sale - Rs 2 Crore 62 Lakh,"['land', 'sale', 'r', 'crore', '62', 'lakh']",land sale r crore 62 lakh,6,Land,"Gothatar  Kaageshwori-Manohara, Kathmandu",26200000.0
Land for Sale - Rs 13 Lakh Per Aana,"['land', 'sale', 'r', '13', 'lakh', 'per', 'aana']",land sale r 13 lakh per aana,7,Land,"Lele  Lubhu, Lalitpur",41364499.63476991
Land for Sale - Rs 1 Crore 75 Lakh,"['land', 'sale', 'r', 'crore', '75', 'lakh']",land sale r crore 75 lakh,6,Land,"Gothatar  Kaageshwori-Manohara, Kathmandu",17500000.0
Land for Sale - Rs 40 Lakh Per Aana,"['land', 'sale', 'r', '40', 'lakh', 'per', 'aana']",land sale r 40 lakh per aana,7,Land,"Khatrigaun  Budhanilkantha, Kathmandu",16000000.0
Land for Sale - Rs 2 Crore 70 Lakh,"['land', 'sale', 'r', 'crore', '70', 'lakh']",land sale r crore 70 lakh,6,Land,"Bhangal  Budhanilkantha, Kathmandu",27000000.0
Land for Sale - Rs 35 Lakh Per Aana,"['land', 'sale', 'r', '35', 'lakh', 'per', 'aana']",land sale r 35 lakh per aana,7,Land,"Sallaghari  Suryabinayak, Bhaktapur",70000000.0
Land for Sale - Rs 3 Crore 95 Lakh,"['land', 'sale', 'r', 'crore', '95', 'lakh']",land sale r crore 95 lakh,6,Land,"Imadol -1 Mahalaxmi, Lalitpur",39500000.0
Land for Sale - Rs 2 Crore 45 Lakh,"['land', 'sale', 'r', 'crore', '45', 'lakh']",land sale r crore 45 lakh,6,Land,"Imadol  Mahalaxmi, Kathmandu",24500000.0
Land for Sale - Rs 2 Crore 20 Lakh,"['land', 'sale', 'r', 'crore', '20', 'lakh']",land sale r crore 20 lakh,6,Land,"Tikathali  Mahalaxmi, Lalitpur",22000000.0
Apartment for Sale - Rs 3 Crore 25 Lakh flat,"['apartment', 'sale', 'r', 'crore', '25', 'lakh', 'flat']",apartment sale r crore 25 lakh flat,7,Apartment,"Kapan 10 Budhanilkantha, Kathmandu",32500000.0
Land for Sale - Rs 1 Crore 75 Lakh,"['land', 'sale', 'r', 'crore', '75', 'lakh']",land sale r crore 75 lakh,6,Land,"Tilathali 5 Mahalakshmi, Lalitpur",17500000.0
Land for Sale - Rs 7 Crore 25 Lakh,"['land', 'sale', 'r', 'crore', '25', 'lakh']",land sale r crore 25 lakh,6,Land,"150 meters from Deuba Residendent 1 Budhanilkantha, Kathmandu",72500000.0
House for Sale - Rs 1 Crore 20 Lakh,"['house', 'sale', 'r', 'crore', '20', 'lakh']",house sale r crore 20 lakh,6,House,"Campus Road, Nijgadh 09 Nijgadh, Bara",12000000.0
Land for Sale - Rs 40 Lakh Kathha,"['land', 'sale', 'r', '40', 'lakh', 'kathha']",land sale r 40 lakh kathha,6,Land,"Geta, Dhangadi  Dhangadi, Kailali",4000000.0
Land for Sale - Rs 25 Lakh Per Aana,"['land', 'sale', 'r', '25', 'lakh', 'per', 'aana']",land sale r 25 lakh per aana,7,Land,"Machhegau 4 Kirtipur, Kathmandu",10000000.0
Land for Sale - Rs 4 Crore 7 Lakh,"['land', 'sale', 'r', 'crore', 'lakh']",land sale r crore lakh,5,Land,"Nakhu dobato, Bagdol, Lalitpur 4 Lalitpur Metropolis, Lalitpur",40700000.0
Land for Sale - Rs 5 Crore 70 Lakh flat,"['land', 'sale', 'r', 'crore', '70', 'lakh', 'flat']",land sale r crore 70 lakh flat,7,Land,"Gyaneshwor 30 Kathmandu Metropolis, Kathmandu",57000000.0
House for Rent - Rs 2 Lakh 15 Thousand Per Month,"['house', 'rent', 'r', 'lakh', '15', 'thousand', 'per', 'month']",house rent r lakh 15 thousand per month,8,House,"Bhaisepati 25 Lalitpur Metropolis, Lalitpur",215000.0
Land for Sale - Rs 1 Crore 50 Lakh,"['land', 'sale', 'r', 'crore', '50', 'lakh']",land sale r crore 50 lakh,6,Land,"Kapan durgamandir  Kapan, Kathmandu",15000000.0
Land for Sale - Rs 42 Lakh Per Aana,"['land', 'sale', 'r', '42', 'lakh', 'per', 'aana']",land sale r 42 lakh per aana,7,Land,"Hattiban 1 Lalitpur Metropolis, Lalitpur",16537384.952520087
Land for Sale - Rs 1 Crore 78 Lakh Per Aana,"['land', 'sale', 'r', 'crore', '78', 'lakh', 'per', 'aana']",land sale r crore 78 lakh per aana,8,Land,"near vetenary hospital and SBI bank. 5 Kathmandu Metropolis, Kathmandu",143544192.84149012
Land for Sale - Rs 14 Lakh 50 Thousand Per Aana,"['land', 'sale', 'r', '14', 'lakh', '50', 'thousand', 'per', 'aana']",land sale r 14 lakh 50 thousand per aana,9,Land,"Pharping 5 Kirtipur, Kathmandu",47853177.50182615
Land for Sale - Rs 35 Lakh,"['land', 'sale', 'r', '35', 'lakh']",land sale r 35 lakh,5,Land,"Hattiban 28 Lalitpur Metropolis, Lalitpur",3500000.0
Land for Sale - Rs 1 Crore 60 Lakh Per Aana,"['land', 'sale', 'r', 'crore', '60', 'lakh', 'per', 'aana']",land sale r crore 60 lakh per aana,8,Land,"Ghatta Chowk -13 Budhanilkantha, Kathmandu",48000000.0
Land for Sale - Rs 3 Crore 25 Lakh,"['land', 'sale', 'r', 'crore', '25', 'lakh']",land sale r crore 25 lakh,6,Land,"Imadol, Rajkulo  Mahalaxmi, Lalitpur",32500000.0
Land for Sale - Rs 2 Crore 80 Lakh,"['land', 'sale', 'r', 'crore', '80', 'lakh']",land sale r crore 80 lakh,6,Land,"Chamati  Kathmandu, Kathmandu",28000000.0
Land for Sale - Rs 2 Crore 50 Lakh Per Aana,"['land', 'sale', 'r', 'crore', '50', 'lakh', 'per', 'aana']",land sale r crore 50 lakh per aana,8,Land,"Sukedhara 4 Kathmandu Metropolis, Kathmandu",62499634.769905046
Land for Sale - Rs 37 Lakh,"['land', 'sale', 'r', '37', 'lakh']",land sale r 37 lakh,5,Land,"bhimbahadur chowk bata jamanapur jane bato ma 15 Ratnanagar, chitwan",3700000.0
Land for Sale - Rs 12 Crore,"['land', 'sale', 'r', '12', 'crore']",land sale r 12 crore,5,Land,"Ghattekulo 32 Kathmandu Metropolis, Kathmandu",120000000.0
Land for Sale - Rs 24 Lakh Per Aana,"['land', 'sale', 'r', '24', 'lakh', 'per', 'aana']",land sale r 24 lakh per aana,7,Land,"Godawari- Kitani  Lalitpur Metropolis, Lalitpur",10799964.937910885
Land for Sale - Rs 11 Lakh 50 Thousand Per Aana,"['land', 'sale', 'r', '11', 'lakh', '50', 'thousand', 'per', 'aana']",land sale r 11 lakh 50 thousand per aana,9,Land,"Sudal  BMC, Bhaktapur",4600000.0
Land for Sale - Rs 23 Lakh Per Aana,"['land', 'sale', 'r', '23', 'lakh', 'per', 'aana']",land sale r 23 lakh per aana,7,Land,"Bhimdhunga  8 Nagarjun, Kathmandu",9200000.0
Land for Sale - Rs 7 Crore 20 Lakh Per Aana,"['land', 'sale', 'r', 'crore', '20', 'lakh', 'per', 'aana']",land sale r crore 20 lakh per aana,8,Land,"Lukla 2 Khumbu pasang lamhu, Solukhumbu",288000000.0
Land for Sale - Rs 25 Crore 20 Lakh,"['land', 'sale', 'r', '25', 'crore', '20', 'lakh']",land sale r 25 crore 20 lakh,7,Land,"Baneshwor Hight   Kathmandu Metropolis, Kathmandu",252000000.0
Land for Sale - Rs 50 Lakh Per Aana,"['land', 'sale', 'r', '50', 'lakh', 'per', 'aana']",land sale r 50 lakh per aana,7,Land,"Surye Darsan Height 3 Tokha, Kathmandu",27500073.046018995
Land for Sale - Rs 23 Crore,"['land', 'sale', 'r', '23', 'crore']",land sale r 23 crore,5,Land,"Dhapasi  Tokha, Kathmandu",230000000.0
Land for Sale - Rs 25 Lakh Per Aana,"['land', 'sale', 'r', '25', 'lakh', 'per', 'aana']",land sale r 25 lakh per aana,7,Land,"1500 meters from Deubachowk  Budhanilkantha, Kathmandu",13750036.523009498
Land for Sale - Rs 40 Lakh Per Aana,"['land', 'sale', 'r', '40', 'lakh', 'per', 'aana']",land sale r 40 lakh per aana,7,Land,"Satungal Chowk  Chandragiri, Kathmandu",28000000.0
Land for Sale - Rs 30 Lakh Per Aana,"['land', 'sale', 'r', '30', 'lakh', 'per', 'aana']",land sale r 30 lakh per aana,7,Land,"Tinthana 15 Chandragiri, Kathmandu",12000000.0
House for Sale - Rs 46 Lakh,"['house', 'sale', 'r', '46', 'lakh']",house sale r 46 lakh,5,House,"Bhangal  Budhanilkantha, Kathmandu",4600000.0
Land for Sale - Rs 35 Lakh Per Aana,"['land', 'sale', 'r', '35', 'lakh', 'per', 'aana']",land sale r 35 lakh per aana,7,Land,"Tikathali  5 Mahalaxmi, Lalitpur",9187436.084733382
Land for Sale - Rs 40 Lakh Per Aana,"['land', 'sale', 'r', '40', 'lakh', 'per', 'aana']",land sale r 40 lakh per aana,7,Land,"badeli 2 Budhanilkantha, Kathmandu",24399941.563184805
Land for Sale - Rs 5 Crore 25 Lakh,"['land', 'sale', 'r', 'crore', '25', 'lakh']",land sale r crore 25 lakh,6,Land,"muhanpokhari  Budhanilkantha, Kathmandu",52500000.0
Land for Sale - Rs 13 Lakh 50 Thousand Per Aana,"['land', 'sale', 'r', '13', 'lakh', '50', 'thousand', 'per', 'aana']",land sale r 13 lakh 50 thousand per aana,9,Land,"Suntol 2 Shankharapur, Kathmandu",5737490.138787436
Apartment for Sale - Rs 2 Crore 20 Lakh flat,"['apartment', 'sale', 'r', 'crore', '20', 'lakh', 'flat']",apartment sale r crore 20 lakh flat,7,Apartment,"Ratnanagar Municipality 9 Kathmandu Metropolis, Chitwan",22000000.0
Land for Sale - Rs 2 Crore 10 Lakh Per Aana,"['land', 'sale', 'r', 'crore', '10', 'lakh', 'per', 'aana']",land sale r crore 10 lakh per aana,8,Land,"Kadaghari,birendra chowk 07 Madhyapur Thimi, Kathmandu",73500306.79327977
Land for Sale - Rs 13 Lakh Kathha,"['land', 'sale', 'r', '13', 'lakh', 'kathha']",land sale r 13 lakh kathha,6,Land,"Near Karmohan chowk  11 Ishworpur , Sarlahi",1300000.0
Land for Sale - Rs 48 Lakh Per Aana,"['land', 'sale', 'r', '48', 'lakh', 'per', 'aana']",land sale r 48 lakh per aana,7,Land,"Nearest for sano gau bhatvateni   Tikathali, Lalitpur",14400000.0
Land for Sale - Rs 25 Lakh 50 Thousand Per Aana,"['land', 'sale', 'r', '25', 'lakh', '50', 'thousand', 'per', 'aana']",land sale r 25 lakh 50 thousand per aana,9,Land,"Kalanki  Machhipokhari, Kalanki",11474962.746530311
Land for Sale - Rs 30 Lakh Kathha,"['land', 'sale', 'r', '30', 'lakh', 'kathha']",land sale r 30 lakh kathha,6,Land,"Rapti-8 Chitwan  8 Rapti, Chitwan",3000000.0
Land for Sale - Rs 29 Lakh 50 Thousand Per Aana,"['land', 'sale', 'r', '29', 'lakh', '50', 'thousand', 'per', 'aana']",land sale r 29 lakh 50 thousand per aana,9,Land,"Jharuwarashi / Nagdaha 13 Godawari, Lalitpur",8850000.0
Land for Sale - Rs 85 Lakh Per Aana,"['land', 'sale', 'r', '85', 'lakh', 'per', 'aana']",land sale r 85 lakh per aana,7,Land,"Sinamangal,  9 Kathmandu Metropolis, Kathmandu",102000000.0
Land for Sale - Rs 68 Lakh Kathha,"['land', 'sale', 'r', '68', 'lakh', 'kathha']",land sale r 68 lakh kathha,6,Land,"Amarapuri   7 Kathmandu Metropolis, Chitwan",6800000.0
Land for Sale - Rs 10 Crore 50 Lakh,"['land', 'sale', 'r', '10', 'crore', '50', 'lakh']",land sale r 10 crore 50 lakh,7,Land,"hattigauda 6 Budhanilkantha, Kathmandu",105000000.0
Land for Sale - Rs 1 Crore 27 Lakh Per Aana,"['land', 'sale', 'r', 'crore', '27', 'lakh', 'per', 'aana']",land sale r crore 27 lakh per aana,8,Land,"Baluwatar(Near Nepal Rastra Bank) 04 Kathmandu Metropolis, Kaski",91440000.0
Land for Sale - Rs 2 Crore 10 Lakh flat,"['land', 'sale', 'r', 'crore', '10', 'lakh', 'flat']",land sale r crore 10 lakh flat,7,Land,"Thankot 3 Thankot, Kathmandu",21000000.0
Land for Rent - Rs 55 Thousand Per Aana,"['land', 'rent', 'r', '55', 'thousand', 'per', 'aana']",land rent r 55 thousand per aana,7,Land,"Lazimpat 26 kathmandu, Kathmandu",880000.0
Land for Sale - Rs 25 Lakh Kathha,"['land', 'sale', 'r', '25', 'lakh', 'kathha']",land sale r 25 lakh kathha,6,Land,"Siwalaya Chowk  9 Ratnanagar , Chitwan",2500000.0
House for Sale - Rs 1 Crore 20 Lakh,"['house', 'sale', 'r', 'crore', '20', 'lakh']",house sale r crore 20 lakh,6,House,"Behind army barrack  Lekhnath , Lekhnath",12000000.0
Land for Sale - Rs 3 Crore 20 Lakh,"['land', 'sale', 'r', 'crore', '20', 'lakh']",land sale r crore 20 lakh,6,Land,"bhangal 11 Budhanilkantha, Kathmandu",32000000.0
Land for Sale - Rs 47 Lakh Per Aana,"['land', 'sale', 'r', '47', 'lakh', 'per', 'aana']",land sale r 47 lakh per aana,7,Land,"chapali 2 Budhanilkantha, Kathmandu",74774287.80131483
Land for Sale - Rs 63 Lakh Per Aana,"['land', 'sale', 'r', '63', 'lakh', 'per', 'aana']",land sale r 63 lakh per aana,7,Land,"Futung 07 Tarkeshowr , Kathmandu",18900000.0
House for Sale - Rs 6 Crore 3 Lakh,"['house', 'sale', 'r', 'crore', 'lakh']",house sale r crore lakh,5,House,"Hepali Height 7 Budhanilkantha, Kathmandu",60300000.0
Land for Sale - Rs 2 Crore 50 Lakh Per Aana,"['land', 'sale', 'r', 'crore', '50', 'lakh', 'per', 'aana']",land sale r crore 50 lakh per aana,8,Land,"Lasuntar,Kapan 11 Budhanilkantha, Kathmandu",75000000.0
Land for Sale - Rs 75 Lakh Per Aana,"['land', 'sale', 'r', '75', 'lakh', 'per', 'aana']",land sale r 75 lakh per aana,7,Land,"Bhimsengola Sinamangal  Kathmandu Metropolis, Kathmandu",41250109.56902849
Land for Sale - Rs 10 Lakh Per Aana,"['land', 'sale', 'r', '10', 'lakh', 'per', 'aana']",land sale r 10 lakh per aana,7,Land,"Chobar  Kirtipur, Kathmandu",10000000.0
Land for Sale - Rs 17 Lakh Per Aana,"['land', 'sale', 'r', '17', 'lakh', 'per', 'aana']",land sale r 17 lakh per aana,7,Land,"Matatirtha  Chandragiri, Kathmandu",9350024.835646458
Land for Sale - Rs 60 Lakh Per Aana,"['land', 'sale', 'r', '60', 'lakh', 'per', 'aana']",land sale r 60 lakh per aana,7,Land,"Golfutar  Budhanilkantha, Kathmandu",24000000.0
Land for Sale - Rs 50 Lakh Per Aana,"['land', 'sale', 'r', '50', 'lakh', 'per', 'aana']",land sale r 50 lakh per aana,7,Land,"Chappal Karkhana  Kathmandu Metropolis, Kathmandu",27500073.046018995
Land for Sale - Rs 98 Lakh Per Aana,"['land', 'sale', 'r', '98', 'lakh', 'per', 'aana']",land sale r 98 lakh per aana,7,Land,"Lazimpat  Kathmandu Metropolis, Kathmandu",83299856.82980277
Land for Sale - Rs 45 Lakh Per Aana,"['land', 'sale', 'r', '45', 'lakh', 'per', 'aana']",land sale r 45 lakh per aana,7,Land,"Katunje 5 Suryabinayak, Bhaktapur",18000000.0
Land for Sale - Rs 3 Crore Dhur,"['land', 'sale', 'r', 'crore', 'dhur']",land sale r crore dhur,5,Land,"Chhapkaiya  2 Birgunj, Parsa",30000000.0
Land for Sale - Rs 2 Crore 90 Lakh,"['land', 'sale', 'r', 'crore', '90', 'lakh']",land sale r crore 90 lakh,6,Land,"Lamachaur 16 Pokhara Metropolis, Kaski",29000000.0
Land for Sale - Rs 2 Crore 80 Lakh Per Aana,"['land', 'sale', 'r', 'crore', '80', 'lakh', 'per', 'aana']",land sale r crore 80 lakh per aana,8,Land,"Puja pratisthan marg,Purano Baneshwor  10 Kathmandu Metropolis, Kathmandu",98000409.05770636
Apartment for Sale - Rs 2 Crore 40 Lakh flat,"['apartment', 'sale', 'r', 'crore', '40', 'lakh', 'flat']",apartment sale r crore 40 lakh flat,7,Apartment,"Maitidevi 30 Kathmandu, Kathmandu",24000000.0
Land for Sale - Rs 2 Lakh 50 Thousand dhur,"['land', 'sale', 'r', 'lakh', '50', 'thousand', 'dhur']",land sale r lakh 50 thousand dhur,7,Land,"Birtamod  Birtamod, Jhapa",250000.0
Land for Sale - Rs 15 Lakh Per Aana,"['land', 'sale', 'r', '15', 'lakh', 'per', 'aana']",land sale r 15 lakh per aana,7,Land,"Bageshwori 7 Changunarayan, Bhaktapur",8250021.913805698
Land for Sale - Rs 70 Lakh Per Aana,"['land', 'sale', 'r', '70', 'lakh', 'per', 'aana']",land sale r 70 lakh per aana,7,Land,"Panchamukhi Hanuman Mandir, Kharibot, Kumarigal-8, Boudhadwar Marg 8 Kathmandu Metropolis, Kathmandu",31499897.735573407
Apartment for Sale - Rs 5 Crore 25 Lakh flat,"['apartment', 'sale', 'r', 'crore', '25', 'lakh', 'flat']",apartment sale r crore 25 lakh flat,7,Apartment,"Thadodhunga 3 Lalitpur Metropolis, Lalitpur",52500000.0
Land for Sale - Rs 1 Lakh 30 Thousand Dhur,"['land', 'sale', 'r', 'lakh', '30', 'thousand', 'dhur']",land sale r lakh 30 thousand dhur,7,Land,"Lekhnath Chowk 07 Bhadrapur , Jhapa",130000.0
Land for Sale - Rs 75 Lakh Per Aana,"['land', 'sale', 'r', '75', 'lakh', 'per', 'aana']",land sale r 75 lakh per aana,7,Land,"Tripureshwor  11 Kathmandu Metropolis, Kathmandu",67500000.0
Land for Sale - Rs 60 Lakh Dhur,"['land', 'sale', 'r', '60', 'lakh', 'dhur']",land sale r 60 lakh dhur,6,Land,"Hetauda 4 Hetauda sub, makwanpur",6000000.0
Land for Sale - Rs 24 Crore Kathha,"['land', 'sale', 'r', '24', 'crore', 'kathha']",land sale r 24 crore kathha,6,Land,"hetauda 4 Hetauda sub , makwanpur",240000000.0
Land for Sale - Rs 10 Lakh 75 Thousand Per Aana,"['land', 'sale', 'r', '10', 'lakh', '75', 'thousand', 'per', 'aana']",land sale r 10 lakh 75 thousand per aana,9,Land,"Bhakundebeshi 7 namobuddha, kavre",4300000.0
Land for Sale - Rs 60 Lakh Dhur,"['land', 'sale', 'r', '60', 'lakh', 'dhur']",land sale r 60 lakh dhur,6,Land,"hetauda 4 hetauda sub, makwanpur",6000000.0
Land for Sale - Rs 24 Crore Kathha,"['land', 'sale', 'r', '24', 'crore', 'kathha']",land sale r 24 crore kathha,6,Land,"Hetauda 4 hetauda sub muncipality, makwanpur",240000000.0
Land for Sale - Rs 24 Lakh Per Aana,"['land', 'sale', 'r', '24', 'lakh', 'per', 'aana']",land sale r 24 lakh per aana,7,Land,"Thali  Kaageshwori-Manohara, Kathmandu",12000000.0
Land for Sale - Rs 2 Crore Per Aana,"['land', 'sale', 'r', 'crore', 'per', 'aana']",land sale r crore per aana,6,Land,"3 ana 3 paisa  Kageshwori, Manohara, Kathmandu",74999561.72388604
Land for Sale - Rs 6 Crore,"['land', 'sale', 'r', 'crore']",land sale r crore,4,Land,"Kuleshore Awas Area, Link Road...  Kathmandu Metropolis, Kathmandu",60000000.0
Land for Sale - Rs 36 Lakh Per Aana,"['land', 'sale', 'r', '36', 'lakh', 'per', 'aana']",land sale r 36 lakh per aana,7,Land,"gothatar 8 Kathmandu Metropolis, Kathmandu",19806574.141709276
Land for Sale - Rs 55 Lakh Per Aana,"['land', 'sale', 'r', '55', 'lakh', 'per', 'aana']",land sale r 55 lakh per aana,7,Land,"Mahantar Chowk ra Tejbinayak Chowk ko bichmaa 9 Kageswari Manohara Municipality, Kathmandu",33000000.0
Land for Sale - Rs 60 Lakh Kathha,"['land', 'sale', 'r', '60', 'lakh', 'kathha']",land sale r 60 lakh kathha,6,Land,"RAJAHAR  16 Devchuli , Nawalpur",6000000.0
Land for Sale - Rs 5 Crore 70 Lakh Per Aana,"['land', 'sale', 'r', 'crore', '70', 'lakh', 'per', 'aana']",land sale r crore 70 lakh per aana,8,Land,"Kupondole  1 Lalitpur Metropolis, Lalitpur",285000000.0
Land for Sale - Rs 2 Crore 50 Lakh Per Month,"['land', 'sale', 'r', 'crore', '50', 'lakh', 'per', 'month']",land sale r crore 50 lakh per month,8,Land,"Changathali 7 Mahalaxmi, Lalitpur",25000000.0
Land for Sale - Rs 3 Crore 50 Lakh flat,"['land', 'sale', 'r', 'crore', '50', 'lakh', 'flat']",land sale r crore 50 lakh flat,7,Land,"Sanepa  Lalitpur Metropolis, Lalitpur",35000000.0
Land for Sale - Rs 7 Crore 35 Lakh flat,"['land', 'sale', 'r', 'crore', '35', 'lakh', 'flat']",land sale r crore 35 lakh flat,7,Land,"Manamaiju  Tokha, Kathmandu",73500000.0
Land for Sale - Rs 40 Lakh Per Aana,"['land', 'sale', 'r', '40', 'lakh', 'per', 'aana']",land sale r 40 lakh per aana,7,Land,"ramkot, sitapaila   5 Nagarjun, Kathmandu",12000000.0
Land for Sale - Rs 85 Lakh Dhur,"['land', 'sale', 'r', '85', 'lakh', 'dhur']",land sale r 85 lakh dhur,6,Land,"Yogikuti, Dingarnagar 04 Tilottoma, Rupandehi",8500000.0
House for Sale - Rs 35 Lakh,"['house', 'sale', 'r', '35', 'lakh']",house sale r 35 lakh,5,House,"Paddampokhari 2 Hetauda, makawanpur",3500000.0
Land for Sale - Rs 40 Lakh,"['land', 'sale', 'r', '40', 'lakh']",land sale r 40 lakh,5,Land,"Sakhu gagal Fedi   Sakhu , Kathmandu",4000000.0
Land for Sale - Rs 38 Lakh Per Aana,"['land', 'sale', 'r', '38', 'lakh', 'per', 'aana']",land sale r 38 lakh per aana,7,Land,"Balambu  Chandragiri, Kathmandu",15200000.0
Land for Sale - Rs 18 Lakh 50 Thousand Per Aana,"['land', 'sale', 'r', '18', 'lakh', '50', 'thousand', 'per', 'aana']",land sale r 18 lakh 50 thousand per aana,9,Land,"Nayapati 8 Gokeneshwar , Kathmandu",7400000.0
Land for Sale - Rs 2 Crore 15 Lakh,"['land', 'sale', 'r', 'crore', '15', 'lakh']",land sale r crore 15 lakh,6,Land,"Purwanchal Campus Football Ground, Panmara Road, LANGHALI CHOK, Dharan, Dharan Sub-Metropolitan, Dharan, Sunsari, Koshi Province, 56100, Nepal 4 Dhara",21500000.0
Land for Sale - Rs 3 Crore,"['land', 'sale', 'r', 'crore']",land sale r crore,4,Land,"Tallo gagangauda  32 Pokhara Metropolis, Kaski",30000000.0
House for Sale - Rs 10 Lakh,"['house', 'sale', 'r', '10', 'lakh']",house sale r 10 lakh,5,House,"Jp road, thamel 26 Kathmandu Metropolis, Kathmandu",1000000.0
Land for Sale - Rs 2 Crore 25 Lakh,"['land', 'sale', 'r', 'crore', '25', 'lakh']",land sale r crore 25 lakh,6,Land,"400m from Bhadrakali Petrol Pump Imadol 4 Mahalaxmi, Lalitpur",22500000.0
Land for Sale - Rs 2 Crore 80 Lakh,"['land', 'sale', 'r', 'crore', '80', 'lakh']",land sale r crore 80 lakh,6,Land,"Hattiban / 2 minutes drive from Ringroad.  Lalitpur Metropolis, Lalitpur",28000000.0
Land for Sale - Rs 3 Crore 15 Lakh,"['land', 'sale', 'r', 'crore', '15', 'lakh']",land sale r crore 15 lakh,6,Land,"Beside Tikathali Water Tank 5 Mahalaxmi, Lalitpur",31500000.0
Land for Sale - Rs 3 Crore 40 Lakh,"['land', 'sale', 'r', 'crore', '40', 'lakh']",land sale r crore 40 lakh,6,Land,"1500mtr from Deubachowk  Budhanilkantha, Kathmandu",34000000.0
Land for Sale - Rs 15 Lakh Dhur,"['land', 'sale', 'r', '15', 'lakh', 'dhur']",land sale r 15 lakh dhur,6,Land,"Schooldada Chowk  Urlabari, Morang",1500000.0
Land for Sale - Rs 30 Lakh,"['land', 'sale', 'r', '30', 'lakh']",land sale r 30 lakh,5,Land,"Bhutkhel 6 Kirtipur, Kathmandu",3000000.0
Land for Sale - Rs 5 Lakh Dhur,"['land', 'sale', 'r', 'lakh', 'dhur']",land sale r lakh dhur,5,Land,"Near Model College 5 Damak, Jhapa",500000.0
Land for Sale - Rs 1 Lakh 25 Thousand Dhur,"['land', 'sale', 'r', 'lakh', '25', 'thousand', 'dhur']",land sale r lakh 25 thousand dhur,7,Land,"Rajapur Bhansar Najikai 04 Rajapur, Bardiya",125000.0
Land for Sale - Rs 35 Lakh Per Aana,"['land', 'sale', 'r', '35', 'lakh', 'per', 'aana']",land sale r 35 lakh per aana,7,Land,"Phutung 7 Tarkeswor , Kathmandu",28000000.0
Land for Sale - Rs 45 Lakh Per Aana,"['land', 'sale', 'r', '45', 'lakh', 'per', 'aana']",land sale r 45 lakh per aana,7,Land,"Near Satungal, Chandragiri 44600 14 Chandragiri, Kathmandu",63003287.070854634
Land for Sale - Rs 2 Crore 25 Lakh,"['land', 'sale', 'r', 'crore', '25', 'lakh']",land sale r crore 25 lakh,6,Land,"Belbari 02 belbari, morang",22500000.0
Land for Sale - Rs 18 Lakh Per Aana,"['land', 'sale', 'r', '18', 'lakh', 'per', 'aana']",land sale r 18 lakh per aana,7,Land,"Sanagaun, Bishnudol 8 Mahalaxmi, Lalitpur",81000000.0
Land for Sale - Rs 5 Crore 25 Lakh,"['land', 'sale', 'r', 'crore', '25', 'lakh']",land sale r crore 25 lakh,6,Land,"Newroad, Bharatpur-3 3 Bharatpur, Chitwan",52500000.0
Land for Sale - Rs 90 Lakh Per Aana,"['land', 'sale', 'r', '90', 'lakh', 'per', 'aana']",land sale r 90 lakh per aana,7,Land,"sanjivani bazar  dhulikhel, kavre",27000000.0
Land for Sale - Rs 30 Lakh Per Aana,"['land', 'sale', 'r', '30', 'lakh', 'per', 'aana']",land sale r 30 lakh per aana,7,Land,"Thimi 7 Madhyapur Thimi, Bhaktapur",10518626.73484295
Land for Sale - Rs 65 Lakh Per Aana,"['land', 'sale', 'r', '65', 'lakh', 'per', 'aana']",land sale r 65 lakh per aana,7,Land,"Kapan  Budhanilkantha, Kathmandu",48750094.95982469
Land for Sale - Rs 25 Lakh Per Aana,"['land', 'sale', 'r', '25', 'lakh', 'per', 'aana']",land sale r 25 lakh per aana,7,Land,"Mahaldhara   Tansen , Palpa",30000000.0
Land for Sale - Rs 60 Lakh Per Aana,"['land', 'sale', 'r', '60', 'lakh', 'per', 'aana']",land sale r 60 lakh per aana,7,Land,"Kalanki   Chandragiri, Kathmandu",54000000.0
Land for Sale - Rs 65 Lakh Per Aana,"['land', 'sale', 'r', '65', 'lakh', 'per', 'aana']",land sale r 65 lakh per aana,7,Land,"Kapan faika 12 Budhanilkantha, Kathmandu",91000000.0
Land for Sale - Rs 8 Crore Per Aana,"['land', 'sale', 'r', 'crore', 'per', 'aana']",land sale r crore per aana,6,Land,"Dhobighat outside ringroad 4 Lalitpur Metropolis, Lalitpur",1360000000.0
Land for Sale - Rs 6 Crore Per Aana,"['land', 'sale', 'r', 'crore', 'per', 'aana']",land sale r crore per aana,6,Land,"Kuleshwor 14 Kathmandu Metropolis, Kathmandu",600000000.0
Land for Sale - Rs 28 Lakh Per Aana,"['land', 'sale', 'r', '28', 'lakh', 'per', 'aana']",land sale r 28 lakh per aana,7,Land,"Kavresthali 3 Tarkeshwor , Kathmandu",12271731.19065011
Land for Sale - Rs 60 Lakh Per Aana,"['land', 'sale', 'r', '60', 'lakh', 'per', 'aana']",land sale r 60 lakh per aana,7,Land,"green hill city mulpani 6 mulpani, Kathmandu",36000000.0
Land for Sale - Rs 6 Crore,"['land', 'sale', 'r', 'crore']",land sale r crore,4,Land,"Sitapaila 4 Nagarjun, Kathmandu",60000000.0
Land for Sale - Rs 1 Crore 80 Lakh Per Aana,"['land', 'sale', 'r', 'crore', '80', 'lakh', 'per', 'aana']",land sale r crore 80 lakh per aana,8,Land,"dhapakhel height   Lalitpur Metropolis, Lalitpur",80999737.03433162
House for Sale - Rs 2 Crore 80 Lakh,"['house', 'sale', 'r', 'crore', '80', 'lakh']",house sale r crore 80 lakh,6,House,"Chauthe  14 Pokhara Metropolis, Kaski",28000000.0
Land for Sale - Rs 23 Lakh Per Aana,"['land', 'sale', 'r', '23', 'lakh', 'per', 'aana']",land sale r 23 lakh per aana,7,Land,"568 m South-east from Bhatkyapati Chowk 5 Kirtipur, Kathmandu",10349966.398831263
Land for Sale - Rs 4 Lakh Per Aana,"['land', 'sale', 'r', 'lakh', 'per', 'aana']",land sale r lakh per aana,6,Land,"Padula, pachkhal 8 Pachkhal, Kavrepalanchowk",6000000.0
House for Sale - Rs 3 Crore,"['house', 'sale', 'r', 'crore']",house sale r crore,4,House,"Dhapasi  Tokha, kathmandu",30000000.0
Land for Sale - Rs 35 Lakh Per Aana,"['land', 'sale', 'r', '35', 'lakh', 'per', 'aana']",land sale r 35 lakh per aana,7,Land,"????? ???  Suryabinayak, Bhaktapur",9715120.525931336
Land for Sale - Rs 26 Lakh Per Aana,"['land', 'sale', 'r', '26', 'lakh', 'per', 'aana']",land sale r 26 lakh per aana,7,Land,"Nearby Milan chok 1 Chandragiri, Kathmandu",7800000.0
Land for Sale - Rs 53 Lakh Per Aana,"['land', 'sale', 'r', '53', 'lakh', 'per', 'aana']",land sale r 53 lakh per aana,7,Land,"Nearby Downtown Residency  Mahalaxmi, Lalitpur",58340727.53834917
Land for Sale - Rs 7 Lakh Dhur,"['land', 'sale', 'r', 'lakh', 'dhur']",land sale r lakh dhur,5,Land,"Tintoliya 13 Biratnagar, Biratnagar",700000.0
Land for Sale - Rs 3 Crore 60 Lakh Per Aana,"['land', 'sale', 'r', 'crore', '60', 'lakh', 'per', 'aana']",land sale r crore 60 lakh per aana,8,Land,"Tarkeshwar  5 Nagarjun, Kathmandu",216000000.0
House for Rent - Rs 1 Lakh 25 Thousand Per Month,"['house', 'rent', 'r', 'lakh', '25', 'thousand', 'per', 'month']",house rent r lakh 25 thousand per month,8,House,"Bhainsepati Kathmandu   Lalitpur Metropolis, Lalitpur",125000.0
Land for Sale - Rs 40 Lakh Dhur,"['land', 'sale', 'r', '40', 'lakh', 'dhur']",land sale r 40 lakh dhur,6,Land,"AITABARE 4 Itahari, Koshi",4000000.0
Land for Sale - Rs 1 Crore 85 Lakh Per Aana,"['land', 'sale', 'r', 'crore', '85', 'lakh', 'per', 'aana']",land sale r crore 85 lakh per aana,8,Land,"Sangla  01 Tarkeshwor , Kathmandu",37837837.837837845
Land for Sale - Rs 38 Lakh 50 Thousand Per Aana,"['land', 'sale', 'r', '38', 'lakh', '50', 'thousand', 'per', 'aana']",land sale r 38 lakh 50 thousand per aana,9,Land,"Naya Naikap 02 Chandragiri, Kathmandu",38018651.57048941
Land for Sale - Rs 38 Lakh Per Aana,"['land', 'sale', 'r', '38', 'lakh', 'per', 'aana']",land sale r 38 lakh per aana,7,Land,"Dhungeadda  Chandragiri, Kathmandu",15674986.12125639
Land for Sale - Rs 44 Lakh Per Aana,"['land', 'sale', 'r', '44', 'lakh', 'per', 'aana']",land sale r 44 lakh per aana,7,Land,"Bhaisepati  Lalitpur Metropolis, Lalitpur",19799935.719503287
Land for Sale - Rs 3 Lakh 50 Thousand Per Aana,"['land', 'sale', 'r', 'lakh', '50', 'thousand', 'per', 'aana']",land sale r lakh 50 thousand per aana,8,Land,"Pipaltar 7 Siddhalek, Dhading",11136596.055514976
Land for Rent - Rs 13 Thousand Per Aana,"['land', 'rent', 'r', '13', 'thousand', 'per', 'aana']",land rent r 13 thousand per aana,7,Land,"Jorpati narayantar shivachowk  8 Kageswori manohara, Kathmandu",78000.0
House for Sale - Rs 3 Crore 80 Lakh,"['house', 'sale', 'r', 'crore', '80', 'lakh']",house sale r crore 80 lakh,6,House,"tarksewor  04 Kathmandu Metropolis, Kathmandu",38000000.0
Land for Sale - Rs 2 Crore Per Aana,"['land', 'sale', 'r', 'crore', 'per', 'aana']",land sale r crore per aana,6,Land,"Hattiban 23 Lalitpur Metropolis, Lalitpur",60000000.0
Land for Sale - Rs 5 Crore 95 Lakh Per Aana,"['land', 'sale', 'r', 'crore', '95', 'lakh', 'per', 'aana']",land sale r crore 95 lakh per aana,8,Land,"Dadhikot 4 Madhyapur Thimi, Bhaktapur",595000000.0
Land for Sale - Rs 18 Lakh Per Aana,"['land', 'sale', 'r', '18', 'lakh', 'per', 'aana']",land sale r 18 lakh per aana,7,Land,"Damauli  1 Byas, Tanahun",6840000.0
Land for Sale - Rs 6 Lakh 50 Thousand Per Aana,"['land', 'sale', 'r', 'lakh', '50', 'thousand', 'per', 'aana']",land sale r lakh 50 thousand per aana,8,Land,"Balaju 9 Kathmandu Metropolis, Kathmandu",9100000.0
Land for Sale - Rs 3 Crore 50 Lakh Per Aana,"['land', 'sale', 'r', 'crore', '50', 'lakh', 'per', 'aana']",land sale r crore 50 lakh per aana,8,Land,"Rudreshor chowk 3 Budhanilkantha, Kathmandu",210000000.0
Land for Sale - Rs 57 Lakh Dhur,"['land', 'sale', 'r', '57', 'lakh', 'dhur']",land sale r 57 lakh dhur,6,Land,"Chitawon  3 BMC, Chitwan",5700000.0
Land for Sale - Rs 3 Crore 90 Lakh,"['land', 'sale', 'r', 'crore', '90', 'lakh']",land sale r crore 90 lakh,6,Land,"Godawari  Lalitpur Metropolis, Lalitpur",39000000.0
Land for Sale - Rs 90 Lakh Per Aana,"['land', 'sale', 'r', '90', 'lakh', 'per', 'aana']",land sale r 90 lakh per aana,7,Land,"Pokhara mahanagar 14 Kaski, Kaski",36000000.0
Land for Sale - Rs 27 Lakh 50 Thousand Per Aana,"['land', 'sale', 'r', '27', 'lakh', '50', 'thousand', 'per', 'aana']",land sale r 27 lakh 50 thousand per aana,9,Land,"Baad bhanjyang 1 Chandragiri, Kathmandu",10312520.087655224
Land for Sale - Rs 13 Lakh Dhur,"['land', 'sale', 'r', '13', 'lakh', 'dhur']",land sale r 13 lakh dhur,6,Land,"Bhairab road  Hetauda , Makawanpur",1300000.0
House for Sale - Rs 4 Crore 35 Lakh,"['house', 'sale', 'r', 'crore', '35', 'lakh']",house sale r crore 35 lakh,6,House,"kotesore 32 Kathmandu Metropolis, Kathmandu",43500000.0
Land for Sale - Rs 2 Crore 45 Lakh,"['land', 'sale', 'r', 'crore', '45', 'lakh']",land sale r crore 45 lakh,6,Land,"Narayantar, Shiva Chowk, Aryal Goan  Gokarneshowr, Kathmandu",24500000.0
Land for Sale - Rs 40 Lakh Per Aana,"['land', 'sale', 'r', '40', 'lakh', 'per', 'aana']",land sale r 40 lakh per aana,7,Land,"Dhunge adda 15 Chandragiri, Kathmandu",36000000.0
House for Sale - Rs 2 Crore 65 Lakh,"['house', 'sale', 'r', 'crore', '65', 'lakh']",house sale r crore 65 lakh,6,House,"Near Hattiban 4 Mahalaxmi, Lalitpur",26500000.0
House for Sale - Rs 3 Crore 68 Lakh,"['house', 'sale', 'r', 'crore', '68', 'lakh']",house sale r crore 68 lakh,6,House,"In front of Padma colony 6 Nagarjun, Kathmandu",36800000.0
Land for Sale - Rs 28 Lakh Per Aana,"['land', 'sale', 'r', '28', 'lakh', 'per', 'aana']",land sale r 28 lakh per aana,7,Land,"Kageswori Monohara Nagarpalika 8 Kathmandu Metropolis, Kathmandu",5726807.888970052
Land for Sale - Rs 25 Lakh Per Aana,"['land', 'sale', 'r', '25', 'lakh', 'per', 'aana']",land sale r 25 lakh per aana,7,Land,"Danchi, Manohara  Kathmandu Metropolis, Kathmandu",10749963.476990504
Land for Sale - Rs 1 Crore 8 Lakh Per Aana,"['land', 'sale', 'r', 'crore', 'lakh', 'per', 'aana']",land sale r crore lakh per aana,7,Land,"Nayagaun , Pokhara  15 Pokhara Metropolis, Kaski",69550737.76479183
Land for Sale - Rs 4 Lakh 80 Thousand Dhur,"['land', 'sale', 'r', 'lakh', '80', 'thousand', 'dhur']",land sale r lakh 80 thousand dhur,7,Land,"Hetauda  7 Hetauda sub metropolitian , Makawanpur",480000.0
Land for Sale - Rs 2 Lakh Dhur,"['land', 'sale', 'r', 'lakh', 'dhur']",land sale r lakh dhur,5,Land,"Shanischare  Arjundhara, Jhapa",200000.0
Land for Sale - Rs 55 Lakh Kathha,"['land', 'sale', 'r', '55', 'lakh', 'kathha']",land sale r 55 lakh kathha,6,Land,"BP chowk 12 Nepalgunj, Banke",5500000.0
House for Sale - Rs 1 Crore 35 Lakh,"['house', 'sale', 'r', 'crore', '35', 'lakh']",house sale r crore 35 lakh,6,House,"balaju lolang hight tarkari Bazar 5 balaju, Kathmandu",13500000.0
Land for Sale - Rs 30 Lakh Per Aana,"['land', 'sale', 'r', '30', 'lakh', 'per', 'aana']",land sale r 30 lakh per aana,7,Land,"Bagmara Road 17 Pokhara Metropolis, Kaski",15000000.0
Land for Sale - Rs 7 Lakh 50 Thousand Per Aana,"['land', 'sale', 'r', 'lakh', '50', 'thousand', 'per', 'aana']",land sale r lakh 50 thousand per aana,8,Land,"Way to Kalu Pade Daada 2 Chandragiri, Kathmandu",24000000.0
Land for Sale - Rs 30 Lakh Dhur,"['land', 'sale', 'r', '30', 'lakh', 'dhur']",land sale r 30 lakh dhur,6,Land,"Dharan Bhanu Chowk  Dharan, Sunsari",3000000.0
Land for Sale - Rs 1 Crore 10 Lakh Per Aana,"['land', 'sale', 'r', 'crore', '10', 'lakh', 'per', 'aana']",land sale r crore 10 lakh per aana,8,Land,"Bhotyabahal,wholesale market  21 Kathmandu Metropolis, Kathmandu",144099839.29875824
Land for Sale - Rs 1 Crore 25 Lakh Per Aana,"['land', 'sale', 'r', 'crore', '25', 'lakh', 'per', 'aana']",land sale r crore 25 lakh per aana,8,Land,"Thamel, Bhagwanbahal marg  26 Kathmandu Metropolis, Kathmandu",64843681.5193572
Land for Sale - Rs 2 Crore 75 Lakh,"['land', 'sale', 'r', 'crore', '75', 'lakh']",land sale r crore 75 lakh,6,Land,"Baluwakhani   Budhanilkantha, Kathmandu",27500000.0
House for Sale - Rs 5 Crore 25 Lakh,"['house', 'sale', 'r', 'crore', '25', 'lakh']",house sale r crore 25 lakh,6,House,"Budhanilkantha 2 Budhanilkantha, Kathmandu",52500000.0
Land for Sale - Rs 65 Lakh Kathha,"['land', 'sale', 'r', '65', 'lakh', 'kathha']",land sale r 65 lakh kathha,6,Land,"Tankisinwari 02 Budhiganga, Morang",6500000.0
Land for Sale - Rs 1 Crore 15 Lakh,"['land', 'sale', 'r', 'crore', '15', 'lakh']",land sale r crore 15 lakh,6,Land,"Inedrayani 9 Shankharapur , Kathmandu",11500000.0
Land for Sale - Rs 39 Lakh Per Aana,"['land', 'sale', 'r', '39', 'lakh', 'per', 'aana']",land sale r 39 lakh per aana,7,Land,"sitapaila Temple 5 Nagarjun, Kathmandu",46800000.0
Land for Sale - Rs 23 Lakh Per Aana,"['land', 'sale', 'r', '23', 'lakh', 'per', 'aana']",land sale r 23 lakh per aana,7,Land,"Mata Tirtha   Kirtipur, Kathmandu",36800000.0
Land for Sale - Rs 60 Lakh Per Aana,"['land', 'sale', 'r', '60', 'lakh', 'per', 'aana']",land sale r 60 lakh per aana,7,Land,"Mallisa Marg 14 Chandragiri, Kathmandu",56403506.20891161
Land for Sale - Rs 1 Crore 70 Lakh Per Aana,"['land', 'sale', 'r', 'crore', '70', 'lakh', 'per', 'aana']",land sale r crore 70 lakh per aana,8,Land,"Thankot  1 Chandragiri, Kathmandu",59500248.35646458
Land for Sale - Rs 36 Lakh Per Aana,"['land', 'sale', 'r', '36', 'lakh', 'per', 'aana']",land sale r 36 lakh per aana,7,Land,"Dadhikot 4 Suryabinayak, Bhaktapur",18359947.406866327
Land for Sale - Rs 56 Lakh Per Aana,"['land', 'sale', 'r', '56', 'lakh', 'per', 'aana']",land sale r 56 lakh per aana,7,Land,"Nakipot 14 Lalitpur Metropolis, Lalitpur",78400000.0
Land for Sale - Rs 95 Lakh Kathha,"['land', 'sale', 'r', '95', 'lakh', 'kathha']",land sale r 95 lakh kathha,6,Land,"Nawadurga chowk   BMC, Chitwan",9500000.0
Land for Sale - Rs 37 Lakh Per Aana,"['land', 'sale', 'r', '37', 'lakh', 'per', 'aana']",land sale r 37 lakh per aana,7,Land,"Nakkhudol 25 Lalitpur Metropolis, Lalitpur",18962486.486486487
Land for Sale - Rs 75 Lakh Per Aana,"['land', 'sale', 'r', '75', 'lakh', 'per', 'aana']",land sale r 75 lakh per aana,7,Land,"jharuwarasi 7 Godawari, Lalitpur",30749890.43097151
Land for Sale - Rs 40 Lakh Kathha,"['land', 'sale', 'r', '40', 'lakh', 'kathha']",land sale r 40 lakh kathha,6,Land,"(27.5140084, 83.7868402)  Bardaghat, Bardakhat",4000000.0
Land for Sale - Rs 60 Lakh Kathha,"['land', 'sale', 'r', '60', 'lakh', 'kathha']",land sale r 60 lakh kathha,6,Land,"(27.6920358, 83.3657964)  Porahha, Porraha",6000000.0
Land for Sale - Rs 1 Crore 40 Lakh Dhur,"['land', 'sale', 'r', 'crore', '40', 'lakh', 'dhur']",land sale r crore 40 lakh dhur,7,Land,"Basudev Marg 2 Hetauda Sub metropolitan city, Makawanpur",14000000.0
Apartment for Sale - Rs 4 Crore 60 Lakh flat,"['apartment', 'sale', 'r', 'crore', '60', 'lakh', 'flat']",apartment sale r crore 60 lakh flat,7,Apartment,"laliguras shanti tole  (street no 7) 12 Pokhara Metropolis, Kaski",46000000.0
House for Sale - Rs 6 Lakh 50 Thousand,"['house', 'sale', 'r', 'lakh', '50', 'thousand']",house sale r lakh 50 thousand,6,House,"nepaltar 10 Kathmandu Metropolis, Kathmandu",650000.0
Apartment for Sale - Rs 1 Crore 75 Lakh flat,"['apartment', 'sale', 'r', 'crore', '75', 'lakh', 'flat']",apartment sale r crore 75 lakh flat,7,Apartment,"Tarkeswor, Paiyatar 04 Nagarjun, Kathmandu",17500000.0
Land for Sale - Rs 68 Lakh Per Aana,"['land', 'sale', 'r', '68', 'lakh', 'per', 'aana']",land sale r 68 lakh per aana,7,Land,"Mahankal near Police bit 6 Kathmandu Metropolis, Kathmandu",20400000.0
Land for Sale - Rs 2 Lakh 23 Thousand 76 Dhur,"['land', 'sale', 'r', 'lakh', '23', 'thousand', '76', 'dhur']",land sale r lakh 23 thousand 76 dhur,8,Land,"Bharatpur 14 bharatpur, Chitwan",223000.0
Land for Sale - Rs 35 Lakh Per Aana,"['land', 'sale', 'r', '35', 'lakh', 'per', 'aana']",land sale r 35 lakh per aana,7,Land,"Thali  kagashowri, Kathmandu",8749948.867786705
Land for Sale - Rs 7 Lakh Kathha,"['land', 'sale', 'r', 'lakh', 'kathha']",land sale r lakh kathha,5,Land,"Orali bajar 2 Badhuban, Bardiya",700000.0
House for Sale - Rs 7 Crore,"['house', 'sale', 'r', 'crore']",house sale r crore,4,House,"Budhanagar   Kathmandu , Kathmandu",70000000.0
Land for Sale - Rs 35 Lakh Kathha,"['land', 'sale', 'r', '35', 'lakh', 'kathha']",land sale r 35 lakh kathha,6,Land,"khairakhani, chitwan  1 khairahani, Chitwan",3500000.0
Land For Sale In Kalikanagar | Butwal | Rupendehi,"['land', 'sale', 'kalikanagar', 'butwal', 'rupendehi']",land sale kalikanagar butwal rupendehi,5,Land,Rupendehi,20475000.0
Land For Sale In Rupandehi At Madhawaliya | Tilottama | Nepal,"['land', 'sale', 'rupandehi', 'madhawaliya', 'tilottama', 'nepal']",land sale rupandehi madhawaliya tilottama nepal,6,Land,Nepal,75000000.0
"42 Dhur Land For Sale in Semalar, Butwal","['42', 'dhur', 'land', 'sale', 'semalar', 'butwal']",42 dhur land sale semalar butwal,6,Land,Butwal,7500000.0
"10 Dhur Commercial Land For Sale in Bhalwari, Tilottama","['10', 'dhur', 'commercial', 'land', 'sale', 'bhalwari', 'tilottama']",10 dhur commercial land sale bhalwari tilottama,7,Land,Butwal,27000000.0
"10 Dhur Land For Sale in Divertol, Tilottama","['10', 'dhur', 'land', 'sale', 'divertol', 'tilottama']",10 dhur land sale divertol tilottama,6,Land,Butwal,5500000.0
"7.5 Dhur Land For Sale in Shankar Nagar, Tilottama","['75', 'dhur', 'land', 'sale', 'shankar', 'nagar', 'tilottama']",75 dhur land sale shankar nagar tilottama,7,Land,Butwal,4999998.0
7 Kattha 1 Dhur Land For Sale In Devdaha Bhawanipur | Rupendehi,"['kattha', 'dhur', 'land', 'sale', 'devdaha', 'bhawanipur', 'rupendehi']",kattha dhur land sale devdaha bhawanipur rupendehi,7,Land,Rupendehi,16500000.0
"7.75 Dhur Land On Sale Near Hill Park in Deepnagar, Butwal","['775', 'dhur', 'land', 'sale', 'near', 'hill', 'park', 'deepnagar', 'butwal']",775 dhur land sale near hill park deepnagar butwal,9,Land,Butwal,9700000.0
"10 Dhur Land on Urgent Sale in Manigram, Tilottama","['10', 'dhur', 'land', 'urgent', 'sale', 'manigram', 'tilottama']",10 dhur land urgent sale manigram tilottama,7,Land,Butwal,4900000.0
11 Dhur Land For Sale in Ramapur | Sainamaina,"['11', 'dhur', 'land', 'sale', 'ramapur', 'sainamaina']",11 dhur land sale ramapur sainamaina,6,Land,Sainamaina,1650000.0
"1 Kattha Land For Sale in Manigram-4 N0, Tilottama","['kattha', 'land', 'sale', 'manigram4', 'n0', 'tilottama']",kattha land sale manigram4 n0 tilottama,6,Land,Butwal,8000000.0
8.5 Dhur Land For Sale Nayamil-10 No. Tilottama,"['85', 'dhur', 'land', 'sale', 'nayamil10', 'tilottama']",85 dhur land sale nayamil10 tilottama,6,Land,Butwal,3700000.0
"11.25 Dhur Land For Sale In Bhaluhi, Mardani, Tilottama-10","['1125', 'dhur', 'land', 'sale', 'bhaluhi', 'mardani', 'tilottama10']",1125 dhur land sale bhaluhi mardani tilottama10,7,Land,Butwal,3000000.0
"12 | 24 Dhur Land For Sale In Manigram, Campus Road","['12', '24', 'dhur', 'land', 'sale', 'manigram', 'campus', 'road']",12 24 dhur land sale manigram campus road,8,Land,"24 Dhur Land For Sale In Manigram, Campus Road",19000000.0
"7.5 Dhur Land For Sale At Near Lumbini Water Park, Manigram","['75', 'dhur', 'land', 'sale', 'near', 'lumbini', 'water', 'park', 'manigram']",75 dhur land sale near lumbini water park manigram,9,Land,Lumbini,4000000.0
"10 Dhur Land For Sale In Devinagar, Butwal","['10', 'dhur', 'land', 'sale', 'devinagar', 'butwal']",10 dhur land sale devinagar butwal,6,Land,Butwal,9900000.0
"1.5 Storey House For Sale in Deepnagar, Butwal","['15', 'storey', 'house', 'sale', 'deepnagar', 'butwal']",15 storey house sale deepnagar butwal,6,House,Butwal,14500000.0
"2 Storey House For Sale In Kataiya, Bhairahawa Rupendehi Nepal","['storey', 'house', 'sale', 'kataiya', 'bhairahawa', 'rupendehi', 'nepal']",storey house sale kataiya bhairahawa rupendehi nepal,7,House,Bhairahawa,10500000.0
"1 Storey House For Sale in Padsari, Bhairahawaha","['storey', 'house', 'sale', 'padsari', 'bhairahawaha']",storey house sale padsari bhairahawaha,5,House,Bhairahawa,8800000.0
Bhairahawa 2.5 Storey House On Sale Real Estate Butwal,"['bhairahawa', '25', 'storey', 'house', 'sale', 'real', 'estate', 'butwal']",bhairahawa 25 storey house sale real estate butwal,8,House,Butwal,25000000.0
"Dudhrash, Sainamaina, One Storey House For Sale | Rupendehi","['dudhrash', 'sainamaina', 'one', 'storey', 'house', 'sale', 'rupendehi']",dudhrash sainamaina one storey house sale rupendehi,7,House,Rupendehi,7500000.0
"3.5 Storey House For Sale In Bhalwari, Tilottama-7","['35', 'storey', 'house', 'sale', 'bhalwari', 'tilottama7']",35 storey house sale bhalwari tilottama7,6,House,Butwal,19000000.0
"1 Storey House For Sale In Sankarnagar, Tilottama","['storey', 'house', 'sale', 'sankarnagar', 'tilottama']",storey house sale sankarnagar tilottama,5,House,Butwal,9900000.0
"3 Taley House For Sale In Belbas Jitgadhi, Butwal","['taley', 'house', 'sale', 'belbas', 'jitgadhi', 'butwal']",taley house sale belbas jitgadhi butwal,6,House,Butwal,20000000.0
"2 Storey House For Sale in Bhalwari, Tilottama","['storey', 'house', 'sale', 'bhalwari', 'tilottama']",storey house sale bhalwari tilottama,5,House,Butwal,13000000.0
"1 Storey House For Sale Devinagar, Butwal","['storey', 'house', 'sale', 'devinagar', 'butwal']",storey house sale devinagar butwal,5,House,Butwal,7000000.0
"House on Sale at Tinkune , Subidhnagar","['house', 'sale', 'tinkune', 'subidhnagar']",house sale tinkune subidhnagar,4,House,Subidhnagar,48500000.0
"3 Storey Commercial Building For Sale Tamnagar, Butwal","['storey', 'commercial', 'building', 'sale', 'tamnagar', 'butwal']",storey commercial building sale tamnagar butwal,6,House,Butwal,15000000.0
"2.5 Storey House For Sale Devi Nagar, Butwal","['25', 'storey', 'house', 'sale', 'devi', 'nagar', 'butwal']",25 storey house sale devi nagar butwal,7,House,Butwal,7500000.0
"3.5 Storey House For Sale Shankar Nagar, Tilottama","['35', 'storey', 'house', 'sale', 'shankar', 'nagar', 'tilottama']",35 storey house sale shankar nagar tilottama,7,House,Butwal,25000000.0
"3.5 Storey House For Sale Jitgadi, Butwal","['35', 'storey', 'house', 'sale', 'jitgadi', 'butwal']",35 storey house sale jitgadi butwal,6,House,Butwal,22500000.0
"2.5 Storey House For Sale Sukkha Nagar, Butwal","['25', 'storey', 'house', 'sale', 'sukkha', 'nagar', 'butwal']",25 storey house sale sukkha nagar butwal,7,House,Butwal,22500000.0
"2.5 Storey House For Sale Itahari, Sunsari","['25', 'storey', 'house', 'sale', 'itahari', 'sunsari']",25 storey house sale itahari sunsari,6,House,Dharan,9000000.0
"House For sale at Near Koshi Project, Biratnagar","['house', 'sale', 'near', 'koshi', 'project', 'biratnagar']",house sale near koshi project biratnagar,6,House,Biratnagar,10900000.0
"House for sale in Sipadole, Bhaktapur","['house', 'sale', 'sipadole', 'bhaktapur']",house sale sipadole bhaktapur,4,House,Bhaktapur,8000000.0
"5 Storey Commercial House For Sale Surunga, Jhapa","['storey', 'commercial', 'house', 'sale', 'surunga', 'jhapa']",storey commercial house sale surunga jhapa,6,House,Jhapa,24500000.0
"House For Sale Dhapasi, Kathmandu","['house', 'sale', 'dhapasi', 'kathmandu']",house sale dhapasi kathmandu,4,House,Kathmandu,26000000.0
"2 Storey House For Sale at Dharan, Sunsari","['storey', 'house', 'sale', 'dharan', 'sunsari']",storey house sale dharan sunsari,5,House,Dharan,8500000.0
"4.5 Storey House on Sale dallu, tallo Bijeshwori Kathmandu","['45', 'storey', 'house', 'sale', 'dallu', 'tallo', 'bijeshwori', 'kathmandu']",45 storey house sale dallu tallo bijeshwori kathmandu,8,House,Kathmandu,18500000.0
"15 Dhur Land with House for Sale Manigram, Rupandehi","['15', 'dhur', 'land', 'house', 'sale', 'manigram', 'rupandehi']",15 dhur land house sale manigram rupandehi,7,House,Butwal,7000000.0
"2.5 Storey Home For Sale Tikathali, Lalitpur","['25', 'storey', 'home', 'sale', 'tikathali', 'lalitpur']",25 storey home sale tikathali lalitpur,6,House,Lalitpur,6300000.0
"Beautiful House For Sale Imadol, Lalitpur","['beautiful', 'house', 'sale', 'imadol', 'lalitpur']",beautiful house sale imadol lalitpur,5,House,Lalitpur,6000000.0
"2.5 Storey House For Sale in Lakeside, Pokhara","['25', 'storey', 'house', 'sale', 'lakeside', 'pokhara']",25 storey house sale lakeside pokhara,6,House,Pokhara,20000000.0
"3 Storey Home For Sale in Kapan, Kathmandu","['storey', 'home', 'sale', 'kapan', 'kathmandu']",storey home sale kapan kathmandu,5,House,Kathmandu,12000000.0
"Home for Sale at Sukedhara, Kathmandu","['home', 'sale', 'sukedhara', 'kathmandu']",home sale sukedhara kathmandu,4,House,Kathmandu,8500000.0
"House for sale in Durga Colony, Bhairahawa","['house', 'sale', 'durga', 'colony', 'bhairahawa']",house sale durga colony bhairahawa,5,House,Bhairahawa,4650000.0
"1 Kattha Land & House for Sale hetauda 8 kamane, Makwanpur","['kattha', 'land', 'house', 'sale', 'hetauda', 'kamane', 'makwanpur']",kattha land house sale hetauda kamane makwanpur,7,House,Hetauda,4800000.0
"3 Storey House For sale at Pasikot, Budhanilkantha, Kathmandu","['storey', 'house', 'sale', 'pasikot', 'budhanilkantha', 'kathmandu']",storey house sale pasikot budhanilkantha kathmandu,6,House,Kathmandu,11500000.0
"2 Storey House For Sale at Naya Thimi Bhaktapur, Dadhikot","['storey', 'house', 'sale', 'naya', 'thimi', 'bhaktapur', 'dadhikot']",storey house sale naya thimi bhaktapur dadhikot,7,House,Bhaktapur,5600000.0
"7.5 Aana Land with old building For Sale at kalanki, Kathmandu","['75', 'aana', 'land', 'old', 'building', 'sale', 'kalanki', 'kathmandu']",75 aana land old building sale kalanki kathmandu,8,House,Kathmandu,68200000.0
"3 Storey House on Sale at Gurjudhara, Kathmandu","['storey', 'house', 'sale', 'gurjudhara', 'kathmandu']",storey house sale gurjudhara kathmandu,5,House,Kathmandu,11000000.0
"House on rent at Bishalnagar, Kathmandu","['house', 'rent', 'bishalnagar', 'kathmandu']",house rent bishalnagar kathmandu,4,House,Kathmandu,300000.0
"Land in Lumbini, Kapilvastu","['land', 'lumbini', 'kapilvastu']",land lumbini kapilvastu,3,Land,"Labani, Sudhhodhna, Kapilvastu",88888888.0
House for Sale in Sunawal-4 | Laxmi Path | 20 Dhur | Double Mohada | Prime Location,"['house', 'sale', 'sunawal4', 'laxmi', 'path', '20', 'dhur', 'double', 'mohada', 'prime', 'location']",house sale sunawal4 laxmi path 20 dhur double mohada prime location,11,Land,Butwal,11000000.0
3.5 aana land for urgent sale,"['35', 'aana', 'land', 'urgent', 'sale']",35 aana land urgent sale,5,Land,"Taudaha Trail, Kritipur",3600000.0
"Prime Land for Sale in Butwal, Rupandehi, Nepal","['prime', 'land', 'sale', 'butwal', 'rupandehi', 'nepal']",prime land sale butwal rupandehi nepal,6,Land,Butwal,2600000.0
Affordable One Bigha Land for Sale in Kapilvastu Nepal,"['affordable', 'one', 'bigha', 'land', 'sale', 'kapilvastu', 'nepal']",affordable one bigha land sale kapilvastu nepal,7,Land,Lumbini,11000000.0
"House for Sale in Butwal, Manigram-5, Rupandehi","['house', 'sale', 'butwal', 'manigram5', 'rupandehi']",house sale butwal manigram5 rupandehi,5,House,Butwal,10500000.0
Land for sale in Kanchanpur Purnabas Municipality,"['land', 'sale', 'kanchanpur', 'purnabas', 'municipality']",land sale kanchanpur purnabas municipality,5,Land,Other,80000000.0
Land for Sale in Butwal Rupandehi: Your Dream Residential Property Awaits!,"['land', 'sale', 'butwal', 'rupandehi', 'dream', 'residential', 'property', 'awaits']",land sale butwal rupandehi dream residential property awaits,8,Land,Butwal,5600000.0
Cheap house and land for sale in Nawalparasi,"['cheap', 'house', 'land', 'sale', 'nawalparasi']",cheap house land sale nawalparasi,5,Land,Other,5500000.0
