372 100
sale -0.131982 -0.159484 -0.056361 -0.245866 -0.264099 0.695573 -0.188514 0.011201 -0.276550 -0.377061 0.010276 0.115663 -0.209914 0.397684 -0.191026 0.132116 0.395233 0.018782 -0.073547 -0.261559 0.228682 -0.018587 -0.099693 0.350525 0.164673 0.379203 -0.433591 0.117029 -0.135863 0.011107 -0.031795 -0.167271 -0.079013 -0.120183 0.204763 -0.391903 -0.025686 0.111368 -0.088753 -0.108782 -0.003123 -0.057105 0.199414 -0.063988 -0.455352 0.474990 0.329697 0.599472 -0.023046 0.385582 0.395721 -0.594245 -0.146265 0.126692 -0.000354 -0.250114 -0.141401 -0.068384 -0.001019 0.016898 -0.090811 -0.065968 -0.091151 0.208564 -0.079323 -0.176177 0.349243 -0.157827 -0.388386 -0.012696 0.307148 0.141345 -0.111425 -0.273232 0.244240 -0.038439 -0.250798 -0.051772 0.101251 0.188226 -0.069567 0.310280 0.091797 -0.089039 0.265312 -0.325442 -0.221972 -0.183346 0.173987 0.616108 -0.177570 0.206034 0.074406 -0.034469 -0.192158 0.042564 -0.172858 0.024246 -0.094378 -0.122466
house 0.219789 -0.279584 0.128330 -0.478232 0.020221 0.349845 0.291705 0.374397 -0.228332 0.125926 -0.403441 0.150934 -0.061176 0.068069 -0.201761 -0.002235 -0.320478 -0.095183 -0.190852 -0.108378 0.169069 0.074370 0.174558 -0.101316 0.160138 0.362081 -0.325490 0.326067 -0.172735 -0.132130 -0.021933 0.065620 -0.203065 0.162179 0.247047 -0.080004 -0.182300 -0.427485 -0.135261 0.031950 0.324578 -0.147842 0.044016 -0.054664 0.025901 0.123598 -0.232424 -0.229560 0.262010 -0.185694 -0.002724 -0.105751 0.257820 -0.137790 -0.285871 -0.000032 -0.012340 0.110951 0.055465 0.172911 0.085111 0.126257 -0.223544 -0.176865 0.158077 -0.029851 0.084547 -0.194162 0.062675 -0.406835 -0.382305 -0.170941 0.185950 0.044634 0.156350 -0.065638 -0.035116 -0.147195 0.209188 0.125878 0.303333 -0.524104 -0.303935 0.215751 0.003914 0.086459 -0.027124 -0.356175 -0.427461 -0.139002 -0.124155 0.026356 -0.266537 -0.408739 0.322237 -0.263047 -0.008841 -0.234767 -0.026493 0.541249
r 0.035129 0.988139 0.035517 -0.236892 -0.157809 0.607107 -0.669280 1.319009 -0.762224 -0.534275 -0.963261 0.585639 0.656071 0.256018 0.033488 -0.145884 -0.123238 -1.372108 -0.253857 0.286403 -0.509164 0.204061 0.383293 0.396037 1.291769 -0.105045 -0.011321 0.500191 -0.673939 -0.238734 -0.314175 0.587200 -0.866099 0.005258 0.243668 -0.162992 1.059829 -0.475250 -0.145629 0.513123 0.447363 -0.329698 0.418679 0.247227 0.603056 0.283338 0.093095 0.683604 0.512630 -0.342301 0.330225 -0.509094 -0.558696 -0.208634 0.799676 0.016564 -0.216902 0.349563 -0.857345 0.057248 0.786276 0.073651 -0.187073 0.744101 0.068400 0.537714 -0.238378 -0.332147 -0.647814 0.325845 0.501051 -0.551889 -0.592961 0.030235 0.000246 -0.100465 0.219922 -0.125263 -0.317152 -1.173266 -0.105989 0.280211 -0.160288 0.348576 -0.206670 0.236894 -1.509526 0.177197 0.469258 -0.170601 0.780733 0.292178 0.716260 0.147824 -0.030933 0.104938 0.116933 0.022867 -0.345709 -0.780286
land 0.342872 1.004113 0.137331 -0.179967 -0.076749 0.261320 -0.690829 0.923766 -0.342002 -0.705880 -0.701524 0.484553 0.451387 0.089507 -0.040327 0.035516 0.104244 -1.038881 -0.182742 0.271395 -0.427420 0.058451 0.339302 0.837072 1.150267 -0.182378 -0.183118 0.209033 -0.869047 -0.111161 -0.278301 0.335273 -0.346781 -0.015467 0.220296 0.012409 0.841772 -0.567507 -0.275297 0.512087 1.059021 -0.534514 0.727559 -0.008465 0.826289 -0.003223 0.203684 0.763069 0.530965 -0.520486 0.497083 -0.662364 -0.410101 -0.394188 0.664903 0.100066 -0.549914 0.521610 -0.725278 0.135873 0.589881 0.386883 -0.189632 0.436528 -0.104619 0.583714 -0.486203 -0.351222 -0.804021 0.348179 0.385743 -0.256363 -0.327323 -0.200409 0.243104 -0.201255 0.446544 -0.405596 -0.032931 -0.986450 -0.178889 0.457539 -0.026364 0.393192 -0.470386 0.075055 -1.317393 0.011244 0.441329 -0.283212 0.587361 0.432530 0.223635 -0.049529 0.303400 0.002093 -0.015266 -0.058150 -0.230241 -0.551251
lakh 0.265476 0.877443 -0.051691 -0.040994 -0.111430 0.598993 -0.608739 0.982742 -0.540602 -0.811718 -0.890509 0.518543 0.495332 0.275835 -0.105535 0.089044 0.173930 -1.431308 -0.346160 0.208070 -0.300640 0.228219 0.389732 0.658538 1.181808 -0.281157 0.046648 0.446770 -0.920343 -0.118413 -0.391159 0.542797 -0.572360 -0.194021 0.253273 -0.246863 0.932077 -0.373412 -0.375063 0.366330 0.820605 -0.585440 0.406321 0.041143 0.704934 0.271493 0.168565 0.922676 0.512646 -0.389759 0.670131 -0.686083 -0.482566 -0.380493 0.782835 0.011893 -0.359168 0.383912 -0.725808 0.108501 0.659892 0.200585 -0.280982 0.642863 -0.128768 0.600334 -0.356045 -0.434681 -0.860610 0.414384 0.718656 -0.279148 -0.578149 -0.194767 0.222519 0.000588 0.416867 -0.396047 -0.127990 -1.053330 -0.240854 0.451358 -0.105856 0.295182 -0.355681 0.143393 -1.306720 0.018203 0.552893 -0.038262 0.749179 0.474471 0.561301 0.145593 0.012133 -0.005569 0.005434 -0.014675 -0.178240 -0.739069
crore -0.000662 0.905794 0.407303 -0.135492 -0.207791 0.474537 -0.661889 0.865254 -0.553297 -0.619732 -0.469580 0.689321 0.648361 0.352503 0.358959 -0.099298 0.137793 -1.314659 -0.253447 0.319220 -0.429583 -0.106742 0.072217 0.724512 0.846334 -0.118821 0.190261 0.100902 -0.363512 -0.003377 -0.206497 0.296557 -0.702173 -0.185051 0.315284 -0.400715 0.731628 -0.483612 -0.167410 0.262747 0.738509 -0.675696 0.439982 -0.114367 0.624337 -0.031820 0.019021 0.648107 0.523780 -0.240520 0.711172 -0.543401 -0.069634 -0.380484 0.636229 -0.166604 -0.232600 0.423086 -0.365305 0.198679 0.590186 -0.068964 -0.089380 0.403440 0.178793 0.368226 -0.357852 -0.527802 -0.571699 0.172667 0.531923 -0.326569 -0.366638 -0.245432 -0.147431 -0.081370 0.321522 -0.239550 0.091189 -0.841587 -0.168913 0.233209 -0.432420 0.184345 -0.074124 0.372223 -0.990970 -0.211905 0.472654 0.042057 0.628294 0.443551 0.225686 0.278144 0.135254 0.134955 -0.065207 -0.010471 -0.228887 -0.486449
per 0.249473 0.840723 0.325030 -0.647402 -0.048984 0.566718 -0.664761 0.931475 -0.226506 -0.551798 -0.499411 0.465599 0.612028 0.311807 0.202354 0.061048 0.086756 -1.177076 -0.395378 0.078381 -0.467095 0.003876 -0.247751 0.791818 1.173295 -0.257717 -0.078499 0.284088 -0.597912 -0.270427 -0.118049 0.331258 -0.624014 -0.215379 0.215305 -0.243589 0.854835 -0.626761 0.211710 0.359420 0.783821 -0.217712 1.070444 -0.185358 0.596202 0.188609 0.159533 0.855593 0.816470 -0.065733 0.486365 -0.732978 -0.578739 -0.105943 0.689255 -0.058745 -0.185679 0.438194 -0.872369 -0.058271 0.455548 0.432541 -0.281608 0.423400 0.175143 0.541368 -0.334806 -0.289591 -0.649706 0.165444 0.951724 -0.281988 -0.324726 -0.453145 -0.032123 -0.011767 0.323237 -0.386350 -0.197763 -0.830088 -0.210945 0.289475 0.178935 0.242836 -0.493433 0.244744 -1.240159 -0.095341 0.349985 0.280351 0.508092 0.560792 0.499473 0.256894 -0.111191 -0.275144 0.297522 0.186482 -0.465763 -0.812310
aana 0.212095 0.716883 -0.219857 -0.397618 -0.410601 0.492140 -0.702980 1.033103 -0.820322 -0.726290 -1.033453 0.522597 0.616960 0.463675 0.180142 0.003863 0.114768 -1.224692 -0.272769 0.303078 -0.462985 0.463331 0.407472 0.486291 1.122385 -0.370342 0.121865 0.193535 -0.587824 -0.000854 -0.345221 0.330858 -0.440280 -0.272588 0.143658 -0.099653 1.026861 -0.579176 0.029868 0.252919 0.771178 -0.586154 0.514084 -0.024136 0.586629 0.282279 0.016471 0.470608 0.320062 -0.530788 0.721397 -0.664210 -0.499787 -0.191086 0.671429 0.191582 -0.114369 0.440823 -0.779971 0.259383 0.476443 0.065370 0.241170 0.500046 -0.090732 0.539511 -0.204118 -0.360303 -0.881324 0.302490 0.474264 -0.140686 -0.589404 0.106493 0.106053 0.092025 0.121864 -0.545116 -0.072760 -0.909475 0.023785 0.199687 -0.338207 0.062262 -0.185607 0.075147 -1.183170 0.187909 0.377043 -0.361776 0.247450 0.223058 0.422938 0.210828 0.020084 -0.023427 0.232817 0.079934 -0.106731 -0.332582
bungalow -0.045306 -0.119258 0.091356 -0.091096 0.036369 0.455812 0.249395 0.306788 -0.408640 0.156974 -0.539239 0.103326 -0.013685 0.191481 -0.187644 -0.033035 -0.402137 -0.031841 -0.092517 -0.030663 -0.040575 0.270740 0.320143 -0.237163 0.082193 0.070440 -0.442645 0.227923 -0.298553 -0.358340 -0.324175 0.175912 -0.229343 0.226344 0.406691 0.003217 -0.101293 -0.412265 -0.214836 -0.104546 0.288027 0.250143 0.034236 -0.302732 -0.055602 -0.386651 -0.118969 -0.277590 0.362088 -0.087998 -0.326308 -0.127232 0.478923 0.057910 -0.608246 -0.153471 0.170696 -0.289453 0.384403 0.246463 -0.034207 0.058398 -0.214553 -0.070637 0.486656 -0.130346 0.045521 -0.368970 0.310389 -0.603356 -0.418756 -0.203948 0.257055 0.055052 0.078367 -0.063494 -0.015022 -0.015787 0.122204 0.643071 0.576710 -0.642309 -0.349273 0.393262 -0.197510 0.424758 0.192485 -0.392806 -0.356618 0.011836 -0.379482 0.131329 -0.281641 -0.615986 0.507130 -0.212591 0.030373 -0.312373 -0.380397 0.214505
budhanilkantha -0.176703 -0.097888 -0.002969 -0.150518 -0.027923 0.492519 0.234428 0.224499 -0.355576 0.037869 -0.314611 0.114729 -0.099501 0.296428 -0.219141 -0.051484 -0.221997 -0.031479 -0.101834 -0.095405 0.062527 0.207530 0.334912 -0.263598 -0.002159 0.149903 -0.464647 0.143438 -0.304822 -0.322669 -0.285732 0.177253 -0.158447 0.239246 0.379768 -0.052159 -0.143331 -0.401415 -0.280531 -0.161114 0.204420 0.200792 0.067886 -0.318576 -0.218964 -0.379733 -0.036370 -0.218295 0.331709 -0.029080 -0.266893 -0.162508 0.433819 0.068439 -0.507059 -0.207347 0.211067 -0.281211 0.473211 0.219576 -0.191783 -0.000148 -0.214790 0.070720 0.426691 -0.079769 0.083570 -0.369082 0.226673 -0.642544 -0.377411 -0.099261 0.208072 -0.010349 0.037796 -0.053747 -0.216154 -0.064372 0.125113 0.728826 0.528109 -0.448996 -0.369443 0.349343 -0.225661 0.401339 0.169889 -0.419848 -0.343572 0.144036 -0.439290 0.240415 -0.322825 -0.756219 0.447466 -0.182458 0.037844 -0.275949 -0.329085 0.137353
residential 0.011353 -0.026312 0.051590 -0.023069 -0.047470 0.284166 0.071553 0.212836 -0.268351 0.053171 -0.314424 0.132589 -0.070061 0.165642 -0.159428 -0.148748 -0.251373 -0.117718 -0.138991 -0.076558 -0.058739 0.084659 0.325764 -0.129647 0.118723 0.099796 -0.319268 0.185714 -0.225289 -0.271344 -0.193050 0.148486 -0.082619 0.195314 0.241387 0.026111 -0.072276 -0.257052 -0.279059 -0.096922 0.142351 0.120759 0.004354 -0.249397 -0.068277 -0.255741 -0.053151 -0.105803 0.193589 -0.080818 -0.215573 -0.116124 0.196962 0.090430 -0.438798 -0.191910 0.205171 -0.218262 0.286617 0.149969 -0.060256 0.130949 -0.229502 -0.013059 0.334170 -0.154853 0.088278 -0.272483 0.156792 -0.469295 -0.263884 -0.070181 0.168447 -0.028984 0.129284 -0.050281 -0.027663 -0.181758 0.091416 0.558716 0.432498 -0.411983 -0.317189 0.334398 -0.322861 0.391620 0.152836 -0.279249 -0.232876 0.060569 -0.222532 0.134145 -0.147792 -0.559350 0.346395 -0.191268 0.120690 -0.183228 -0.249130 0.069509
50 0.338447 0.282859 0.168661 -0.494173 -0.171998 0.385614 -0.493975 0.783049 -0.445330 -0.208976 -0.753895 0.389151 0.242421 0.330269 -0.013303 -0.030858 -0.016849 -0.621135 -0.084887 0.006400 -0.232911 0.058907 0.065465 0.513498 0.844680 0.371408 -0.348536 0.300483 -0.370406 -0.024735 -0.077963 0.304038 -0.275820 -0.145825 0.093868 -0.240406 0.468922 -0.362868 0.248404 0.399184 0.336359 -0.371840 0.845734 0.228785 0.185215 0.377453 0.048803 0.418121 0.473608 0.050353 0.113650 -0.564436 -0.183367 -0.046172 0.251141 0.042798 -0.429348 0.303699 -0.600393 -0.031565 0.452153 0.215917 0.024732 0.262221 -0.045525 0.314345 -0.121334 -0.083756 -0.362127 0.219936 0.132641 -0.234112 -0.053125 -0.056385 0.100926 -0.209256 -0.091099 0.019844 -0.034653 -0.734471 -0.015601 0.063688 0.091628 0.215189 0.120889 -0.116030 -0.750118 0.021562 0.056985 -0.120254 0.011832 0.121536 0.103411 -0.068337 0.159649 0.066099 -0.053346 0.105351 -0.060346 -0.175632
beautiful 0.002221 -0.027411 0.057931 -0.032034 -0.051300 0.331647 0.042575 0.219434 -0.321954 0.051223 -0.312480 0.141166 -0.095406 0.225264 -0.207472 -0.197926 -0.241093 -0.081290 -0.093763 -0.099922 -0.030224 0.112682 0.357403 -0.113271 0.076558 0.169758 -0.395742 0.199694 -0.222943 -0.305253 -0.167377 0.174311 -0.058915 0.217946 0.290240 -0.006020 -0.112347 -0.248861 -0.305205 -0.174417 0.110734 0.174470 0.062784 -0.283371 -0.111442 -0.230786 -0.021024 -0.096772 0.158933 0.011918 -0.214700 -0.162231 0.218834 0.126799 -0.463907 -0.256735 0.208365 -0.279294 0.309076 0.150495 -0.095849 0.155746 -0.216569 -0.005075 0.343263 -0.192306 0.080515 -0.316897 0.164574 -0.507193 -0.291431 -0.030983 0.198540 -0.048590 0.176725 -0.044710 -0.068590 -0.172669 0.103611 0.661674 0.473708 -0.411751 -0.329863 0.347964 -0.349635 0.371196 0.196867 -0.308545 -0.267400 0.159173 -0.317876 0.180519 -0.185409 -0.642716 0.389293 -0.183280 0.105942 -0.180438 -0.242089 0.013033
new 0.172173 -0.270117 0.180563 0.182963 -0.040524 0.619559 -0.148026 -0.015856 -0.579988 0.275058 -0.604580 0.204566 -0.055359 0.566586 -0.026578 -0.517677 -0.185736 0.118951 -0.276677 -0.259620 -0.222435 0.069725 0.460699 0.040105 0.333712 -0.072961 -0.568128 0.030349 -0.262489 -0.429505 -0.313638 0.266860 -0.115688 0.544330 0.467809 0.362705 -0.024824 -0.320816 -0.265442 -0.211637 0.085420 0.124990 -0.151328 -0.269297 -0.406313 -0.041111 0.077949 -0.038269 0.278684 -0.004973 -0.660513 -0.348848 0.217051 0.501305 -0.887745 -0.198758 0.187685 -0.591821 0.244082 0.245367 -0.273330 0.031144 -0.388940 -0.165959 0.553051 -0.649439 0.086178 -0.527133 0.619575 -0.733596 -0.206486 -0.123184 0.204753 -0.096090 0.454661 0.060968 0.227014 -0.126989 0.145921 1.035138 1.082824 -0.804026 -0.448536 0.767171 -0.316638 0.239754 0.376358 -0.502615 -0.120716 0.447746 -0.549768 0.083791 0.038578 -0.431391 0.144440 -0.239266 0.161693 -0.112716 -0.502599 0.050054
lalitpur 0.060088 -0.260104 0.053386 -0.142728 -0.124447 0.358861 0.098446 0.229589 -0.401492 -0.045424 -0.400811 0.033905 -0.154669 0.225468 -0.281669 -0.050788 -0.295770 0.009531 -0.103786 -0.080019 0.151866 0.196178 0.237137 -0.130915 0.011649 0.360417 -0.395257 0.296721 -0.226441 -0.206063 -0.181595 0.028530 -0.232664 0.172564 0.266082 -0.076549 -0.233486 -0.156279 -0.290856 -0.100743 0.281374 0.091835 0.026215 -0.215708 -0.140652 -0.164792 0.017284 0.063231 0.187462 -0.076122 -0.216037 -0.268758 0.178023 0.093498 -0.503936 -0.283894 0.273516 -0.209534 0.321301 0.178445 0.043767 0.183130 -0.273527 -0.208826 0.415628 -0.303777 0.218291 -0.346618 0.126237 -0.562111 -0.273804 0.021033 0.166466 -0.064101 0.244495 -0.084911 -0.070069 -0.258593 0.121020 0.573009 0.397408 -0.619953 -0.347685 0.233095 -0.222961 0.320985 0.174249 -0.413308 -0.356511 0.138945 -0.305438 0.054987 -0.232788 -0.565222 0.293219 -0.301685 0.106481 -0.204532 -0.244443 0.294678
brand 0.109020 -0.378231 -0.034307 -0.392864 -0.102845 0.417579 0.526374 0.115809 -0.318333 0.054607 -0.673369 0.095823 -0.052157 0.330314 -0.437281 0.058825 -0.366369 -0.258642 -0.383050 -0.121577 0.167508 0.436818 0.225375 -0.413269 0.087554 0.052095 -0.791746 0.347682 -0.386482 -0.253329 -0.397863 -0.104848 0.123995 -0.004290 0.507501 -0.321323 -0.388587 -0.573641 -0.197463 -0.099795 0.183962 0.026912 -0.021555 -0.412617 -0.243384 -0.201183 0.032675 -0.079586 0.328481 -0.395818 -0.427772 -0.241412 0.282481 0.148424 -0.710580 -0.513296 0.409133 -0.146152 0.832368 0.448685 -0.131370 0.171918 -0.434523 0.110139 0.403723 -0.204396 0.453454 -0.190932 0.284521 -0.428839 -0.639424 -0.049234 0.439156 0.132467 -0.189853 -0.156560 -0.159247 -0.021122 0.010234 0.917848 0.444853 -0.752329 -0.298548 0.303037 -0.242382 0.268332 0.483017 -0.720832 -0.321069 -0.231626 -0.342627 0.230495 -0.287559 -0.988375 0.633981 -0.503732 0.198187 -0.095108 -0.157267 0.306579
imadol 0.101417 -0.186272 0.153218 -0.106438 -0.109484 0.381712 0.100590 0.164080 -0.352158 -0.066787 -0.311067 -0.014564 -0.028139 0.253738 -0.345984 -0.315981 -0.232767 -0.048025 -0.295168 0.000992 0.029923 0.024002 0.387267 -0.251508 0.108757 0.315014 -0.444293 0.289912 -0.258222 -0.333923 -0.112039 0.215331 -0.169229 0.253642 0.255797 0.026671 -0.302367 -0.232209 -0.438259 -0.161439 0.234338 -0.041815 -0.062125 -0.245309 -0.121748 -0.119392 -0.091274 0.022747 0.223487 -0.016432 -0.277205 -0.209504 0.106877 0.122809 -0.555517 -0.259305 0.284694 -0.070853 0.465789 0.167548 0.072457 0.250633 -0.313933 -0.071000 0.406859 -0.303091 0.240386 -0.275650 0.201688 -0.424741 -0.398334 0.049060 0.176558 0.030772 0.240316 0.026486 -0.077686 -0.337709 0.264669 0.586856 0.504636 -0.629601 -0.400027 0.456564 -0.301231 0.291900 0.215882 -0.494027 -0.258422 0.003241 -0.181830 0.174363 -0.152554 -0.629768 0.343382 -0.244193 0.209080 -0.213789 -0.124114 0.342022
kathmandu -0.104405 -0.077296 0.037391 -0.167280 -0.036052 0.416853 0.114499 0.237637 -0.264653 0.006682 -0.258657 0.112391 -0.075611 0.206035 -0.176184 -0.003982 -0.142781 -0.016765 -0.081583 -0.120101 0.003935 0.133985 0.234668 -0.070607 0.032120 0.207008 -0.351069 0.167889 -0.189892 -0.251502 -0.163170 0.118978 -0.093896 0.174916 0.284537 -0.083490 -0.106157 -0.235897 -0.227505 -0.143892 0.129060 0.174246 0.082883 -0.223207 -0.178027 -0.144675 -0.003220 -0.103540 0.200785 0.082582 -0.052186 -0.166353 0.269726 0.041484 -0.395468 -0.198025 0.119282 -0.212932 0.254539 0.132983 -0.125685 0.035405 -0.191970 0.028150 0.268433 -0.068127 0.074319 -0.297532 0.018298 -0.463722 -0.219419 -0.032200 0.110135 -0.081728 0.140529 -0.071103 -0.131400 -0.118984 0.123313 0.521964 0.329592 -0.301070 -0.287999 0.225162 -0.154736 0.254048 0.053676 -0.289762 -0.274606 0.192341 -0.336737 0.188604 -0.210731 -0.508960 0.295346 -0.137860 0.026241 -0.222583 -0.282763 0.064478
25 0.227720 0.166662 0.099452 -0.373586 -0.148427 0.299453 -0.362868 0.560123 -0.373813 -0.126548 -0.590899 0.312504 0.163479 0.276982 0.000041 -0.036580 -0.011555 -0.444055 -0.072657 -0.040094 -0.165771 0.072453 0.056522 0.408658 0.605384 0.318592 -0.302642 0.248760 -0.275007 0.012546 -0.064850 0.227786 -0.192019 -0.126644 0.075322 -0.183959 0.326907 -0.245010 0.176065 0.268342 0.198396 -0.281787 0.621479 0.184354 0.100402 0.311646 0.030664 0.300682 0.343028 0.046096 0.070552 -0.437956 -0.122859 -0.050093 0.170864 0.034933 -0.314675 0.202844 -0.419952 -0.014076 0.313190 0.133194 0.038673 0.175056 -0.035374 0.216646 -0.050451 -0.040518 -0.304248 0.145664 0.063407 -0.176844 -0.015974 -0.031424 0.094821 -0.167839 -0.101972 0.045396 0.005201 -0.508223 -0.002415 0.044675 0.053759 0.170874 0.129782 -0.103787 -0.531796 0.004373 0.023142 -0.071768 -0.042917 0.081132 0.071951 -0.089490 0.112449 0.063465 -0.046251 0.091209 -0.035400 -0.095323
near 0.136252 -0.009793 -0.004586 -0.230865 -0.043621 0.298743 0.135712 0.168577 -0.355712 0.103588 -0.545494 0.242794 -0.134594 0.354268 -0.126529 -0.244657 -0.143006 -0.276339 -0.220236 -0.217629 -0.091866 0.190448 0.381239 -0.110411 0.147882 0.019573 -0.422531 0.147354 -0.289204 -0.286019 -0.244416 0.179626 0.106618 0.272042 0.335257 0.026209 -0.011957 -0.396143 -0.219279 -0.147551 -0.023611 0.029237 0.144009 -0.411045 -0.157414 -0.217965 -0.049734 -0.184007 0.150390 -0.191773 -0.243762 -0.151037 0.126575 0.081536 -0.363759 -0.245569 0.203077 -0.311937 0.313532 0.237765 -0.178889 0.177386 -0.375231 0.133892 0.332604 -0.073564 0.115629 -0.308669 0.213164 -0.586674 -0.225486 0.046668 0.219671 -0.061033 0.040096 -0.070501 -0.049369 -0.164392 -0.029301 0.732689 0.487517 -0.410059 -0.389455 0.362005 -0.423243 0.419941 0.234949 -0.393430 -0.253200 0.121349 -0.347148 0.256330 -0.193979 -0.685071 0.395313 -0.329809 0.179304 -0.049787 -0.229300 -0.068164
35 0.226003 0.142808 0.049934 -0.403380 -0.118835 0.255096 -0.303093 0.487698 -0.295546 -0.154849 -0.513651 0.268040 0.186303 0.262197 0.053908 -0.000986 0.007801 -0.452145 -0.103299 -0.036109 -0.175684 0.109174 -0.009619 0.380663 0.551494 0.153236 -0.191476 0.226049 -0.258362 -0.000091 -0.056318 0.171807 -0.195826 -0.161143 0.073689 -0.134599 0.340677 -0.275800 0.230048 0.191642 0.211740 -0.217950 0.587428 0.092456 0.123436 0.297284 0.002862 0.270288 0.350742 0.010878 0.125560 -0.399551 -0.187066 -0.031196 0.227233 0.053486 -0.182932 0.213115 -0.430986 -0.003218 0.248149 0.166750 0.031560 0.153321 -0.018907 0.230278 -0.039592 -0.035789 -0.316068 0.101542 0.183491 -0.138968 -0.054361 -0.072467 0.059371 -0.080472 -0.053900 -0.052984 -0.029474 -0.464243 -0.003458 0.031565 0.061113 0.111694 0.022275 -0.041882 -0.498161 0.002901 0.023342 -0.046825 -0.029020 0.110569 0.108218 -0.047101 0.049777 -0.032776 0.064171 0.131049 -0.048521 -0.100558
bhaisepati -0.028979 -0.066496 0.059588 -0.089320 -0.021286 0.411218 0.189230 0.197220 -0.429683 -0.005519 -0.324159 0.024336 0.036180 0.271699 -0.281974 -0.175139 -0.240836 0.081620 -0.101127 0.036368 0.066778 0.175540 0.355482 -0.244992 0.061803 0.116050 -0.504945 0.138722 -0.320051 -0.381702 -0.206891 0.202729 -0.253607 0.274932 0.271063 -0.005839 -0.203930 -0.298710 -0.275812 -0.137620 0.290707 0.153120 0.011173 -0.155193 -0.106252 -0.217206 -0.070175 0.017766 0.269132 0.070091 -0.316865 -0.234322 0.368839 0.161223 -0.495233 -0.209555 0.224043 -0.169916 0.385640 0.154482 0.031241 0.068650 -0.228964 -0.017699 0.476986 -0.169883 0.049397 -0.320391 0.220823 -0.389974 -0.337033 -0.023556 0.210860 0.041711 0.143398 0.053447 -0.077819 -0.109913 0.235610 0.552897 0.535358 -0.546754 -0.275544 0.378818 -0.196706 0.201277 0.141570 -0.389889 -0.218194 0.131610 -0.351266 0.118107 -0.159553 -0.580364 0.291934 -0.194927 0.066143 -0.218447 -0.300564 0.138340
height 0.092982 -0.369448 0.008142 -0.160043 -0.158358 0.523368 0.029074 0.313962 -0.514461 -0.080535 -0.469480 0.140713 -0.166381 0.261380 -0.393485 -0.182253 -0.356123 0.011004 -0.267140 -0.135259 0.182807 0.097111 0.277259 -0.131988 0.094192 0.398408 -0.499050 0.402175 -0.311122 -0.213762 -0.158502 0.009724 -0.081552 0.178949 0.358842 0.054644 -0.309711 -0.324888 -0.374129 -0.090678 0.232409 0.136847 -0.017867 -0.342669 -0.148740 -0.071794 0.025839 -0.029614 0.153603 -0.103986 -0.263525 -0.277520 0.115619 0.220933 -0.702533 -0.328737 0.323598 -0.237929 0.308915 0.321014 -0.122184 0.323416 -0.426958 -0.146095 0.414963 -0.469059 0.317244 -0.355096 0.159366 -0.624334 -0.415997 -0.002393 0.190033 -0.089240 0.274708 -0.109037 -0.076647 -0.401854 0.116353 0.747783 0.600217 -0.685553 -0.459094 0.446449 -0.314139 0.440018 0.337161 -0.450824 -0.321591 0.151190 -0.327209 0.061619 -0.254587 -0.698137 0.439505 -0.310974 0.142854 -0.212632 -0.267658 0.336185
bhk -0.015829 -0.049394 0.056415 0.035488 -0.042051 0.225530 -0.000271 0.128343 -0.274222 -0.028872 -0.238207 0.017287 -0.036363 0.164303 -0.185503 -0.169771 -0.197172 -0.042710 -0.086253 -0.010069 -0.028173 0.076700 0.244691 -0.097739 0.057031 0.140291 -0.281490 0.127974 -0.189608 -0.234257 -0.147578 0.127301 -0.131815 0.179876 0.188571 0.031892 -0.105059 -0.117243 -0.267133 -0.124841 0.140100 0.103792 0.007218 -0.171118 -0.067154 -0.189763 0.002618 0.032973 0.124742 -0.007370 -0.189040 -0.137119 0.134160 0.109941 -0.355575 -0.198559 0.181129 -0.182781 0.253755 0.089647 0.004946 0.126033 -0.159994 -0.055312 0.313441 -0.195706 0.081015 -0.259842 0.100349 -0.366126 -0.205579 0.013786 0.093712 -0.042405 0.161491 -0.010878 -0.012829 -0.191186 0.111695 0.448209 0.336484 -0.362213 -0.246136 0.262823 -0.257313 0.276976 0.131829 -0.231433 -0.142025 0.118223 -0.205491 0.090186 -0.084172 -0.426480 0.229781 -0.151001 0.120515 -0.142624 -0.212850 0.056530
thousand 0.043009 0.652045 0.047360 -0.113133 -0.234182 0.733447 -0.522414 0.762120 -0.558313 -0.783527 -0.631922 0.267770 0.393852 0.405366 -0.129817 0.009797 0.230555 -0.990226 -0.306430 0.135877 -0.212914 0.252866 0.162694 0.617747 0.799845 -0.200370 -0.117651 0.193806 -0.568937 -0.199843 -0.357726 0.242232 -0.492820 -0.186435 0.240262 -0.130106 0.737565 -0.355280 -0.138271 0.052838 0.703590 -0.467838 0.343511 -0.169483 0.506678 0.263689 0.261438 0.753888 0.305702 -0.325346 0.646512 -0.618884 -0.481040 -0.206976 0.658457 -0.013076 -0.197937 0.413084 -0.550313 0.050546 0.381765 0.079802 -0.141185 0.413903 0.057532 0.290315 -0.189385 -0.408753 -0.808563 0.175731 0.647973 -0.164081 -0.465089 -0.222419 0.111548 -0.032593 0.303887 -0.472127 -0.109823 -0.695541 -0.200894 0.446167 -0.117071 0.054211 -0.359533 0.048997 -1.022333 -0.085938 0.484853 0.094026 0.409187 0.356547 0.464217 0.201360 -0.101964 -0.110049 0.118916 0.075870 -0.306818 -0.453168
40 0.243470 0.203550 0.034986 -0.372971 -0.116104 0.237409 -0.303651 0.532997 -0.315636 -0.192428 -0.566596 0.283387 0.219089 0.231205 0.021546 0.010645 0.001938 -0.518356 -0.129630 0.006561 -0.193181 0.112338 0.039892 0.372620 0.594957 0.095546 -0.169814 0.247922 -0.333091 -0.009345 -0.082026 0.225463 -0.195554 -0.153608 0.070596 -0.108631 0.374896 -0.277783 0.173561 0.213462 0.254508 -0.238395 0.561947 0.099852 0.194114 0.270920 0.007824 0.294357 0.346239 -0.054597 0.136891 -0.385576 -0.215403 -0.075414 0.270508 0.068721 -0.193480 0.224270 -0.467045 -0.001624 0.271530 0.173702 0.021613 0.175524 -0.036131 0.267191 -0.073952 -0.051162 -0.333565 0.138155 0.208814 -0.153236 -0.082131 -0.056659 0.073763 -0.068154 -0.014407 -0.069114 -0.039222 -0.515917 -0.022099 0.057238 0.054112 0.135831 -0.014141 -0.029103 -0.556008 0.021873 0.060091 -0.085882 0.016274 0.115036 0.131912 -0.051880 0.055675 -0.043951 0.061698 0.113636 -0.045135 -0.129721
75 0.250128 0.221031 0.103590 -0.342266 -0.101387 0.265336 -0.342696 0.583826 -0.346700 -0.119747 -0.578701 0.319421 0.162798 0.211098 -0.022595 -0.031316 -0.030852 -0.464450 -0.059858 0.001583 -0.178890 0.048049 0.094751 0.394786 0.635423 0.285694 -0.277413 0.239362 -0.315262 -0.024165 -0.060821 0.241018 -0.193235 -0.068622 0.072136 -0.142443 0.334745 -0.256320 0.130760 0.326506 0.212209 -0.257083 0.581501 0.194222 0.147999 0.261977 0.025802 0.296509 0.356455 -0.007951 0.056093 -0.381099 -0.122376 -0.074135 0.205067 0.042442 -0.330720 0.201621 -0.433029 -0.021655 0.331006 0.160656 -0.005767 0.202613 -0.054955 0.246353 -0.079907 -0.032113 -0.291490 0.155332 0.052904 -0.206170 -0.021895 -0.024145 0.104924 -0.168415 -0.050841 0.057873 -0.026412 -0.546253 -0.003736 0.047257 0.051922 0.213840 0.088578 -0.074347 -0.592098 0.024897 0.043198 -0.115924 0.035666 0.094300 0.082232 -0.121618 0.162795 0.063060 -0.058085 0.055907 -0.060518 -0.121874
45 0.237203 0.211534 0.014395 -0.350603 -0.101841 0.216427 -0.280290 0.518929 -0.290530 -0.155170 -0.552148 0.257464 0.222179 0.203236 0.037755 0.001338 -0.027166 -0.499060 -0.108657 -0.006181 -0.189896 0.124665 0.037147 0.337830 0.600018 0.087390 -0.156997 0.230675 -0.310798 -0.016357 -0.072872 0.225729 -0.199845 -0.145288 0.062384 -0.116235 0.380686 -0.279791 0.170639 0.212595 0.230502 -0.226185 0.530859 0.113940 0.179582 0.251617 -0.018142 0.267208 0.348119 -0.043451 0.104163 -0.359714 -0.201982 -0.061983 0.258263 0.088376 -0.166948 0.202360 -0.450898 -0.003438 0.264745 0.176699 0.015156 0.166808 -0.037798 0.270221 -0.087958 -0.033428 -0.305848 0.138613 0.196843 -0.182801 -0.093112 -0.034819 0.060056 -0.061776 -0.008037 -0.049887 -0.056999 -0.518459 -0.016578 0.049545 0.067347 0.142554 -0.015033 -0.024767 -0.543816 0.030907 0.032453 -0.084501 0.040922 0.105939 0.143706 -0.044784 0.052710 -0.028912 0.080091 0.106079 -0.045273 -0.130548
kapan 0.052408 -0.034511 -0.010912 -0.249750 -0.050402 0.387632 0.156802 0.142919 -0.234301 0.058757 -0.417299 0.218801 -0.126567 0.343838 -0.090673 -0.209136 -0.028036 -0.235241 -0.228494 -0.257711 -0.103421 0.174683 0.291809 -0.100953 0.170068 0.038862 -0.353336 0.205699 -0.255947 -0.328307 -0.259654 0.196233 0.094799 0.195228 0.376787 -0.061126 0.037237 -0.337372 -0.230391 -0.148535 -0.087957 0.045790 0.108800 -0.413539 -0.248773 -0.244481 -0.018944 -0.233282 0.248621 -0.143272 -0.243296 -0.131126 0.187683 0.017006 -0.410770 -0.279328 0.238839 -0.323298 0.418088 0.189352 -0.302762 0.091137 -0.297980 0.180318 0.236089 -0.051647 0.109692 -0.270116 0.203534 -0.533312 -0.221345 0.001397 0.196523 -0.060266 -0.019383 -0.002568 -0.166578 -0.091252 0.040008 0.818601 0.399310 -0.401495 -0.358306 0.289002 -0.388699 0.387680 0.225347 -0.434799 -0.241507 0.057625 -0.397474 0.344775 -0.210156 -0.678850 0.350224 -0.184835 0.132309 -0.099689 -0.260342 -0.052749
furnished -0.167203 -0.016891 0.329778 0.196113 0.094130 0.729214 0.079644 0.459005 -0.726807 -0.065564 -0.833769 -0.142082 0.065495 0.256910 -0.271899 -0.191618 -0.375708 0.201942 0.235490 -0.153108 -0.079496 0.578151 0.184000 -0.207515 -0.087289 0.136748 -0.506675 0.197354 -0.414559 -0.278513 -0.442844 0.345674 -0.522711 0.101277 0.689548 -0.040358 -0.029750 -0.040414 -0.127548 -0.420206 0.452486 0.620449 0.322105 -0.447729 0.151640 -0.699047 -0.031627 -0.179213 0.495172 0.105931 -0.652045 -0.291636 0.716010 0.155778 -0.779584 -0.061759 0.021562 -0.431635 0.410180 0.168889 0.295795 0.025194 0.102809 -0.363927 0.772121 -0.193150 -0.005677 -0.516105 0.490707 -0.514827 -0.369860 -0.429018 0.361393 0.236408 -0.016430 -0.125121 -0.041524 0.066484 0.098505 0.774163 0.780306 -0.971714 -0.044904 0.644771 -0.142102 0.619169 0.341705 -0.314359 -0.099078 0.049723 -0.429987 0.196281 -0.434439 -0.522448 0.654038 -0.111447 -0.047803 -0.484636 -0.518240 0.202526
30 0.256019 0.204049 0.081318 -0.367431 -0.105656 0.256299 -0.328491 0.547462 -0.324817 -0.157300 -0.569845 0.304692 0.183891 0.239992 0.023725 0.001825 -0.001410 -0.505642 -0.095969 -0.015529 -0.187896 0.066753 0.033219 0.406964 0.613543 0.204619 -0.228358 0.251572 -0.313361 0.010861 -0.059450 0.217007 -0.203380 -0.150743 0.056520 -0.148120 0.362185 -0.267515 0.182617 0.259353 0.230529 -0.268417 0.597276 0.151499 0.152813 0.311788 0.020263 0.321499 0.359396 0.004502 0.120799 -0.418741 -0.171779 -0.072101 0.253892 0.051992 -0.264947 0.213414 -0.464693 -0.028476 0.299004 0.163711 0.008358 0.177933 -0.049365 0.265215 -0.064837 -0.028488 -0.331419 0.145099 0.164742 -0.186393 -0.059467 -0.052356 0.075707 -0.106024 -0.050976 0.009586 -0.041958 -0.555305 -0.032254 0.080151 0.078058 0.150966 0.058610 -0.070237 -0.575780 0.018073 0.052299 -0.079056 0.024842 0.111226 0.113711 -0.059959 0.095577 0.023675 -0.006009 0.098963 -0.050122 -0.129963
65 0.233555 0.165262 0.039546 -0.367992 -0.104783 0.236773 -0.300829 0.509124 -0.298423 -0.148346 -0.532689 0.280109 0.156080 0.230055 0.012762 0.000881 -0.000201 -0.433322 -0.088106 -0.022461 -0.168280 0.087761 0.034837 0.379682 0.579966 0.208523 -0.219653 0.242216 -0.294601 0.008336 -0.062316 0.206068 -0.172870 -0.140064 0.062760 -0.149218 0.332144 -0.240362 0.180236 0.243862 0.199228 -0.232697 0.575262 0.149294 0.128780 0.290833 0.020661 0.298511 0.342840 0.005970 0.092181 -0.393646 -0.176189 -0.043203 0.204644 0.063488 -0.243667 0.199963 -0.428393 -0.016084 0.264276 0.171310 0.019125 0.170784 -0.059701 0.240685 -0.048731 -0.024152 -0.296878 0.143599 0.145390 -0.155538 -0.044859 -0.052433 0.090658 -0.103243 -0.059799 0.003450 -0.040573 -0.504424 -0.025400 0.059950 0.092703 0.133729 0.065801 -0.070485 -0.518780 0.032900 0.031034 -0.064637 -0.019535 0.102691 0.095848 -0.082636 0.086873 0.011099 -0.000473 0.109608 -0.029965 -0.116229
55 0.248650 0.173681 0.057184 -0.421798 -0.107482 0.268057 -0.285894 0.525095 -0.299628 -0.160944 -0.528124 0.256359 0.183731 0.243419 0.024444 0.003118 -0.020155 -0.453851 -0.096612 -0.037112 -0.170166 0.094118 0.001667 0.384110 0.597901 0.164852 -0.216734 0.238492 -0.295612 -0.011860 -0.055168 0.193635 -0.197925 -0.157896 0.066321 -0.135921 0.341617 -0.261715 0.226413 0.210809 0.218203 -0.212077 0.612179 0.110851 0.142239 0.299095 0.014707 0.287149 0.357547 0.007530 0.096662 -0.393183 -0.211154 -0.039467 0.220479 0.056767 -0.211728 0.198931 -0.457044 -0.027343 0.259171 0.194065 0.022105 0.167652 -0.022956 0.248479 -0.051948 -0.026466 -0.311866 0.127312 0.191426 -0.165063 -0.049890 -0.072737 0.063965 -0.070772 -0.050162 -0.039049 -0.040153 -0.488892 -0.026652 0.049659 0.113743 0.121461 0.014930 -0.059985 -0.540607 0.013237 0.022339 -0.047180 -0.018263 0.113888 0.111351 -0.059298 0.047578 -0.034438 0.050859 0.127982 -0.063090 -0.108837
60 0.218402 0.227650 0.096455 -0.347647 -0.090610 0.242327 -0.308550 0.537573 -0.311355 -0.127960 -0.526021 0.301410 0.218505 0.197388 0.038959 -0.009105 -0.023700 -0.507747 -0.107220 -0.011956 -0.205213 0.048675 0.041058 0.368164 0.585981 0.173917 -0.184405 0.230524 -0.292338 -0.004086 -0.062285 0.238773 -0.231760 -0.102642 0.064603 -0.148701 0.339129 -0.269166 0.163927 0.264765 0.219282 -0.240347 0.539181 0.139259 0.177378 0.245631 0.000181 0.274211 0.353529 0.001910 0.080678 -0.342510 -0.154956 -0.068345 0.242655 0.036914 -0.241341 0.205990 -0.418627 -0.016363 0.301917 0.151062 -0.016323 0.188937 -0.022859 0.260082 -0.084896 -0.054700 -0.269495 0.115724 0.158875 -0.200256 -0.054514 -0.057310 0.045045 -0.104470 -0.020097 0.013376 -0.035319 -0.509348 -0.013229 0.051097 0.058199 0.175313 0.046376 -0.016264 -0.535953 0.013171 0.046456 -0.072970 0.059480 0.119016 0.110507 -0.060617 0.086266 0.021264 0.004388 0.093035 -0.077767 -0.141433
colony 0.044843 -0.159973 -0.009528 -0.159871 -0.144165 0.552251 0.187467 0.283718 -0.482621 0.050509 -0.602769 0.186897 -0.168978 0.349694 -0.306383 -0.071088 -0.273769 0.030359 -0.209693 -0.168452 0.044760 0.290924 0.398069 -0.199620 0.112282 0.262154 -0.687922 0.297940 -0.298908 -0.429864 -0.319139 0.124645 -0.157750 0.218763 0.357810 -0.088441 -0.216319 -0.367028 -0.216181 -0.131346 0.269973 0.123409 0.064316 -0.330372 -0.224218 -0.168473 -0.007912 -0.086142 0.241895 -0.026385 -0.310367 -0.390806 0.324414 0.158419 -0.612470 -0.286772 0.258201 -0.376337 0.453207 0.229134 -0.135539 0.148177 -0.283937 -0.092873 0.471598 -0.234279 0.203369 -0.427863 0.139873 -0.593040 -0.381494 -0.001776 0.302790 -0.021685 0.159387 -0.125971 -0.100697 -0.102999 0.121779 0.848695 0.620898 -0.579026 -0.314162 0.340333 -0.294588 0.267810 0.224536 -0.401082 -0.351768 0.252320 -0.532714 0.175585 -0.235689 -0.760567 0.454425 -0.302921 0.060355 -0.217912 -0.397601 0.120233
semi -0.306412 -0.155995 -0.039190 -0.221001 -0.191319 0.720846 0.251273 0.345405 -0.583849 0.014059 -0.108611 0.003929 -0.149111 0.286810 -0.475270 0.281089 -0.498541 0.408535 -0.047371 0.246588 0.294563 0.139468 0.484945 -0.297856 -0.010908 0.230393 -0.841970 -0.021288 -0.375383 -0.494787 -0.292478 -0.075313 -0.437538 0.459074 0.081557 -0.144768 -0.382904 -0.540299 -0.288384 -0.001711 0.588548 0.360801 -0.147840 0.036912 -0.291619 -0.167788 0.002189 0.227231 0.197996 0.278315 -0.076552 -0.433939 0.572266 0.260474 -0.626582 -0.283407 0.259062 -0.184475 0.298108 0.225877 -0.172810 -0.096322 -0.262935 0.093838 0.579174 -0.297722 0.046239 -0.595928 0.045403 -0.652291 -0.342395 0.036189 0.156282 -0.157050 0.370926 -0.008743 -0.047204 -0.003068 0.384269 0.496636 0.668511 -0.403759 -0.502991 0.172367 0.020030 0.024045 0.028789 -0.393145 -0.466445 0.530012 -0.671901 -0.038815 -0.110077 -0.698579 0.256261 -0.285293 -0.134508 -0.337265 -0.577898 0.166109
80 0.199578 0.219759 0.124629 -0.286382 -0.065544 0.187450 -0.313957 0.527797 -0.304270 -0.082874 -0.501629 0.304554 0.182685 0.166549 0.039481 -0.045173 -0.072567 -0.436271 -0.046977 0.004819 -0.179339 0.007589 0.066719 0.347877 0.554014 0.266764 -0.213561 0.206164 -0.249384 0.008940 -0.044033 0.224141 -0.224085 -0.055324 0.088827 -0.138491 0.287033 -0.230764 0.113239 0.299419 0.196982 -0.226779 0.528931 0.182565 0.161546 0.201048 -0.003294 0.250051 0.349309 0.013598 0.026991 -0.333785 -0.072465 -0.074482 0.174178 0.019656 -0.278290 0.183353 -0.360349 -0.013541 0.323145 0.124609 0.015228 0.175590 -0.013953 0.218269 -0.087292 -0.051214 -0.210039 0.107288 0.022183 -0.219972 -0.005851 -0.031880 0.059237 -0.152669 -0.047594 0.082262 -0.014527 -0.483647 0.015846 0.005526 0.017034 0.201920 0.115377 -0.031528 -0.513132 0.017006 0.042493 -0.122934 0.048470 0.086286 0.036942 -0.102732 0.154203 0.080784 -0.061974 0.044806 -0.053801 -0.092312
70 0.202686 0.196627 0.087481 -0.332071 -0.100040 0.268394 -0.322649 0.535137 -0.326529 -0.137001 -0.528423 0.313397 0.172973 0.217431 0.019311 -0.020927 -0.008446 -0.456161 -0.074467 -0.029369 -0.168346 0.047816 0.059308 0.398890 0.568344 0.250791 -0.248640 0.230669 -0.289368 0.001716 -0.058641 0.213459 -0.205291 -0.091491 0.081892 -0.161565 0.311787 -0.240134 0.148243 0.268253 0.198690 -0.250700 0.557692 0.149259 0.125630 0.279819 0.022907 0.306295 0.341188 0.021848 0.095746 -0.378535 -0.125361 -0.072515 0.204393 0.023329 -0.274897 0.195227 -0.409068 -0.013397 0.281701 0.134597 0.000309 0.188521 -0.037204 0.223411 -0.053005 -0.042560 -0.279078 0.121257 0.106278 -0.187643 -0.035882 -0.059822 0.071038 -0.139069 -0.055968 0.038126 -0.012582 -0.488818 -0.020794 0.063837 0.041583 0.174164 0.094334 -0.058133 -0.544625 -0.006531 0.063993 -0.069977 0.020193 0.106342 0.070540 -0.082025 0.117434 0.043247 -0.030030 0.065963 -0.065994 -0.122960
90 0.222274 0.211098 0.127661 -0.314868 -0.104532 0.221852 -0.331436 0.516061 -0.315598 -0.114747 -0.515583 0.316591 0.176295 0.194769 0.032431 -0.033992 -0.031917 -0.447470 -0.053459 0.005748 -0.187238 0.001005 0.071798 0.381272 0.568888 0.278229 -0.230450 0.216171 -0.265104 0.009324 -0.040519 0.210346 -0.197941 -0.081822 0.073919 -0.163305 0.295916 -0.232349 0.135181 0.305625 0.212305 -0.266753 0.540723 0.173401 0.148932 0.240610 0.011646 0.276466 0.342615 0.007241 0.079048 -0.369532 -0.090005 -0.085941 0.188557 0.018629 -0.301846 0.180211 -0.375483 -0.014679 0.321340 0.123904 0.003343 0.181788 -0.041353 0.233699 -0.080916 -0.037993 -0.256809 0.140689 0.047668 -0.209028 -0.010305 -0.032549 0.068036 -0.146935 -0.051444 0.064124 -0.010036 -0.520358 0.002109 0.044734 0.028872 0.188800 0.115173 -0.056070 -0.526009 0.001519 0.046044 -0.096567 0.049235 0.106526 0.044909 -0.094719 0.152327 0.095730 -0.068698 0.046782 -0.033183 -0.090020
20 0.194445 0.253190 0.100504 -0.274023 -0.066677 0.214135 -0.296509 0.522818 -0.301341 -0.127138 -0.498598 0.309135 0.178075 0.171379 0.028704 -0.034379 -0.044023 -0.465577 -0.083248 0.013573 -0.175715 0.034661 0.086215 0.352311 0.555478 0.198172 -0.189528 0.214622 -0.288185 -0.000781 -0.062634 0.214383 -0.211459 -0.065696 0.081100 -0.126077 0.310620 -0.229704 0.085243 0.272633 0.222752 -0.243174 0.488520 0.160141 0.169142 0.206371 -0.000661 0.276646 0.335645 -0.032122 0.076266 -0.336114 -0.103115 -0.095367 0.210307 0.028092 -0.260534 0.184046 -0.368377 -0.007496 0.317836 0.133537 -0.017361 0.182228 -0.032410 0.239853 -0.084749 -0.067521 -0.251145 0.124610 0.082842 -0.189749 -0.051372 -0.045457 0.056051 -0.123287 -0.007351 0.040329 -0.020518 -0.492594 -0.010174 0.046258 0.022062 0.197543 0.062315 -0.014749 -0.530163 -0.003183 0.063393 -0.099092 0.097528 0.118266 0.069120 -0.088150 0.132594 0.053810 -0.048558 0.053059 -0.049745 -0.133473
chowk -0.063136 -0.061241 -0.061963 -0.294310 0.000859 0.527611 0.200721 0.279860 -0.364292 0.108835 -0.439807 0.285050 -0.129832 0.304556 -0.156539 -0.103944 -0.185350 -0.149135 -0.156790 -0.260696 -0.095108 0.133893 0.351194 -0.166800 0.129567 0.059866 -0.492280 0.205261 -0.270939 -0.367905 -0.295785 0.166978 0.011911 0.175568 0.395697 -0.193006 -0.037819 -0.411193 -0.200952 -0.215748 -0.013024 0.203246 0.169740 -0.431399 -0.290937 -0.328140 -0.081261 -0.331859 0.286247 -0.017527 -0.220144 -0.195339 0.420862 0.085595 -0.613619 -0.266296 0.211777 -0.394493 0.385975 0.181341 -0.343031 -0.021564 -0.268518 0.088213 0.334470 -0.050212 0.125205 -0.301336 0.181362 -0.637913 -0.342132 -0.069294 0.268120 -0.014333 0.022502 -0.074320 -0.179545 -0.048417 0.061354 0.860180 0.542530 -0.421975 -0.314672 0.345986 -0.296114 0.436820 0.191165 -0.329545 -0.293721 0.206011 -0.488336 0.262410 -0.323361 -0.766586 0.507173 -0.139426 0.026721 -0.243283 -0.336346 0.020485
attractive -0.007174 -0.106759 0.034031 -0.118382 -0.101901 0.378800 0.078689 0.204787 -0.318067 -0.005609 -0.317502 0.090316 -0.120105 0.257372 -0.237859 -0.110874 -0.230151 -0.046347 -0.134343 -0.111296 0.044380 0.134506 0.312513 -0.125720 0.072749 0.217472 -0.430865 0.197717 -0.199566 -0.280014 -0.179614 0.136443 -0.088726 0.161186 0.271741 -0.033577 -0.137279 -0.239446 -0.251071 -0.153032 0.160943 0.123179 0.040935 -0.251673 -0.152054 -0.161081 -0.015934 -0.039061 0.170401 0.006734 -0.166687 -0.204071 0.220847 0.121090 -0.456979 -0.247738 0.189865 -0.211021 0.293521 0.120303 -0.073150 0.127880 -0.212909 -0.035539 0.335133 -0.180737 0.153021 -0.287584 0.092263 -0.458671 -0.275886 -0.010920 0.185980 -0.057571 0.165511 -0.051874 -0.108319 -0.171654 0.147130 0.590613 0.405647 -0.391150 -0.307326 0.283976 -0.274763 0.294079 0.171341 -0.327549 -0.281220 0.155975 -0.303148 0.138360 -0.172917 -0.599151 0.335182 -0.193531 0.091505 -0.185248 -0.201963 0.104853
built 0.128624 0.101263 -0.125490 -0.542433 -0.193319 0.534924 0.597163 0.493206 -0.538327 0.303238 -0.549700 0.364652 -0.257746 0.604441 0.046564 0.399774 -0.235005 -0.254271 -0.151288 -0.567162 -0.554561 0.187675 0.749271 -0.137811 0.217117 -0.150510 -0.502290 0.376854 -0.266041 -0.965813 -0.651532 0.783497 0.144874 -0.144028 0.052082 -0.641172 0.257814 -0.711767 0.054899 -0.549787 -0.237748 0.016107 0.449825 -0.809125 -0.455285 -0.659268 -0.214322 -0.669183 0.581516 -0.003202 -0.406638 -0.160375 0.868906 -0.093654 -0.729769 -0.560880 -0.003690 -0.806033 0.553411 -0.472165 -0.538705 -0.346248 -0.479737 0.230120 0.391104 0.436419 0.068364 0.353410 -0.350395 -0.604476 -0.025220 0.083931 0.682240 -0.259318 -0.424452 0.306348 -0.798273 0.259664 0.366647 1.260538 0.273553 0.106302 -0.616717 0.156936 -0.761885 0.819260 0.593467 0.156391 -0.134591 -0.065756 -0.881333 0.736111 -0.302233 -1.249862 0.877878 0.410754 0.076793 0.117261 -0.627498 -0.512963
newly -0.349106 0.189377 -0.403222 -0.721438 0.137167 0.811271 0.319216 0.586808 0.011742 0.178967 -0.395674 0.613212 -0.341953 -0.021484 0.092959 -0.661339 0.457602 -0.430712 0.195512 -0.742361 0.168371 0.138442 0.308095 -0.295000 0.626233 0.115525 -0.060191 0.183490 -0.729262 -0.020760 -0.570099 -0.042908 0.378107 0.588746 1.035611 -0.091856 0.241631 -0.537486 -0.209513 -0.128686 -0.504914 0.083503 0.141677 -0.642160 -0.546726 -0.372776 -0.422332 -0.664286 0.554253 -0.103780 -0.063832 -0.015827 0.270513 -0.119221 -0.550101 0.078448 0.790174 -0.576641 0.558913 0.782958 -0.924806 0.270732 -0.220265 0.569597 0.327044 0.244206 -0.268319 -0.872256 0.729899 -0.694304 -0.232119 -0.426665 -0.232915 0.180655 -0.100528 0.027386 -0.352674 -0.352407 -0.289433 1.254595 0.830959 -0.882292 -0.557661 0.358702 -0.498069 0.673027 -0.192700 -1.046013 -0.626320 0.366746 -0.795436 0.681399 -0.830769 -1.195721 0.307806 -0.260068 -0.097846 -0.589999 -0.656173 0.255598
commercial -0.060459 0.024721 0.140892 0.092918 -0.012604 0.391853 -0.042373 0.246521 -0.339375 -0.077686 -0.400209 0.006786 0.021176 0.174325 -0.153094 -0.121388 -0.164277 -0.088547 0.037611 -0.070978 -0.042452 0.249879 0.161891 -0.041973 0.039503 0.118503 -0.270506 0.135013 -0.200210 -0.129135 -0.177485 0.152309 -0.194560 0.045276 0.316371 0.005918 0.025433 -0.054147 -0.162604 -0.164317 0.211105 0.188110 0.166719 -0.205119 0.083115 -0.265785 0.006081 -0.018971 0.220762 0.032981 -0.192017 -0.184067 0.226428 0.062204 -0.284109 -0.096951 0.023668 -0.174091 0.143675 0.119807 0.105686 0.052890 -0.019930 -0.072118 0.331152 -0.095475 0.042295 -0.259178 0.137430 -0.256567 -0.155558 -0.142078 0.115918 0.021226 0.056265 -0.095358 0.009116 -0.080178 0.073034 0.346567 0.328410 -0.382825 -0.104045 0.284679 -0.152763 0.313167 0.066759 -0.206442 -0.059019 0.041775 -0.158890 0.124553 -0.139049 -0.326233 0.285146 -0.090209 0.019739 -0.209166 -0.240539 0.018612
10 0.203459 0.235577 0.118874 -0.273813 -0.117240 0.276675 -0.338647 0.527279 -0.327453 -0.164489 -0.513516 0.290590 0.148226 0.217929 -0.016159 -0.005941 0.008067 -0.459058 -0.069565 -0.006531 -0.143950 0.040993 0.088676 0.425844 0.581531 0.252548 -0.275786 0.201984 -0.312576 -0.006069 -0.090878 0.194502 -0.199140 -0.070779 0.071309 -0.142146 0.305617 -0.221816 0.100193 0.288987 0.246089 -0.269685 0.525366 0.162744 0.150202 0.271797 0.059996 0.349453 0.315425 -0.002182 0.105511 -0.405316 -0.141763 -0.090369 0.238621 0.007909 -0.329531 0.223135 -0.388090 -0.013221 0.306490 0.119937 -0.032731 0.190799 -0.041553 0.217237 -0.068624 -0.065334 -0.323802 0.136598 0.099122 -0.190660 -0.052819 -0.047715 0.103761 -0.154110 -0.035602 0.017247 -0.015670 -0.523796 -0.037632 0.129806 0.031374 0.182910 0.081339 -0.083299 -0.578832 -0.010444 0.091763 -0.073705 0.068645 0.107624 0.072537 -0.070119 0.122952 0.057142 -0.060859 0.043270 -0.049156 -0.118379
dhur 0.103401 0.502930 0.084291 -0.157088 -0.211741 0.505729 -0.438400 0.641922 -0.431728 -0.466538 -0.502932 0.350748 0.326767 0.318457 0.025867 -0.021662 0.126424 -0.785488 -0.171024 0.153497 -0.174455 0.107400 0.162904 0.375717 0.664936 -0.036648 -0.052641 0.140576 -0.333445 -0.096125 -0.208362 0.210554 -0.392426 -0.146326 0.159389 -0.232623 0.545053 -0.317123 -0.081324 0.188088 0.477656 -0.415560 0.367776 -0.061483 0.289519 0.147178 0.108496 0.456034 0.270828 -0.153797 0.435888 -0.461251 -0.192288 -0.170790 0.369189 -0.061836 -0.215014 0.268628 -0.382065 0.111444 0.366161 0.021336 -0.086476 0.331490 0.026657 0.270143 -0.152206 -0.338840 -0.460663 0.173618 0.343249 -0.126942 -0.307965 -0.088696 0.045071 -0.056582 0.124858 -0.226065 0.006045 -0.553970 -0.110130 0.174462 -0.157690 0.052299 -0.088923 0.084081 -0.680939 -0.063920 0.258672 0.055189 0.271086 0.227900 0.253115 0.169834 0.021308 0.044863 -0.039597 -0.019831 -0.142974 -0.365455
sitapaila -0.014953 -0.102122 0.000613 -0.099919 -0.060925 0.402567 0.162569 0.157282 -0.322860 0.013364 -0.344416 0.125750 -0.053662 0.282729 -0.208187 -0.110501 -0.111834 0.014332 -0.117355 -0.134231 0.022185 0.183368 0.310118 -0.171527 0.055637 0.097600 -0.451042 0.157986 -0.256857 -0.300030 -0.215429 0.152377 -0.073299 0.180140 0.313660 -0.045171 -0.135896 -0.276681 -0.212552 -0.142288 0.127961 0.112104 0.039600 -0.245509 -0.193827 -0.199574 -0.009930 -0.097732 0.226793 -0.020394 -0.278289 -0.226149 0.291509 0.148136 -0.461670 -0.210181 0.198736 -0.283798 0.359302 0.177022 -0.122948 0.047281 -0.245944 0.010551 0.354749 -0.144052 0.092149 -0.308396 0.129502 -0.433837 -0.250778 -0.014507 0.158220 -0.001224 0.068127 -0.038448 -0.125065 -0.075366 0.099901 0.621735 0.460322 -0.393886 -0.265528 0.301387 -0.219036 0.225552 0.181940 -0.347946 -0.204475 0.168188 -0.397249 0.196632 -0.166565 -0.585260 0.282771 -0.177541 0.073046 -0.173307 -0.294482 0.064050
tokha 0.031029 -0.084568 -0.052696 -0.154115 -0.095637 0.423548 0.152895 0.262722 -0.339549 -0.018413 -0.394006 0.092803 -0.082790 0.232970 -0.200547 -0.128031 -0.108322 -0.129449 -0.158450 -0.091319 0.055240 0.166180 0.315354 -0.085037 0.071053 0.203102 -0.437060 0.224315 -0.175385 -0.284205 -0.168616 0.101270 -0.048400 0.122282 0.334077 -0.011354 -0.130557 -0.313503 -0.211861 -0.078054 0.113742 0.037127 0.026590 -0.289315 -0.098962 -0.107559 0.004972 -0.139704 0.111736 -0.003607 -0.109918 -0.156775 0.156632 0.062093 -0.423413 -0.196687 0.233913 -0.187468 0.270719 0.235615 -0.189192 0.161077 -0.243429 0.114569 0.323083 -0.140511 0.154366 -0.292061 0.110782 -0.465059 -0.283544 0.072381 0.128788 -0.038580 0.088041 -0.048907 -0.125909 -0.162167 0.091448 0.573241 0.367624 -0.300270 -0.301421 0.224228 -0.318532 0.287509 0.155038 -0.365466 -0.287586 0.120445 -0.278744 0.223055 -0.235389 -0.638196 0.316509 -0.186624 0.127499 -0.122756 -0.196356 0.076139
home 0.093108 -0.158872 0.015344 -0.195884 -0.108591 0.446543 0.174882 0.217310 -0.328948 0.035607 -0.464140 0.143802 -0.085491 0.291165 -0.195965 -0.106141 -0.203227 -0.109720 -0.176772 -0.159324 0.062686 0.241629 0.275577 -0.100052 0.162084 0.114642 -0.484577 0.256226 -0.268655 -0.286005 -0.252235 0.102187 -0.035683 0.136549 0.327371 -0.057203 -0.091106 -0.322236 -0.154907 -0.111883 0.178520 0.036007 0.091457 -0.225928 -0.164995 -0.059281 -0.021605 -0.080747 0.204110 -0.116101 -0.243597 -0.260312 0.208678 0.093342 -0.439902 -0.232612 0.140218 -0.181779 0.304479 0.218576 -0.099377 0.100011 -0.252004 -0.036708 0.330633 -0.173511 0.163339 -0.259744 0.092489 -0.380233 -0.237301 -0.065046 0.222881 0.013906 0.102429 -0.049010 -0.056726 -0.137047 0.127621 0.569088 0.417239 -0.426195 -0.248798 0.261197 -0.229628 0.180472 0.196209 -0.331276 -0.194485 0.083148 -0.293672 0.144549 -0.120602 -0.554233 0.297264 -0.260153 0.111126 -0.119111 -0.209287 0.141909
rent -0.024610 -0.038667 0.021025 -0.106176 -0.152588 0.429386 -0.123007 0.168851 -0.261399 -0.228250 -0.135529 -0.002106 -0.011201 0.288886 -0.157430 0.084121 0.041199 -0.028198 -0.020184 0.002374 0.106917 0.097445 0.071336 0.114692 0.146053 0.127454 -0.286859 0.012457 -0.116036 -0.109356 -0.099630 0.014078 -0.136453 -0.066029 0.050356 -0.165229 0.051030 -0.077737 -0.002433 -0.074013 0.224350 -0.049086 0.177186 -0.054739 -0.068631 0.113142 0.126332 0.276678 0.059466 0.172881 0.161570 -0.370784 0.038651 0.108772 -0.081780 -0.084823 -0.044112 0.039494 -0.061444 0.034052 0.051352 0.015631 -0.008789 0.086525 0.091000 -0.040151 0.058304 -0.202507 -0.210378 -0.019624 0.115203 0.071356 -0.042893 -0.082620 0.132390 -0.020132 -0.070864 -0.131650 0.125061 0.035903 0.059923 0.024502 -0.042655 -0.021474 0.026317 -0.093887 -0.103017 -0.102319 0.005808 0.232745 -0.157946 0.066655 0.013387 -0.038998 -0.004971 -0.057174 -0.047200 -0.039476 -0.099860 -0.054074
dhapasi 0.013427 -0.076999 0.021646 -0.066342 -0.102062 0.386818 0.128393 0.212016 -0.286798 -0.012589 -0.333322 0.068290 -0.058458 0.173057 -0.188521 -0.167033 -0.153849 -0.068862 -0.124949 -0.098081 0.032054 0.134909 0.283989 -0.121198 0.030206 0.179916 -0.377147 0.181816 -0.182866 -0.235609 -0.162890 0.146770 -0.068636 0.150276 0.316428 0.011122 -0.116958 -0.220228 -0.279987 -0.102839 0.121824 0.070468 -0.000521 -0.265785 -0.092743 -0.183116 -0.030891 -0.115335 0.146133 -0.024356 -0.198409 -0.130126 0.176358 0.097233 -0.425542 -0.157346 0.224268 -0.222411 0.319015 0.240762 -0.119691 0.101832 -0.216926 0.057592 0.333938 -0.202704 0.136851 -0.312087 0.183976 -0.477646 -0.283958 0.012216 0.156733 -0.007421 0.108294 -0.071793 -0.073409 -0.162457 0.080492 0.560902 0.431416 -0.386933 -0.293176 0.316943 -0.257628 0.339709 0.181837 -0.398202 -0.242656 0.103246 -0.238067 0.215092 -0.211945 -0.572673 0.316226 -0.165892 0.141666 -0.158111 -0.193664 0.130746
15 0.179170 0.210708 0.112626 -0.261101 -0.094403 0.268487 -0.305853 0.491592 -0.298886 -0.163037 -0.472412 0.263689 0.139514 0.201851 -0.009039 -0.025706 0.012019 -0.402001 -0.071974 -0.022721 -0.144221 0.032116 0.077634 0.381372 0.521734 0.247453 -0.250197 0.202375 -0.281363 -0.020073 -0.073956 0.186010 -0.195015 -0.075961 0.085230 -0.136788 0.287524 -0.197246 0.096773 0.261916 0.204770 -0.228115 0.492779 0.149041 0.121009 0.233192 0.055432 0.317941 0.304263 0.011962 0.086077 -0.366936 -0.107218 -0.071276 0.191328 -0.000880 -0.297873 0.176757 -0.345412 -0.021881 0.290844 0.106489 -0.026021 0.177775 -0.030117 0.201052 -0.058487 -0.058229 -0.267498 0.122626 0.082378 -0.171187 -0.040571 -0.058157 0.087730 -0.151836 -0.039229 0.039696 -0.012887 -0.453247 -0.020208 0.099439 0.049360 0.171077 0.084974 -0.067881 -0.510025 -0.001838 0.075995 -0.049479 0.062494 0.118884 0.069081 -0.068059 0.119933 0.071854 -0.076179 0.052053 -0.067402 -0.118339
38 0.159535 0.175921 -0.005739 -0.318764 -0.098070 0.238356 -0.226827 0.415779 -0.247947 -0.186850 -0.409906 0.210953 0.195876 0.203048 0.049156 0.024194 0.020265 -0.474000 -0.131863 -0.008698 -0.153587 0.133687 -0.012398 0.279487 0.490997 -0.016783 -0.066713 0.183561 -0.253349 -0.028332 -0.078746 0.173006 -0.200386 -0.156967 0.055686 -0.122371 0.345274 -0.233291 0.166108 0.113481 0.211328 -0.172223 0.429234 0.017275 0.153203 0.225422 -0.005340 0.246889 0.285815 -0.037102 0.158620 -0.313727 -0.220725 -0.042041 0.250767 0.064366 -0.071643 0.179759 -0.389077 -0.002530 0.194712 0.146972 0.011744 0.156344 -0.007826 0.217960 -0.069663 -0.062037 -0.285551 0.091653 0.282126 -0.109565 -0.119377 -0.073270 0.025140 0.010221 0.005714 -0.119074 -0.060515 -0.399243 -0.043255 0.056192 0.048798 0.051950 -0.068969 0.013659 -0.439824 0.025896 0.055177 0.001756 0.026147 0.114439 0.167761 0.042326 -0.023080 -0.094162 0.120149 0.111955 -0.050407 -0.129859
chandragiri 0.043926 -0.006498 0.045938 -0.092407 -0.084989 0.272747 0.029816 0.156722 -0.261606 -0.028299 -0.354362 0.119294 -0.047313 0.276067 -0.167703 -0.140445 -0.098901 -0.154055 -0.120590 -0.093060 -0.020642 0.159894 0.184484 -0.056442 0.081801 0.098106 -0.311716 0.115767 -0.205401 -0.185769 -0.107810 0.105543 -0.058608 0.140063 0.226892 0.005661 -0.038927 -0.208917 -0.206633 -0.100138 0.109233 0.035131 0.133452 -0.179562 -0.136694 -0.100695 0.039908 -0.007711 0.134915 -0.060563 -0.158759 -0.199327 0.119052 0.097707 -0.262067 -0.197673 0.074576 -0.168513 0.214568 0.131499 -0.012306 0.077783 -0.169513 0.002984 0.209700 -0.093630 0.070439 -0.247227 0.029977 -0.344085 -0.146506 0.016167 0.124705 -0.074776 0.078391 -0.064988 -0.078414 -0.120247 0.037570 0.460752 0.342378 -0.292720 -0.210383 0.269185 -0.212057 0.170552 0.051230 -0.228017 -0.099065 0.102026 -0.233916 0.189465 -0.124759 -0.436959 0.234557 -0.185960 0.112637 -0.076922 -0.145887 -0.036556
85 0.169757 0.194438 0.073738 -0.257531 -0.097756 0.267124 -0.285531 0.443985 -0.282838 -0.162583 -0.428935 0.255428 0.167526 0.206110 0.007931 -0.004234 0.010595 -0.411290 -0.079027 0.001180 -0.135432 0.048156 0.054985 0.340950 0.488388 0.161162 -0.179403 0.172274 -0.257742 -0.023200 -0.065016 0.172600 -0.197964 -0.092278 0.077617 -0.138576 0.275718 -0.207846 0.096454 0.215937 0.224859 -0.233668 0.437342 0.099688 0.131326 0.221042 0.028869 0.277873 0.272633 -0.002564 0.138383 -0.349791 -0.115223 -0.064352 0.198208 0.007269 -0.230070 0.173536 -0.331304 -0.003824 0.251464 0.097937 -0.007177 0.157077 -0.025268 0.187679 -0.065020 -0.084818 -0.271593 0.097582 0.134285 -0.139786 -0.068159 -0.057160 0.069656 -0.099264 -0.013175 -0.008653 -0.010606 -0.415628 -0.022932 0.077655 0.020709 0.116935 0.045015 -0.032542 -0.479083 -0.006081 0.080936 -0.022857 0.047713 0.116980 0.082807 -0.033071 0.085819 0.024773 -0.025430 0.054013 -0.056681 -0.112297
95 0.153185 0.181159 0.097019 -0.232560 -0.067812 0.176583 -0.244295 0.387241 -0.221132 -0.109935 -0.362645 0.243940 0.109362 0.142311 0.012609 -0.011495 0.005526 -0.325932 -0.034649 -0.024073 -0.130642 -0.022781 0.045360 0.322740 0.416488 0.231616 -0.205501 0.152089 -0.219184 -0.001183 -0.034679 0.143202 -0.138906 -0.051492 0.085109 -0.125875 0.199109 -0.180195 0.055416 0.234107 0.183555 -0.207381 0.419763 0.122681 0.102564 0.161116 0.035502 0.246431 0.266132 0.024405 0.083528 -0.293286 -0.065381 -0.074584 0.132154 -0.012435 -0.245800 0.148903 -0.262823 0.004231 0.217823 0.091521 -0.011811 0.137791 -0.028204 0.160587 -0.059589 -0.041534 -0.196242 0.092974 0.033456 -0.138044 0.008896 -0.051820 0.065365 -0.134837 -0.036009 0.043415 0.014122 -0.357638 -0.016182 0.065089 0.019142 0.152622 0.085582 -0.045718 -0.398548 -0.029188 0.050064 -0.056846 0.038808 0.101518 0.017716 -0.099674 0.128990 0.058305 -0.084153 0.033728 -0.036191 -0.085357
bhangal -0.059735 -0.089908 0.000905 -0.166395 -0.045392 0.404208 0.134075 0.183448 -0.285201 0.053631 -0.287658 0.138265 -0.097187 0.232914 -0.146573 -0.057735 -0.154167 0.016679 -0.103670 -0.127614 0.032727 0.124556 0.257537 -0.125756 0.053483 0.110564 -0.385002 0.113713 -0.225375 -0.253598 -0.191419 0.080824 -0.052194 0.181924 0.280028 -0.080993 -0.108285 -0.265229 -0.181798 -0.145897 0.103351 0.159737 0.060777 -0.237618 -0.202639 -0.193343 -0.029279 -0.117134 0.209485 0.019722 -0.140019 -0.185103 0.273156 0.076986 -0.442080 -0.191466 0.146477 -0.242144 0.297823 0.134913 -0.176674 0.004436 -0.203822 0.023246 0.272683 -0.107264 0.072900 -0.289619 0.130016 -0.439129 -0.238854 -0.049240 0.148323 -0.047481 0.095142 -0.015138 -0.120023 -0.077402 0.105758 0.549424 0.395339 -0.350475 -0.248862 0.258897 -0.160861 0.253325 0.139760 -0.298601 -0.238595 0.189805 -0.357480 0.154549 -0.204578 -0.501883 0.296193 -0.146423 0.014153 -0.183156 -0.270702 0.070398
golfutar -0.033056 -0.156392 0.026766 -0.087570 -0.085409 0.387650 0.104249 0.170646 -0.312068 0.017595 -0.289800 0.082138 -0.093464 0.258393 -0.209079 -0.082826 -0.197776 0.051092 -0.139253 -0.073651 0.050190 0.126355 0.266110 -0.145575 0.065217 0.138461 -0.432031 0.154941 -0.236028 -0.252552 -0.194311 0.068355 -0.073594 0.165177 0.236649 -0.012964 -0.146724 -0.274104 -0.212635 -0.105483 0.170239 0.143120 -0.005692 -0.227411 -0.168938 -0.149342 -0.011800 -0.037218 0.181388 -0.005545 -0.207925 -0.200646 0.210826 0.145353 -0.471570 -0.198366 0.165535 -0.217065 0.304616 0.175516 -0.115368 0.064486 -0.211068 -0.020219 0.331417 -0.213343 0.133523 -0.266919 0.160884 -0.419759 -0.257351 -0.018635 0.166683 -0.042538 0.148947 -0.051818 -0.054743 -0.122882 0.122440 0.533453 0.417697 -0.371205 -0.261730 0.276657 -0.169739 0.232747 0.193024 -0.332347 -0.212929 0.151150 -0.309756 0.107119 -0.163587 -0.501214 0.295024 -0.159604 0.045849 -0.146577 -0.242264 0.141170
36 0.155137 0.134605 -0.004224 -0.250890 -0.111200 0.235697 -0.219470 0.369192 -0.235061 -0.189322 -0.382318 0.184911 0.153446 0.194232 0.020086 0.013046 0.042361 -0.392569 -0.099939 -0.002791 -0.117287 0.106131 0.016642 0.287802 0.429449 0.035256 -0.098699 0.159142 -0.230753 -0.018200 -0.067572 0.133642 -0.161523 -0.144759 0.066143 -0.125878 0.275718 -0.185811 0.124854 0.101789 0.197674 -0.190379 0.367257 0.032897 0.111477 0.207306 0.019618 0.258833 0.238227 -0.022543 0.169169 -0.306682 -0.172877 -0.041926 0.207398 0.037907 -0.126011 0.158914 -0.316322 0.015723 0.168308 0.105842 0.017861 0.137567 -0.018187 0.169541 -0.035935 -0.067811 -0.286130 0.088464 0.221520 -0.089959 -0.098853 -0.074477 0.058584 -0.018842 0.005738 -0.095410 -0.031696 -0.343571 -0.037245 0.080264 0.040942 0.053659 -0.020754 -0.034965 -0.384746 0.005142 0.077217 0.006427 0.009918 0.108715 0.124987 0.018729 -0.009732 -0.041683 0.054351 0.094109 -0.039648 -0.119662
thankot 0.030289 0.024686 0.016262 -0.105253 -0.041908 0.280277 0.078240 0.163168 -0.270743 -0.023290 -0.328391 0.140784 -0.039207 0.232034 -0.145855 -0.135795 -0.104867 -0.155791 -0.113503 -0.089375 -0.045626 0.129854 0.227918 -0.084409 0.092288 0.052852 -0.313669 0.116870 -0.184551 -0.241320 -0.132587 0.116639 -0.023389 0.160546 0.221929 -0.031914 -0.027191 -0.253781 -0.194571 -0.124926 0.091439 0.037453 0.064085 -0.209471 -0.112071 -0.135509 -0.025536 -0.069236 0.127888 -0.072845 -0.155448 -0.178200 0.162966 0.059522 -0.266947 -0.151013 0.093915 -0.183875 0.225432 0.115857 -0.085260 0.075153 -0.190680 0.017574 0.232463 -0.072558 0.055541 -0.246006 0.045115 -0.309249 -0.189893 0.003186 0.128603 -0.036104 0.063159 -0.052559 -0.070464 -0.108229 0.060101 0.482966 0.359317 -0.283181 -0.229318 0.252986 -0.237281 0.217859 0.095774 -0.240603 -0.128784 0.105376 -0.254021 0.200037 -0.125952 -0.459647 0.237630 -0.157851 0.089602 -0.075503 -0.173160 -0.038922
flat -0.015169 0.301415 0.082257 -0.149530 -0.086991 0.365643 -0.291153 0.395781 -0.281645 -0.248601 -0.245169 0.241242 0.106056 0.203078 -0.078967 -0.053162 0.104718 -0.411381 -0.098006 -0.013309 -0.123650 0.036667 0.152967 0.285067 0.346963 0.095548 -0.222888 0.175956 -0.261449 -0.079289 -0.152967 0.104342 -0.178675 -0.020168 0.170019 -0.181343 0.179492 -0.134488 -0.141482 0.109978 0.245040 -0.225066 0.260040 0.055178 0.071136 0.136385 0.116172 0.362550 0.136054 0.020346 0.142451 -0.306338 -0.074017 -0.097042 0.117814 -0.078845 -0.214089 0.127558 -0.152835 0.024300 0.157598 0.004952 -0.122300 0.154103 0.015053 0.115444 -0.034284 -0.167399 -0.271022 0.062125 0.147488 -0.126773 -0.067456 -0.147646 0.080079 -0.096056 0.059771 -0.078566 0.066582 -0.163573 -0.022946 0.162292 -0.110350 0.163647 -0.065811 0.075889 -0.443667 -0.021069 0.101637 0.090994 0.165262 0.124024 0.069727 -0.116801 0.037704 0.024188 -0.036282 -0.059559 -0.189606 -0.234706
villa 0.041917 -0.087755 -0.019384 -0.183388 -0.133083 0.504351 0.124750 0.311628 -0.396628 -0.028995 -0.455643 0.113454 -0.071547 0.249743 -0.211559 -0.077432 -0.154852 -0.090135 -0.146167 -0.103023 0.048846 0.189749 0.268164 -0.064305 0.089512 0.244153 -0.440275 0.240100 -0.234960 -0.278268 -0.192006 0.135008 -0.134183 0.093623 0.331202 -0.044063 -0.081302 -0.274299 -0.161244 -0.105359 0.177845 0.055983 0.125745 -0.243164 -0.093796 -0.101259 0.022545 -0.069549 0.153160 -0.002942 -0.115755 -0.258850 0.183970 0.087680 -0.399500 -0.198550 0.152764 -0.176720 0.230275 0.203840 -0.116143 0.105122 -0.229383 0.051654 0.315008 -0.165645 0.155790 -0.318495 0.045034 -0.447027 -0.225828 0.018346 0.147853 -0.031272 0.138431 -0.089336 -0.126298 -0.122676 0.071034 0.494095 0.347978 -0.336829 -0.245135 0.219785 -0.213124 0.284256 0.068495 -0.358137 -0.261648 0.164793 -0.312826 0.190817 -0.217487 -0.530717 0.266773 -0.156265 0.063997 -0.136431 -0.248687 0.090089
42 0.147837 0.144270 -0.002224 -0.260402 -0.079816 0.197797 -0.193927 0.346403 -0.202516 -0.170677 -0.359751 0.160443 0.151614 0.157515 0.026634 0.011355 0.023409 -0.360589 -0.108868 -0.006838 -0.120630 0.115974 -0.006968 0.258551 0.424174 -0.009366 -0.096111 0.159734 -0.233085 -0.031613 -0.080934 0.140149 -0.160095 -0.128864 0.036387 -0.083057 0.288735 -0.210130 0.135104 0.111799 0.197077 -0.133241 0.373807 0.020956 0.134464 0.190412 0.016367 0.229811 0.239217 -0.041074 0.124703 -0.283709 -0.195638 -0.029643 0.209880 0.049355 -0.089486 0.146199 -0.340806 -0.001886 0.167800 0.140784 0.000930 0.121531 -0.001468 0.188476 -0.048946 -0.059222 -0.266529 0.075831 0.228507 -0.104147 -0.084446 -0.054649 0.030677 -0.005508 0.012496 -0.108332 -0.048975 -0.343604 -0.035073 0.050540 0.055223 0.052919 -0.073069 -0.006538 -0.389902 0.019279 0.048660 -0.010670 0.036402 0.100617 0.128351 0.016489 -0.003568 -0.078361 0.088106 0.078478 -0.061264 -0.114465
ropani 0.097104 0.296870 0.065415 -0.224701 -0.134762 0.396038 -0.296052 0.490770 -0.339529 -0.275940 -0.405194 0.265110 0.178254 0.237694 -0.011130 -0.014872 0.059640 -0.502890 -0.112415 0.015618 -0.135362 0.066490 0.081165 0.345763 0.525366 0.090794 -0.151343 0.162857 -0.280699 -0.081381 -0.113877 0.161695 -0.256992 -0.086730 0.147949 -0.177878 0.351836 -0.256604 -0.005199 0.147314 0.324876 -0.238365 0.383224 0.004434 0.152621 0.177483 0.078163 0.354278 0.248123 -0.054979 0.255856 -0.394110 -0.131208 -0.069087 0.225867 -0.049560 -0.182528 0.176346 -0.304573 0.047406 0.218433 0.064549 -0.061396 0.213123 0.019119 0.174700 -0.065583 -0.193061 -0.340269 0.070584 0.206544 -0.125600 -0.143596 -0.087294 0.058463 -0.074847 0.023099 -0.114313 0.001245 -0.354117 -0.022172 0.129031 -0.046884 0.106246 -0.030440 0.025761 -0.519107 -0.057136 0.134649 0.038448 0.119732 0.185051 0.122715 -0.007427 0.042313 0.019904 -0.005754 0.027252 -0.137358 -0.208514
mandikhatar -0.010657 -0.070354 0.018161 -0.115800 -0.045899 0.304003 0.129631 0.137277 -0.246033 0.005444 -0.278132 0.092566 -0.062568 0.195035 -0.145135 -0.085586 -0.127782 -0.045407 -0.130235 -0.095353 0.000201 0.111391 0.208159 -0.106605 0.060530 0.077017 -0.345998 0.121098 -0.177428 -0.217520 -0.167740 0.085447 -0.061208 0.139880 0.245222 -0.039688 -0.099012 -0.223198 -0.181496 -0.106075 0.114837 0.082569 0.019371 -0.188687 -0.139715 -0.125159 -0.006683 -0.056868 0.164660 -0.027621 -0.161092 -0.145572 0.186985 0.077015 -0.348593 -0.173071 0.133420 -0.179099 0.274083 0.137126 -0.090167 0.047121 -0.191784 0.013823 0.240452 -0.114601 0.089757 -0.236719 0.103903 -0.356563 -0.198553 -0.017287 0.119395 -0.014141 0.060383 -0.025416 -0.084347 -0.087662 0.075870 0.456847 0.337292 -0.324545 -0.222773 0.229015 -0.166425 0.200376 0.126247 -0.284459 -0.183233 0.098398 -0.266602 0.156206 -0.138371 -0.431956 0.249158 -0.152842 0.063561 -0.127156 -0.202595 0.059242
hattiban -0.013536 -0.085924 0.046869 -0.092656 -0.058655 0.335462 0.098103 0.146558 -0.316047 -0.014668 -0.254426 0.012246 -0.018230 0.216951 -0.219575 -0.140824 -0.142646 0.037819 -0.108374 -0.054563 0.031923 0.118599 0.243188 -0.109739 0.059562 0.152198 -0.372694 0.132150 -0.195452 -0.261422 -0.141778 0.100146 -0.150649 0.174093 0.218101 -0.044580 -0.154680 -0.184677 -0.185990 -0.126187 0.152255 0.072622 0.042251 -0.147744 -0.120729 -0.081184 -0.013844 0.039678 0.155620 0.060642 -0.193044 -0.190996 0.203910 0.113962 -0.375327 -0.166898 0.158880 -0.132388 0.253628 0.087630 -0.028544 0.085189 -0.166340 -0.033212 0.297469 -0.171676 0.099808 -0.230759 0.106113 -0.311110 -0.213500 -0.002797 0.135399 -0.011371 0.139851 0.022635 -0.067978 -0.108159 0.167508 0.437002 0.348475 -0.364104 -0.185877 0.252398 -0.150500 0.123700 0.109302 -0.284829 -0.153417 0.126623 -0.267771 0.108069 -0.098475 -0.406099 0.183921 -0.146430 0.066710 -0.131073 -0.199893 0.107057
hospital 0.166833 -0.168300 -0.023426 -0.299554 -0.045989 0.481961 0.142758 0.204991 -0.450336 0.001903 -0.555938 0.199398 -0.163249 0.388447 -0.163434 -0.240957 -0.071793 -0.202280 -0.305497 -0.258005 0.006577 0.160980 0.304916 -0.098853 0.132304 0.140645 -0.482327 0.248058 -0.278861 -0.359270 -0.172473 0.107458 0.057653 0.213072 0.392473 -0.023766 -0.060068 -0.408733 -0.260174 -0.187409 -0.035298 0.075559 0.119986 -0.454417 -0.186268 -0.106699 -0.037481 -0.204984 0.144166 -0.093095 -0.162299 -0.231523 0.190792 0.042301 -0.461084 -0.230963 0.202022 -0.299524 0.323040 0.257626 -0.289298 0.126388 -0.349925 0.110869 0.286162 -0.133463 0.240599 -0.305684 0.163027 -0.610414 -0.265518 0.054230 0.261998 -0.051832 0.107188 -0.002655 -0.139177 -0.175808 0.037721 0.781092 0.515575 -0.473447 -0.331617 0.332671 -0.382751 0.376183 0.267995 -0.489737 -0.295995 0.184333 -0.374347 0.310980 -0.208284 -0.729432 0.374716 -0.317718 0.101154 -0.094416 -0.209185 0.050951
storey -0.011704 0.131442 0.007903 -0.004713 -0.074711 0.295786 -0.084168 0.224647 -0.220093 -0.134278 -0.180200 0.133874 0.040601 0.180036 -0.091941 -0.065348 0.014292 -0.226524 -0.095805 -0.035799 -0.037595 0.092973 0.218487 0.033515 0.191638 -0.018274 -0.166527 0.056075 -0.184693 -0.158607 -0.138428 0.086266 -0.116288 0.064488 0.151431 -0.031333 0.116775 -0.191624 -0.200165 -0.015184 0.171198 -0.010624 0.062995 -0.145752 0.009482 -0.043737 0.056502 0.138449 0.112568 -0.083693 0.052560 -0.204617 0.006268 -0.013746 -0.027586 -0.107820 0.035497 -0.021289 0.026567 0.112814 0.031134 0.036997 -0.158710 0.129163 0.149863 0.034641 0.014893 -0.236875 -0.106563 -0.153648 0.025091 -0.024447 -0.037110 -0.077647 0.070183 -0.024182 0.022184 -0.163034 0.043911 0.157964 0.125973 -0.037743 -0.155031 0.116023 -0.220500 0.117831 -0.128990 -0.145779 0.009295 0.132475 -0.032576 0.168602 0.023425 -0.180874 0.103562 -0.060494 0.025209 -0.079696 -0.146736 -0.137093
hattigauda -0.098561 -0.093536 0.003737 -0.135089 -0.034952 0.386773 0.131757 0.157269 -0.294462 0.062237 -0.259776 0.100962 -0.107336 0.233757 -0.162212 -0.027958 -0.142665 0.045651 -0.052140 -0.125669 0.025383 0.141502 0.226539 -0.127434 0.014413 0.105964 -0.372021 0.104753 -0.200000 -0.239431 -0.219343 0.097465 -0.080697 0.156343 0.260203 -0.085308 -0.104196 -0.231281 -0.125052 -0.140365 0.093440 0.186559 0.062263 -0.238226 -0.197433 -0.207397 -0.015686 -0.128657 0.187074 0.067862 -0.179482 -0.167711 0.313892 0.106310 -0.439346 -0.159943 0.126488 -0.248505 0.287168 0.125342 -0.181709 -0.014204 -0.160388 0.020142 0.276950 -0.103456 0.086705 -0.247300 0.148582 -0.420962 -0.230970 -0.032465 0.161468 -0.019996 0.075868 -0.018031 -0.136287 -0.038732 0.102783 0.569900 0.387711 -0.319224 -0.210028 0.220437 -0.120152 0.251775 0.164847 -0.254214 -0.215601 0.167724 -0.372030 0.153016 -0.223805 -0.489535 0.295589 -0.090879 -0.016060 -0.183102 -0.280247 0.084382
pasikot -0.042184 -0.111292 0.031710 -0.125511 -0.047485 0.327179 0.115295 0.148388 -0.221398 0.042505 -0.252127 0.095260 -0.082279 0.194915 -0.172528 -0.031213 -0.131221 0.034160 -0.090528 -0.104553 0.039171 0.126422 0.198881 -0.101713 0.008507 0.156756 -0.355756 0.148203 -0.166811 -0.199858 -0.140084 0.073730 -0.041194 0.136298 0.242120 -0.075424 -0.141012 -0.197553 -0.153365 -0.113555 0.098821 0.145168 0.045810 -0.177256 -0.157084 -0.139228 -0.003677 -0.092007 0.148274 0.048154 -0.107838 -0.157136 0.235079 0.065839 -0.370632 -0.181025 0.105735 -0.179375 0.274300 0.121605 -0.125453 0.009301 -0.146194 -0.017347 0.216407 -0.123377 0.085248 -0.242900 0.097600 -0.375795 -0.242203 -0.012578 0.151082 -0.040747 0.116887 -0.049348 -0.089134 -0.073248 0.095564 0.478287 0.317703 -0.279547 -0.192766 0.208737 -0.110198 0.204239 0.126179 -0.259182 -0.232588 0.140347 -0.289453 0.108607 -0.179237 -0.430276 0.272286 -0.114420 0.001017 -0.177447 -0.212618 0.099640
kalanki -0.010099 -0.040124 0.043773 -0.102249 -0.069050 0.334054 0.034713 0.175320 -0.263562 -0.044895 -0.291269 0.088844 -0.021449 0.202917 -0.156824 -0.049532 -0.106622 -0.068385 -0.104577 -0.087058 0.006687 0.130531 0.191108 -0.048719 0.080620 0.132167 -0.295963 0.125610 -0.201188 -0.163237 -0.160586 0.101508 -0.078676 0.125331 0.213070 -0.051909 -0.047319 -0.184299 -0.176352 -0.097704 0.126152 0.080646 0.095624 -0.189626 -0.111450 -0.095756 0.026767 0.007945 0.160146 -0.010664 -0.110229 -0.192857 0.126251 0.084544 -0.288711 -0.163435 0.116018 -0.125751 0.171258 0.110775 -0.056289 0.076200 -0.149070 0.034567 0.243054 -0.100069 0.091607 -0.221934 0.043971 -0.281167 -0.124458 -0.028429 0.111817 -0.040592 0.074733 -0.041155 -0.051457 -0.094104 0.071837 0.375603 0.291952 -0.268322 -0.212373 0.203503 -0.164401 0.187935 0.054969 -0.264594 -0.144445 0.094781 -0.216400 0.162074 -0.100807 -0.367521 0.218372 -0.126149 0.048604 -0.103029 -0.206938 0.046790
bafal -0.012855 -0.041619 -0.005081 -0.121353 -0.058177 0.303430 0.110158 0.141483 -0.209792 0.027954 -0.231822 0.095400 -0.060666 0.174355 -0.119231 -0.080368 -0.078724 -0.079484 -0.090681 -0.123020 -0.013289 0.111231 0.209502 -0.086689 0.095097 0.062874 -0.289081 0.125508 -0.171560 -0.192401 -0.175044 0.105693 -0.033432 0.116961 0.227998 -0.066187 -0.032419 -0.216461 -0.144589 -0.094259 0.063305 0.057513 0.041499 -0.199238 -0.131525 -0.133402 -0.030897 -0.067455 0.165107 -0.022783 -0.145932 -0.131568 0.186729 0.069536 -0.312319 -0.138051 0.145970 -0.184571 0.215840 0.113873 -0.122821 0.022433 -0.152270 0.060486 0.225100 -0.060429 0.071093 -0.202650 0.085877 -0.299515 -0.155289 -0.056140 0.105267 -0.012232 0.027668 -0.021118 -0.098896 -0.062507 0.062478 0.443508 0.306089 -0.269881 -0.209337 0.181948 -0.193451 0.211300 0.098357 -0.251294 -0.150568 0.083681 -0.246692 0.172762 -0.133365 -0.426349 0.211486 -0.107867 0.038350 -0.119932 -0.208738 0.039818
kathha 0.063891 0.299035 0.039893 -0.177711 -0.115701 0.328796 -0.262334 0.416332 -0.296028 -0.297403 -0.338482 0.227593 0.194889 0.199098 0.023849 -0.006123 0.074732 -0.478575 -0.129192 0.034754 -0.149385 0.078396 0.113173 0.283439 0.456372 -0.013837 -0.084003 0.134360 -0.270154 -0.079013 -0.140147 0.134784 -0.243656 -0.077728 0.132297 -0.136557 0.356464 -0.232428 -0.050103 0.109965 0.313478 -0.207500 0.280525 -0.041147 0.183388 0.113545 0.060024 0.310677 0.218593 -0.091827 0.267595 -0.327920 -0.161225 -0.084797 0.252063 -0.032591 -0.112783 0.142745 -0.252635 0.054414 0.183276 0.051126 -0.068850 0.210450 0.042322 0.167218 -0.058416 -0.187926 -0.338694 0.062663 0.247190 -0.108206 -0.174416 -0.086096 0.040695 -0.013285 0.064389 -0.148406 -0.019485 -0.299814 -0.020940 0.106261 -0.095569 0.085817 -0.083336 0.042508 -0.478245 -0.035436 0.162693 0.040953 0.158901 0.179001 0.149410 0.022706 0.019224 -0.016747 0.025461 -0.001440 -0.142628 -0.223431
grande 0.054207 -0.084380 -0.084257 -0.215516 -0.104553 0.443678 0.197361 0.265012 -0.337741 -0.038951 -0.422672 0.110858 -0.116787 0.221423 -0.203188 -0.121295 -0.095918 -0.113784 -0.131027 -0.155043 0.070440 0.177875 0.267473 -0.072121 0.094746 0.216576 -0.426156 0.223815 -0.172116 -0.257284 -0.151505 0.115495 0.003454 0.148893 0.329999 -0.010513 -0.088271 -0.267105 -0.205699 -0.109756 0.035296 0.067781 0.052663 -0.294207 -0.129482 -0.090052 -0.036052 -0.171714 0.112051 0.009904 -0.117364 -0.135927 0.211521 0.098854 -0.434580 -0.215554 0.222847 -0.227804 0.260002 0.251431 -0.214894 0.166818 -0.283475 0.128861 0.280527 -0.143633 0.168004 -0.279646 0.125723 -0.496110 -0.257188 0.075259 0.151917 -0.050664 0.077252 -0.044513 -0.115623 -0.151206 0.089285 0.620720 0.399938 -0.343144 -0.301392 0.225576 -0.308775 0.330104 0.198869 -0.358338 -0.301820 0.126462 -0.332426 0.233394 -0.263994 -0.636403 0.337679 -0.164164 0.109739 -0.138609 -0.204989 0.040651
bhaktapur 0.036079 -0.027696 0.032247 -0.121639 -0.068641 0.347835 0.000874 0.208061 -0.281305 -0.060918 -0.319326 0.116101 -0.015069 0.234264 -0.136113 -0.082731 -0.089219 -0.130113 -0.133624 -0.100366 -0.034668 0.136728 0.209754 -0.008617 0.165009 0.083711 -0.313034 0.137607 -0.199250 -0.215572 -0.162680 0.126075 -0.082107 0.090950 0.211058 -0.060158 -0.005196 -0.210505 -0.148835 -0.068219 0.146616 0.028893 0.106049 -0.155489 -0.085892 -0.051070 0.026573 0.050296 0.171723 -0.017808 -0.086289 -0.231867 0.101517 0.072452 -0.234323 -0.164370 0.078614 -0.112750 0.121103 0.122331 -0.028542 0.047900 -0.171535 0.059759 0.205859 -0.051606 0.079639 -0.223376 -0.013883 -0.258600 -0.085876 -0.016112 0.058648 -0.036020 0.093005 -0.042425 -0.038016 -0.118933 0.077504 0.330180 0.250503 -0.226523 -0.178261 0.201165 -0.183720 0.152528 0.009487 -0.232538 -0.107968 0.114979 -0.194254 0.163650 -0.057054 -0.342440 0.181569 -0.110806 0.062206 -0.089428 -0.204525 -0.010465
luxurious -0.035922 -0.107868 -0.010633 -0.127334 -0.092901 0.384801 0.096410 0.181531 -0.312747 -0.005929 -0.329184 0.089169 -0.095159 0.241445 -0.167939 -0.044486 -0.122771 0.017784 -0.096440 -0.105118 0.046594 0.151327 0.240613 -0.087641 0.077395 0.158267 -0.399098 0.138407 -0.185375 -0.244558 -0.183666 0.083551 -0.065940 0.127110 0.238598 -0.059905 -0.110316 -0.210612 -0.133801 -0.098501 0.126162 0.128329 0.058098 -0.197749 -0.169019 -0.111780 0.014076 -0.064850 0.150730 0.046942 -0.143466 -0.214777 0.210723 0.100393 -0.399792 -0.186356 0.135464 -0.203112 0.246530 0.142453 -0.118051 0.050292 -0.177060 0.014568 0.278245 -0.145035 0.112603 -0.258914 0.080362 -0.387657 -0.212497 -0.012052 0.150187 -0.032943 0.130001 -0.061141 -0.090416 -0.066997 0.088033 0.482174 0.351337 -0.285709 -0.186977 0.219661 -0.155355 0.207216 0.108272 -0.258121 -0.220881 0.183359 -0.294269 0.126131 -0.163959 -0.448366 0.261089 -0.121368 0.031046 -0.155507 -0.241930 0.054525
28 0.123575 0.117963 0.002380 -0.221003 -0.078381 0.196112 -0.172500 0.300449 -0.203228 -0.149345 -0.322949 0.158306 0.116291 0.170424 0.007379 0.014940 0.038505 -0.312378 -0.084325 -0.019089 -0.103254 0.083531 0.030164 0.218926 0.357149 0.044611 -0.103232 0.125880 -0.193585 -0.002543 -0.063576 0.104903 -0.125963 -0.104093 0.044445 -0.099879 0.222650 -0.160377 0.092016 0.094670 0.162003 -0.157773 0.314393 0.017341 0.086178 0.163072 0.024481 0.185905 0.189473 -0.015426 0.137031 -0.259409 -0.131934 -0.047986 0.149981 0.037693 -0.110037 0.113792 -0.248421 0.013500 0.134814 0.090363 0.008239 0.123261 -0.020312 0.151222 -0.024750 -0.060450 -0.230757 0.082980 0.152573 -0.080431 -0.073832 -0.037627 0.034888 -0.016053 -0.000366 -0.062007 -0.018981 -0.277008 -0.018981 0.046278 0.025005 0.053152 -0.010945 -0.024379 -0.318046 0.000497 0.058419 0.001978 0.017616 0.092910 0.088706 -0.007009 0.003552 -0.029139 0.041597 0.052999 -0.036641 -0.091509
32 0.114349 0.149612 0.013032 -0.210614 -0.071870 0.223662 -0.190289 0.327937 -0.202958 -0.174727 -0.314888 0.165877 0.129448 0.165848 0.003993 0.026126 0.030852 -0.348737 -0.097429 0.003177 -0.107162 0.084994 0.006780 0.228986 0.379543 0.017920 -0.090610 0.139797 -0.210183 -0.039131 -0.079717 0.117174 -0.154135 -0.099696 0.068228 -0.090054 0.255480 -0.173126 0.082307 0.095843 0.190180 -0.145758 0.317464 0.017067 0.114147 0.160594 0.024593 0.231605 0.198122 -0.042051 0.139754 -0.260419 -0.164070 -0.041122 0.192270 0.030346 -0.099994 0.124968 -0.285650 0.015766 0.152444 0.100363 -0.016812 0.136071 -0.011159 0.160865 -0.041845 -0.081307 -0.238849 0.073625 0.192758 -0.087741 -0.097176 -0.069237 0.034836 -0.014399 0.020174 -0.090489 -0.031768 -0.300546 -0.038869 0.061699 0.037199 0.048827 -0.048133 -0.009942 -0.364987 -0.000007 0.074258 0.008421 0.045183 0.118056 0.119236 0.005495 -0.000432 -0.056940 0.062131 0.069859 -0.058096 -0.136313
sundarbasti -0.041509 -0.053774 0.007517 -0.097866 -0.029633 0.316332 0.101062 0.151810 -0.223537 0.017139 -0.267911 0.105863 -0.073559 0.194533 -0.119769 -0.056438 -0.089514 -0.061639 -0.092894 -0.124866 -0.024753 0.107733 0.196036 -0.093318 0.070241 0.084888 -0.262141 0.119294 -0.167801 -0.198375 -0.178938 0.090665 -0.034162 0.119402 0.241198 -0.066272 -0.053120 -0.203270 -0.155192 -0.120626 0.058493 0.109398 0.060634 -0.225183 -0.128987 -0.155228 -0.012069 -0.105288 0.178329 -0.020516 -0.130526 -0.140880 0.204815 0.041262 -0.323625 -0.163044 0.123905 -0.202419 0.257006 0.117049 -0.121567 0.021931 -0.149254 0.032387 0.207584 -0.067854 0.057747 -0.217325 0.086993 -0.335812 -0.177307 -0.057900 0.114346 -0.029543 0.041694 -0.023946 -0.104968 -0.051299 0.062861 0.473622 0.311434 -0.261683 -0.206079 0.205755 -0.162186 0.217882 0.117231 -0.244683 -0.179494 0.093411 -0.270037 0.148335 -0.148017 -0.423027 0.257323 -0.099334 0.036495 -0.138536 -0.221231 0.027816
sukedhara -0.022767 -0.035928 0.002962 -0.084993 -0.023370 0.267818 0.087244 0.114893 -0.199909 0.011485 -0.206356 0.076211 -0.061491 0.167249 -0.114770 -0.081861 -0.092796 -0.060520 -0.088465 -0.075622 0.006025 0.097438 0.203888 -0.100986 0.036739 0.083518 -0.255110 0.092361 -0.158186 -0.179439 -0.143537 0.086548 -0.041459 0.117542 0.213128 -0.024995 -0.051875 -0.194632 -0.155884 -0.087326 0.087527 0.072222 0.035386 -0.183619 -0.106633 -0.144901 -0.013764 -0.062592 0.134240 -0.012376 -0.130210 -0.096681 0.165915 0.056784 -0.267184 -0.126049 0.126286 -0.156927 0.215099 0.122617 -0.101389 0.035742 -0.150257 0.032652 0.212711 -0.070345 0.060430 -0.192807 0.098684 -0.312101 -0.177534 -0.025064 0.104337 -0.022381 0.063171 -0.014330 -0.075953 -0.079310 0.053897 0.409008 0.285075 -0.246885 -0.191665 0.190736 -0.159413 0.189335 0.100255 -0.215028 -0.148557 0.086076 -0.207716 0.128442 -0.124559 -0.391979 0.202339 -0.120007 0.038617 -0.120086 -0.182138 0.048102
modern -0.013570 -0.033344 0.005985 -0.093833 -0.078017 0.350820 0.053320 0.187224 -0.277780 -0.011084 -0.293773 0.107705 -0.066609 0.214237 -0.152861 -0.063002 -0.121809 -0.072251 -0.093821 -0.085277 0.002391 0.140173 0.225208 -0.050856 0.111075 0.116357 -0.326167 0.145807 -0.202403 -0.224098 -0.180626 0.114528 -0.085363 0.112583 0.234465 -0.043686 -0.038277 -0.192871 -0.152198 -0.103664 0.134579 0.073368 0.080708 -0.191800 -0.111958 -0.118170 0.025097 -0.018627 0.156437 -0.007318 -0.116516 -0.200000 0.156435 0.081375 -0.310365 -0.164074 0.103545 -0.176492 0.205898 0.119611 -0.074326 0.062930 -0.170460 0.020459 0.247856 -0.097011 0.081565 -0.237965 0.059490 -0.332388 -0.140165 -0.013462 0.103867 -0.043425 0.089861 -0.036090 -0.084860 -0.109774 0.083952 0.414867 0.306371 -0.280262 -0.200302 0.217821 -0.178757 0.218106 0.065282 -0.254138 -0.166038 0.126239 -0.253934 0.140327 -0.130293 -0.411584 0.218593 -0.122755 0.047699 -0.117158 -0.214541 0.040746
full -0.133316 -0.157477 -0.018041 -0.168767 -0.132543 0.518262 0.196949 0.203229 -0.425069 0.042906 -0.184038 0.019365 -0.104813 0.269148 -0.330956 0.126078 -0.305960 0.234723 -0.081597 0.081507 0.172643 0.132720 0.348759 -0.201154 0.038593 0.157193 -0.592003 0.040784 -0.284460 -0.344142 -0.238803 -0.017576 -0.234539 0.318307 0.128721 -0.065563 -0.224929 -0.393797 -0.213679 -0.046163 0.364130 0.217842 -0.073136 -0.046272 -0.238632 -0.102750 -0.004535 0.097225 0.167446 0.142072 -0.134270 -0.326183 0.364165 0.196589 -0.467876 -0.217131 0.204573 -0.176341 0.270836 0.195287 -0.130997 -0.026142 -0.212934 0.038884 0.413057 -0.231172 0.055025 -0.407177 0.074304 -0.479747 -0.253530 0.006837 0.140858 -0.091657 0.214706 0.006907 -0.039424 -0.019218 0.227379 0.499314 0.516586 -0.378367 -0.380675 0.176771 -0.042269 0.040904 0.082063 -0.338694 -0.310068 0.329717 -0.497088 0.019498 -0.109251 -0.554135 0.190744 -0.231404 -0.032472 -0.212217 -0.404984 0.128291
nagarjun 0.008290 -0.069555 0.027703 -0.122414 -0.080139 0.371077 0.072871 0.194837 -0.288971 -0.022503 -0.330175 0.091078 -0.055746 0.247079 -0.189260 -0.085728 -0.109832 -0.066735 -0.115391 -0.105852 0.021255 0.150646 0.228410 -0.072279 0.099324 0.159683 -0.365610 0.165278 -0.222911 -0.222839 -0.183916 0.106388 -0.098784 0.106398 0.264829 -0.057600 -0.071795 -0.215823 -0.163163 -0.101514 0.168802 0.084620 0.087666 -0.188838 -0.124421 -0.089787 0.002696 -0.025686 0.183887 0.006750 -0.141789 -0.217583 0.165084 0.082855 -0.312464 -0.154271 0.119244 -0.159289 0.220219 0.142393 -0.062336 0.074419 -0.165538 0.000049 0.274168 -0.094277 0.096867 -0.244018 0.044522 -0.332887 -0.157245 -0.017376 0.126747 -0.044982 0.114317 -0.053765 -0.096266 -0.119287 0.102627 0.433232 0.312601 -0.305580 -0.208254 0.232667 -0.155631 0.188093 0.073676 -0.247974 -0.153914 0.122777 -0.244136 0.146919 -0.119649 -0.446767 0.228613 -0.140048 0.061173 -0.144249 -0.204747 0.050045
nakhipot 0.008421 -0.094115 0.007120 -0.138057 -0.052124 0.355998 0.108526 0.169608 -0.307009 -0.005770 -0.298488 0.105610 -0.060032 0.241176 -0.188910 -0.125726 -0.114101 -0.046546 -0.116676 -0.110894 0.044295 0.144736 0.234628 -0.113151 0.073229 0.150341 -0.386049 0.157634 -0.212826 -0.252382 -0.174035 0.116130 -0.106891 0.157849 0.255832 -0.060115 -0.115746 -0.220975 -0.199628 -0.108233 0.133994 0.049679 0.062601 -0.218274 -0.142648 -0.105956 -0.012997 -0.046256 0.194713 -0.006419 -0.164346 -0.193120 0.198279 0.092814 -0.341430 -0.188808 0.160753 -0.167718 0.263996 0.131793 -0.061474 0.091471 -0.195665 -0.003156 0.277698 -0.105995 0.106949 -0.231462 0.094913 -0.375226 -0.206840 -0.013932 0.143506 -0.026154 0.114729 -0.005712 -0.113078 -0.117905 0.122822 0.500847 0.357587 -0.343264 -0.211258 0.255917 -0.192810 0.178201 0.106204 -0.306149 -0.184144 0.129332 -0.293585 0.146793 -0.154278 -0.472639 0.238573 -0.181318 0.080477 -0.145740 -0.206655 0.103591
construction -0.009668 -0.023979 0.012583 -0.111061 -0.062210 0.304681 0.054497 0.200589 -0.272077 0.009193 -0.291480 0.112584 -0.036191 0.193414 -0.140650 -0.077104 -0.134577 -0.084284 -0.088525 -0.088281 -0.015681 0.130505 0.230930 -0.055322 0.113223 0.085016 -0.301128 0.148504 -0.195481 -0.210623 -0.164002 0.112174 -0.083475 0.123870 0.222924 -0.030667 -0.030387 -0.221780 -0.176343 -0.074613 0.130754 0.092983 0.076677 -0.187736 -0.102984 -0.121575 0.000506 -0.033995 0.161406 -0.036119 -0.117339 -0.181872 0.164359 0.063395 -0.278488 -0.150641 0.114668 -0.168796 0.191945 0.122827 -0.052232 0.047864 -0.154370 0.019136 0.227491 -0.076093 0.066490 -0.237559 0.045915 -0.322718 -0.150219 -0.055997 0.122355 -0.027844 0.103348 -0.046914 -0.057596 -0.083343 0.078398 0.403533 0.300697 -0.278235 -0.219675 0.216563 -0.196458 0.205431 0.065747 -0.221351 -0.154748 0.107916 -0.226862 0.129715 -0.122773 -0.416020 0.236615 -0.129375 0.068631 -0.129061 -0.208134 0.026203
syuchatar 0.007363 -0.087594 0.019996 -0.072752 -0.080211 0.361403 0.076568 0.123737 -0.244242 -0.010567 -0.266917 0.048979 -0.063470 0.207151 -0.166810 -0.087333 -0.103089 0.001122 -0.124564 -0.086821 -0.008944 0.112012 0.227005 -0.075268 0.070375 0.088732 -0.320868 0.123169 -0.185787 -0.222218 -0.165840 0.093351 -0.074659 0.153537 0.232608 -0.016278 -0.101672 -0.187551 -0.155503 -0.115547 0.124825 0.083006 0.033219 -0.177154 -0.156130 -0.098480 0.003067 -0.031791 0.170914 -0.013094 -0.151055 -0.167734 0.163982 0.095209 -0.366416 -0.145901 0.124762 -0.162039 0.215423 0.144022 -0.060221 0.027801 -0.151295 0.025622 0.258781 -0.157438 0.111415 -0.228719 0.089850 -0.301483 -0.162341 -0.048355 0.106141 -0.041114 0.107448 -0.041131 -0.045982 -0.083593 0.096742 0.453899 0.361539 -0.327636 -0.236961 0.210703 -0.149748 0.178075 0.107213 -0.276463 -0.151161 0.126440 -0.259634 0.147334 -0.084692 -0.396710 0.209726 -0.117873 0.071149 -0.117404 -0.207726 0.087727
duplex 0.029303 -0.119128 0.044735 -0.086757 -0.071024 0.341683 0.051693 0.120598 -0.282392 0.019919 -0.306251 0.082803 -0.058590 0.245508 -0.158867 -0.103997 -0.122808 -0.018561 -0.111482 -0.093893 0.016949 0.115687 0.217125 -0.062255 0.105707 0.124372 -0.333576 0.155278 -0.172524 -0.201607 -0.166320 0.070006 -0.081620 0.134561 0.231484 -0.019449 -0.091897 -0.188013 -0.149319 -0.103181 0.113732 0.061799 0.046465 -0.182367 -0.148690 -0.074598 0.011885 0.003312 0.160264 -0.004623 -0.186556 -0.210636 0.138269 0.129096 -0.352602 -0.179218 0.126812 -0.168528 0.207790 0.110279 -0.052688 0.065435 -0.171125 -0.036796 0.258205 -0.183479 0.111206 -0.225820 0.103252 -0.322331 -0.162266 -0.010363 0.130395 -0.043268 0.134150 -0.037292 -0.034299 -0.095888 0.082099 0.455551 0.344397 -0.340534 -0.216112 0.239785 -0.162919 0.165865 0.119690 -0.257758 -0.160451 0.132994 -0.251173 0.094548 -0.093045 -0.394887 0.192128 -0.146251 0.060634 -0.115725 -0.198293 0.085777
99 0.156921 0.185381 0.081448 -0.226617 -0.149389 0.361019 -0.297855 0.415225 -0.290459 -0.218802 -0.397039 0.204944 0.089723 0.274853 -0.090282 -0.009793 0.071448 -0.326114 -0.056744 -0.038040 -0.072828 0.050648 0.077695 0.294526 0.470236 0.228066 -0.275271 0.146191 -0.230164 -0.072536 -0.081987 0.153431 -0.129492 -0.083758 0.102219 -0.181020 0.262083 -0.195588 0.068177 0.162327 0.210791 -0.229856 0.444822 0.040262 0.054305 0.238645 0.114706 0.309577 0.209523 0.045061 0.140059 -0.408051 -0.129638 -0.022272 0.140995 -0.045250 -0.273781 0.141087 -0.307854 -0.025212 0.232361 0.086157 -0.027930 0.217327 -0.015030 0.158384 -0.042510 -0.109948 -0.283681 0.118373 0.113575 -0.080513 -0.057325 -0.060467 0.098818 -0.128693 -0.066594 -0.052043 -0.013670 -0.318659 -0.030088 0.099054 0.024912 0.087453 0.017753 -0.086601 -0.429378 -0.011539 0.092611 0.022614 0.007471 0.120240 0.097153 -0.048822 0.058870 0.036390 -0.068219 0.033273 -0.077668 -0.182398
43 0.102998 0.133693 0.005893 -0.184281 -0.059814 0.160633 -0.149065 0.275701 -0.162278 -0.130965 -0.278747 0.129783 0.123061 0.118265 0.016132 0.012353 0.013723 -0.293050 -0.076470 0.006087 -0.092914 0.075172 0.014180 0.195191 0.318932 0.004578 -0.080255 0.128526 -0.173818 -0.030691 -0.048858 0.095052 -0.118298 -0.091386 0.040898 -0.056392 0.227111 -0.143734 0.091834 0.083285 0.152384 -0.106499 0.288117 0.012498 0.098427 0.140679 0.008038 0.164102 0.185397 -0.037737 0.094328 -0.210911 -0.142121 -0.031914 0.164317 0.030745 -0.076524 0.123408 -0.248211 0.015275 0.126442 0.094492 0.003980 0.102509 -0.000254 0.146918 -0.036234 -0.051892 -0.201126 0.072796 0.159455 -0.077766 -0.075718 -0.040196 0.025734 -0.024611 0.020575 -0.078058 -0.027929 -0.255253 -0.013137 0.048020 0.042084 0.058203 -0.051086 0.001281 -0.299499 0.001697 0.037198 -0.015454 0.020112 0.079412 0.105249 0.003774 -0.008432 -0.044425 0.049661 0.065718 -0.057370 -0.089910
tikathali 0.029675 -0.144758 0.023092 -0.121007 -0.067018 0.306232 0.072623 0.111219 -0.236765 -0.027557 -0.227656 0.061344 -0.068909 0.196285 -0.154495 -0.097833 -0.095188 -0.021431 -0.126326 -0.106331 0.059828 0.087743 0.175599 -0.062511 0.079809 0.167911 -0.283978 0.140897 -0.150118 -0.171134 -0.121119 0.045428 -0.052403 0.105990 0.203967 -0.050694 -0.108033 -0.148964 -0.145970 -0.104812 0.096973 0.016554 0.029495 -0.160374 -0.131411 -0.023688 0.017231 0.022533 0.118623 -0.002046 -0.123544 -0.173787 0.096276 0.093569 -0.294172 -0.157674 0.137519 -0.131685 0.214215 0.114370 -0.059830 0.087746 -0.171371 -0.023526 0.210773 -0.147150 0.141953 -0.189990 0.064645 -0.289814 -0.164907 0.001402 0.089865 -0.033435 0.115588 -0.013668 -0.068434 -0.144796 0.087276 0.394975 0.279031 -0.302353 -0.201326 0.171146 -0.140621 0.147686 0.116499 -0.262426 -0.163208 0.112591 -0.209938 0.095144 -0.096282 -0.350815 0.158285 -0.154543 0.054507 -0.091106 -0.142686 0.105839
price 0.024167 0.059030 0.034984 -0.086689 -0.073179 0.238503 -0.070967 0.209379 -0.206266 -0.097749 -0.251778 0.136466 0.046190 0.176061 -0.060993 -0.025093 -0.010365 -0.223852 -0.095660 -0.026982 -0.041044 0.078628 0.118469 0.074534 0.172884 0.053766 -0.154044 0.120208 -0.159894 -0.102180 -0.102051 0.093625 -0.077206 0.009705 0.125582 -0.095771 0.088584 -0.137659 -0.055600 0.011163 0.116656 -0.076196 0.112500 -0.051820 0.013220 0.018552 0.042811 0.104829 0.126448 -0.011029 0.043220 -0.193204 0.005562 0.007485 -0.020435 -0.095634 -0.020034 -0.007044 -0.005768 0.039987 0.051006 0.027421 -0.081447 0.101335 0.094816 0.032248 0.031852 -0.112144 -0.078791 -0.071456 0.012029 -0.042549 -0.010358 -0.045060 0.035539 -0.027023 -0.028285 -0.048840 0.014889 0.056455 0.094177 -0.055231 -0.080663 0.107350 -0.054567 0.080980 -0.141520 -0.119228 0.001061 0.038778 -0.036269 0.123111 0.022936 -0.147230 0.083920 -0.045806 0.017555 -0.034343 -0.116236 -0.069660
property 0.034493 0.039654 0.027357 -0.132275 -0.074665 0.355320 -0.016529 0.274090 -0.283543 -0.077098 -0.316827 0.134159 0.025138 0.204274 -0.110382 -0.057959 -0.071795 -0.206406 -0.129359 -0.030382 -0.028913 0.122279 0.182777 0.027997 0.203245 0.100597 -0.247669 0.159033 -0.216772 -0.174534 -0.144115 0.106864 -0.142743 0.063773 0.195317 -0.063544 0.050950 -0.228127 -0.113313 -0.010083 0.196670 -0.034131 0.132502 -0.112476 0.000434 -0.010926 0.024460 0.085833 0.182684 -0.053781 -0.005325 -0.226650 0.052801 0.024585 -0.127749 -0.110770 0.034544 -0.049925 0.031150 0.103169 0.019827 0.062438 -0.159164 0.062044 0.184760 -0.021110 0.047894 -0.220230 -0.044021 -0.208863 -0.038060 -0.065007 0.030556 -0.049790 0.084972 -0.030535 -0.027174 -0.126294 0.067104 0.155089 0.204708 -0.186033 -0.178624 0.161333 -0.147397 0.138176 -0.107175 -0.210033 -0.089869 0.078637 -0.108380 0.147572 -0.033156 -0.263217 0.149129 -0.116721 0.044359 -0.094492 -0.167201 -0.001853
39 0.097004 0.126979 -0.011134 -0.187632 -0.088084 0.209041 -0.165160 0.277702 -0.191654 -0.164384 -0.293071 0.146832 0.108284 0.173311 -0.016453 0.005482 0.050856 -0.302153 -0.089762 -0.018517 -0.086641 0.097290 0.033167 0.206083 0.332384 0.018912 -0.098489 0.123115 -0.189205 -0.031724 -0.082307 0.104979 -0.122918 -0.090612 0.065689 -0.088526 0.227775 -0.142213 0.074656 0.066507 0.159728 -0.134854 0.274540 0.002634 0.090335 0.157946 0.042888 0.196963 0.159378 -0.020573 0.132551 -0.257554 -0.159808 -0.030005 0.153495 0.011415 -0.074318 0.099775 -0.240102 0.017317 0.130000 0.091930 -0.000522 0.118978 -0.012722 0.137627 -0.025227 -0.062531 -0.218661 0.076118 0.172327 -0.063533 -0.101195 -0.055472 0.042665 -0.014205 -0.002738 -0.081381 -0.027639 -0.236367 -0.030635 0.060633 0.027294 0.037379 -0.042722 -0.013625 -0.308880 0.008639 0.058747 0.016810 0.014234 0.096713 0.111571 -0.000214 -0.019300 -0.042008 0.045049 0.060012 -0.046123 -0.107726
info -0.000439 0.009550 0.009605 -0.001113 0.005270 -0.003154 0.007573 -0.002528 -0.004834 -0.007322 0.006853 -0.004061 0.006266 -0.008271 0.000018 -0.001442 -0.001224 -0.006653 -0.008523 -0.003072 -0.000595 0.005872 -0.000751 -0.005081 -0.004750 0.002238 -0.001287 0.008024 -0.001205 0.001339 -0.008722 -0.006124 0.007003 -0.003105 -0.001580 0.001807 -0.008843 0.000132 -0.003076 -0.007028 -0.001633 -0.001064 -0.006273 0.000861 0.004924 -0.004653 0.009331 0.002249 0.005462 -0.008597 0.005349 -0.003268 0.004203 0.006086 -0.004992 -0.004814 -0.008810 0.002104 0.005481 -0.001799 -0.006780 -0.003671 -0.001943 0.008323 -0.007520 -0.003135 0.002761 -0.005266 0.007695 0.008186 -0.002398 0.004919 0.005118 0.003636 -0.006270 -0.009009 -0.003056 -0.007376 -0.004153 0.002767 0.001776 -0.005811 -0.009646 -0.005487 -0.000904 0.005583 -0.002697 -0.004282 0.001027 -0.008568 -0.005491 -0.009271 0.000512 -0.001136 0.001651 0.002343 -0.002098 0.007378 0.008365 -0.007784
khumaltar -0.017839 -0.029371 0.015286 -0.068757 -0.065245 0.287530 0.032810 0.149641 -0.236216 -0.023311 -0.222977 0.065906 -0.023894 0.178893 -0.141938 -0.051450 -0.101214 -0.044078 -0.066785 -0.030449 0.007863 0.101158 0.205453 -0.061435 0.077628 0.094656 -0.271696 0.096828 -0.184831 -0.189426 -0.137515 0.072374 -0.098716 0.129366 0.171495 -0.033742 -0.047140 -0.180419 -0.152041 -0.070070 0.129950 0.077489 0.039557 -0.136281 -0.080280 -0.107445 -0.002177 0.024091 0.139598 0.005934 -0.096145 -0.181348 0.144990 0.071057 -0.251955 -0.144168 0.110689 -0.126832 0.169392 0.107161 -0.039055 0.041565 -0.133850 0.039120 0.233442 -0.079455 0.048579 -0.215508 0.042632 -0.245001 -0.115304 -0.008654 0.067063 -0.039149 0.097097 -0.013322 -0.042516 -0.093557 0.079170 0.332700 0.268730 -0.230265 -0.171472 0.170006 -0.130765 0.137874 0.050968 -0.194177 -0.115429 0.116083 -0.206365 0.102005 -0.066096 -0.338798 0.162983 -0.114973 0.038986 -0.103181 -0.190674 0.026047
58 0.096306 0.110806 0.004381 -0.190639 -0.068211 0.192206 -0.149330 0.261739 -0.167409 -0.130603 -0.250815 0.136861 0.090711 0.139838 -0.000752 0.013666 0.027833 -0.272696 -0.084655 -0.016086 -0.080368 0.068543 0.007871 0.191283 0.309486 0.028693 -0.096455 0.129829 -0.170132 -0.038710 -0.070870 0.086613 -0.126555 -0.083975 0.065055 -0.083693 0.205025 -0.143000 0.070936 0.073969 0.148353 -0.103376 0.261417 -0.004907 0.076577 0.140104 0.026877 0.188785 0.181510 -0.015305 0.102599 -0.228368 -0.112053 -0.029544 0.138948 0.005097 -0.070434 0.101479 -0.207131 0.015901 0.107121 0.084074 -0.033797 0.102010 -0.004363 0.120656 -0.021539 -0.059429 -0.194535 0.043627 0.161287 -0.058422 -0.058653 -0.067952 0.035528 -0.027890 0.011508 -0.076574 -0.017794 -0.214150 -0.024725 0.052502 0.022476 0.051559 -0.036898 -0.009089 -0.274733 -0.017488 0.044528 0.027917 0.012591 0.092856 0.089342 -0.015563 -0.005779 -0.036878 0.036982 0.039017 -0.056500 -0.096850
48 0.092739 0.115166 -0.008287 -0.182930 -0.092976 0.212087 -0.163109 0.281536 -0.192974 -0.159062 -0.306949 0.151474 0.111457 0.154285 -0.000494 0.011873 0.030221 -0.303096 -0.083380 -0.009625 -0.079337 0.089974 0.033989 0.198012 0.321183 0.015491 -0.082014 0.129287 -0.179627 -0.029118 -0.068946 0.100024 -0.120935 -0.088462 0.057407 -0.084196 0.214217 -0.158684 0.070248 0.077330 0.161145 -0.131789 0.261018 0.000539 0.089383 0.147834 0.019290 0.179999 0.171311 -0.037058 0.114669 -0.235249 -0.118420 -0.033907 0.140320 0.023406 -0.082966 0.103430 -0.218877 0.015738 0.125739 0.068991 0.001767 0.117341 0.002458 0.130593 -0.030828 -0.073359 -0.205927 0.064633 0.141588 -0.058590 -0.073406 -0.048360 0.034687 -0.012159 0.007909 -0.083743 -0.019129 -0.219564 -0.010666 0.040082 0.014292 0.047572 -0.038490 -0.009854 -0.299758 -0.007937 0.057826 0.003788 0.007168 0.089714 0.083198 -0.015938 0.019482 -0.033204 0.044890 0.055575 -0.049267 -0.087210
26 0.099680 0.138540 -0.000248 -0.164374 -0.064489 0.192315 -0.150858 0.280099 -0.183793 -0.159436 -0.262568 0.134367 0.102700 0.145517 -0.015948 0.008824 0.033416 -0.286793 -0.084555 -0.006361 -0.071402 0.070036 0.035157 0.190960 0.305176 0.007499 -0.073238 0.127346 -0.183845 -0.037829 -0.083568 0.109579 -0.121988 -0.071980 0.048883 -0.072026 0.220681 -0.133351 0.028624 0.077195 0.182618 -0.132358 0.244097 -0.001062 0.105699 0.131468 0.039863 0.206003 0.160369 -0.042177 0.124574 -0.233315 -0.125811 -0.045412 0.157153 0.013510 -0.095991 0.113125 -0.225756 0.007509 0.127286 0.081099 -0.016641 0.125471 -0.009920 0.136812 -0.042089 -0.076675 -0.218013 0.072901 0.163944 -0.067529 -0.083784 -0.053703 0.055539 -0.013856 0.029705 -0.082118 -0.025238 -0.241934 -0.030616 0.079657 0.011014 0.041409 -0.053699 -0.010524 -0.306488 0.007461 0.081631 0.007958 0.046683 0.102406 0.093941 0.003698 0.001709 -0.024189 0.038739 0.044293 -0.051510 -0.112236
urgent 0.016587 -0.037297 0.012257 -0.112377 -0.069727 0.336958 0.026364 0.212866 -0.271422 -0.046322 -0.283165 0.107906 -0.037277 0.218938 -0.129767 -0.080078 -0.093052 -0.109658 -0.096929 -0.092315 -0.011844 0.100101 0.192017 -0.023615 0.143477 0.109250 -0.280984 0.143338 -0.204590 -0.189666 -0.162579 0.083999 -0.101987 0.085962 0.198248 -0.068035 -0.007104 -0.206279 -0.130215 -0.074247 0.124585 0.031212 0.102827 -0.184094 -0.102453 -0.055338 0.017638 0.036999 0.175466 -0.008300 -0.086081 -0.213723 0.096564 0.058316 -0.241476 -0.149917 0.087942 -0.119967 0.129201 0.110124 -0.047542 0.073602 -0.152302 0.019340 0.215003 -0.088172 0.088682 -0.213751 0.015782 -0.264079 -0.105065 -0.040779 0.078162 -0.041674 0.096034 -0.035681 -0.064979 -0.097249 0.062539 0.320217 0.260031 -0.245167 -0.182574 0.199699 -0.158801 0.172515 0.018893 -0.222913 -0.102120 0.121810 -0.200998 0.127425 -0.070825 -0.344196 0.192726 -0.107532 0.055115 -0.095920 -0.185618 0.026602
bansbari -0.013896 -0.064503 0.029737 -0.116640 -0.074713 0.350460 0.040810 0.168623 -0.247374 -0.059979 -0.251175 0.076661 -0.037825 0.215480 -0.151738 -0.050908 -0.077044 -0.043907 -0.084410 -0.080594 0.022994 0.107016 0.177025 -0.036383 0.077261 0.137141 -0.293503 0.136964 -0.171129 -0.179783 -0.138232 0.079226 -0.094396 0.096668 0.215940 -0.060112 -0.054667 -0.176076 -0.135341 -0.084085 0.145701 0.066890 0.083665 -0.140432 -0.101413 -0.052553 0.015254 0.023451 0.147887 0.025276 -0.079525 -0.202237 0.142256 0.059998 -0.250902 -0.138488 0.081786 -0.110037 0.155085 0.094673 -0.043606 0.036215 -0.128025 0.025665 0.196518 -0.100234 0.094261 -0.216478 0.016206 -0.274955 -0.137162 -0.029177 0.075239 -0.028894 0.107500 -0.045278 -0.076700 -0.088494 0.094633 0.332551 0.252965 -0.240982 -0.173113 0.175820 -0.121465 0.136287 0.023494 -0.226426 -0.137077 0.119190 -0.215720 0.138470 -0.102384 -0.345688 0.189777 -0.109177 0.041782 -0.128996 -0.171733 0.070962
hepali 0.030136 -0.171705 0.054817 -0.082664 -0.098071 0.385885 0.108764 0.122615 -0.274241 0.018867 -0.284424 0.044396 -0.113372 0.231186 -0.193621 -0.097415 -0.128319 0.032597 -0.140060 -0.102205 0.034629 0.084088 0.238067 -0.129492 0.090838 0.157803 -0.380542 0.156795 -0.202141 -0.209203 -0.161715 0.095009 -0.048430 0.141403 0.208294 -0.022708 -0.158357 -0.214857 -0.206626 -0.117203 0.131719 0.074822 0.001124 -0.217533 -0.182423 -0.098386 0.006134 -0.032765 0.168653 0.024200 -0.179898 -0.210866 0.146691 0.129085 -0.424858 -0.180427 0.124987 -0.186634 0.312279 0.162897 -0.071801 0.067892 -0.183547 -0.022666 0.298953 -0.227356 0.148087 -0.255035 0.161161 -0.358317 -0.252609 -0.004512 0.148181 -0.012148 0.157778 -0.041329 -0.056611 -0.111883 0.118041 0.491059 0.389345 -0.361822 -0.251457 0.279109 -0.137576 0.192767 0.169921 -0.329572 -0.209541 0.150493 -0.284253 0.122156 -0.155506 -0.446850 0.281717 -0.138220 0.093314 -0.129103 -0.166209 0.171345
37 0.098444 0.118972 0.009038 -0.211021 -0.073447 0.186628 -0.148076 0.283919 -0.174367 -0.133957 -0.290038 0.135771 0.120774 0.144669 0.010852 0.007464 0.027172 -0.291005 -0.083999 -0.004430 -0.093357 0.077910 0.013022 0.196795 0.331182 0.022878 -0.094735 0.134195 -0.185813 -0.044227 -0.075650 0.110797 -0.130732 -0.087872 0.061173 -0.073607 0.227848 -0.169872 0.082148 0.075795 0.161203 -0.113845 0.286577 -0.000971 0.079158 0.146190 0.019136 0.181842 0.185720 -0.025921 0.112989 -0.244407 -0.133949 -0.023990 0.137578 0.014988 -0.068653 0.117781 -0.237706 0.017462 0.113674 0.083036 -0.000784 0.104726 0.005236 0.127623 -0.029600 -0.058746 -0.208493 0.062539 0.172579 -0.068276 -0.073100 -0.059471 0.026581 -0.024963 0.006613 -0.083980 -0.033704 -0.226097 -0.012014 0.048109 0.016378 0.048372 -0.042386 -0.010843 -0.296750 0.006075 0.041744 0.005839 0.009518 0.098560 0.088972 0.004045 0.004590 -0.045924 0.056462 0.067163 -0.051873 -0.104434
52 0.091242 0.103302 -0.002614 -0.215778 -0.065091 0.204910 -0.145318 0.263010 -0.184100 -0.139449 -0.278310 0.127504 0.094591 0.149802 -0.002621 0.013873 0.026568 -0.266291 -0.092324 -0.031972 -0.068461 0.084220 0.009186 0.202301 0.311132 0.033130 -0.099819 0.126294 -0.171059 -0.030737 -0.063235 0.099947 -0.115576 -0.087666 0.054488 -0.080561 0.191579 -0.155221 0.087634 0.070123 0.140932 -0.101994 0.288045 0.008812 0.067720 0.160715 0.038388 0.173979 0.179219 -0.011634 0.110052 -0.244882 -0.132498 -0.022217 0.131285 0.001886 -0.087487 0.095490 -0.213400 0.005132 0.105161 0.088044 -0.015525 0.103289 0.002484 0.108418 -0.017205 -0.049703 -0.197751 0.037766 0.148591 -0.056212 -0.064673 -0.068116 0.044363 -0.019257 -0.011947 -0.056337 -0.030009 -0.206239 -0.008784 0.048713 0.026734 0.054202 -0.025193 -0.023545 -0.290074 -0.007717 0.033566 0.036797 -0.006294 0.101895 0.089557 -0.018034 -0.005957 -0.043812 0.048818 0.062175 -0.064455 -0.092934
12 0.107603 0.137743 0.042970 -0.159132 -0.062906 0.203077 -0.183062 0.305249 -0.202166 -0.142707 -0.288411 0.150903 0.107734 0.129613 -0.023868 0.004267 0.014682 -0.300190 -0.060755 -0.011413 -0.069798 0.042033 0.062252 0.204429 0.322732 0.105016 -0.114834 0.137740 -0.189544 -0.030633 -0.064592 0.117697 -0.141728 -0.056032 0.069182 -0.103794 0.199420 -0.139491 0.020254 0.118014 0.152662 -0.157437 0.253013 0.049814 0.097919 0.136871 0.037791 0.193666 0.167990 -0.018413 0.108073 -0.233919 -0.084670 -0.053212 0.129075 -0.012789 -0.144340 0.103535 -0.222940 -0.000678 0.170263 0.065858 -0.041832 0.138864 -0.019267 0.119199 -0.039164 -0.070946 -0.185246 0.077271 0.103796 -0.089656 -0.059734 -0.044518 0.048245 -0.067788 0.003507 -0.027901 -0.014913 -0.261060 -0.025775 0.056595 0.014125 0.077603 0.001691 -0.026135 -0.314666 -0.016539 0.079410 -0.009855 0.066840 0.088159 0.068879 -0.017931 0.036548 0.009709 -0.015789 0.015048 -0.047333 -0.094955
23 0.083898 0.116616 0.005853 -0.173563 -0.083723 0.197718 -0.162776 0.270940 -0.188113 -0.144392 -0.271624 0.143834 0.108517 0.152191 -0.010815 0.007573 0.041232 -0.277487 -0.080098 -0.011591 -0.063630 0.080658 0.036784 0.187905 0.296656 0.022071 -0.085060 0.118826 -0.167031 -0.032595 -0.077416 0.086693 -0.111121 -0.081599 0.068499 -0.073683 0.191535 -0.133180 0.039064 0.070911 0.160625 -0.120507 0.245918 0.008962 0.082514 0.140260 0.038751 0.187174 0.152071 -0.033457 0.129568 -0.224784 -0.101480 -0.029977 0.136623 0.011833 -0.080654 0.092835 -0.199747 0.024677 0.121591 0.075113 -0.017502 0.107048 0.006858 0.125237 -0.029067 -0.076483 -0.190764 0.045998 0.141557 -0.065184 -0.079152 -0.038257 0.045684 -0.020368 0.008639 -0.079636 -0.013460 -0.205904 -0.007172 0.047457 0.004190 0.047260 -0.027802 -0.003612 -0.279862 -0.008847 0.064377 0.014505 0.028625 0.090162 0.077107 0.001719 0.015861 -0.031293 0.023999 0.033658 -0.042819 -0.097821
24 0.105823 0.141859 0.019446 -0.188325 -0.080187 0.253786 -0.179360 0.312394 -0.229297 -0.168666 -0.318610 0.168898 0.095217 0.187203 -0.018108 -0.008103 0.040126 -0.319147 -0.081776 -0.020526 -0.092324 0.066324 0.061762 0.212809 0.356200 0.068203 -0.141825 0.141467 -0.200182 -0.052998 -0.089070 0.115908 -0.143526 -0.078291 0.074875 -0.086957 0.208092 -0.171210 0.048700 0.088493 0.171956 -0.147152 0.294424 0.008064 0.091736 0.156043 0.039992 0.201909 0.186898 -0.027583 0.116440 -0.274492 -0.103525 -0.028138 0.128958 -0.002860 -0.099442 0.103117 -0.228431 0.012761 0.140928 0.084225 -0.044959 0.137363 0.010014 0.114121 -0.021877 -0.096907 -0.216721 0.037376 0.135116 -0.074960 -0.071665 -0.055354 0.056715 -0.040875 -0.008857 -0.060473 -0.024280 -0.227606 0.007151 0.046812 0.002431 0.072176 -0.032850 0.008375 -0.321658 -0.031860 0.070261 0.018417 0.022042 0.101565 0.093632 -0.034789 0.037076 -0.016285 0.012003 0.039619 -0.076012 -0.119535
system 0.004285 0.110959 0.053951 -0.082536 -0.092306 0.377586 -0.030956 0.290338 -0.263248 -0.047570 -0.344732 0.211850 0.017129 0.224635 -0.135921 -0.068653 -0.039114 -0.238474 -0.148219 -0.023304 -0.056471 0.115115 0.147365 0.021257 0.245149 0.095307 -0.239636 0.212035 -0.241110 -0.121674 -0.153947 0.181979 -0.155124 0.080181 0.191553 -0.036981 -0.015717 -0.179156 -0.191375 -0.046811 0.199832 -0.082128 0.177620 -0.068693 0.023258 -0.089857 0.057378 0.131058 0.162359 0.019941 -0.011414 -0.237301 0.042753 -0.002341 -0.117477 -0.110470 -0.044504 -0.084818 0.066274 0.131329 -0.003631 0.013257 -0.118066 0.112102 0.247076 0.017029 0.090853 -0.250731 -0.083796 -0.233806 -0.105166 -0.012785 0.046937 -0.118350 0.080628 -0.099981 -0.052585 -0.119047 0.055462 0.239798 0.155677 -0.147512 -0.184805 0.179906 -0.090652 0.227271 -0.182577 -0.232359 -0.114790 0.086986 -0.099663 0.142830 -0.085027 -0.346322 0.149272 -0.109313 0.007255 -0.085261 -0.233315 -0.115050
34 0.096544 0.133846 0.018848 -0.179295 -0.061397 0.179980 -0.145885 0.262842 -0.170759 -0.134938 -0.260476 0.140055 0.115547 0.130506 0.000619 -0.001760 0.025664 -0.293547 -0.081089 0.009048 -0.076490 0.059556 0.009343 0.192122 0.307977 0.009827 -0.070493 0.103564 -0.163527 -0.031031 -0.068377 0.100188 -0.129743 -0.084965 0.051186 -0.066358 0.205970 -0.163258 0.050665 0.073910 0.178986 -0.126899 0.265002 -0.004595 0.109242 0.120809 0.009799 0.159275 0.183142 -0.025520 0.104259 -0.209899 -0.101631 -0.026524 0.131473 0.019653 -0.073901 0.117672 -0.218474 0.016481 0.115131 0.077122 -0.030171 0.101289 0.016072 0.129991 -0.050716 -0.074178 -0.185309 0.055891 0.144282 -0.079201 -0.069356 -0.044182 0.026719 -0.025355 0.011356 -0.070095 -0.016178 -0.231800 -0.025326 0.030316 0.004584 0.058930 -0.055600 0.016045 -0.293619 -0.011654 0.045292 0.014265 0.035169 0.089201 0.078322 0.010253 0.010856 -0.041625 0.043939 0.041988 -0.054316 -0.098321
butwal 0.017706 0.128886 0.024586 -0.107044 -0.073970 0.354308 -0.086041 0.315269 -0.265414 -0.130784 -0.338396 0.169499 0.073780 0.194539 -0.099900 -0.050987 -0.045547 -0.318303 -0.141501 -0.030788 -0.063685 0.127235 0.182562 0.085408 0.266462 0.034770 -0.195620 0.157308 -0.251733 -0.167325 -0.166762 0.150356 -0.183411 0.051278 0.187505 -0.082200 0.167433 -0.225439 -0.124666 0.006894 0.221517 -0.067660 0.160900 -0.122805 0.066189 0.003815 0.041419 0.130950 0.221357 -0.073177 0.032545 -0.260254 0.023096 -0.032314 -0.039998 -0.099552 -0.001021 0.006124 -0.016332 0.119531 0.088736 0.044036 -0.161173 0.103563 0.145670 0.036885 0.011608 -0.227119 -0.142539 -0.121835 0.012737 -0.069251 -0.026804 -0.041527 0.082430 -0.060420 0.025825 -0.131975 0.042411 0.053877 0.148452 -0.101808 -0.153955 0.174942 -0.149983 0.143229 -0.195732 -0.171146 -0.003023 0.075191 -0.021975 0.154732 0.047700 -0.185294 0.130428 -0.090971 0.029326 -0.077750 -0.175132 -0.102363
dhapakhel 0.029909 -0.080452 0.033563 -0.095135 -0.071175 0.323383 0.037459 0.151192 -0.265102 -0.015100 -0.275361 0.081911 -0.052674 0.214420 -0.142678 -0.102120 -0.078265 -0.048429 -0.129768 -0.085356 0.002021 0.090967 0.206244 -0.039697 0.097728 0.119024 -0.302190 0.130349 -0.181053 -0.205643 -0.144106 0.107843 -0.079168 0.116048 0.214864 -0.030908 -0.060743 -0.195076 -0.157202 -0.085186 0.124854 0.036991 0.051545 -0.167934 -0.126685 -0.060620 0.012469 0.010329 0.138099 -0.006551 -0.117167 -0.184842 0.129029 0.083286 -0.301088 -0.151903 0.091142 -0.129821 0.188326 0.121655 -0.050091 0.056033 -0.165537 0.018525 0.231797 -0.128463 0.106520 -0.221786 0.062390 -0.292794 -0.144499 -0.007645 0.091588 -0.041390 0.112889 -0.025297 -0.055173 -0.110922 0.089649 0.365622 0.293582 -0.259809 -0.188146 0.219363 -0.159682 0.156498 0.062133 -0.245514 -0.141120 0.123546 -0.210825 0.122223 -0.097652 -0.345288 0.183463 -0.123298 0.067667 -0.099650 -0.183266 0.060170
baluwakhani 0.037810 -0.079272 0.008960 -0.171372 -0.030347 0.299091 0.109254 0.130887 -0.219629 0.068309 -0.278650 0.148124 -0.059868 0.202631 -0.083850 -0.113051 -0.067633 -0.101524 -0.120058 -0.188976 -0.029946 0.112224 0.199280 -0.063317 0.129638 0.036754 -0.285028 0.114071 -0.167963 -0.177309 -0.158146 0.096133 0.018125 0.126823 0.269443 -0.076904 -0.014409 -0.266900 -0.131329 -0.117247 0.007506 0.033599 0.084023 -0.250538 -0.164606 -0.095867 -0.028611 -0.106908 0.192445 -0.059284 -0.158280 -0.154984 0.158440 0.074301 -0.318250 -0.156011 0.111875 -0.194037 0.230276 0.143604 -0.142752 0.036907 -0.196537 0.033067 0.199631 -0.070572 0.084896 -0.179289 0.123792 -0.318896 -0.144580 -0.028583 0.112721 -0.022419 0.027879 -0.007767 -0.096416 -0.072683 0.052035 0.483852 0.315170 -0.285629 -0.219810 0.215241 -0.196902 0.196882 0.128712 -0.280246 -0.143334 0.106871 -0.281244 0.191414 -0.143316 -0.408009 0.211573 -0.128674 0.049517 -0.078998 -0.184035 0.036794
sheetal 0.106832 -0.231215 0.037540 -0.121012 -0.140802 0.347378 0.078520 0.122959 -0.253829 -0.004915 -0.253051 0.037843 -0.167400 0.184835 -0.213604 -0.115504 -0.144150 0.025604 -0.170762 -0.095905 0.091344 0.033675 0.201754 -0.087919 0.077110 0.239085 -0.319050 0.212520 -0.164226 -0.165405 -0.082461 0.027122 -0.037314 0.130187 0.167375 0.004618 -0.182361 -0.160754 -0.207016 -0.115942 0.116827 0.030906 -0.028378 -0.209337 -0.173742 -0.019100 -0.014687 0.010416 0.105102 -0.030015 -0.126133 -0.176069 0.051293 0.133427 -0.396792 -0.170194 0.147619 -0.160889 0.266397 0.143246 -0.087636 0.125072 -0.195925 -0.086670 0.280203 -0.289221 0.202252 -0.222422 0.149061 -0.395943 -0.232330 0.053214 0.134156 -0.052166 0.194967 -0.034572 -0.051447 -0.223701 0.093154 0.462281 0.324562 -0.379347 -0.274877 0.237316 -0.156446 0.196207 0.195232 -0.336438 -0.237907 0.141155 -0.213370 0.066793 -0.122407 -0.435442 0.235142 -0.188789 0.135987 -0.110604 -0.114453 0.224542
maharajgunj -0.012557 -0.010873 0.018976 -0.119054 -0.057148 0.386020 0.025344 0.227604 -0.310620 -0.073582 -0.286603 0.057878 -0.013802 0.216011 -0.156872 -0.029544 -0.120603 -0.073380 -0.069941 -0.039938 0.023482 0.141091 0.182368 -0.036932 0.115561 0.113575 -0.338537 0.108103 -0.221542 -0.206139 -0.147190 0.090216 -0.144118 0.092441 0.212761 -0.054001 -0.029163 -0.199440 -0.123870 -0.065468 0.202623 0.077238 0.101055 -0.129589 -0.053056 -0.079869 0.018396 0.050447 0.160418 0.015196 -0.060437 -0.216264 0.151803 0.051847 -0.228397 -0.117655 0.061515 -0.094242 0.114519 0.105379 -0.002745 0.050156 -0.122772 0.029826 0.247656 -0.082441 0.068787 -0.242846 0.015128 -0.275329 -0.101428 -0.054455 0.072277 -0.045521 0.105267 -0.043087 -0.032857 -0.081193 0.072330 0.284753 0.263813 -0.232192 -0.171033 0.165888 -0.122727 0.142531 -0.015486 -0.205765 -0.126413 0.139515 -0.220208 0.116960 -0.089742 -0.337009 0.187619 -0.112217 0.025357 -0.115861 -0.212568 0.023997
ganesh -0.067236 -0.076851 -0.033224 -0.198449 -0.030636 0.384021 0.160260 0.188945 -0.265047 0.075591 -0.306604 0.146054 -0.105470 0.273149 -0.130847 -0.053103 -0.077937 -0.058337 -0.073684 -0.170843 0.020312 0.163384 0.247329 -0.109608 0.063933 0.132091 -0.314505 0.147749 -0.210700 -0.265541 -0.223007 0.098294 -0.041480 0.160482 0.280840 -0.047137 -0.054314 -0.278505 -0.093697 -0.150923 0.062380 0.138230 0.097717 -0.288638 -0.217823 -0.190127 -0.002877 -0.152462 0.214090 0.038309 -0.141048 -0.135991 0.250125 0.073131 -0.355439 -0.165903 0.110328 -0.225360 0.251821 0.116458 -0.228228 -0.000817 -0.177607 0.073037 0.225419 -0.052649 0.087312 -0.212860 0.130715 -0.463626 -0.187174 -0.021003 0.164049 -0.045981 0.092980 -0.005402 -0.183571 -0.047868 0.074921 0.570885 0.339221 -0.268643 -0.263806 0.223741 -0.156572 0.262043 0.123214 -0.249434 -0.222436 0.151418 -0.356224 0.170534 -0.236097 -0.527908 0.290637 -0.102299 0.005062 -0.135835 -0.280290 0.075126
housing 0.038986 -0.061929 -0.016785 -0.188628 -0.099187 0.441804 0.096985 0.284597 -0.345671 -0.050697 -0.402868 0.138823 -0.075417 0.226239 -0.162859 -0.108755 -0.097492 -0.148105 -0.149890 -0.140548 0.029426 0.142127 0.249950 -0.035741 0.142868 0.173816 -0.372477 0.221172 -0.221446 -0.250720 -0.177570 0.115269 -0.062348 0.114996 0.304190 -0.043942 -0.029720 -0.277434 -0.170336 -0.078420 0.129760 0.036052 0.086915 -0.241861 -0.092722 -0.087600 0.002220 -0.068308 0.161522 -0.031774 -0.103124 -0.219897 0.152012 0.064647 -0.332547 -0.166539 0.149198 -0.168049 0.204044 0.178192 -0.127995 0.118151 -0.213804 0.089095 0.259937 -0.100640 0.109977 -0.261453 0.055721 -0.398418 -0.187385 0.004747 0.124251 -0.033408 0.111018 -0.032737 -0.092950 -0.137674 0.082379 0.470618 0.347936 -0.299323 -0.263990 0.234049 -0.242904 0.246303 0.062301 -0.328737 -0.194175 0.133546 -0.271152 0.204553 -0.168693 -0.509954 0.262729 -0.144707 0.078085 -0.120449 -0.219942 0.054559
13 0.091643 0.128304 0.040444 -0.151315 -0.068778 0.226480 -0.149651 0.287808 -0.196434 -0.139663 -0.281632 0.148143 0.108050 0.154124 -0.013195 0.004143 0.013943 -0.294145 -0.079876 0.004258 -0.066926 0.061704 0.057283 0.176093 0.304256 0.061645 -0.111185 0.118502 -0.177138 -0.045119 -0.076496 0.111855 -0.141269 -0.059665 0.074826 -0.093572 0.186392 -0.154337 0.024627 0.081452 0.169268 -0.129437 0.233768 0.010402 0.088110 0.118686 0.023274 0.171700 0.165987 -0.031202 0.106511 -0.231850 -0.081113 -0.032551 0.117719 -0.013698 -0.099879 0.099197 -0.183739 0.024888 0.130445 0.063122 -0.025179 0.109075 0.024946 0.102696 -0.036134 -0.088112 -0.177062 0.037911 0.104830 -0.084210 -0.054217 -0.037082 0.048573 -0.039920 0.014414 -0.062650 -0.016752 -0.209398 -0.004512 0.031476 -0.011667 0.066558 -0.026062 0.004484 -0.280756 -0.033421 0.048000 0.007239 0.024393 0.102986 0.074451 -0.017223 0.045645 -0.021371 0.013567 0.011544 -0.059641 -0.084130
bharayang 0.061353 0.026404 0.037751 -0.107505 -0.125585 0.362859 0.019294 0.220595 -0.311673 -0.110028 -0.358382 0.162625 0.025821 0.273059 -0.131886 -0.086455 -0.051875 -0.161593 -0.113209 -0.108952 -0.023415 0.143623 0.215329 -0.011827 0.201958 0.088490 -0.304315 0.175622 -0.207334 -0.186619 -0.172700 0.092682 -0.105697 0.106340 0.241843 -0.044780 0.005445 -0.262876 -0.144732 -0.074747 0.180900 0.006877 0.136600 -0.175411 -0.069306 -0.038140 0.046489 0.051578 0.147723 -0.070273 -0.105625 -0.279523 0.068460 0.075240 -0.218943 -0.172026 0.031797 -0.088180 0.133986 0.121197 -0.053798 0.056404 -0.198967 0.051601 0.219417 -0.047580 0.093668 -0.217025 -0.043541 -0.231056 -0.074114 -0.076483 0.043298 -0.065553 0.097232 -0.070497 -0.010851 -0.103631 0.089200 0.271665 0.237848 -0.178403 -0.145761 0.224277 -0.187355 0.129978 -0.037488 -0.200662 -0.069971 0.082519 -0.159420 0.179552 -0.045123 -0.370073 0.137586 -0.110751 0.064746 -0.076865 -0.166144 -0.049881
checkpost 0.032658 -0.038614 0.011560 -0.203888 -0.051075 0.309458 0.098846 0.163175 -0.220133 -0.002673 -0.340831 0.141483 -0.070154 0.233541 -0.161098 -0.086787 -0.064877 -0.131746 -0.104247 -0.155003 0.012034 0.154052 0.181824 -0.071150 0.109612 0.103645 -0.311625 0.124356 -0.168130 -0.181689 -0.131491 0.074786 -0.018535 0.124094 0.252606 -0.044809 -0.029318 -0.218312 -0.148668 -0.113133 0.084203 0.001124 0.098848 -0.211435 -0.161439 -0.028289 0.001243 -0.062718 0.126510 -0.054099 -0.106256 -0.201209 0.129882 0.061797 -0.247282 -0.132035 0.078782 -0.133333 0.171405 0.107076 -0.098124 0.084954 -0.165164 0.006279 0.204364 -0.073714 0.095406 -0.221362 0.024707 -0.311220 -0.159976 -0.007588 0.095971 -0.052540 0.067799 -0.049508 -0.076513 -0.086816 0.068665 0.440698 0.295910 -0.254605 -0.180631 0.201336 -0.159263 0.131751 0.066694 -0.233906 -0.119628 0.081187 -0.243780 0.158184 -0.137877 -0.426017 0.205990 -0.162798 0.066872 -0.085535 -0.139612 0.044710
kusunti 0.022933 -0.058640 0.018530 -0.073749 -0.036698 0.261648 0.071168 0.105429 -0.219920 0.006128 -0.250580 0.072793 -0.012236 0.178940 -0.133518 -0.121792 -0.095283 -0.039033 -0.099884 -0.074102 0.004595 0.085563 0.176302 -0.082982 0.102558 0.068349 -0.276597 0.105707 -0.156632 -0.179107 -0.145092 0.086195 -0.074624 0.130670 0.192812 -0.021353 -0.065126 -0.167335 -0.137436 -0.073190 0.085321 0.039095 0.026140 -0.156654 -0.094753 -0.080182 -0.009397 -0.007249 0.138321 -0.007065 -0.154864 -0.146690 0.137126 0.090434 -0.284377 -0.134840 0.127628 -0.138911 0.185871 0.110895 -0.039081 0.059788 -0.156364 0.006825 0.211749 -0.098830 0.072810 -0.183022 0.109726 -0.244952 -0.147010 -0.030757 0.102709 -0.015776 0.075224 -0.006093 -0.040545 -0.069484 0.087151 0.369887 0.293429 -0.293113 -0.166378 0.216298 -0.143417 0.149925 0.087251 -0.223239 -0.102188 0.078168 -0.206284 0.104117 -0.080161 -0.334792 0.177577 -0.114358 0.049508 -0.089535 -0.168756 0.064166
sano 0.045760 -0.005079 -0.006168 -0.144744 -0.079083 0.359423 0.019439 0.201479 -0.278418 -0.087676 -0.363549 0.125246 0.010601 0.244078 -0.107021 -0.058215 -0.072841 -0.140003 -0.157989 -0.058801 -0.024809 0.149116 0.233156 0.012165 0.213961 0.034125 -0.315135 0.160717 -0.223169 -0.211715 -0.168041 0.074760 -0.054837 0.069174 0.228387 -0.035269 0.016610 -0.212321 -0.109174 -0.022209 0.161662 0.032821 0.108229 -0.129796 -0.043103 -0.057317 0.033559 0.065400 0.146906 -0.048282 -0.117444 -0.218167 0.092905 0.031202 -0.200331 -0.157408 0.075259 -0.064499 0.093238 0.112278 -0.041111 0.058914 -0.203030 0.050664 0.190883 -0.085072 0.060080 -0.252983 0.012414 -0.188500 -0.084480 -0.029807 0.055271 -0.012525 0.057961 -0.049832 0.002985 -0.124138 0.077930 0.279729 0.248581 -0.221833 -0.155727 0.170723 -0.156338 0.157047 -0.000667 -0.194486 -0.057630 0.087736 -0.159679 0.136107 -0.021645 -0.335995 0.165383 -0.158731 0.059014 -0.095613 -0.190109 -0.000801
kirtipur 0.016861 0.007525 0.018033 -0.088706 -0.064267 0.282698 0.003772 0.170694 -0.227142 -0.063955 -0.254253 0.089969 0.010852 0.164678 -0.098454 -0.062168 -0.074858 -0.121201 -0.106382 -0.041163 -0.015286 0.097671 0.167217 -0.003715 0.134369 0.063706 -0.216751 0.113393 -0.165251 -0.152232 -0.116263 0.097405 -0.098991 0.080078 0.186619 -0.046950 0.001228 -0.176605 -0.123999 -0.049857 0.128956 0.020789 0.070657 -0.135945 -0.046744 -0.060180 0.004843 0.032805 0.135511 -0.020267 -0.062763 -0.172964 0.079780 0.042299 -0.168657 -0.116553 0.071102 -0.092898 0.088824 0.106395 -0.017848 0.045670 -0.137594 0.036179 0.160890 -0.046176 0.053785 -0.197961 0.012161 -0.216539 -0.071052 -0.028431 0.040741 -0.035985 0.067247 -0.035457 -0.018550 -0.097758 0.039032 0.236584 0.214343 -0.194711 -0.163573 0.159168 -0.140505 0.138912 -0.035913 -0.180422 -0.085031 0.092425 -0.122218 0.118102 -0.049955 -0.275476 0.137468 -0.098903 0.033265 -0.078960 -0.159041 -0.010262
goldhunga 0.010398 -0.033388 0.019402 -0.130469 -0.053256 0.310971 0.069772 0.178856 -0.214722 -0.016258 -0.245067 0.108859 -0.049908 0.188391 -0.134558 -0.081909 -0.089292 -0.093630 -0.090262 -0.086993 0.005566 0.091816 0.192572 -0.060452 0.104158 0.091149 -0.266777 0.146808 -0.177537 -0.184464 -0.150687 0.106658 -0.063269 0.105682 0.213142 -0.053110 -0.034245 -0.195623 -0.149133 -0.090807 0.096554 0.020688 0.059947 -0.179408 -0.101479 -0.086841 -0.027165 -0.046701 0.167442 -0.037453 -0.098248 -0.151916 0.136521 0.032878 -0.242511 -0.138423 0.114489 -0.130417 0.166391 0.106500 -0.076213 0.049323 -0.159837 0.037649 0.201910 -0.055952 0.063116 -0.201892 0.045167 -0.284654 -0.128413 -0.032812 0.079443 -0.016810 0.071180 -0.026625 -0.063574 -0.107067 0.063533 0.355528 0.266348 -0.250584 -0.191416 0.175350 -0.160264 0.170507 0.049045 -0.229972 -0.148448 0.087518 -0.192634 0.151005 -0.114652 -0.363996 0.203694 -0.114543 0.055194 -0.101052 -0.166157 0.056320
nayabasti 0.028508 -0.054473 0.012880 -0.092903 -0.071599 0.275635 0.036374 0.137800 -0.218676 -0.035880 -0.235791 0.067204 -0.047227 0.177879 -0.132082 -0.081172 -0.093820 -0.076662 -0.102459 -0.062180 0.012182 0.088814 0.151102 -0.028177 0.108090 0.110451 -0.262408 0.128995 -0.164320 -0.147056 -0.109627 0.065169 -0.065541 0.092897 0.178958 -0.039600 -0.037516 -0.159758 -0.143576 -0.067542 0.110098 0.040995 0.054960 -0.144837 -0.087940 -0.046475 0.019887 0.027701 0.124857 -0.011186 -0.085793 -0.157179 0.088098 0.074488 -0.232500 -0.138870 0.103365 -0.111970 0.148856 0.093892 -0.051028 0.059567 -0.132394 0.010151 0.185936 -0.098654 0.094987 -0.176744 0.040509 -0.256886 -0.120433 -0.001996 0.066786 -0.036950 0.092467 -0.027985 -0.043900 -0.111934 0.074101 0.315236 0.226233 -0.222584 -0.175816 0.159281 -0.128236 0.134824 0.052227 -0.207637 -0.109226 0.094300 -0.178843 0.097400 -0.074322 -0.306044 0.160202 -0.129309 0.061226 -0.084322 -0.137033 0.057687
baluwatar -0.001963 -0.008377 0.014953 -0.073848 -0.049344 0.243421 0.020482 0.132143 -0.197862 -0.042636 -0.205516 0.084910 -0.021965 0.152572 -0.110266 -0.069163 -0.055801 -0.101575 -0.095477 -0.047495 -0.005859 0.075270 0.151352 -0.018711 0.091805 0.064588 -0.215897 0.102469 -0.139227 -0.147838 -0.114600 0.069503 -0.058843 0.080711 0.163371 -0.025885 -0.014828 -0.160407 -0.121872 -0.056187 0.097015 0.027514 0.066848 -0.137365 -0.059457 -0.062857 -0.000061 0.001978 0.114143 -0.019739 -0.060903 -0.147282 0.093183 0.041860 -0.188262 -0.110046 0.066496 -0.094865 0.117429 0.091980 -0.033516 0.056563 -0.110249 0.037167 0.169601 -0.050253 0.065128 -0.174328 0.022521 -0.212965 -0.102037 -0.029552 0.060430 -0.028809 0.071644 -0.024043 -0.044288 -0.077708 0.046040 0.258844 0.214883 -0.173868 -0.151136 0.147491 -0.132925 0.128399 0.011286 -0.171271 -0.097101 0.073345 -0.132480 0.103070 -0.068607 -0.261731 0.152074 -0.088162 0.037413 -0.075838 -0.140142 0.006231
47 0.064801 0.087550 -0.003434 -0.145388 -0.052485 0.130029 -0.109874 0.189621 -0.127724 -0.086467 -0.190500 0.105878 0.085754 0.102386 0.011068 0.001958 0.026669 -0.195290 -0.052260 -0.012360 -0.066968 0.059938 0.010808 0.127635 0.222810 0.009630 -0.062592 0.088030 -0.116049 -0.020748 -0.045209 0.074474 -0.090253 -0.069071 0.030322 -0.050681 0.143520 -0.117398 0.047528 0.046889 0.113013 -0.082910 0.181311 0.000496 0.062384 0.101646 0.020542 0.112383 0.110965 -0.025699 0.076719 -0.153008 -0.081648 -0.026158 0.101036 0.017302 -0.060495 0.079830 -0.160364 -0.001593 0.078951 0.061957 -0.002073 0.068706 0.002815 0.087292 -0.018842 -0.046191 -0.129445 0.045889 0.099782 -0.046187 -0.042531 -0.033539 0.017676 -0.002547 -0.005100 -0.051307 -0.018584 -0.154548 -0.012645 0.037385 0.022745 0.041166 -0.014482 0.000878 -0.194300 0.007516 0.034560 -0.002670 0.003994 0.067419 0.057408 0.002708 0.012074 -0.021945 0.034910 0.032270 -0.037427 -0.053481
11 0.075412 0.156197 0.052692 -0.116725 -0.062632 0.237015 -0.156180 0.286189 -0.213934 -0.154945 -0.268023 0.155234 0.088110 0.149072 -0.031829 -0.001765 0.015034 -0.306431 -0.091731 0.006975 -0.066749 0.039917 0.079315 0.203532 0.297182 0.070085 -0.110578 0.113357 -0.209881 -0.049583 -0.102573 0.114830 -0.158062 -0.029694 0.097566 -0.087753 0.198099 -0.149969 -0.027469 0.091959 0.196799 -0.147197 0.198502 -0.005436 0.103873 0.102295 0.039731 0.194539 0.168618 -0.041308 0.116087 -0.240006 -0.058870 -0.047208 0.119848 -0.031473 -0.113833 0.086770 -0.165166 0.026318 0.138224 0.045908 -0.073395 0.139472 0.017675 0.099055 -0.038325 -0.118616 -0.180495 0.032641 0.110273 -0.086406 -0.072835 -0.055772 0.053149 -0.053746 0.024096 -0.067415 0.001016 -0.183662 0.005657 0.057975 -0.035653 0.105752 -0.045242 0.032413 -0.302278 -0.055394 0.076991 0.013182 0.073987 0.119621 0.076956 -0.036115 0.055351 0.004034 -0.012553 -0.002566 -0.076045 -0.105361
samakhusi 0.005188 0.008975 0.022666 -0.085572 -0.079717 0.306519 0.014176 0.187171 -0.237218 -0.058545 -0.228795 0.088063 -0.018679 0.175402 -0.131721 -0.034636 -0.100552 -0.090639 -0.085779 -0.032280 0.000570 0.090326 0.175971 -0.017007 0.129601 0.089725 -0.268080 0.100811 -0.167756 -0.167568 -0.120921 0.084248 -0.105464 0.095771 0.158005 -0.053112 -0.018768 -0.186567 -0.151023 -0.036364 0.152588 0.038211 0.062748 -0.130745 -0.061566 -0.051353 0.011099 0.049678 0.145204 -0.012325 -0.051442 -0.193009 0.099274 0.045714 -0.193955 -0.117129 0.066806 -0.092171 0.119327 0.099558 -0.022093 0.049662 -0.147953 0.059370 0.190241 -0.058943 0.054855 -0.198247 -0.002016 -0.243710 -0.097388 -0.010049 0.051471 -0.051494 0.084753 -0.036471 -0.027986 -0.082167 0.073070 0.241928 0.229242 -0.191268 -0.174994 0.166799 -0.121382 0.131911 -0.019641 -0.200694 -0.107554 0.108982 -0.171135 0.124245 -0.059876 -0.296641 0.158573 -0.109248 0.028556 -0.091211 -0.171810 0.012105
narayanthan -0.013931 -0.060334 0.011644 -0.083590 -0.055886 0.261235 0.046808 0.129079 -0.216763 -0.007671 -0.217997 0.072104 -0.039432 0.173027 -0.125218 -0.045539 -0.091673 -0.004461 -0.075074 -0.071919 0.008777 0.083075 0.155384 -0.052583 0.058197 0.078341 -0.257315 0.099745 -0.145529 -0.160490 -0.119116 0.058021 -0.071231 0.091672 0.167546 -0.051246 -0.065956 -0.149874 -0.106750 -0.074418 0.089269 0.081484 0.044777 -0.138953 -0.095876 -0.089465 0.004788 -0.016191 0.116119 0.008148 -0.093929 -0.155164 0.143804 0.061993 -0.267088 -0.122492 0.073187 -0.134230 0.173848 0.083997 -0.059785 0.018351 -0.117303 0.009741 0.184475 -0.098825 0.066623 -0.168576 0.064826 -0.247612 -0.129514 -0.026085 0.084056 -0.024486 0.081298 -0.030144 -0.045158 -0.044758 0.060024 0.323999 0.252638 -0.208987 -0.138011 0.174804 -0.098505 0.148919 0.079317 -0.175706 -0.112009 0.101778 -0.207514 0.087323 -0.102029 -0.295457 0.176237 -0.087140 0.010570 -0.100366 -0.167714 0.043994
godawari 0.012625 0.007690 0.015646 -0.121623 -0.053989 0.317566 0.004976 0.216582 -0.273624 -0.057177 -0.282320 0.119427 0.005786 0.197516 -0.135632 -0.062492 -0.079490 -0.140197 -0.118629 -0.051907 -0.009943 0.101407 0.183898 0.002028 0.160444 0.098472 -0.261179 0.141490 -0.221489 -0.186196 -0.152361 0.122221 -0.121473 0.081708 0.206213 -0.050834 0.014616 -0.194193 -0.131098 -0.039228 0.171130 0.011430 0.095656 -0.145208 -0.037415 -0.048823 0.015100 0.047809 0.172604 -0.034653 -0.074065 -0.217251 0.107168 0.044973 -0.202890 -0.133288 0.067641 -0.094806 0.104810 0.094115 0.002232 0.072111 -0.161409 0.042739 0.212305 -0.036698 0.062725 -0.198524 -0.021278 -0.220942 -0.080393 -0.027726 0.068103 -0.048323 0.078219 -0.021915 -0.040498 -0.121200 0.062626 0.271716 0.229849 -0.215327 -0.168644 0.193300 -0.160578 0.170068 -0.031471 -0.208179 -0.096602 0.096970 -0.162232 0.126339 -0.058446 -0.317388 0.171954 -0.106537 0.037930 -0.097101 -0.189292 0.005530
rudreshwor -0.039298 -0.062271 0.001077 -0.106331 -0.047187 0.301207 0.081630 0.140011 -0.210485 0.025200 -0.220482 0.066717 -0.063951 0.193333 -0.135528 -0.040035 -0.090633 0.013481 -0.052409 -0.086790 0.028662 0.114650 0.159142 -0.080693 0.036041 0.100651 -0.286209 0.107254 -0.157484 -0.192851 -0.149617 0.062264 -0.055428 0.113321 0.201061 -0.045962 -0.064896 -0.177278 -0.114385 -0.106284 0.078338 0.131824 0.055139 -0.172762 -0.136895 -0.125289 0.015636 -0.065980 0.117707 0.040186 -0.102947 -0.135189 0.176469 0.061946 -0.291728 -0.142598 0.067098 -0.158372 0.182399 0.080842 -0.110460 0.006761 -0.122926 0.021010 0.189664 -0.081460 0.077213 -0.201874 0.068526 -0.311949 -0.151378 -0.021262 0.111770 -0.045832 0.098229 -0.024837 -0.098199 -0.049289 0.085959 0.394223 0.257652 -0.208332 -0.168808 0.159407 -0.107201 0.169839 0.095569 -0.192123 -0.152282 0.127743 -0.261111 0.111846 -0.127813 -0.357410 0.191590 -0.092012 -0.006263 -0.118196 -0.180212 0.045674
nakkhu 0.023666 -0.081731 0.006960 -0.109676 -0.066038 0.311956 0.090657 0.094778 -0.255946 -0.015705 -0.282744 0.063046 -0.065906 0.229696 -0.141168 -0.107177 -0.080015 -0.010618 -0.110574 -0.100921 0.011940 0.113310 0.185536 -0.077321 0.055465 0.088622 -0.323268 0.121092 -0.163034 -0.199884 -0.128928 0.074166 -0.043779 0.128274 0.212375 -0.027745 -0.083816 -0.174171 -0.135048 -0.091840 0.075258 0.063591 0.034155 -0.178517 -0.121801 -0.068201 0.004840 -0.009748 0.110604 0.002153 -0.151365 -0.170416 0.130267 0.088854 -0.292669 -0.142382 0.112345 -0.146635 0.195059 0.128399 -0.078681 0.069541 -0.159211 0.011671 0.226501 -0.124004 0.115266 -0.201034 0.094546 -0.295109 -0.148679 0.005437 0.129414 -0.036488 0.075694 -0.004113 -0.055209 -0.070836 0.076159 0.421410 0.305559 -0.288731 -0.159959 0.201092 -0.149944 0.145483 0.122677 -0.242351 -0.124521 0.133211 -0.233803 0.107059 -0.094298 -0.368750 0.186054 -0.154828 0.049964 -0.097612 -0.171489 0.051192
ekatabasti 0.035662 -0.066111 0.016449 -0.151150 -0.043139 0.313560 0.054526 0.148475 -0.241614 -0.000117 -0.293202 0.111218 -0.049241 0.227032 -0.121791 -0.091886 -0.068015 -0.115935 -0.131831 -0.131783 -0.014583 0.105883 0.187725 -0.033335 0.126351 0.082508 -0.304405 0.123916 -0.183442 -0.182203 -0.136721 0.082452 -0.042073 0.101360 0.213072 -0.048984 -0.009684 -0.229540 -0.147672 -0.092789 0.075455 0.036182 0.084424 -0.200120 -0.130440 -0.068694 -0.003875 -0.032177 0.153136 -0.038197 -0.104271 -0.173244 0.132438 0.063570 -0.265627 -0.147984 0.084614 -0.154014 0.163306 0.121464 -0.084214 0.055552 -0.173564 0.032816 0.191211 -0.067867 0.099593 -0.186343 0.041930 -0.287062 -0.120888 -0.021978 0.099795 -0.049807 0.082479 -0.015907 -0.078597 -0.083581 0.049329 0.383436 0.278968 -0.246450 -0.182896 0.199992 -0.163458 0.157373 0.071056 -0.239528 -0.121056 0.114572 -0.229961 0.146883 -0.109643 -0.377239 0.188029 -0.138378 0.061601 -0.069577 -0.175144 0.017542
baneshwor 0.021763 -0.008171 0.014139 -0.152950 -0.083299 0.397511 0.037870 0.240166 -0.305136 -0.061391 -0.340472 0.136002 -0.037716 0.257752 -0.147110 -0.053641 -0.077317 -0.159609 -0.139315 -0.098796 -0.005999 0.144954 0.215742 -0.002902 0.167884 0.104148 -0.327142 0.179107 -0.226382 -0.213300 -0.177572 0.111308 -0.083464 0.094671 0.264103 -0.079504 -0.006683 -0.259406 -0.129006 -0.059737 0.143124 0.019420 0.127170 -0.200576 -0.082792 -0.064101 0.027457 0.028959 0.192144 -0.025213 -0.079310 -0.244480 0.106407 0.050699 -0.222611 -0.148779 0.081601 -0.124629 0.135080 0.130510 -0.047932 0.071415 -0.182494 0.092498 0.217050 -0.046147 0.085450 -0.221415 -0.003755 -0.297402 -0.117897 -0.042106 0.070382 -0.035510 0.088476 -0.035662 -0.082382 -0.107954 0.061062 0.343671 0.266693 -0.228522 -0.188857 0.191767 -0.178823 0.193260 -0.001745 -0.245430 -0.129057 0.104526 -0.214960 0.172808 -0.089807 -0.407051 0.218669 -0.147769 0.049673 -0.094606 -0.200190 0.010461
33 0.084818 0.098227 0.010260 -0.142696 -0.052469 0.170875 -0.127136 0.213603 -0.143271 -0.116326 -0.210354 0.109056 0.089239 0.107549 -0.005538 0.006398 0.016661 -0.226449 -0.073385 -0.010766 -0.073647 0.053670 0.022970 0.156533 0.257376 0.004935 -0.083176 0.098423 -0.159969 -0.034329 -0.060814 0.088583 -0.101534 -0.052443 0.053742 -0.052144 0.162293 -0.128182 0.036963 0.055455 0.150925 -0.092229 0.197783 -0.012204 0.077125 0.091175 0.011759 0.137596 0.143325 -0.030983 0.077092 -0.185921 -0.095887 -0.033780 0.097782 0.002259 -0.064181 0.087943 -0.175533 0.016438 0.098496 0.076230 -0.023253 0.083027 0.020616 0.104154 -0.035614 -0.058382 -0.151041 0.022723 0.122620 -0.046934 -0.061045 -0.054920 0.038482 -0.012095 0.010980 -0.063734 -0.018035 -0.166623 -0.007994 0.028129 -0.000862 0.049383 -0.053121 0.001062 -0.225830 -0.030720 0.047239 0.004811 0.019069 0.073814 0.065639 -0.011016 0.005007 -0.040947 0.043883 0.029958 -0.064484 -0.075354
27 0.066066 0.081235 -0.005600 -0.133862 -0.070359 0.171643 -0.115461 0.210098 -0.138807 -0.125660 -0.199015 0.092445 0.070087 0.123561 -0.018122 0.018632 0.028876 -0.216303 -0.058758 -0.013966 -0.041705 0.052679 0.023129 0.144985 0.236109 0.018912 -0.060057 0.091981 -0.138258 -0.033970 -0.052135 0.075440 -0.097249 -0.054336 0.044959 -0.061827 0.158287 -0.105027 0.024531 0.046344 0.120798 -0.099187 0.177027 -0.007129 0.069000 0.105432 0.038418 0.157553 0.109733 -0.023531 0.102251 -0.185410 -0.089847 -0.022656 0.092308 0.007862 -0.065167 0.071601 -0.160236 0.019259 0.078358 0.056681 -0.029277 0.085616 -0.001219 0.091046 -0.023413 -0.069957 -0.158722 0.041651 0.115971 -0.038380 -0.071982 -0.045073 0.043472 -0.006332 0.012952 -0.067980 -0.019546 -0.147242 -0.014760 0.042383 0.010803 0.031181 -0.048768 -0.003270 -0.215258 -0.010128 0.038400 0.025196 0.011049 0.077177 0.071911 0.002027 0.009603 -0.037493 0.020463 0.031632 -0.035259 -0.087346
raniban 0.009139 -0.011329 0.012098 -0.087111 -0.063630 0.265969 0.019588 0.153499 -0.216366 -0.039465 -0.236592 0.091260 -0.013304 0.169517 -0.118152 -0.045507 -0.051202 -0.100673 -0.079804 -0.059906 -0.002841 0.086858 0.153086 -0.014357 0.103366 0.079803 -0.236996 0.106829 -0.151330 -0.145456 -0.121575 0.073366 -0.066158 0.070331 0.174279 -0.053253 -0.013069 -0.161620 -0.127550 -0.043058 0.106269 0.022722 0.090941 -0.121561 -0.066950 -0.049475 0.017996 0.015840 0.131958 -0.014656 -0.061088 -0.166755 0.083787 0.032694 -0.175377 -0.106103 0.067015 -0.087423 0.100190 0.093873 -0.020388 0.050796 -0.121538 0.038510 0.152949 -0.056264 0.070012 -0.157560 -0.004669 -0.206231 -0.067448 -0.028482 0.047817 -0.046322 0.060898 -0.028846 -0.048577 -0.075868 0.058179 0.258433 0.201797 -0.165177 -0.137473 0.161980 -0.136355 0.134575 -0.009857 -0.178094 -0.086035 0.085557 -0.136082 0.110422 -0.059211 -0.279235 0.134997 -0.095121 0.044124 -0.082929 -0.145905 0.014105
sanepa -0.013815 -0.047762 0.019991 -0.088064 -0.045226 0.259137 0.055486 0.104924 -0.200996 -0.020709 -0.192300 0.051317 -0.036589 0.154935 -0.130580 -0.068180 -0.066195 -0.014497 -0.075610 -0.074504 0.022546 0.074198 0.155129 -0.049404 0.046690 0.090933 -0.253758 0.089910 -0.134280 -0.155672 -0.109537 0.060097 -0.064252 0.094209 0.165024 -0.049322 -0.069956 -0.132484 -0.112965 -0.078792 0.082567 0.058917 0.040176 -0.127334 -0.107382 -0.061449 -0.004060 -0.007870 0.098525 0.019812 -0.093591 -0.140409 0.132089 0.055258 -0.226229 -0.119912 0.092044 -0.108011 0.169492 0.072891 -0.046371 0.030176 -0.111432 0.011505 0.176001 -0.090401 0.067877 -0.150447 0.057750 -0.217044 -0.116972 0.006302 0.091530 -0.025773 0.081973 -0.015754 -0.061238 -0.068509 0.075330 0.315920 0.222151 -0.201654 -0.134066 0.147230 -0.093752 0.105075 0.073355 -0.192135 -0.116491 0.097331 -0.194032 0.087465 -0.083116 -0.281289 0.145839 -0.101147 0.036927 -0.087726 -0.140967 0.060706
dhumbarahi -0.011359 -0.050508 0.025922 -0.091160 -0.053805 0.289640 0.056770 0.137052 -0.216774 -0.028501 -0.207748 0.067580 -0.040331 0.169279 -0.127174 -0.034710 -0.071461 -0.032604 -0.076493 -0.059569 0.024295 0.104098 0.141592 -0.041767 0.072881 0.102830 -0.265014 0.112465 -0.157630 -0.142102 -0.112907 0.072993 -0.068410 0.073333 0.162358 -0.048460 -0.070668 -0.158157 -0.112516 -0.065800 0.119473 0.043476 0.044914 -0.112908 -0.080395 -0.057412 0.011471 0.017310 0.119474 0.003631 -0.082831 -0.162491 0.111759 0.050429 -0.220921 -0.104261 0.060571 -0.097825 0.136866 0.104414 -0.034996 0.027597 -0.118471 0.024859 0.192958 -0.079349 0.075944 -0.167239 0.036901 -0.221597 -0.130589 -0.014577 0.067956 -0.019880 0.082049 -0.030933 -0.052060 -0.079799 0.077032 0.277075 0.212389 -0.190787 -0.131629 0.148271 -0.097172 0.121827 0.032620 -0.191637 -0.105206 0.091259 -0.160696 0.104397 -0.077646 -0.291626 0.164765 -0.095161 0.039685 -0.088235 -0.142246 0.057256
mandir 0.079705 -0.089984 0.013040 -0.174681 -0.082905 0.361495 0.062173 0.185345 -0.290812 -0.007202 -0.337654 0.138935 -0.090389 0.249591 -0.130753 -0.111567 -0.079712 -0.125761 -0.164060 -0.148092 0.002206 0.100903 0.197830 -0.024659 0.163803 0.126124 -0.339412 0.161320 -0.197383 -0.206435 -0.127238 0.077514 -0.036981 0.114786 0.261352 -0.079477 -0.030279 -0.250672 -0.148693 -0.099551 0.086035 0.033959 0.123310 -0.230227 -0.142447 -0.038645 0.028550 0.001338 0.148228 -0.037976 -0.085137 -0.238333 0.106075 0.086839 -0.280474 -0.186669 0.108826 -0.147793 0.156225 0.147582 -0.104456 0.090920 -0.220071 0.047184 0.202057 -0.118586 0.126814 -0.209891 0.067083 -0.346217 -0.110968 -0.001266 0.095566 -0.055998 0.111099 -0.041123 -0.097698 -0.144492 0.058368 0.421479 0.316857 -0.287671 -0.231305 0.200962 -0.180140 0.184865 0.074193 -0.282160 -0.144773 0.153046 -0.262239 0.179846 -0.102985 -0.407425 0.202721 -0.169697 0.079772 -0.067503 -0.171160 0.050725
kharibot 0.016170 -0.059251 -0.013113 -0.151032 -0.037074 0.297309 0.087997 0.151882 -0.222592 0.041902 -0.245811 0.110287 -0.058154 0.191806 -0.103952 -0.097074 -0.064647 -0.087598 -0.085783 -0.151265 -0.004451 0.087345 0.193231 -0.044141 0.113737 0.065219 -0.262608 0.123590 -0.161497 -0.177358 -0.141273 0.098458 -0.011796 0.106387 0.226975 -0.079720 -0.025555 -0.231423 -0.127666 -0.105611 0.032449 0.048493 0.081282 -0.193892 -0.139489 -0.082909 -0.015672 -0.081904 0.166678 -0.030743 -0.123668 -0.144601 0.146878 0.055545 -0.293415 -0.142828 0.112868 -0.165041 0.199227 0.124153 -0.108443 0.031502 -0.163720 0.028856 0.183746 -0.062810 0.071586 -0.178820 0.087074 -0.293656 -0.123914 -0.026133 0.093192 -0.033259 0.050395 0.003769 -0.107421 -0.064751 0.048291 0.422348 0.269088 -0.250793 -0.206217 0.169513 -0.166210 0.162757 0.092191 -0.243937 -0.152406 0.108931 -0.244515 0.177520 -0.147886 -0.385363 0.191116 -0.111488 0.041955 -0.085163 -0.173422 0.042099
karuna 0.106616 -0.060423 -0.033224 -0.231899 -0.046840 0.321833 0.138642 0.123490 -0.275684 -0.006945 -0.356760 0.136858 -0.125776 0.274913 -0.095759 -0.161767 -0.001121 -0.125786 -0.177953 -0.197198 -0.019594 0.100080 0.225592 -0.069242 0.097492 0.076027 -0.334793 0.121380 -0.183261 -0.217799 -0.136157 0.096009 0.065876 0.155794 0.254901 -0.024629 -0.033170 -0.259407 -0.165817 -0.116911 -0.034992 0.026757 0.106657 -0.283382 -0.150974 -0.078239 -0.021243 -0.119313 0.092983 -0.043649 -0.103402 -0.151321 0.121544 0.021428 -0.276703 -0.138257 0.106749 -0.203682 0.197676 0.163805 -0.163018 0.094311 -0.233408 0.092559 0.168916 -0.063735 0.157321 -0.211373 0.109060 -0.369485 -0.141901 0.043343 0.132544 -0.037905 0.028140 -0.016829 -0.110747 -0.108432 0.052886 0.490836 0.301882 -0.264611 -0.203856 0.193424 -0.225187 0.229346 0.147258 -0.279126 -0.171833 0.125227 -0.287868 0.188036 -0.145137 -0.443718 0.215287 -0.193732 0.061047 -0.075386 -0.119064 -0.005504
pepsicola 0.016580 0.006546 0.028071 -0.100570 -0.043369 0.270409 0.020781 0.169944 -0.207805 -0.054483 -0.233088 0.085113 0.001112 0.161578 -0.096005 -0.051685 -0.078824 -0.122114 -0.093657 -0.051750 -0.000966 0.097482 0.162599 -0.006999 0.129886 0.080674 -0.234710 0.111895 -0.159639 -0.144150 -0.113355 0.097465 -0.093901 0.078443 0.167948 -0.035609 0.013245 -0.183244 -0.130683 -0.035766 0.139689 0.013172 0.078264 -0.131395 -0.040609 -0.045345 0.007599 0.034292 0.127147 -0.028100 -0.031921 -0.147641 0.097909 0.023536 -0.156512 -0.102234 0.066357 -0.070475 0.088470 0.089707 -0.005149 0.046356 -0.126611 0.050339 0.174175 -0.043314 0.056489 -0.185204 -0.016263 -0.213697 -0.081769 -0.030577 0.044627 -0.042277 0.073638 -0.033449 -0.039230 -0.084989 0.063424 0.211245 0.204347 -0.174006 -0.157172 0.158369 -0.134033 0.140736 -0.029312 -0.183789 -0.085544 0.087393 -0.126896 0.122782 -0.065256 -0.275601 0.146759 -0.089032 0.031535 -0.083327 -0.154217 0.007779
gothatar 0.011153 -0.049996 -0.000359 -0.103917 -0.067120 0.295005 0.066474 0.135090 -0.200531 -0.001225 -0.251293 0.095320 -0.050610 0.193661 -0.106006 -0.060698 -0.066680 -0.087366 -0.111753 -0.099736 0.009797 0.099237 0.167024 -0.044876 0.093219 0.080751 -0.261807 0.125140 -0.168599 -0.157045 -0.145103 0.076349 -0.044965 0.095741 0.199072 -0.046031 -0.031332 -0.184311 -0.123111 -0.085399 0.073883 0.029558 0.052006 -0.162490 -0.114693 -0.059978 -0.003024 -0.021136 0.141180 -0.026415 -0.105665 -0.159354 0.107665 0.049270 -0.230769 -0.115347 0.098187 -0.117701 0.163013 0.101733 -0.077843 0.038101 -0.134081 0.035571 0.176433 -0.073125 0.082831 -0.175423 0.048751 -0.266932 -0.129914 -0.023089 0.098433 -0.033055 0.068500 -0.025660 -0.068277 -0.084223 0.059946 0.348003 0.245286 -0.218813 -0.170029 0.166328 -0.138060 0.149162 0.053201 -0.214186 -0.120746 0.090968 -0.193883 0.139331 -0.088043 -0.343724 0.171449 -0.101130 0.041364 -0.077657 -0.146703 0.043919
chunikhel 0.040047 -0.067058 -0.005751 -0.172338 -0.033583 0.274949 0.089800 0.141659 -0.218700 0.016012 -0.267807 0.113127 -0.071503 0.210998 -0.110652 -0.103048 -0.044339 -0.100733 -0.130466 -0.137566 -0.006977 0.097821 0.192410 -0.043084 0.108437 0.076748 -0.269382 0.120213 -0.163070 -0.172428 -0.119629 0.071197 0.011789 0.117764 0.223757 -0.048143 -0.023491 -0.229336 -0.132036 -0.106072 0.025922 0.030286 0.083172 -0.216329 -0.133376 -0.065281 -0.006231 -0.081309 0.124236 -0.031305 -0.089625 -0.156698 0.126620 0.031809 -0.258904 -0.141075 0.095802 -0.159907 0.180604 0.131081 -0.103186 0.048967 -0.187170 0.042827 0.173676 -0.066879 0.103350 -0.179635 0.076703 -0.298799 -0.127250 0.005173 0.120963 -0.036144 0.050593 -0.012570 -0.074972 -0.080176 0.042711 0.402038 0.274398 -0.232578 -0.190895 0.170037 -0.166997 0.176951 0.101146 -0.229774 -0.156990 0.101419 -0.225796 0.165762 -0.125946 -0.362448 0.186314 -0.147750 0.055811 -0.066730 -0.130486 0.028088
tilottama 0.041105 0.140852 0.037034 -0.133166 -0.097549 0.389321 -0.115395 0.342701 -0.294206 -0.168272 -0.350347 0.163765 0.075575 0.218286 -0.100405 -0.029787 -0.009319 -0.315992 -0.137029 -0.032735 -0.049933 0.123505 0.166053 0.140725 0.319460 0.063576 -0.226303 0.147303 -0.254838 -0.148822 -0.170609 0.126097 -0.178436 0.021674 0.178513 -0.090192 0.164589 -0.215814 -0.102955 0.024767 0.229176 -0.088978 0.178697 -0.087867 0.055196 0.034378 0.059432 0.178966 0.212777 -0.059656 0.073088 -0.277212 -0.027082 -0.028003 0.004262 -0.090218 -0.030089 0.033745 -0.065664 0.095892 0.086882 0.056590 -0.154915 0.123432 0.133533 0.038173 0.012120 -0.226439 -0.175530 -0.094344 0.049899 -0.072836 -0.054193 -0.055715 0.092696 -0.059552 0.014103 -0.125240 0.038503 -0.014713 0.111495 -0.059216 -0.147251 0.149738 -0.138289 0.113629 -0.244357 -0.165470 0.021261 0.084845 -0.006599 0.171427 0.054508 -0.166291 0.099502 -0.084394 0.028350 -0.047310 -0.173240 -0.094596
apartment 0.043092 0.203805 0.058419 -0.108413 -0.091115 0.295526 -0.146658 0.314316 -0.226043 -0.170543 -0.278176 0.200417 0.080727 0.153429 -0.044699 -0.008104 0.043527 -0.326827 -0.111473 0.005419 -0.087995 0.047146 0.102702 0.185849 0.321627 0.059087 -0.140814 0.146201 -0.243010 -0.071000 -0.106596 0.124020 -0.154127 0.004360 0.124342 -0.078342 0.153718 -0.170436 -0.094066 0.071272 0.229293 -0.161496 0.226866 -0.030774 0.107498 0.039404 0.080587 0.241138 0.176802 -0.031134 0.132141 -0.267806 -0.066145 -0.054870 0.093467 -0.058542 -0.137752 0.060414 -0.117366 0.065130 0.119688 0.030455 -0.095430 0.162119 0.068143 0.100367 -0.021629 -0.160204 -0.206435 -0.014453 0.086947 -0.053376 -0.066509 -0.091721 0.074508 -0.071393 0.011928 -0.096221 0.023673 -0.101820 0.001438 0.052167 -0.078492 0.114108 -0.049229 0.080038 -0.338572 -0.105546 0.061887 0.037251 0.075668 0.150953 0.023806 -0.111804 0.082331 -0.011909 -0.022813 -0.034562 -0.134859 -0.164889
46 0.059425 0.071561 0.009468 -0.135102 -0.054465 0.161802 -0.101735 0.194970 -0.141376 -0.105730 -0.190274 0.095697 0.075325 0.114492 -0.013698 0.001407 0.010688 -0.200519 -0.063393 -0.005465 -0.050619 0.055071 0.030045 0.138719 0.220428 0.031631 -0.077293 0.090960 -0.130010 -0.035563 -0.060515 0.060733 -0.075626 -0.060410 0.055907 -0.055494 0.138189 -0.102254 0.041722 0.056548 0.122048 -0.090702 0.174185 -0.000386 0.063711 0.090704 0.013753 0.134301 0.116584 -0.018177 0.086353 -0.177053 -0.083071 -0.029023 0.092281 0.010225 -0.059897 0.066684 -0.142990 0.011185 0.081218 0.050892 -0.014579 0.073710 0.009237 0.090909 -0.023345 -0.066516 -0.139464 0.019194 0.093034 -0.036879 -0.047864 -0.037435 0.037334 -0.023630 0.000784 -0.067129 -0.007886 -0.142659 0.005794 0.022450 -0.006294 0.030041 -0.037003 -0.005801 -0.202563 -0.012961 0.040775 0.021187 0.015628 0.078472 0.052491 -0.019662 0.018085 -0.030049 0.025209 0.034641 -0.051410 -0.059710
14 0.071897 0.124105 0.021820 -0.135521 -0.072402 0.202906 -0.123730 0.251823 -0.179216 -0.134125 -0.228814 0.108590 0.081044 0.138838 -0.017819 0.000827 0.024630 -0.245924 -0.071803 -0.001424 -0.052971 0.062201 0.044647 0.155185 0.264032 0.029549 -0.099600 0.100158 -0.151200 -0.049669 -0.072663 0.097122 -0.126466 -0.049345 0.066376 -0.066701 0.171275 -0.136947 0.006224 0.056624 0.150928 -0.113651 0.192877 -0.016591 0.075349 0.085458 0.036524 0.156966 0.130885 -0.020733 0.104136 -0.201995 -0.069998 -0.019235 0.097491 -0.022928 -0.074835 0.084798 -0.142278 0.030918 0.117111 0.058079 -0.036480 0.108011 0.030000 0.093141 -0.028025 -0.101616 -0.150543 0.011847 0.103635 -0.059235 -0.054595 -0.054436 0.036727 -0.031613 0.010214 -0.073615 -0.011184 -0.156445 -0.003877 0.042439 -0.017258 0.062814 -0.035344 0.020370 -0.246862 -0.040845 0.055738 0.011096 0.043154 0.094280 0.074000 -0.017022 0.023136 -0.022853 0.016461 0.010693 -0.075494 -0.094588
sanobharyang 0.017737 -0.024013 0.018922 -0.077879 -0.052794 0.230834 0.009300 0.128292 -0.179416 -0.017515 -0.216776 0.079300 -0.009167 0.157134 -0.085438 -0.051332 -0.046315 -0.091435 -0.090606 -0.052656 -0.011626 0.079673 0.127081 -0.010440 0.111290 0.044768 -0.201025 0.105161 -0.133346 -0.120607 -0.111988 0.057827 -0.057429 0.063937 0.146290 -0.036211 0.002233 -0.139626 -0.101319 -0.042245 0.088982 0.004481 0.059256 -0.104200 -0.062535 -0.036725 0.020802 0.017947 0.109555 -0.026976 -0.069926 -0.140763 0.058832 0.049223 -0.171733 -0.103336 0.058067 -0.086017 0.094724 0.093992 -0.027787 0.040334 -0.122574 0.040098 0.137588 -0.059108 0.049477 -0.144625 0.021600 -0.185118 -0.082431 -0.018955 0.045912 -0.031780 0.066542 -0.031072 -0.024015 -0.075975 0.033336 0.218855 0.184526 -0.157119 -0.128967 0.154526 -0.114161 0.112000 0.003171 -0.169612 -0.077895 0.078784 -0.119552 0.102584 -0.033249 -0.235087 0.124984 -0.086754 0.041625 -0.057163 -0.129796 -0.001939
ramkot 0.002659 -0.030596 0.006406 -0.108715 -0.067477 0.308455 0.036771 0.168867 -0.232387 -0.036424 -0.267283 0.110169 -0.042891 0.209826 -0.125501 -0.059120 -0.059410 -0.082458 -0.107186 -0.091373 -0.005030 0.115459 0.185361 -0.027466 0.115768 0.092075 -0.284666 0.137754 -0.183065 -0.177427 -0.136284 0.087791 -0.077358 0.092871 0.204014 -0.052628 -0.016973 -0.187909 -0.121768 -0.082349 0.119223 0.024996 0.088914 -0.163331 -0.107093 -0.059950 0.020532 -0.004262 0.137708 -0.015004 -0.094051 -0.200949 0.115590 0.067590 -0.230019 -0.127469 0.089614 -0.133144 0.156786 0.101463 -0.052830 0.048812 -0.140157 0.025991 0.188170 -0.070630 0.083325 -0.206076 0.011043 -0.253508 -0.101998 -0.010787 0.083493 -0.035016 0.073422 -0.026743 -0.074377 -0.097299 0.053911 0.328295 0.248273 -0.201898 -0.154865 0.172908 -0.152544 0.146923 0.025856 -0.194591 -0.109661 0.116785 -0.193020 0.130632 -0.086338 -0.340764 0.171295 -0.121279 0.037701 -0.100806 -0.169979 0.004009
banasthali -0.019742 0.010244 0.002057 -0.093201 -0.049519 0.248875 0.041699 0.149354 -0.178583 -0.024361 -0.172381 0.089090 -0.041487 0.140138 -0.095304 -0.043825 -0.053360 -0.062802 -0.067742 -0.052706 0.008270 0.085903 0.145593 -0.033978 0.087063 0.061862 -0.216830 0.090719 -0.159412 -0.151395 -0.110854 0.091140 -0.056253 0.070302 0.155211 -0.048499 -0.013836 -0.152449 -0.109989 -0.045929 0.083514 0.036404 0.054239 -0.113048 -0.070019 -0.080338 -0.009164 -0.005091 0.114685 -0.009576 -0.045851 -0.124042 0.108238 0.041605 -0.171144 -0.108707 0.079129 -0.109992 0.122342 0.075526 -0.063601 0.023537 -0.104732 0.062112 0.158237 -0.040188 0.045197 -0.155583 0.010648 -0.205012 -0.068920 -0.027532 0.041181 -0.039503 0.052994 -0.002259 -0.058541 -0.063227 0.051514 0.251755 0.185584 -0.156060 -0.146854 0.138736 -0.115143 0.141529 -0.005545 -0.156840 -0.104439 0.089624 -0.151494 0.132262 -0.072255 -0.286018 0.142977 -0.066452 0.025691 -0.086131 -0.154194 0.007073
padma -0.005461 -0.054905 -0.000925 -0.091061 -0.077014 0.327208 0.089743 0.155773 -0.271286 -0.016127 -0.295288 0.102232 -0.039117 0.224964 -0.181148 -0.078186 -0.103608 -0.025735 -0.084318 -0.074878 0.042320 0.158633 0.189786 -0.070925 0.068266 0.116332 -0.367819 0.139014 -0.204667 -0.216748 -0.139752 0.108626 -0.092831 0.098860 0.225610 -0.037201 -0.088579 -0.192211 -0.134187 -0.075506 0.154281 0.065662 0.069757 -0.148144 -0.114364 -0.086523 0.006874 -0.027684 0.165661 -0.009377 -0.148642 -0.220097 0.163348 0.111132 -0.280934 -0.140126 0.112878 -0.167476 0.201707 0.141775 -0.035601 0.056957 -0.155152 -0.004441 0.261556 -0.088975 0.083694 -0.215425 0.042931 -0.293355 -0.152696 -0.029362 0.132287 -0.016030 0.091972 -0.027086 -0.073151 -0.079907 0.082685 0.389821 0.290658 -0.284154 -0.148179 0.214674 -0.152887 0.120154 0.087178 -0.226634 -0.125161 0.139144 -0.259551 0.100202 -0.109338 -0.398027 0.199922 -0.154347 0.068428 -0.121246 -0.174896 0.056017
ochu 0.059956 -0.167191 0.032198 -0.083448 -0.093670 0.274574 0.074812 0.064984 -0.203570 0.004672 -0.215646 0.038696 -0.114988 0.174073 -0.146776 -0.091137 -0.113255 0.018247 -0.121166 -0.087726 0.065283 0.053946 0.151967 -0.063141 0.064001 0.160002 -0.269735 0.147617 -0.131176 -0.146448 -0.091847 0.025599 -0.018546 0.120327 0.160083 -0.001758 -0.137813 -0.132132 -0.154262 -0.085149 0.080487 0.046499 -0.022279 -0.164261 -0.144888 -0.018994 0.006960 -0.002493 0.084833 -0.016122 -0.143550 -0.144338 0.062402 0.110835 -0.323669 -0.130711 0.121625 -0.129046 0.211189 0.132722 -0.080469 0.092079 -0.154464 -0.049053 0.218146 -0.218399 0.150369 -0.170371 0.133106 -0.313480 -0.169307 0.030260 0.112014 -0.033172 0.138432 -0.024508 -0.034865 -0.138771 0.071847 0.389447 0.274924 -0.314597 -0.207179 0.188144 -0.121178 0.134579 0.169532 -0.270522 -0.167468 0.110207 -0.203947 0.063330 -0.101318 -0.342554 0.168096 -0.139121 0.082139 -0.092927 -0.119473 0.157820
school 0.052954 -0.036745 -0.010141 -0.165623 -0.055605 0.383439 0.056895 0.225654 -0.314712 -0.058475 -0.342432 0.140015 -0.051727 0.235100 -0.138331 -0.084642 -0.062939 -0.151228 -0.150902 -0.104850 -0.017762 0.122891 0.201775 -0.009579 0.162838 0.104737 -0.330245 0.158458 -0.224522 -0.224343 -0.143524 0.085253 -0.087245 0.103216 0.234313 -0.050473 0.005882 -0.240972 -0.146637 -0.075558 0.120337 0.019640 0.116266 -0.195681 -0.094639 -0.064009 0.011379 -0.013368 0.164412 -0.018472 -0.051010 -0.218618 0.129584 0.034829 -0.251906 -0.146661 0.087304 -0.124397 0.129448 0.123858 -0.069526 0.068892 -0.170003 0.065515 0.189952 -0.065842 0.105952 -0.228626 -0.000765 -0.294780 -0.118966 -0.025565 0.094369 -0.039367 0.075940 -0.035045 -0.074122 -0.118459 0.051412 0.358446 0.283321 -0.236408 -0.180667 0.198510 -0.172708 0.187073 0.019506 -0.235506 -0.138331 0.123574 -0.201559 0.169749 -0.109754 -0.386119 0.219921 -0.136083 0.031897 -0.102147 -0.180896 0.021071
koteshwor -0.002845 0.032168 0.036522 -0.097214 -0.054901 0.283813 0.003953 0.203412 -0.210149 -0.058271 -0.239953 0.098161 0.004607 0.143540 -0.103863 -0.054367 -0.073132 -0.116708 -0.074456 -0.037546 -0.006821 0.091358 0.154390 0.010061 0.132269 0.070774 -0.213929 0.108035 -0.169829 -0.137731 -0.126190 0.081141 -0.104215 0.071901 0.161024 -0.056106 0.006885 -0.154035 -0.099718 -0.033518 0.144596 0.008529 0.084901 -0.115391 -0.015397 -0.060093 0.012115 0.050043 0.137049 -0.008978 -0.033210 -0.166409 0.090489 0.016067 -0.150954 -0.082602 0.041558 -0.069440 0.072993 0.086401 -0.002608 0.043924 -0.114099 0.036723 0.161945 -0.023636 0.044785 -0.183236 -0.017297 -0.186216 -0.062034 -0.041298 0.038734 -0.024618 0.073139 -0.022334 -0.026836 -0.077413 0.066896 0.179832 0.185921 -0.157735 -0.147555 0.151805 -0.104276 0.124336 -0.038047 -0.158598 -0.070493 0.077350 -0.121643 0.116503 -0.063849 -0.254456 0.153980 -0.072940 0.013082 -0.093077 -0.161716 -0.003634
swoyambhu 0.012245 -0.007987 0.015047 -0.120722 -0.065673 0.334456 0.024275 0.206661 -0.270486 -0.066580 -0.270224 0.113890 -0.019295 0.214025 -0.131369 -0.060226 -0.074883 -0.106422 -0.093056 -0.076281 0.006929 0.105682 0.194635 -0.010256 0.150249 0.103332 -0.280859 0.126988 -0.194336 -0.180511 -0.146296 0.087747 -0.112950 0.093913 0.196880 -0.055569 -0.003085 -0.194051 -0.126859 -0.056764 0.155667 0.032550 0.104307 -0.145765 -0.064433 -0.055955 0.018215 0.033171 0.156644 0.005540 -0.051427 -0.216670 0.109496 0.058587 -0.204761 -0.138446 0.068830 -0.090539 0.114682 0.102160 -0.044451 0.064513 -0.148305 0.064058 0.192113 -0.062580 0.062381 -0.213379 -0.011618 -0.246490 -0.088468 -0.030050 0.048463 -0.051864 0.083471 -0.027275 -0.056833 -0.095912 0.061162 0.277655 0.248096 -0.184547 -0.176957 0.169946 -0.137319 0.136439 -0.026221 -0.204759 -0.101818 0.106905 -0.187846 0.134875 -0.079901 -0.327206 0.175980 -0.117361 0.037149 -0.103707 -0.196493 0.005586
buddha 0.007468 -0.076874 -0.011652 -0.137087 -0.051121 0.302168 0.109631 0.134329 -0.231648 0.003598 -0.246445 0.111400 -0.081606 0.192523 -0.125368 -0.076011 -0.049973 -0.044887 -0.104756 -0.117996 0.035161 0.112829 0.172427 -0.077220 0.074772 0.091384 -0.263901 0.129303 -0.169915 -0.177642 -0.126773 0.064904 -0.030489 0.090773 0.217717 -0.043682 -0.042411 -0.193852 -0.103758 -0.086812 0.065103 0.047180 0.077155 -0.198090 -0.123809 -0.080754 0.003332 -0.085659 0.128045 -0.008965 -0.090890 -0.148557 0.131159 0.061072 -0.266052 -0.117566 0.081557 -0.141777 0.176939 0.119378 -0.130065 0.033694 -0.150901 0.017440 0.168693 -0.073674 0.096343 -0.165720 0.059240 -0.310200 -0.133461 -0.012662 0.115696 -0.033165 0.062327 -0.020365 -0.105684 -0.070350 0.055988 0.398892 0.247870 -0.229442 -0.168027 0.173138 -0.138396 0.147172 0.098379 -0.227398 -0.139180 0.105658 -0.230862 0.127263 -0.134276 -0.368585 0.178182 -0.129815 0.038915 -0.084411 -0.154416 0.055538
tarkeshwor 0.017283 -0.000950 0.026837 -0.112487 -0.062056 0.318681 0.003618 0.211697 -0.247519 -0.048878 -0.275192 0.094806 -0.003890 0.185349 -0.108678 -0.037268 -0.086721 -0.117459 -0.106106 -0.052855 -0.000940 0.112153 0.160113 -0.003753 0.163804 0.082169 -0.255352 0.135386 -0.184800 -0.152731 -0.130368 0.096979 -0.103446 0.084029 0.178615 -0.062732 0.019270 -0.186880 -0.115809 -0.036712 0.160603 0.015358 0.099509 -0.124154 -0.035935 -0.027199 0.023609 0.055938 0.145588 -0.013286 -0.055971 -0.207682 0.076781 0.035826 -0.170304 -0.110207 0.046353 -0.082503 0.072989 0.103612 0.001963 0.049188 -0.141495 0.048796 0.185341 -0.057255 0.057671 -0.200072 -0.017535 -0.201020 -0.081007 -0.045134 0.038249 -0.044209 0.088444 -0.036919 -0.036362 -0.096225 0.048274 0.216110 0.224517 -0.190385 -0.147833 0.163863 -0.129168 0.127697 -0.046576 -0.182920 -0.080891 0.091601 -0.147617 0.112779 -0.041875 -0.264618 0.140696 -0.103275 0.045283 -0.086940 -0.168131 0.015381
999 0.108195 0.147053 0.056268 -0.196670 -0.138029 0.426739 -0.198098 0.370800 -0.310539 -0.187285 -0.385662 0.179729 0.069597 0.263443 -0.119185 -0.038863 0.018181 -0.318430 -0.110883 -0.021662 -0.049155 0.092471 0.123323 0.175166 0.375341 0.132702 -0.251769 0.163457 -0.248178 -0.151001 -0.152543 0.147967 -0.154393 -0.020290 0.159816 -0.117914 0.216596 -0.241444 -0.031306 0.045042 0.235921 -0.132165 0.302727 -0.082862 0.037544 0.112723 0.092884 0.209603 0.202353 -0.003590 0.099795 -0.344559 -0.055430 0.015883 0.020656 -0.065524 -0.115780 0.071672 -0.157497 0.049849 0.136158 0.083153 -0.111048 0.178888 0.089726 0.090890 -0.011105 -0.177436 -0.199362 -0.030609 0.086904 -0.073805 -0.037184 -0.056508 0.099073 -0.061988 -0.019818 -0.114036 0.011111 -0.068181 0.073955 -0.018085 -0.061730 0.139446 -0.101584 0.019971 -0.309763 -0.100951 0.029562 0.063581 -0.058278 0.151456 0.053941 -0.152137 0.093640 -0.050285 -0.003118 -0.032366 -0.149676 -0.120089
57 0.066956 0.084216 0.010377 -0.125480 -0.050822 0.177480 -0.110394 0.207563 -0.154159 -0.093869 -0.224249 0.117588 0.069007 0.125581 -0.019605 0.002160 0.008987 -0.201789 -0.072128 -0.011308 -0.058222 0.060308 0.039371 0.136689 0.216933 0.054391 -0.104237 0.093787 -0.136693 -0.052000 -0.056937 0.073362 -0.106584 -0.034586 0.058062 -0.066785 0.133276 -0.122357 0.027393 0.057030 0.116302 -0.092330 0.183892 -0.006988 0.041929 0.105189 0.014862 0.130029 0.128558 -0.014923 0.080078 -0.177884 -0.058782 -0.019819 0.083879 -0.009449 -0.061623 0.071809 -0.127229 0.018216 0.078203 0.046364 -0.027602 0.083797 0.015001 0.073687 -0.001952 -0.073578 -0.134034 0.000563 0.089864 -0.049404 -0.037915 -0.039228 0.022041 -0.026687 0.001087 -0.052687 -0.012669 -0.124121 0.013608 0.010248 -0.026265 0.053947 -0.018464 0.016499 -0.200157 -0.032740 0.028876 0.032318 0.013895 0.069092 0.058438 -0.028216 0.018247 -0.010412 0.011403 0.018822 -0.060128 -0.062316
44 0.070976 0.071126 0.006652 -0.130089 -0.045075 0.157907 -0.098317 0.193761 -0.125032 -0.088191 -0.199191 0.100300 0.060416 0.111036 -0.003530 0.002831 0.029095 -0.185466 -0.055918 -0.007563 -0.058513 0.052895 0.005287 0.129131 0.205077 0.032088 -0.068683 0.089882 -0.119049 -0.013394 -0.045997 0.059198 -0.096901 -0.065392 0.043969 -0.067063 0.141323 -0.109363 0.043109 0.058447 0.093813 -0.083172 0.179411 0.004046 0.058431 0.097169 0.016554 0.127248 0.125722 0.003507 0.072133 -0.166175 -0.072706 -0.027247 0.097323 -0.002135 -0.057361 0.080294 -0.145121 0.017815 0.083028 0.043770 -0.007789 0.076992 0.000486 0.071316 -0.008337 -0.045719 -0.129936 0.024664 0.105333 -0.040104 -0.037245 -0.030832 0.019326 -0.021798 -0.002691 -0.044991 -0.016637 -0.154416 -0.016236 0.028464 0.015534 0.025879 -0.022270 -0.011657 -0.189329 -0.003869 0.031977 0.011150 -0.001609 0.072734 0.055521 -0.015548 0.009456 -0.022265 0.019521 0.032626 -0.044627 -0.052505
18 0.072250 0.088825 0.018697 -0.133730 -0.060762 0.168724 -0.126184 0.209151 -0.141830 -0.111618 -0.196642 0.094236 0.084464 0.109961 0.002036 0.012990 0.018478 -0.211648 -0.066453 0.001656 -0.051901 0.047562 0.026916 0.133105 0.234612 0.027272 -0.072581 0.086513 -0.120826 -0.038149 -0.049872 0.080871 -0.100133 -0.053720 0.057419 -0.069996 0.145452 -0.118622 0.027044 0.056425 0.131745 -0.099652 0.193655 -0.008115 0.074206 0.094380 0.032335 0.131522 0.132172 -0.011865 0.087459 -0.179308 -0.080596 -0.023874 0.097361 0.003124 -0.064931 0.078957 -0.139334 0.016299 0.098096 0.056030 -0.010099 0.092358 -0.000217 0.092170 -0.033031 -0.063474 -0.138842 0.028699 0.101654 -0.045144 -0.061056 -0.040846 0.021914 -0.025617 0.008204 -0.061033 -0.012627 -0.154247 -0.014598 0.026374 -0.009387 0.032159 -0.036843 -0.001422 -0.208283 -0.024412 0.045018 0.020888 0.021287 0.076990 0.069374 -0.007854 0.019310 -0.032987 0.014535 0.030145 -0.039862 -0.083913
29 0.058512 0.095048 0.009393 -0.103791 -0.053937 0.163670 -0.106030 0.207436 -0.149938 -0.108429 -0.201339 0.105645 0.068647 0.115991 -0.016454 -0.010250 0.016266 -0.202314 -0.066391 0.002953 -0.046847 0.052453 0.046630 0.116222 0.201360 0.013652 -0.075992 0.072674 -0.117739 -0.043239 -0.062669 0.075527 -0.088588 -0.031134 0.060583 -0.042100 0.147587 -0.120479 -0.002195 0.042590 0.140608 -0.078572 0.156091 -0.013129 0.060767 0.070340 0.017974 0.118873 0.102148 -0.043963 0.090515 -0.151245 -0.059427 -0.018716 0.065908 -0.004946 -0.046787 0.065519 -0.125916 0.022601 0.091773 0.039888 -0.015257 0.083302 0.027098 0.069860 -0.027571 -0.087156 -0.127850 0.013399 0.071027 -0.034900 -0.041638 -0.031023 0.037102 -0.021731 0.012403 -0.066068 -0.006315 -0.113734 0.004653 0.017676 -0.015709 0.056095 -0.050701 0.007050 -0.190287 -0.019218 0.043642 0.015076 0.012302 0.070028 0.056509 -0.016467 0.031473 -0.030895 0.019545 0.006573 -0.043299 -0.070436
dallu -0.008268 -0.000698 0.000928 -0.045978 -0.034487 0.180495 0.014235 0.109381 -0.128773 -0.042567 -0.133853 0.054941 -0.001987 0.108450 -0.072892 -0.030710 -0.036762 -0.070247 -0.066443 -0.021245 -0.000331 0.063353 0.098245 -0.002516 0.083027 0.041105 -0.149206 0.071078 -0.115341 -0.108368 -0.094381 0.041586 -0.049447 0.056240 0.106500 -0.033550 -0.007684 -0.115288 -0.081147 -0.026931 0.095936 0.012784 0.051391 -0.082668 -0.036987 -0.042810 0.009671 0.038900 0.078333 -0.021315 -0.030191 -0.120910 0.057855 0.032896 -0.119659 -0.089084 0.036633 -0.046143 0.073262 0.067739 -0.022762 0.022704 -0.086687 0.034086 0.114369 -0.023018 0.036786 -0.116934 -0.000954 -0.123500 -0.057808 -0.021366 0.037907 -0.017519 0.040116 -0.018302 -0.020704 -0.057403 0.041623 0.163468 0.137891 -0.112183 -0.110148 0.106582 -0.099340 0.096243 -0.014189 -0.121494 -0.058005 0.068843 -0.087012 0.077135 -0.027829 -0.188073 0.101346 -0.074308 0.028113 -0.054066 -0.113543 -0.021557
marga 0.009504 -0.034816 0.011386 -0.119421 -0.052792 0.337262 0.037651 0.203712 -0.283643 -0.030500 -0.296727 0.086664 -0.026906 0.200843 -0.123471 -0.057124 -0.089688 -0.065168 -0.092962 -0.075495 0.004369 0.128644 0.157681 -0.034235 0.129563 0.110148 -0.284505 0.144780 -0.180509 -0.171450 -0.153513 0.094753 -0.113125 0.099183 0.220061 -0.061002 -0.012446 -0.178485 -0.101543 -0.067952 0.155312 0.051564 0.092328 -0.159096 -0.076188 -0.057480 0.014846 0.025273 0.171096 -0.009676 -0.089576 -0.208007 0.138360 0.055248 -0.234210 -0.114452 0.077779 -0.111636 0.132524 0.102910 -0.022497 0.051256 -0.142768 0.013089 0.214517 -0.078568 0.063626 -0.208053 0.040565 -0.263440 -0.101178 -0.052444 0.077036 -0.028197 0.082737 -0.023662 -0.056783 -0.076902 0.067365 0.298664 0.273125 -0.243454 -0.140309 0.191270 -0.130483 0.150241 0.020940 -0.217144 -0.116244 0.113995 -0.188222 0.112186 -0.083736 -0.305704 0.167569 -0.116525 0.033867 -0.116528 -0.200448 0.033363
fully -0.059230 -0.069323 -0.012773 -0.132913 -0.068897 0.334336 0.099207 0.175477 -0.266935 -0.003900 -0.158796 0.031239 -0.057232 0.175406 -0.194510 0.057598 -0.165852 0.071974 -0.069325 0.031845 0.094123 0.100805 0.199472 -0.100202 0.046913 0.107545 -0.358347 0.061586 -0.178046 -0.217341 -0.143125 0.019124 -0.155387 0.168175 0.107297 -0.058949 -0.108815 -0.241068 -0.123431 -0.035485 0.225303 0.103346 -0.005873 -0.062585 -0.110402 -0.076685 0.007163 0.062714 0.123516 0.076713 -0.052297 -0.208137 0.214685 0.092467 -0.283291 -0.129410 0.105820 -0.090664 0.155156 0.107828 -0.069699 -0.009806 -0.142434 0.032692 0.248355 -0.119927 0.053376 -0.240861 0.017618 -0.298530 -0.154893 -0.000705 0.078568 -0.047021 0.128915 -0.022157 -0.054054 -0.040518 0.125013 0.284198 0.285626 -0.224629 -0.212807 0.124463 -0.047844 0.074204 0.028594 -0.207990 -0.179805 0.184826 -0.275924 0.045926 -0.084402 -0.333664 0.156863 -0.136402 -0.024078 -0.145231 -0.239711 0.068818
jyotinagar -0.012262 -0.020925 -0.010311 -0.104736 -0.033155 0.245574 0.065485 0.120333 -0.160118 0.008739 -0.174256 0.095515 -0.060708 0.143014 -0.073771 -0.054353 -0.047345 -0.043515 -0.066514 -0.105734 0.005481 0.066400 0.149291 -0.034494 0.082709 0.063776 -0.200879 0.087097 -0.141366 -0.138606 -0.118426 0.073867 -0.014755 0.079603 0.162324 -0.053089 -0.016110 -0.163029 -0.101777 -0.081758 0.037144 0.043629 0.054882 -0.148500 -0.117104 -0.084489 -0.004120 -0.048825 0.119828 0.001881 -0.068732 -0.116670 0.115334 0.041402 -0.217682 -0.102229 0.086919 -0.134595 0.145007 0.083989 -0.091586 0.025313 -0.126480 0.043084 0.143632 -0.046419 0.050022 -0.156376 0.047010 -0.231931 -0.093063 -0.024096 0.057401 -0.020308 0.039097 -0.006492 -0.075667 -0.061067 0.047205 0.314898 0.197718 -0.171850 -0.163298 0.127103 -0.124654 0.139912 0.037574 -0.171911 -0.113273 0.085021 -0.206855 0.125731 -0.099626 -0.296097 0.154564 -0.068542 0.028307 -0.073982 -0.149334 0.024702
jarankhu -0.000250 -0.025938 0.017158 -0.086541 -0.046367 0.250102 0.036720 0.146299 -0.195675 -0.017652 -0.199499 0.083334 -0.024444 0.149882 -0.113579 -0.043518 -0.067361 -0.050945 -0.074892 -0.048787 0.015501 0.092768 0.145380 -0.033361 0.079414 0.079083 -0.228643 0.096446 -0.150739 -0.156570 -0.115559 0.084834 -0.072381 0.090078 0.171692 -0.026232 -0.036847 -0.163099 -0.125416 -0.061910 0.109111 0.032088 0.044194 -0.111896 -0.064438 -0.059438 0.010714 0.012521 0.112075 -0.016513 -0.080239 -0.145346 0.107438 0.055894 -0.194271 -0.110538 0.070130 -0.086361 0.123594 0.092044 -0.037206 0.028293 -0.128012 0.011965 0.168336 -0.056346 0.053758 -0.163479 0.032107 -0.210598 -0.100579 -0.017794 0.060488 -0.026210 0.068501 -0.020755 -0.045071 -0.063149 0.050528 0.248817 0.216582 -0.175023 -0.132952 0.150229 -0.124000 0.120138 0.021626 -0.173149 -0.090002 0.091697 -0.144972 0.089608 -0.078923 -0.274089 0.151174 -0.089513 0.033141 -0.093643 -0.143720 0.033500
city 0.047878 -0.008373 0.001535 -0.176734 -0.081332 0.364627 0.023746 0.251133 -0.284661 -0.083364 -0.321530 0.116551 -0.048711 0.232807 -0.143212 -0.050559 -0.060572 -0.148095 -0.115406 -0.107080 -0.007930 0.126028 0.189810 0.015474 0.164273 0.138503 -0.294904 0.184132 -0.212646 -0.184899 -0.150074 0.101495 -0.096485 0.067092 0.205602 -0.076750 0.018324 -0.210913 -0.129792 -0.069839 0.127858 -0.001823 0.117527 -0.175744 -0.069447 -0.036251 0.023364 0.014250 0.149107 -0.025697 -0.039579 -0.226891 0.090261 0.046695 -0.211478 -0.146609 0.060452 -0.113213 0.114760 0.118079 -0.062208 0.059820 -0.163037 0.056293 0.190560 -0.042939 0.099792 -0.203824 -0.034197 -0.265509 -0.074242 -0.004355 0.066427 -0.050462 0.095837 -0.042963 -0.081049 -0.120382 0.054432 0.314119 0.226375 -0.203284 -0.188529 0.181009 -0.158867 0.174858 -0.023417 -0.209990 -0.104137 0.113979 -0.181641 0.165428 -0.100707 -0.367451 0.178555 -0.100545 0.039248 -0.086493 -0.185187 -0.001601
mulpani 0.040034 0.037914 0.019154 -0.140423 -0.062455 0.310361 -0.003476 0.249910 -0.257738 -0.072984 -0.308061 0.135368 0.002752 0.198958 -0.096401 -0.061104 -0.051450 -0.185393 -0.109121 -0.059384 -0.041235 0.101168 0.170004 0.034585 0.212663 0.076697 -0.238550 0.157558 -0.212564 -0.168805 -0.158286 0.117359 -0.101860 0.069357 0.185900 -0.075136 0.077231 -0.214774 -0.114348 -0.036083 0.147720 -0.020606 0.134117 -0.142495 -0.023020 -0.022038 0.015143 0.048986 0.171067 -0.046811 -0.029019 -0.201730 0.048388 0.021316 -0.136826 -0.104474 0.044283 -0.059059 0.056745 0.087501 -0.004697 0.062313 -0.139341 0.076466 0.164477 -0.001190 0.049710 -0.177028 -0.059979 -0.188467 -0.037137 -0.052458 0.037093 -0.052356 0.059785 -0.017648 -0.040718 -0.109163 0.033558 0.184968 0.178902 -0.153519 -0.155668 0.154614 -0.152331 0.142689 -0.077498 -0.164466 -0.057874 0.069224 -0.122441 0.155099 -0.039303 -0.278588 0.167920 -0.085145 0.046062 -0.065952 -0.163209 -0.027823
thaiba 0.024742 -0.021989 0.019022 -0.103993 -0.073251 0.307864 0.035540 0.184368 -0.248305 -0.039092 -0.249766 0.076979 -0.023490 0.189323 -0.128481 -0.076539 -0.074751 -0.089601 -0.091028 -0.051885 0.013978 0.089210 0.181203 -0.036870 0.143884 0.116747 -0.273845 0.132628 -0.184202 -0.181011 -0.126757 0.101940 -0.086118 0.096551 0.189102 -0.043073 -0.021795 -0.174205 -0.142331 -0.054039 0.132253 0.016696 0.086875 -0.130482 -0.057721 -0.038144 -0.000103 0.025538 0.147166 0.006895 -0.083458 -0.184096 0.096396 0.044566 -0.209739 -0.124980 0.070399 -0.084618 0.122922 0.087818 -0.014477 0.070972 -0.146567 0.024099 0.192818 -0.071292 0.065497 -0.192220 0.022520 -0.212073 -0.105235 -0.020139 0.069358 -0.035131 0.086047 -0.018851 -0.050277 -0.106374 0.089140 0.278074 0.220265 -0.215040 -0.153288 0.171354 -0.139550 0.139404 0.009584 -0.209807 -0.109521 0.078124 -0.167777 0.125760 -0.062445 -0.308855 0.172960 -0.099591 0.059556 -0.091073 -0.160151 0.041392
naxal 0.020292 0.014018 0.019131 -0.111947 -0.064666 0.269558 -0.001801 0.196759 -0.218939 -0.050135 -0.241607 0.100074 0.006181 0.161964 -0.107631 -0.042353 -0.054845 -0.125824 -0.076520 -0.062494 -0.019412 0.085657 0.144582 0.012647 0.148118 0.073557 -0.216118 0.104122 -0.172057 -0.150843 -0.115573 0.091260 -0.081634 0.066153 0.166108 -0.046550 0.029264 -0.181129 -0.093189 -0.030902 0.118129 0.021109 0.086988 -0.115947 -0.049784 -0.047780 0.016960 0.042044 0.143782 -0.022809 -0.035862 -0.184832 0.084416 0.030875 -0.152243 -0.091686 0.042282 -0.077209 0.084134 0.096935 -0.020330 0.044538 -0.121198 0.054477 0.151625 -0.044626 0.053373 -0.168370 -0.010559 -0.196352 -0.073637 -0.038518 0.045321 -0.038397 0.072239 -0.031821 -0.046190 -0.078532 0.037656 0.193254 0.183407 -0.159014 -0.132251 0.162613 -0.123935 0.116739 -0.043530 -0.167039 -0.078059 0.076004 -0.115743 0.116169 -0.048161 -0.251692 0.137065 -0.088196 0.030289 -0.075951 -0.159152 -0.003022
gongabu 0.025528 0.006545 0.016070 -0.120484 -0.063251 0.322667 0.005480 0.202655 -0.254136 -0.070715 -0.290798 0.110622 -0.011683 0.186709 -0.113783 -0.051126 -0.071629 -0.143184 -0.100401 -0.063657 -0.014088 0.102131 0.161364 0.008263 0.173719 0.097168 -0.266146 0.141915 -0.185349 -0.170001 -0.133572 0.095760 -0.093862 0.064100 0.184216 -0.058110 0.016451 -0.196190 -0.117258 -0.025143 0.134981 -0.012403 0.102349 -0.134313 -0.043454 -0.014600 0.017145 0.045147 0.150211 -0.036252 -0.037414 -0.199955 0.060542 0.044983 -0.166855 -0.113319 0.054979 -0.066147 0.082556 0.106747 -0.017207 0.051442 -0.143275 0.067552 0.169841 -0.027907 0.057496 -0.178954 -0.027924 -0.209989 -0.062016 -0.039276 0.047178 -0.036367 0.080406 -0.039279 -0.047310 -0.102955 0.042202 0.226662 0.210557 -0.169202 -0.145949 0.159269 -0.136923 0.115362 -0.039676 -0.199877 -0.089060 0.094122 -0.138854 0.132676 -0.057584 -0.294094 0.155688 -0.108184 0.041826 -0.078827 -0.164049 -0.015211
gokarneshwor 0.015869 0.005065 0.009748 -0.095996 -0.054211 0.254335 0.011111 0.171421 -0.213414 -0.053346 -0.246949 0.093965 -0.007383 0.153759 -0.097165 -0.066654 -0.055101 -0.129381 -0.097240 -0.058551 -0.014311 0.092655 0.150044 -0.010626 0.128707 0.078411 -0.221128 0.119506 -0.169689 -0.152684 -0.115234 0.075455 -0.082386 0.062392 0.168332 -0.053244 0.005186 -0.164230 -0.103567 -0.052562 0.116973 0.016120 0.079432 -0.125906 -0.035793 -0.043484 0.006182 0.033494 0.137163 -0.025454 -0.047189 -0.154425 0.078966 0.040679 -0.155478 -0.107115 0.047821 -0.087145 0.100517 0.085966 -0.024124 0.046324 -0.131670 0.046620 0.156411 -0.039548 0.054169 -0.170854 0.004118 -0.188390 -0.078418 -0.033765 0.047485 -0.032217 0.069918 -0.029717 -0.044581 -0.083731 0.050630 0.221839 0.187944 -0.175599 -0.136645 0.154419 -0.125381 0.128635 -0.016843 -0.163055 -0.069603 0.075854 -0.118856 0.118315 -0.050071 -0.256441 0.151022 -0.082710 0.028273 -0.069433 -0.136290 -0.001080
thulobharyang 0.014784 0.031469 0.021336 -0.099321 -0.042298 0.259872 -0.008054 0.191692 -0.208862 -0.055061 -0.231385 0.102706 -0.002756 0.153554 -0.094238 -0.064863 -0.063794 -0.140749 -0.096216 -0.055006 -0.018276 0.090255 0.141818 -0.003799 0.145711 0.063526 -0.209506 0.124313 -0.162388 -0.139884 -0.114949 0.092455 -0.094903 0.072502 0.173944 -0.034076 0.013717 -0.164676 -0.106504 -0.042899 0.134811 -0.008790 0.089987 -0.105018 -0.026776 -0.045722 0.009690 0.034528 0.126684 -0.021794 -0.052988 -0.162146 0.068632 0.020508 -0.147606 -0.088924 0.035583 -0.059756 0.066107 0.078019 -0.013462 0.047866 -0.120299 0.042263 0.149702 -0.011169 0.031492 -0.169514 -0.012894 -0.180660 -0.075261 -0.042384 0.035877 -0.032506 0.053985 -0.028438 -0.032411 -0.088528 0.051127 0.204382 0.183156 -0.142100 -0.147497 0.161459 -0.128741 0.133966 -0.042613 -0.148894 -0.071011 0.064248 -0.108042 0.116137 -0.053356 -0.254546 0.145292 -0.081647 0.031426 -0.083235 -0.149573 -0.013063
kadaghari -0.002411 -0.064535 0.018918 -0.092655 -0.039268 0.228644 0.062947 0.096334 -0.181461 0.003298 -0.195223 0.062935 -0.027324 0.141560 -0.112998 -0.033425 -0.074550 -0.027635 -0.072919 -0.047545 0.029436 0.091134 0.129093 -0.032175 0.065458 0.069418 -0.233036 0.094620 -0.126120 -0.124625 -0.111151 0.040163 -0.053265 0.090742 0.150650 -0.023886 -0.051190 -0.147610 -0.084853 -0.045540 0.082291 0.032621 0.024443 -0.114569 -0.082631 -0.037001 0.015685 0.003152 0.114472 -0.001369 -0.077143 -0.121608 0.087848 0.062844 -0.198498 -0.091871 0.068298 -0.096017 0.128792 0.098861 -0.065557 0.019600 -0.112590 0.020533 0.152678 -0.084621 0.069584 -0.146031 0.054552 -0.211662 -0.105163 -0.022038 0.070237 -0.021595 0.064002 -0.011413 -0.031666 -0.063357 0.057802 0.267054 0.195330 -0.191023 -0.139487 0.124972 -0.088314 0.084807 0.058375 -0.171547 -0.103099 0.086729 -0.169634 0.081879 -0.062485 -0.246328 0.120957 -0.096831 0.032496 -0.062453 -0.138649 0.056357
civil 0.032600 -0.036275 -0.010847 -0.140639 -0.079117 0.326379 0.050442 0.194162 -0.262265 -0.027599 -0.312648 0.114738 -0.037285 0.228848 -0.123002 -0.066050 -0.033355 -0.107971 -0.110770 -0.128478 -0.018309 0.111418 0.219057 -0.022948 0.173386 0.096123 -0.294290 0.147653 -0.207518 -0.210458 -0.164408 0.091496 -0.064471 0.083644 0.229533 -0.052641 -0.007134 -0.216638 -0.106918 -0.065810 0.109815 0.017563 0.081245 -0.160210 -0.102128 -0.062213 -0.008312 -0.001592 0.151185 -0.043326 -0.095165 -0.213929 0.119350 0.066876 -0.253189 -0.120761 0.096097 -0.146511 0.123454 0.114219 -0.081715 0.066495 -0.176118 0.053506 0.210898 -0.059072 0.063425 -0.216615 0.010890 -0.250036 -0.083963 -0.041459 0.075960 -0.049764 0.066563 -0.027886 -0.042490 -0.086407 0.058628 0.323593 0.260380 -0.213803 -0.175336 0.191200 -0.168207 0.156489 0.015515 -0.211771 -0.116219 0.108611 -0.211602 0.135085 -0.075132 -0.361531 0.162856 -0.120270 0.062183 -0.089722 -0.184106 -0.001451
month 0.046276 0.113971 0.014082 -0.096703 -0.095533 0.301305 -0.126076 0.265834 -0.232434 -0.173701 -0.272008 0.097864 0.080207 0.175734 -0.089771 -0.001844 0.028109 -0.249583 -0.077135 0.001051 -0.026219 0.094050 0.095940 0.133617 0.257762 0.041731 -0.141997 0.096611 -0.188203 -0.098313 -0.108062 0.088986 -0.130922 -0.027437 0.125562 -0.082626 0.156735 -0.146018 -0.042550 0.027675 0.218080 -0.113623 0.176562 -0.056648 0.067794 0.048130 0.050489 0.174207 0.134800 -0.049044 0.123732 -0.245997 -0.059195 -0.014579 0.049167 -0.029340 -0.057790 0.058222 -0.109578 0.049456 0.109321 0.054845 -0.052664 0.105122 0.054803 0.050323 -0.018767 -0.151836 -0.169902 -0.012382 0.086885 -0.025318 -0.063049 -0.056925 0.084065 -0.042138 0.023350 -0.127913 0.010553 -0.072005 0.039951 -0.003346 -0.072952 0.057126 -0.091168 0.024579 -0.239742 -0.069751 0.058735 0.056566 -0.001050 0.115477 0.065346 -0.070980 0.060743 -0.040558 0.010616 -0.026456 -0.107634 -0.097175
41 0.053000 0.083872 -0.008917 -0.113520 -0.049201 0.147007 -0.100868 0.201787 -0.131233 -0.103334 -0.191493 0.089835 0.070027 0.106049 -0.007866 0.006801 0.010495 -0.212884 -0.064469 0.001139 -0.057374 0.056542 0.044739 0.111867 0.208834 0.007836 -0.065685 0.090947 -0.130821 -0.043041 -0.064995 0.071581 -0.089848 -0.043907 0.049972 -0.054007 0.145993 -0.102522 0.024181 0.043956 0.119832 -0.065874 0.165887 -0.011459 0.073302 0.087383 0.026082 0.116643 0.109721 -0.031164 0.076992 -0.163313 -0.086566 -0.027283 0.077791 0.008881 -0.035434 0.064677 -0.139488 0.017463 0.086284 0.052410 -0.020675 0.079739 0.013146 0.081856 -0.007939 -0.054064 -0.133066 0.022307 0.111468 -0.042622 -0.054304 -0.039040 0.037662 0.002049 0.003707 -0.070014 -0.021942 -0.133256 -0.003521 0.028598 0.002863 0.039217 -0.038921 0.006491 -0.188556 -0.017331 0.026357 0.012713 0.028264 0.078543 0.060797 -0.009934 0.003985 -0.033989 0.026949 0.031106 -0.046582 -0.071176
53 0.057871 0.076489 0.002976 -0.108341 -0.051425 0.145422 -0.073774 0.163241 -0.118479 -0.092441 -0.170469 0.088090 0.056661 0.085892 -0.021180 0.001321 0.005941 -0.156534 -0.054369 -0.019221 -0.034448 0.047595 0.050276 0.097749 0.172850 0.034859 -0.096023 0.079468 -0.130786 -0.038467 -0.062868 0.073661 -0.084752 -0.018581 0.050286 -0.048949 0.106549 -0.101610 0.007071 0.044413 0.110226 -0.061672 0.135544 -0.008271 0.045365 0.065429 0.018440 0.102796 0.115101 -0.016938 0.042923 -0.140956 -0.053646 -0.008240 0.032186 -0.008290 -0.029428 0.031101 -0.092398 0.011312 0.059911 0.048701 -0.041360 0.074319 0.026499 0.054602 -0.018074 -0.056249 -0.105552 -0.006414 0.053423 -0.044745 -0.027148 -0.026550 0.032098 -0.017231 0.011962 -0.055471 -0.007567 -0.088225 0.027773 -0.006189 -0.021697 0.048997 -0.043082 0.016650 -0.152458 -0.032189 0.004957 0.014778 -0.006510 0.059087 0.036983 -0.054956 0.024056 -0.035823 0.021214 0.014487 -0.052707 -0.058417
31 0.055889 0.056138 -0.003541 -0.113957 -0.069084 0.151606 -0.095487 0.182313 -0.140989 -0.088523 -0.189241 0.097502 0.063788 0.109780 -0.013889 0.012983 0.012003 -0.182827 -0.053320 0.000621 -0.034118 0.063243 0.027334 0.121609 0.190061 0.027354 -0.071705 0.082538 -0.109036 -0.026458 -0.049177 0.061882 -0.085558 -0.054813 0.038627 -0.053494 0.130804 -0.090022 0.028095 0.037441 0.101253 -0.088170 0.144666 -0.000544 0.046754 0.099981 0.010673 0.114924 0.090259 -0.012110 0.078429 -0.159507 -0.072630 -0.007932 0.077057 0.009413 -0.044447 0.053948 -0.122306 0.011433 0.081716 0.035738 -0.002040 0.066521 0.009804 0.059355 0.002430 -0.054873 -0.120335 0.019199 0.074516 -0.047122 -0.046572 -0.028498 0.030030 -0.006862 -0.015627 -0.046953 -0.003174 -0.133811 0.007386 0.026454 -0.013963 0.029119 -0.012125 -0.017398 -0.168825 -0.013629 0.023372 0.002880 0.010184 0.053146 0.060769 -0.006781 -0.002716 -0.020608 0.013678 0.027223 -0.035567 -0.037759
deuba -0.027315 -0.035122 -0.007420 -0.119785 -0.041312 0.255120 0.074327 0.142405 -0.177849 0.021857 -0.202549 0.105874 -0.067067 0.161600 -0.089232 -0.048178 -0.047006 -0.060833 -0.057725 -0.106727 0.009116 0.109570 0.145778 -0.058721 0.070900 0.078171 -0.202499 0.104912 -0.158036 -0.165534 -0.139992 0.074357 -0.033550 0.081989 0.178825 -0.039298 -0.004912 -0.172740 -0.078268 -0.072676 0.049023 0.071062 0.065501 -0.172072 -0.106055 -0.098265 0.011965 -0.082443 0.116746 0.011617 -0.073419 -0.096545 0.133354 0.027930 -0.214579 -0.106658 0.071584 -0.139153 0.147576 0.089159 -0.134789 0.010730 -0.129793 0.058582 0.133537 -0.031442 0.048230 -0.151019 0.044414 -0.282628 -0.111235 -0.011922 0.078714 -0.033985 0.057975 -0.010656 -0.093125 -0.058877 0.053099 0.336012 0.207858 -0.166698 -0.168783 0.148880 -0.120866 0.162916 0.049716 -0.167766 -0.127515 0.078851 -0.191670 0.131529 -0.130937 -0.337595 0.174238 -0.079247 0.005068 -0.092500 -0.169637 0.015354
16 0.042035 0.083180 0.016224 -0.105636 -0.047706 0.175136 -0.090416 0.212345 -0.147415 -0.093469 -0.214610 0.116102 0.065788 0.108484 -0.033980 -0.020989 -0.004891 -0.204525 -0.073381 -0.010725 -0.058904 0.050712 0.070196 0.113056 0.191543 0.040768 -0.080261 0.098637 -0.140724 -0.048279 -0.071797 0.082549 -0.091340 -0.014131 0.077102 -0.061693 0.123707 -0.126214 -0.013567 0.034464 0.121137 -0.086577 0.142532 -0.014421 0.052950 0.046191 0.012716 0.102654 0.117532 -0.020875 0.070014 -0.145827 -0.048220 -0.024618 0.040201 -0.020236 -0.043686 0.049821 -0.097139 0.023876 0.074398 0.039045 -0.038939 0.068277 0.041480 0.058719 -0.005313 -0.079361 -0.117560 -0.011686 0.048907 -0.042473 -0.034314 -0.031393 0.041833 -0.023324 0.002464 -0.052609 0.002809 -0.077414 0.034055 -0.007587 -0.050115 0.066327 -0.035412 0.036802 -0.178203 -0.056581 0.021984 0.014775 0.003751 0.074286 0.030781 -0.063562 0.039316 -0.034293 0.011435 -0.008403 -0.061184 -0.056911
baniyatar 0.004274 -0.044022 0.015116 -0.066511 -0.049223 0.227889 0.023577 0.108910 -0.179846 -0.032315 -0.169508 0.069059 -0.028774 0.148032 -0.092162 -0.050173 -0.059288 -0.052704 -0.080442 -0.055196 -0.003308 0.077173 0.139393 -0.025430 0.075429 0.081422 -0.209797 0.086792 -0.127409 -0.139441 -0.086927 0.068082 -0.042196 0.079751 0.147862 -0.023234 -0.043559 -0.121927 -0.101931 -0.064804 0.073034 0.037595 0.058450 -0.119030 -0.089304 -0.044572 0.001008 0.010595 0.094106 -0.004590 -0.048189 -0.125920 0.085905 0.057631 -0.189313 -0.095113 0.066591 -0.085384 0.110173 0.071617 -0.032085 0.030826 -0.103072 0.026587 0.151013 -0.066175 0.072183 -0.134189 0.024843 -0.205698 -0.092597 -0.008005 0.055282 -0.036403 0.066643 -0.019590 -0.057330 -0.068235 0.057899 0.256454 0.171451 -0.157967 -0.120993 0.127661 -0.100909 0.097596 0.037171 -0.163468 -0.083089 0.084991 -0.150329 0.095954 -0.065144 -0.249719 0.137671 -0.081924 0.034555 -0.065541 -0.125393 0.035172
cg 0.014917 -0.046581 -0.011387 -0.167222 -0.099182 0.409946 0.056453 0.249414 -0.320651 -0.064497 -0.358829 0.098427 -0.045212 0.245352 -0.173486 -0.041881 -0.076253 -0.104995 -0.109460 -0.091060 0.026900 0.159426 0.201235 -0.016805 0.165690 0.162417 -0.355297 0.179094 -0.218137 -0.214845 -0.167430 0.110131 -0.121190 0.084457 0.238668 -0.059223 -0.023391 -0.209620 -0.130143 -0.052863 0.161836 0.012670 0.130706 -0.159082 -0.080402 -0.019324 0.019348 0.033902 0.174158 0.013116 -0.075469 -0.264939 0.123415 0.073710 -0.263888 -0.164199 0.076799 -0.112637 0.148008 0.141773 -0.042487 0.083369 -0.172357 0.061043 0.228944 -0.085592 0.085263 -0.249170 -0.008443 -0.287965 -0.122169 -0.023766 0.079617 -0.033271 0.099371 -0.043199 -0.065241 -0.107892 0.066611 0.311087 0.276219 -0.230391 -0.182463 0.193585 -0.138494 0.158035 -0.021430 -0.261985 -0.155975 0.125985 -0.216997 0.147054 -0.103095 -0.384037 0.200329 -0.106940 0.035237 -0.105959 -0.195241 0.025096
kantipur 0.021680 -0.051701 0.018021 -0.113204 -0.063128 0.280545 0.079051 0.142602 -0.242236 -0.045451 -0.266607 0.095576 -0.022965 0.206699 -0.147232 -0.056443 -0.081235 -0.067401 -0.088260 -0.069830 0.038108 0.123443 0.162827 -0.048834 0.077805 0.093702 -0.295312 0.139843 -0.170701 -0.181649 -0.130041 0.098337 -0.077409 0.090970 0.211145 -0.047602 -0.049653 -0.176515 -0.143292 -0.071809 0.121323 0.036366 0.067728 -0.147779 -0.093152 -0.059461 0.007807 0.004714 0.156837 -0.032313 -0.106885 -0.184158 0.117906 0.077760 -0.219697 -0.151139 0.087667 -0.127641 0.175192 0.121767 -0.028341 0.064800 -0.156211 -0.003806 0.213584 -0.085429 0.071019 -0.177109 0.034799 -0.243610 -0.141204 -0.008094 0.097750 -0.021801 0.081423 -0.032168 -0.070604 -0.080490 0.063482 0.320543 0.239906 -0.253661 -0.131309 0.171446 -0.126498 0.119514 0.049844 -0.233029 -0.106067 0.099876 -0.210159 0.105619 -0.102597 -0.337669 0.174073 -0.133312 0.071170 -0.082776 -0.143984 0.041968
marg -0.007614 0.018581 0.010203 -0.139370 -0.071740 0.351868 0.013887 0.239529 -0.280438 -0.058263 -0.305728 0.121488 -0.003466 0.223453 -0.133143 -0.031079 -0.072787 -0.136439 -0.099713 -0.075416 -0.009437 0.111298 0.174844 0.006055 0.167750 0.088781 -0.283515 0.135566 -0.226309 -0.176247 -0.172659 0.092208 -0.112522 0.083915 0.199306 -0.069781 0.035795 -0.219384 -0.128540 -0.036104 0.155574 0.033745 0.129478 -0.154138 -0.072038 -0.043532 0.012061 0.060658 0.178893 -0.012861 -0.029264 -0.234056 0.105893 0.054811 -0.200587 -0.135165 0.046270 -0.096524 0.083766 0.098283 -0.018790 0.041356 -0.145430 0.073241 0.200734 -0.034122 0.052829 -0.202514 -0.034390 -0.233782 -0.067829 -0.050315 0.059812 -0.038171 0.075035 -0.028361 -0.056013 -0.089564 0.070922 0.239372 0.229992 -0.175737 -0.164585 0.182492 -0.136567 0.145371 -0.060087 -0.207309 -0.103735 0.115913 -0.177344 0.145817 -0.061495 -0.311406 0.184107 -0.093698 0.018574 -0.089244 -0.185628 -0.009104
lubhu 0.019002 -0.013631 0.019608 -0.116376 -0.062687 0.287872 0.024128 0.168715 -0.222413 -0.044163 -0.260488 0.100476 -0.013516 0.186913 -0.109236 -0.066775 -0.061926 -0.108269 -0.096873 -0.067883 -0.002554 0.092074 0.162834 -0.008700 0.123820 0.084028 -0.245964 0.136196 -0.172432 -0.150967 -0.118188 0.084432 -0.069084 0.069595 0.175991 -0.051539 -0.000583 -0.176926 -0.114262 -0.044719 0.106676 -0.002850 0.093099 -0.147638 -0.070240 -0.031838 0.010820 0.024776 0.134671 -0.015320 -0.043009 -0.175078 0.080464 0.031808 -0.187021 -0.118862 0.052795 -0.078700 0.102247 0.095426 -0.029221 0.054026 -0.129330 0.036119 0.167559 -0.046943 0.074608 -0.168907 0.006308 -0.203793 -0.087720 -0.021957 0.069960 -0.042185 0.074060 -0.017934 -0.054771 -0.089984 0.058815 0.245366 0.196487 -0.178779 -0.150755 0.166501 -0.125095 0.128255 -0.007348 -0.191072 -0.087116 0.088522 -0.149430 0.119097 -0.067574 -0.281903 0.155772 -0.101366 0.034859 -0.077230 -0.146943 0.010326
gurjudhara 0.011978 0.005164 0.010242 -0.123358 -0.062888 0.306079 0.016611 0.182069 -0.236775 -0.055945 -0.281147 0.097566 -0.021436 0.189420 -0.135984 -0.071344 -0.052486 -0.120963 -0.100591 -0.071387 -0.009827 0.122021 0.159497 -0.015574 0.117701 0.093912 -0.268205 0.124567 -0.174699 -0.152846 -0.130333 0.088699 -0.066276 0.069438 0.199211 -0.050106 0.012475 -0.177719 -0.126121 -0.068588 0.124756 0.016539 0.116871 -0.153493 -0.079571 -0.048572 0.022629 0.012857 0.149966 -0.022993 -0.061415 -0.182631 0.091872 0.041880 -0.173158 -0.114361 0.056850 -0.096843 0.117347 0.101494 -0.012043 0.067727 -0.131533 0.035841 0.180264 -0.036730 0.060803 -0.184249 -0.015471 -0.216366 -0.079880 -0.027414 0.072011 -0.039356 0.068777 -0.042655 -0.062821 -0.083913 0.063807 0.283887 0.222054 -0.185527 -0.149966 0.173596 -0.146991 0.141045 -0.008576 -0.189587 -0.087164 0.085279 -0.172878 0.129303 -0.060776 -0.316023 0.165232 -0.118187 0.053697 -0.066874 -0.149775 -0.003027
behind 0.015950 0.029398 0.030176 -0.156129 -0.088327 0.422519 -0.010324 0.275421 -0.317276 -0.096346 -0.344357 0.139915 -0.007533 0.247595 -0.144681 -0.061010 -0.074519 -0.164663 -0.124791 -0.082900 -0.018706 0.141757 0.206309 0.025457 0.200183 0.109442 -0.342138 0.166412 -0.250383 -0.214078 -0.177589 0.126326 -0.137454 0.094123 0.231083 -0.090279 0.027846 -0.247343 -0.129974 -0.057345 0.208750 0.017010 0.156823 -0.156218 -0.043070 -0.044600 0.035196 0.084799 0.203470 -0.026165 -0.022379 -0.273028 0.092588 0.038316 -0.206128 -0.148440 0.047166 -0.079294 0.074279 0.116827 -0.005738 0.065979 -0.177134 0.082024 0.220721 -0.024482 0.061717 -0.254411 -0.058423 -0.244320 -0.055915 -0.050228 0.045156 -0.051455 0.097464 -0.046631 -0.053573 -0.112095 0.071559 0.247111 0.246259 -0.189855 -0.175859 0.204483 -0.159473 0.149034 -0.075503 -0.225852 -0.107865 0.135785 -0.192233 0.162518 -0.064910 -0.340047 0.193343 -0.119104 0.032196 -0.103126 -0.214758 -0.023610
matatirtha 0.030551 0.020266 0.008607 -0.121700 -0.058549 0.266871 0.003829 0.166456 -0.204738 -0.051993 -0.266553 0.095789 -0.008712 0.166945 -0.112241 -0.060605 -0.064284 -0.128871 -0.087367 -0.066603 -0.013397 0.104682 0.146763 -0.013894 0.131536 0.070823 -0.227508 0.119242 -0.150850 -0.143566 -0.102993 0.086539 -0.071247 0.069907 0.179206 -0.037193 0.012610 -0.183121 -0.124782 -0.049964 0.117662 -0.003665 0.081320 -0.127853 -0.059087 -0.034074 0.001354 0.017140 0.132054 -0.038626 -0.057526 -0.171872 0.077354 0.022976 -0.162913 -0.094765 0.044641 -0.086951 0.087633 0.078305 -0.027677 0.063866 -0.128538 0.026698 0.163748 -0.041558 0.050977 -0.167762 -0.000868 -0.191717 -0.087826 -0.018458 0.040278 -0.038851 0.064232 -0.035882 -0.030364 -0.079737 0.059118 0.229138 0.209143 -0.160735 -0.138615 0.148023 -0.139682 0.134035 -0.021632 -0.165457 -0.068981 0.074435 -0.145349 0.122955 -0.063591 -0.282866 0.154516 -0.102773 0.048097 -0.063943 -0.130820 -0.001892
basundhara 0.004426 0.008251 0.020208 -0.104307 -0.060982 0.263654 0.013315 0.155660 -0.192502 -0.058628 -0.212614 0.102140 -0.017350 0.162954 -0.107159 -0.050505 -0.039642 -0.098380 -0.094947 -0.058128 -0.006508 0.089458 0.135636 0.008298 0.124986 0.077939 -0.218325 0.101562 -0.156487 -0.143239 -0.114215 0.074922 -0.076881 0.056193 0.158330 -0.057507 -0.007529 -0.149141 -0.101496 -0.039799 0.096109 -0.003125 0.088865 -0.107636 -0.053378 -0.021030 0.026684 0.046808 0.116117 -0.000124 -0.037935 -0.156735 0.072865 0.024270 -0.155035 -0.102705 0.036985 -0.063203 0.078657 0.084442 -0.012728 0.048843 -0.112357 0.060574 0.146321 -0.041301 0.062818 -0.165208 -0.019362 -0.179776 -0.065438 -0.025646 0.052145 -0.042923 0.070510 -0.021853 -0.035566 -0.081294 0.056051 0.208350 0.178547 -0.132117 -0.137731 0.127056 -0.104515 0.123460 -0.014640 -0.166150 -0.068861 0.096964 -0.116217 0.110093 -0.049028 -0.248050 0.116202 -0.087265 0.025785 -0.073776 -0.143553 -0.013263
total 0.014657 0.131464 0.039402 -0.080152 -0.079310 0.223132 -0.112076 0.222724 -0.200932 -0.136330 -0.207225 0.136302 0.051970 0.138051 -0.036441 -0.025516 0.037389 -0.218716 -0.081142 -0.007725 -0.046814 0.044651 0.073003 0.144067 0.217796 0.025409 -0.112635 0.097105 -0.151759 -0.074794 -0.080198 0.077406 -0.122091 -0.002192 0.115723 -0.063487 0.133445 -0.112551 -0.044701 0.042577 0.158057 -0.107623 0.126067 -0.029554 0.053756 0.068953 0.053804 0.164921 0.101423 -0.042037 0.109923 -0.206857 -0.058999 -0.027481 0.059863 -0.044602 -0.059759 0.042631 -0.092574 0.037941 0.077992 0.025542 -0.072452 0.091270 0.056040 0.063146 0.006608 -0.125764 -0.147857 -0.025442 0.096016 -0.059708 -0.057625 -0.049301 0.045517 -0.019845 0.015327 -0.086479 -0.004677 -0.083457 0.011479 0.031173 -0.074669 0.061749 -0.057720 0.040509 -0.207248 -0.082415 0.072889 0.053214 0.030728 0.107285 0.060497 -0.052786 0.034339 -0.019861 -0.010749 -0.018635 -0.094927 -0.100807
68 0.056058 0.067046 0.024541 -0.124994 -0.058372 0.168028 -0.103891 0.183578 -0.139443 -0.094534 -0.194247 0.097363 0.050755 0.112231 -0.017972 0.005879 0.015877 -0.165964 -0.052884 -0.012293 -0.044355 0.045176 0.044342 0.125134 0.190006 0.064241 -0.103236 0.088431 -0.124257 -0.044886 -0.049860 0.065339 -0.086234 -0.033030 0.067994 -0.071523 0.111511 -0.104082 0.001007 0.041858 0.109776 -0.076744 0.179052 0.003855 0.031707 0.070652 0.013209 0.115411 0.114840 -0.009506 0.070558 -0.160449 -0.046250 -0.025117 0.044813 -0.021902 -0.069368 0.054914 -0.098737 0.030290 0.078651 0.040634 -0.036165 0.067173 0.025588 0.071853 -0.012805 -0.073067 -0.126264 -0.002799 0.059083 -0.043896 -0.021280 -0.047476 0.036088 -0.038624 -0.010179 -0.036087 0.002905 -0.096139 0.013773 0.011396 -0.017503 0.058184 -0.025670 0.007170 -0.166192 -0.036072 0.028238 0.022451 -0.012976 0.078767 0.019172 -0.049793 0.052699 -0.004027 -0.001429 0.012447 -0.050928 -0.057083
dhungeadda 0.001882 0.008737 0.023555 -0.083836 -0.051207 0.238732 0.023793 0.134587 -0.182906 -0.042475 -0.217642 0.084342 -0.005721 0.161116 -0.119728 -0.058009 -0.050621 -0.102609 -0.073030 -0.063115 -0.003666 0.099065 0.141783 -0.029115 0.088198 0.083396 -0.208639 0.099409 -0.132507 -0.137857 -0.112315 0.073733 -0.056215 0.067859 0.171799 -0.035578 -0.011851 -0.144245 -0.120204 -0.065303 0.113827 0.015545 0.070811 -0.118535 -0.070894 -0.037365 0.007625 0.017005 0.110702 -0.012860 -0.059495 -0.163983 0.074615 0.031359 -0.166536 -0.099133 0.063004 -0.078317 0.099438 0.088392 -0.023368 0.048436 -0.109690 0.025792 0.152471 -0.044938 0.058136 -0.171148 -0.007965 -0.192722 -0.095983 -0.013086 0.047683 -0.038245 0.071283 -0.034384 -0.040817 -0.088924 0.053405 0.248194 0.194656 -0.166899 -0.122605 0.136893 -0.123815 0.106500 0.008257 -0.171913 -0.076249 0.073630 -0.141804 0.110863 -0.053936 -0.272271 0.130898 -0.100005 0.052934 -0.080123 -0.132771 0.005511
dhungedhara -0.013782 -0.022658 0.007169 -0.058280 -0.043386 0.195603 0.016478 0.114376 -0.160142 -0.017484 -0.152653 0.062597 -0.017160 0.117937 -0.090619 -0.037008 -0.077720 -0.036258 -0.059959 -0.016718 0.012238 0.057240 0.123115 -0.033828 0.072880 0.050759 -0.171133 0.052510 -0.123114 -0.107929 -0.095904 0.040468 -0.070814 0.073748 0.115781 -0.028037 -0.017497 -0.134265 -0.095543 -0.023334 0.100004 0.044957 0.035345 -0.071017 -0.049936 -0.048885 0.008878 0.011679 0.083641 -0.002226 -0.054529 -0.118535 0.089597 0.053309 -0.152596 -0.077681 0.066374 -0.074174 0.089097 0.072381 -0.040944 0.029400 -0.099030 0.023623 0.137505 -0.047903 0.038779 -0.135463 0.016375 -0.163759 -0.075029 -0.025713 0.041401 -0.032612 0.062344 -0.013466 -0.029788 -0.044973 0.046794 0.199280 0.172164 -0.137127 -0.118569 0.107149 -0.072339 0.082613 0.018734 -0.127065 -0.078436 0.070386 -0.122276 0.067111 -0.034236 -0.199107 0.103109 -0.075278 0.017116 -0.069319 -0.135480 0.004769
vision 0.045262 -0.036855 0.009316 -0.134352 -0.068790 0.342985 0.071735 0.178589 -0.294514 -0.060067 -0.344489 0.117237 -0.029213 0.256057 -0.179203 -0.092356 -0.081100 -0.105369 -0.122291 -0.102669 0.007851 0.150007 0.200859 -0.046040 0.111604 0.098315 -0.355832 0.160830 -0.206406 -0.219893 -0.128021 0.111826 -0.072133 0.091695 0.232174 -0.031771 -0.040161 -0.232670 -0.166613 -0.074682 0.152670 0.015585 0.129866 -0.173232 -0.106532 -0.050449 0.006141 -0.010148 0.160643 -0.044077 -0.118848 -0.235391 0.119355 0.090893 -0.234727 -0.141871 0.075598 -0.146645 0.163883 0.124620 -0.019384 0.070216 -0.166354 0.005713 0.243840 -0.071647 0.080990 -0.230306 0.011297 -0.295200 -0.135181 -0.001135 0.102104 -0.029350 0.087183 -0.038634 -0.066466 -0.115678 0.052285 0.395975 0.287823 -0.254977 -0.156887 0.217287 -0.184202 0.122495 0.051153 -0.232353 -0.116802 0.123259 -0.226195 0.154534 -0.106305 -0.395061 0.218881 -0.154671 0.071512 -0.085370 -0.175897 0.033217
high 0.029073 -0.039407 0.003462 -0.143735 -0.062878 0.323009 0.073382 0.166195 -0.261386 -0.032350 -0.333073 0.127071 -0.061896 0.234592 -0.142968 -0.085375 -0.065862 -0.102630 -0.101751 -0.096737 0.010577 0.130867 0.184319 -0.040022 0.120943 0.113798 -0.332885 0.130745 -0.175275 -0.198402 -0.127881 0.095285 -0.059694 0.104202 0.211613 -0.034142 -0.036789 -0.216264 -0.134218 -0.073517 0.115531 0.014416 0.111564 -0.172840 -0.109411 -0.042110 0.015925 -0.025134 0.126104 -0.043181 -0.115807 -0.198641 0.123435 0.078695 -0.221701 -0.150425 0.063762 -0.128087 0.157146 0.114864 -0.036939 0.061898 -0.150994 0.017819 0.206345 -0.071994 0.071236 -0.216997 0.011130 -0.265878 -0.139643 -0.011492 0.095528 -0.043135 0.064207 -0.048973 -0.065033 -0.086453 0.053914 0.377617 0.281428 -0.227059 -0.146799 0.192500 -0.158619 0.132511 0.044765 -0.220672 -0.113168 0.112283 -0.235453 0.124509 -0.098138 -0.366774 0.195756 -0.158138 0.053800 -0.077431 -0.164184 0.022602
gwarko 0.016466 -0.061688 0.020980 -0.069101 -0.049032 0.248099 0.065030 0.112443 -0.196920 -0.009552 -0.191005 0.046426 -0.038320 0.153314 -0.124688 -0.067122 -0.085711 -0.029227 -0.083454 -0.058311 0.008336 0.080002 0.153089 -0.056418 0.068456 0.077071 -0.240140 0.108671 -0.134304 -0.161398 -0.107419 0.056121 -0.071675 0.081740 0.154145 -0.034991 -0.050511 -0.146599 -0.116763 -0.072089 0.097633 0.045543 0.042903 -0.132663 -0.072661 -0.047418 -0.001191 -0.003769 0.113239 0.010552 -0.084017 -0.140230 0.110716 0.061604 -0.222158 -0.101864 0.071377 -0.102868 0.153892 0.070683 -0.037310 0.039085 -0.109144 -0.001590 0.171255 -0.071343 0.069454 -0.143597 0.061773 -0.201503 -0.110189 -0.002030 0.085848 -0.009273 0.068222 -0.001893 -0.046797 -0.070681 0.074313 0.279194 0.210514 -0.209324 -0.133985 0.144412 -0.102913 0.108987 0.062991 -0.186765 -0.102042 0.072662 -0.152874 0.090332 -0.084155 -0.279662 0.149307 -0.097742 0.029071 -0.083532 -0.133271 0.050895
gaun 0.022668 -0.006428 0.011003 -0.139661 -0.071525 0.325055 0.013307 0.203003 -0.253858 -0.069070 -0.309690 0.106784 -0.012098 0.199772 -0.130575 -0.037605 -0.071618 -0.146711 -0.114510 -0.079870 -0.010276 0.122859 0.155096 0.010559 0.157898 0.087332 -0.279881 0.140897 -0.204603 -0.153708 -0.135982 0.081503 -0.089002 0.069366 0.202502 -0.064540 0.013240 -0.207644 -0.107751 -0.038736 0.153126 -0.007413 0.127516 -0.146656 -0.051639 -0.027447 0.009342 0.058851 0.169259 -0.038197 -0.056475 -0.221071 0.071276 0.047278 -0.192398 -0.129639 0.060789 -0.067354 0.082033 0.109499 -0.006528 0.061561 -0.145063 0.058821 0.183810 -0.039355 0.083746 -0.197613 -0.016760 -0.201504 -0.073138 -0.034774 0.054390 -0.030839 0.084818 -0.035674 -0.040810 -0.092132 0.048492 0.242120 0.227342 -0.208427 -0.159116 0.167060 -0.128943 0.134559 -0.039847 -0.200879 -0.098418 0.079560 -0.146639 0.136085 -0.053522 -0.292273 0.163233 -0.112640 0.051348 -0.069753 -0.175502 0.021024
lolang 0.017030 -0.079751 0.028425 -0.089893 -0.073500 0.261674 0.059648 0.111895 -0.177539 -0.014083 -0.187202 0.042100 -0.047534 0.141269 -0.119884 -0.054569 -0.071538 -0.024480 -0.099770 -0.044249 0.026498 0.074499 0.145974 -0.050514 0.079560 0.115202 -0.240906 0.104277 -0.135935 -0.145140 -0.095114 0.071723 -0.065535 0.079652 0.139561 -0.023996 -0.079706 -0.149646 -0.135313 -0.076305 0.109053 0.024965 0.026420 -0.120871 -0.093061 -0.044903 -0.000809 0.015466 0.106209 -0.007792 -0.067383 -0.138680 0.078252 0.058760 -0.222375 -0.120457 0.066852 -0.085749 0.159103 0.095187 -0.041714 0.048692 -0.114129 0.001029 0.179460 -0.112601 0.084092 -0.149126 0.033786 -0.219981 -0.121758 0.009812 0.074092 -0.023582 0.099191 -0.015686 -0.039926 -0.100099 0.068767 0.277832 0.214444 -0.192690 -0.150789 0.140919 -0.113003 0.107702 0.060554 -0.195613 -0.127176 0.095934 -0.155256 0.099944 -0.068589 -0.293087 0.160811 -0.085730 0.061451 -0.088261 -0.120100 0.068267
road 0.035802 -0.018145 0.015801 -0.143000 -0.076717 0.343364 0.034808 0.204353 -0.243967 -0.052182 -0.302845 0.110451 -0.027179 0.199620 -0.134047 -0.046929 -0.057892 -0.126094 -0.123603 -0.094927 -0.000828 0.106503 0.159089 0.005652 0.159227 0.106341 -0.280077 0.157359 -0.186787 -0.175255 -0.144859 0.079085 -0.066968 0.074617 0.191123 -0.065322 -0.000351 -0.196479 -0.116333 -0.058233 0.103790 -0.006412 0.108797 -0.159915 -0.082377 -0.023230 0.009810 0.020711 0.138442 -0.032538 -0.046076 -0.203975 0.072561 0.029695 -0.199362 -0.116935 0.061396 -0.098040 0.096633 0.104118 -0.032555 0.069706 -0.145311 0.046375 0.164089 -0.056219 0.093703 -0.176538 -0.018738 -0.234475 -0.088709 -0.031206 0.061475 -0.038428 0.077616 -0.035223 -0.053660 -0.102096 0.060012 0.260669 0.221465 -0.198291 -0.158196 0.169143 -0.127262 0.129027 -0.000577 -0.217361 -0.096883 0.097977 -0.169584 0.145110 -0.063826 -0.321416 0.154512 -0.125283 0.042834 -0.076675 -0.147336 0.021792
sunakothi 0.000956 -0.032967 0.013162 -0.086585 -0.063862 0.246535 0.030526 0.138657 -0.205996 -0.043233 -0.228696 0.055701 -0.028609 0.159474 -0.127119 -0.049048 -0.059466 -0.065220 -0.070022 -0.050777 0.007660 0.086451 0.132106 -0.023127 0.090850 0.096865 -0.235440 0.110779 -0.150841 -0.153657 -0.100228 0.080767 -0.063447 0.074783 0.156790 -0.033353 -0.023805 -0.131564 -0.105412 -0.061704 0.096789 0.023792 0.079351 -0.121397 -0.057399 -0.025475 0.023457 0.010691 0.102899 0.003071 -0.058263 -0.151020 0.085842 0.043771 -0.189336 -0.108538 0.070222 -0.081218 0.119495 0.086849 -0.027344 0.063419 -0.117510 0.030686 0.168221 -0.072167 0.065245 -0.166204 0.014729 -0.203248 -0.089910 -0.014068 0.067227 -0.021178 0.080547 -0.024095 -0.055333 -0.080875 0.060910 0.241937 0.181485 -0.165596 -0.118347 0.128282 -0.106342 0.104146 0.012351 -0.176581 -0.091867 0.069761 -0.153082 0.109807 -0.075437 -0.275243 0.134421 -0.082025 0.047654 -0.072691 -0.137573 0.033742
old 0.021698 0.020660 0.026048 -0.122579 -0.077098 0.312214 -0.011117 0.212818 -0.227137 -0.069167 -0.265132 0.115636 -0.013189 0.182526 -0.106864 -0.048315 -0.036828 -0.154835 -0.109861 -0.070406 -0.006088 0.084969 0.141683 0.033476 0.171280 0.077734 -0.244993 0.134831 -0.188972 -0.140228 -0.129397 0.091491 -0.115686 0.056525 0.182403 -0.076403 0.030200 -0.192642 -0.110953 -0.029880 0.142398 0.005392 0.114980 -0.115098 -0.038152 -0.006537 0.027988 0.066241 0.156812 -0.008638 -0.007942 -0.194776 0.064555 0.032502 -0.127055 -0.106449 0.032253 -0.068936 0.031097 0.084584 -0.003762 0.048856 -0.107618 0.071179 0.150906 -0.024543 0.059182 -0.184729 -0.037714 -0.182815 -0.033170 -0.057184 0.032756 -0.040192 0.063993 -0.043859 -0.038733 -0.091706 0.049338 0.176517 0.190646 -0.145411 -0.131382 0.133234 -0.122274 0.113496 -0.069218 -0.174928 -0.079812 0.095668 -0.114969 0.138638 -0.027392 -0.259829 0.141043 -0.094921 0.039912 -0.083459 -0.146499 0.000959
chandol -0.000994 -0.016194 0.006871 -0.069330 -0.041667 0.246000 0.027823 0.125250 -0.186049 -0.029936 -0.209301 0.063640 -0.023558 0.156204 -0.099901 -0.050239 -0.057322 -0.076330 -0.073996 -0.045116 -0.001023 0.089324 0.118291 -0.002194 0.090739 0.056345 -0.215454 0.086970 -0.131302 -0.132399 -0.101452 0.061182 -0.075722 0.066665 0.146249 -0.039035 -0.011064 -0.133928 -0.094472 -0.054987 0.103729 0.023713 0.051006 -0.102564 -0.053176 -0.034614 0.010660 0.022003 0.111058 -0.020906 -0.059861 -0.151504 0.065141 0.050390 -0.173449 -0.097583 0.055423 -0.087693 0.104551 0.090666 -0.021640 0.043366 -0.114475 0.034776 0.150991 -0.060754 0.059115 -0.142372 0.016559 -0.188675 -0.074546 -0.028380 0.042554 -0.021088 0.058009 -0.013420 -0.033626 -0.072461 0.044906 0.213178 0.176441 -0.165100 -0.131765 0.138338 -0.100685 0.111406 0.013094 -0.161769 -0.065325 0.069236 -0.130593 0.099146 -0.049234 -0.223051 0.127948 -0.088020 0.029696 -0.064093 -0.123558 0.025283
setipakha 0.020713 -0.037402 0.010399 -0.073144 -0.050136 0.224766 0.036078 0.136775 -0.192881 -0.023660 -0.198201 0.061861 -0.036657 0.135701 -0.109399 -0.070630 -0.083749 -0.055190 -0.078991 -0.057867 0.001620 0.066530 0.138316 -0.032189 0.082167 0.093188 -0.196013 0.118825 -0.143938 -0.127437 -0.108642 0.071876 -0.076211 0.075115 0.139900 -0.029745 -0.035121 -0.119804 -0.125099 -0.058984 0.109796 0.038759 0.056495 -0.116899 -0.046673 -0.063854 0.009022 0.014342 0.103531 -0.019487 -0.069325 -0.142579 0.086318 0.038436 -0.189358 -0.113841 0.078097 -0.088105 0.109646 0.087450 -0.012451 0.054847 -0.124086 0.009597 0.164673 -0.073027 0.061207 -0.166591 0.027729 -0.210669 -0.089126 -0.005639 0.058248 -0.023519 0.080322 -0.008430 -0.045871 -0.097017 0.050951 0.247028 0.191466 -0.190939 -0.143294 0.150451 -0.115235 0.122226 0.040277 -0.156525 -0.107500 0.070141 -0.124256 0.094896 -0.070077 -0.254694 0.126922 -0.093019 0.045619 -0.084338 -0.129237 0.046530
shital 0.041766 -0.096007 0.016607 -0.097546 -0.086288 0.264832 0.056994 0.143665 -0.199101 -0.017728 -0.200934 0.057890 -0.070566 0.138599 -0.130785 -0.065452 -0.095924 -0.024930 -0.085463 -0.064375 0.034518 0.059017 0.157627 -0.049029 0.100814 0.130027 -0.217331 0.141083 -0.145450 -0.142090 -0.091922 0.050193 -0.044924 0.093262 0.138076 -0.025982 -0.081954 -0.144013 -0.142584 -0.052482 0.104041 0.011680 0.027594 -0.150785 -0.089691 -0.046142 -0.025091 -0.002393 0.103110 -0.009108 -0.066248 -0.135139 0.072039 0.063786 -0.243966 -0.111381 0.102245 -0.098458 0.151837 0.091055 -0.045653 0.076112 -0.129850 -0.011266 0.194837 -0.138069 0.105310 -0.158067 0.063813 -0.237944 -0.133822 -0.003082 0.066140 -0.025510 0.116696 -0.018367 -0.037532 -0.133594 0.077778 0.276545 0.225020 -0.230553 -0.173054 0.167605 -0.117322 0.146171 0.070848 -0.213253 -0.135717 0.091114 -0.152532 0.082038 -0.095952 -0.311246 0.161541 -0.106036 0.065289 -0.080299 -0.110445 0.116628
narayantar 0.007595 0.028828 0.018617 -0.134472 -0.061183 0.322161 0.024581 0.220314 -0.255970 -0.062749 -0.276909 0.103755 -0.023386 0.190808 -0.106791 -0.042640 -0.046472 -0.125251 -0.081547 -0.076609 -0.009154 0.106338 0.175313 -0.005220 0.150943 0.073242 -0.238583 0.126586 -0.199998 -0.168581 -0.146669 0.108410 -0.087887 0.071472 0.190770 -0.074320 0.043121 -0.205080 -0.107016 -0.046825 0.144739 0.010438 0.115782 -0.149505 -0.061082 -0.055982 0.008053 0.023558 0.171985 -0.007141 -0.040784 -0.191096 0.096683 0.023031 -0.167583 -0.099434 0.048625 -0.091384 0.090651 0.094232 -0.034650 0.030969 -0.116091 0.067480 0.177919 -0.025538 0.035413 -0.189256 -0.008421 -0.216944 -0.057873 -0.033234 0.042194 -0.045668 0.060383 -0.013305 -0.052486 -0.075082 0.064657 0.236415 0.200700 -0.171866 -0.155777 0.154882 -0.142218 0.155460 -0.043772 -0.174070 -0.072652 0.095612 -0.153949 0.130554 -0.063895 -0.285301 0.168952 -0.091789 0.019734 -0.096184 -0.170587 -0.012243
lazimpat 0.019718 0.011487 0.019194 -0.122890 -0.074358 0.322810 -0.006755 0.205353 -0.249494 -0.069323 -0.267686 0.121737 0.000009 0.189897 -0.113107 -0.052957 -0.042324 -0.141183 -0.092467 -0.064304 -0.000807 0.110478 0.163952 0.023634 0.156544 0.080942 -0.245718 0.137257 -0.184298 -0.159187 -0.131868 0.101814 -0.106090 0.058540 0.193872 -0.073063 0.023787 -0.192443 -0.101030 -0.042905 0.148669 -0.005103 0.114399 -0.126313 -0.060237 -0.016617 0.021311 0.058513 0.148527 -0.016976 -0.016558 -0.212808 0.071835 0.031249 -0.154385 -0.108357 0.046643 -0.076808 0.076808 0.100874 -0.020321 0.061277 -0.132052 0.051613 0.157501 -0.020498 0.063143 -0.178428 -0.025996 -0.203082 -0.047820 -0.035747 0.031464 -0.052821 0.070386 -0.040508 -0.053145 -0.080746 0.045644 0.213245 0.206061 -0.159994 -0.137438 0.153120 -0.126872 0.134195 -0.052501 -0.178355 -0.071906 0.102186 -0.130869 0.141984 -0.056133 -0.276669 0.141061 -0.085719 0.038687 -0.074224 -0.155799 0.002139
pokhara -0.005703 0.004600 0.012439 -0.065099 -0.030966 0.173707 0.003870 0.111557 -0.131274 -0.035234 -0.152549 0.067881 -0.011789 0.116416 -0.058857 -0.046632 -0.033553 -0.089922 -0.056514 -0.037042 -0.018578 0.064891 0.098697 0.007508 0.075126 0.043015 -0.152211 0.072560 -0.108444 -0.086505 -0.083659 0.050103 -0.046579 0.034649 0.112326 -0.029728 0.007233 -0.098568 -0.084289 -0.027224 0.070328 0.017652 0.058709 -0.086375 -0.043696 -0.043704 0.020508 0.024038 0.081382 -0.003707 -0.029012 -0.116113 0.052326 0.032477 -0.098797 -0.073922 0.030192 -0.066713 0.072018 0.061086 -0.020312 0.035319 -0.072596 0.023966 0.110213 -0.030329 0.034725 -0.112805 -0.015195 -0.137957 -0.031036 -0.016136 0.019854 -0.024203 0.040741 -0.014542 -0.035979 -0.062833 0.030105 0.170262 0.124194 -0.093096 -0.099667 0.096835 -0.081892 0.084468 -0.002682 -0.107983 -0.041278 0.055365 -0.080949 0.091087 -0.039625 -0.171240 0.085092 -0.059643 0.017855 -0.048470 -0.097458 -0.009444
boudha 0.015807 0.005033 0.020122 -0.085617 -0.055952 0.266734 0.000389 0.149576 -0.216278 -0.037662 -0.230091 0.086060 -0.008560 0.152082 -0.099784 -0.063643 -0.059736 -0.086098 -0.089501 -0.037068 -0.013330 0.087502 0.149872 -0.009279 0.109691 0.075981 -0.210208 0.096652 -0.152059 -0.135080 -0.121133 0.077810 -0.085222 0.065117 0.168837 -0.030554 0.007794 -0.155551 -0.110626 -0.035861 0.125473 0.021678 0.072423 -0.111277 -0.038661 -0.047060 0.009675 0.030657 0.135048 -0.012537 -0.059473 -0.157057 0.076891 0.047873 -0.171656 -0.100356 0.043155 -0.080284 0.096548 0.078519 -0.010164 0.050610 -0.105049 0.027176 0.160395 -0.052396 0.055699 -0.169069 0.004390 -0.189752 -0.079012 -0.030851 0.038072 -0.024023 0.061796 -0.015208 -0.021966 -0.085230 0.061568 0.214346 0.202095 -0.189707 -0.139581 0.160014 -0.110458 0.121142 0.000403 -0.167291 -0.076870 0.080031 -0.135173 0.101485 -0.041413 -0.245171 0.131434 -0.089615 0.025949 -0.086580 -0.147473 0.021638
satdobato -0.009861 0.017171 0.023676 -0.061174 -0.042940 0.242859 0.003007 0.160396 -0.186318 -0.041518 -0.201323 0.063426 -0.002460 0.135784 -0.086302 -0.040109 -0.056619 -0.072549 -0.051936 -0.033721 -0.011384 0.079799 0.139199 -0.019524 0.092417 0.070181 -0.202032 0.088378 -0.148811 -0.125209 -0.121344 0.075961 -0.093745 0.063611 0.141596 -0.032887 -0.001573 -0.123205 -0.113395 -0.038846 0.124794 0.027315 0.077074 -0.102269 -0.028323 -0.054973 0.010035 0.030603 0.129069 -0.002123 -0.065392 -0.137553 0.092243 0.026552 -0.149556 -0.096504 0.038370 -0.066442 0.089116 0.076390 -0.002012 0.028172 -0.085246 0.022936 0.161787 -0.026257 0.030563 -0.152352 0.002146 -0.167169 -0.071869 -0.043526 0.052663 -0.018237 0.049371 -0.015851 -0.019130 -0.064577 0.059504 0.198395 0.182185 -0.154648 -0.119238 0.148623 -0.093467 0.130630 -0.012851 -0.134038 -0.065872 0.070148 -0.122246 0.089163 -0.047725 -0.231242 0.130428 -0.068244 0.019512 -0.085580 -0.153221 -0.006879
kageshwori 0.026230 0.015651 0.012642 -0.137465 -0.081216 0.336839 -0.003045 0.212851 -0.255861 -0.080484 -0.288570 0.113828 0.001163 0.211112 -0.128561 -0.052098 -0.050703 -0.153240 -0.118968 -0.071191 -0.013734 0.101569 0.166036 0.023180 0.175212 0.110153 -0.270174 0.151931 -0.204160 -0.173028 -0.131973 0.103396 -0.100474 0.062229 0.206020 -0.078806 0.016456 -0.205426 -0.117425 -0.053044 0.153809 -0.009945 0.125780 -0.135441 -0.047296 -0.030947 0.015244 0.064193 0.162570 -0.011818 -0.042519 -0.216089 0.060345 0.036226 -0.182125 -0.121239 0.054517 -0.086278 0.085961 0.099096 -0.007140 0.063681 -0.144154 0.071638 0.173744 -0.029414 0.073300 -0.189504 -0.022731 -0.209603 -0.061949 -0.030786 0.037302 -0.040596 0.086109 -0.025915 -0.045000 -0.105328 0.048487 0.247148 0.214394 -0.167859 -0.154110 0.170204 -0.150343 0.127611 -0.046909 -0.201852 -0.090595 0.101831 -0.144323 0.137770 -0.054518 -0.297880 0.148945 -0.100419 0.041489 -0.070794 -0.174999 -0.000460
4bhk -0.000529 -0.033959 0.021418 -0.074718 -0.053041 0.226896 0.033962 0.134570 -0.195096 -0.026271 -0.214257 0.062458 -0.032958 0.152838 -0.107637 -0.064676 -0.081813 -0.040300 -0.073260 -0.052427 0.005029 0.087766 0.157103 -0.044803 0.073055 0.093257 -0.206599 0.102187 -0.142719 -0.143879 -0.105471 0.064402 -0.082821 0.089489 0.155803 -0.023430 -0.053480 -0.144509 -0.121153 -0.061236 0.089958 0.031852 0.042516 -0.130855 -0.062297 -0.075179 0.008491 -0.003886 0.106371 0.002783 -0.085922 -0.123263 0.090703 0.055104 -0.219073 -0.106851 0.082487 -0.096782 0.123893 0.088960 -0.030232 0.054162 -0.117907 -0.013268 0.172112 -0.076804 0.073183 -0.150214 0.045996 -0.225120 -0.106992 -0.014525 0.070169 -0.026060 0.087040 -0.018835 -0.051145 -0.080067 0.065346 0.274376 0.216048 -0.203739 -0.136279 0.155894 -0.120965 0.123565 0.049256 -0.166940 -0.099083 0.087251 -0.144783 0.084721 -0.085534 -0.272115 0.139462 -0.089664 0.044646 -0.088899 -0.140636 0.039102
62 0.035139 0.047807 -0.007445 -0.101408 -0.031316 0.117118 -0.071151 0.129066 -0.089501 -0.070875 -0.139156 0.069863 0.045641 0.085777 -0.003019 0.006579 0.021974 -0.124642 -0.045790 -0.004803 -0.030973 0.034651 0.025144 0.098181 0.150777 0.014569 -0.047914 0.069712 -0.100366 -0.015627 -0.043514 0.040625 -0.057741 -0.043335 0.037056 -0.045371 0.098762 -0.068359 0.019213 0.038945 0.072212 -0.065709 0.126948 -0.005378 0.024820 0.073070 0.024986 0.094858 0.086164 -0.016333 0.052083 -0.126249 -0.053154 -0.003836 0.053531 0.002151 -0.041291 0.050416 -0.109779 0.010195 0.058744 0.035229 -0.004987 0.058546 0.003018 0.050481 0.005163 -0.042253 -0.093110 0.029370 0.073582 -0.022408 -0.031376 -0.022714 0.016373 -0.017400 -0.012249 -0.047412 -0.001835 -0.102024 -0.012305 0.032481 0.000565 0.031541 -0.005446 -0.007010 -0.134796 -0.001051 0.016596 0.009718 -0.000548 0.049964 0.045653 -0.018209 -0.003131 -0.022428 0.011741 0.028860 -0.033458 -0.036411
49 0.035665 0.039549 0.015625 -0.107823 -0.054074 0.141209 -0.073896 0.146263 -0.121692 -0.065882 -0.162949 0.080463 0.034171 0.091462 -0.020813 -0.010022 0.004125 -0.148078 -0.045194 -0.008423 -0.029820 0.043195 0.030478 0.083212 0.163182 0.035771 -0.087546 0.079177 -0.092769 -0.043593 -0.043887 0.049106 -0.068689 -0.022360 0.044188 -0.048133 0.084597 -0.095964 0.021628 0.025891 0.088164 -0.047414 0.141246 -0.019929 0.017107 0.059920 0.014679 0.081036 0.099626 -0.011476 0.036677 -0.126056 -0.036496 -0.003214 0.032457 -0.012068 -0.024718 0.037618 -0.077066 0.014480 0.047486 0.040752 -0.025282 0.050702 0.016930 0.044278 -0.005965 -0.049488 -0.083951 -0.008168 0.042701 -0.047338 -0.014026 -0.026358 0.015537 -0.012087 -0.005761 -0.044220 0.005374 -0.065065 0.016525 -0.001373 -0.018103 0.045770 -0.028985 0.006421 -0.127153 -0.023278 -0.000868 0.011334 -0.009643 0.062950 0.034390 -0.037360 0.020880 -0.031853 0.021379 0.015371 -0.045687 -0.037920
19 0.038969 0.046642 0.005747 -0.089216 -0.056689 0.148875 -0.075726 0.144478 -0.114024 -0.068180 -0.158958 0.061604 0.026436 0.103989 -0.042940 -0.001141 0.018285 -0.118816 -0.050463 -0.017107 -0.023263 0.042981 0.035926 0.086058 0.154291 0.035150 -0.095000 0.056660 -0.098154 -0.043172 -0.046980 0.047511 -0.060849 -0.032136 0.044267 -0.056479 0.079142 -0.081723 0.011871 0.028572 0.089117 -0.055881 0.136954 -0.031765 0.020106 0.060599 0.028230 0.082028 0.086031 0.005218 0.038358 -0.135010 -0.044000 -0.004467 0.025833 -0.019184 -0.046377 0.026609 -0.081335 0.020600 0.055323 0.030560 -0.033107 0.065098 0.031996 0.044262 0.001674 -0.053264 -0.090267 0.002760 0.055010 -0.028410 -0.027527 -0.028142 0.039027 -0.014121 -0.017805 -0.049508 0.007121 -0.054149 0.027055 -0.004114 -0.023539 0.035231 -0.029866 0.012923 -0.127040 -0.034593 0.006336 0.029941 -0.018181 0.066837 0.022635 -0.049839 0.023624 -0.019562 0.009548 -0.005494 -0.040514 -0.053058
56 0.053340 0.054559 0.012251 -0.097193 -0.040151 0.124347 -0.081644 0.146281 -0.096343 -0.082351 -0.151267 0.071655 0.051451 0.089703 -0.007480 -0.009635 0.022333 -0.136904 -0.034426 -0.001370 -0.039026 0.039092 0.023987 0.100574 0.156137 0.034934 -0.058348 0.064888 -0.086857 -0.015223 -0.047804 0.057631 -0.058816 -0.031910 0.048178 -0.047606 0.102256 -0.077716 0.006577 0.028691 0.084228 -0.066046 0.139246 -0.001596 0.025422 0.070186 0.018454 0.094957 0.094106 -0.014841 0.062090 -0.137253 -0.047061 -0.013768 0.055844 0.001837 -0.051629 0.054636 -0.086823 0.013286 0.052133 0.028732 -0.014734 0.065575 0.011849 0.057602 -0.015821 -0.050263 -0.089339 0.011649 0.068649 -0.041643 -0.021188 -0.022701 0.027938 -0.016499 0.005312 -0.039381 -0.007421 -0.081540 -0.002765 0.019843 -0.012862 0.044507 -0.004868 -0.001914 -0.145183 -0.024587 0.022669 0.025270 0.000261 0.064476 0.034767 -0.012208 0.019396 -0.007087 0.006260 0.010502 -0.041025 -0.051204
17 0.044611 0.048420 0.011387 -0.094605 -0.041138 0.122461 -0.075860 0.145915 -0.114907 -0.069323 -0.145033 0.084023 0.029801 0.097812 -0.014694 0.007739 0.013215 -0.130293 -0.046316 -0.008860 -0.035172 0.035422 0.032840 0.098711 0.168863 0.042774 -0.083238 0.070094 -0.096381 -0.023133 -0.035707 0.039981 -0.052941 -0.034971 0.042962 -0.037196 0.098869 -0.078843 0.020435 0.033339 0.078132 -0.060202 0.138864 0.003592 0.032441 0.084129 0.032845 0.099555 0.087305 -0.003607 0.055067 -0.142988 -0.048816 -0.010952 0.059321 -0.008717 -0.051286 0.044871 -0.092702 0.012325 0.042274 0.040710 -0.008941 0.051192 -0.000402 0.046279 0.002254 -0.047869 -0.109128 0.019127 0.073633 -0.032584 -0.028958 -0.040537 0.033954 -0.006408 -0.011745 -0.043751 -0.002344 -0.077667 0.005838 0.024212 0.010505 0.039112 -0.016380 -0.010055 -0.142117 -0.025236 0.018085 0.026712 -0.020528 0.060910 0.032571 -0.033623 0.007383 -0.014556 0.001806 0.018436 -0.042031 -0.034359
rupandehi 0.025538 0.074145 0.024439 -0.135308 -0.073696 0.340194 -0.058112 0.280334 -0.258602 -0.098679 -0.313007 0.135077 0.030823 0.207019 -0.095812 -0.046532 -0.033303 -0.223489 -0.118455 -0.040070 -0.031060 0.111336 0.166419 0.069305 0.233956 0.078058 -0.217453 0.132793 -0.209574 -0.137434 -0.150131 0.112280 -0.129007 0.043081 0.188609 -0.073858 0.084016 -0.214543 -0.096958 0.000169 0.178786 -0.038020 0.147556 -0.107531 0.001777 0.007207 0.032981 0.106584 0.177238 -0.046096 0.013838 -0.227260 0.035985 -0.006566 -0.076940 -0.091019 0.009690 -0.030156 0.003011 0.104847 0.031294 0.053628 -0.131887 0.080175 0.153036 0.021718 0.041680 -0.197822 -0.088881 -0.152737 -0.017691 -0.047856 0.002275 -0.047713 0.072197 -0.039304 -0.027539 -0.106281 0.036802 0.129292 0.163500 -0.112544 -0.144051 0.147911 -0.141244 0.129917 -0.140489 -0.172275 -0.030365 0.086563 -0.085493 0.149699 -0.008177 -0.216637 0.140049 -0.084324 0.020876 -0.073300 -0.152857 -0.049729
semibungalow 0.020180 -0.002830 0.009597 -0.110597 -0.061217 0.281918 0.005300 0.189049 -0.220561 -0.049546 -0.242571 0.104176 -0.013512 0.155675 -0.105056 -0.048082 -0.064062 -0.104760 -0.083343 -0.066255 -0.024977 0.095270 0.140165 0.008086 0.131921 0.071160 -0.216752 0.117376 -0.172408 -0.149866 -0.134142 0.080246 -0.097336 0.070919 0.177698 -0.052394 0.015168 -0.174987 -0.094576 -0.038918 0.137637 0.026879 0.095928 -0.129906 -0.047874 -0.032177 0.007261 0.027047 0.145561 -0.009805 -0.041325 -0.176311 0.087100 0.019152 -0.147842 -0.096567 0.032702 -0.079868 0.077741 0.091234 -0.012548 0.051328 -0.104067 0.040933 0.161171 -0.038996 0.049225 -0.164910 -0.019016 -0.195561 -0.054261 -0.032878 0.039917 -0.028034 0.068988 -0.029307 -0.032773 -0.069103 0.045508 0.204066 0.189744 -0.164531 -0.124732 0.140325 -0.103796 0.129847 -0.024420 -0.165624 -0.081843 0.067626 -0.118980 0.118185 -0.060857 -0.258578 0.149509 -0.083571 0.032238 -0.085964 -0.140464 0.005394
nakhu 0.031707 0.017736 0.009101 -0.103554 -0.037725 0.225597 0.013901 0.146796 -0.175204 -0.043236 -0.216010 0.074803 -0.015425 0.150803 -0.085726 -0.054168 -0.029852 -0.106819 -0.089704 -0.053370 -0.020977 0.072094 0.127802 0.006006 0.120850 0.048697 -0.178266 0.092924 -0.147326 -0.117771 -0.103373 0.068606 -0.062527 0.050405 0.145908 -0.040012 0.008389 -0.142206 -0.076157 -0.029576 0.093434 0.008330 0.071147 -0.105067 -0.035072 -0.020285 0.016469 0.022633 0.094971 -0.009651 -0.028318 -0.145432 0.042150 0.017804 -0.124595 -0.085034 0.031346 -0.065458 0.068273 0.079420 -0.004138 0.042392 -0.107606 0.043840 0.120886 -0.030030 0.041421 -0.126505 -0.013372 -0.145656 -0.051835 -0.009549 0.041744 -0.021642 0.051993 -0.008373 -0.030646 -0.072218 0.027250 0.163119 0.157426 -0.131387 -0.115285 0.116470 -0.108051 0.105557 -0.032417 -0.147682 -0.051928 0.057789 -0.102626 0.103232 -0.036903 -0.216372 0.115888 -0.090239 0.024110 -0.061012 -0.109239 -0.005923
nepal 0.046496 0.062562 0.016423 -0.162430 -0.083750 0.342549 -0.042819 0.296569 -0.272871 -0.114768 -0.346344 0.146239 0.043542 0.219242 -0.104536 -0.038495 -0.042022 -0.245214 -0.124451 -0.057178 -0.033811 0.108642 0.161067 0.072644 0.247015 0.072294 -0.231865 0.162253 -0.231197 -0.151492 -0.140271 0.121728 -0.133193 0.031899 0.178780 -0.075207 0.093932 -0.224727 -0.100526 0.005435 0.190880 -0.052841 0.164743 -0.115748 0.011540 0.011313 0.031561 0.109983 0.199379 -0.040881 0.011995 -0.247106 0.044580 -0.000063 -0.082198 -0.094759 0.003509 -0.017698 0.011050 0.102117 0.032054 0.054257 -0.129373 0.084584 0.148790 0.021509 0.028590 -0.194652 -0.089678 -0.170674 -0.016510 -0.063587 0.001975 -0.038295 0.070993 -0.038594 -0.023838 -0.112997 0.042037 0.110334 0.159419 -0.130264 -0.138697 0.152795 -0.124506 0.130676 -0.150136 -0.168682 -0.047897 0.082752 -0.096767 0.155122 -0.023403 -0.248872 0.139894 -0.096024 0.030673 -0.075776 -0.167695 -0.056275
mediciti 0.077383 -0.023335 -0.009165 -0.181794 -0.058465 0.340461 0.061933 0.169534 -0.283497 -0.055387 -0.346990 0.118003 -0.064908 0.246670 -0.106096 -0.096433 -0.033236 -0.136569 -0.131495 -0.129275 -0.020864 0.124937 0.197209 -0.006189 0.155990 0.080896 -0.311749 0.129945 -0.206441 -0.196660 -0.136584 0.079412 -0.036995 0.110869 0.237094 -0.051514 0.000219 -0.225517 -0.118023 -0.068040 0.080599 0.004667 0.112009 -0.197928 -0.082669 -0.051259 0.016614 -0.002883 0.124583 -0.046490 -0.076063 -0.204830 0.075341 0.035542 -0.209519 -0.128742 0.067909 -0.124218 0.128489 0.136238 -0.076952 0.068588 -0.187684 0.086419 0.183663 -0.069239 0.122360 -0.194713 0.034706 -0.272638 -0.104370 -0.001593 0.102765 -0.045137 0.050656 -0.022043 -0.054038 -0.093294 0.049541 0.338771 0.249723 -0.217663 -0.162790 0.175205 -0.171028 0.171089 0.036326 -0.235312 -0.106771 0.112657 -0.207792 0.155500 -0.075200 -0.362612 0.192623 -0.152221 0.054205 -0.074111 -0.142036 -0.004725
ram 0.036985 -0.036002 -0.000799 -0.131397 -0.053566 0.270681 0.040512 0.136090 -0.205505 -0.006798 -0.235491 0.099371 -0.032679 0.179802 -0.081584 -0.085328 -0.057769 -0.109824 -0.119706 -0.121711 -0.007083 0.092350 0.163434 -0.000719 0.131758 0.069286 -0.256764 0.106360 -0.152471 -0.158061 -0.128813 0.069010 -0.019687 0.087012 0.200295 -0.050186 -0.006069 -0.213588 -0.111608 -0.080142 0.058513 0.010980 0.100444 -0.170959 -0.111409 -0.027311 -0.005902 -0.017999 0.140305 -0.047418 -0.069543 -0.171727 0.093239 0.041777 -0.206840 -0.139047 0.064357 -0.115310 0.139275 0.099939 -0.062115 0.036383 -0.156974 0.048822 0.152677 -0.055231 0.076508 -0.180464 0.049743 -0.227877 -0.074903 -0.028849 0.063769 -0.027786 0.063734 -0.005680 -0.049639 -0.078409 0.029418 0.304019 0.221008 -0.192572 -0.172472 0.159748 -0.135388 0.123994 0.042698 -0.211144 -0.091881 0.094048 -0.188643 0.156560 -0.067823 -0.295416 0.159471 -0.097797 0.062257 -0.055945 -0.146406 0.015601
townplanning 0.003899 0.009110 0.016578 -0.094958 -0.060309 0.297260 0.009126 0.196851 -0.234239 -0.050673 -0.250291 0.100473 -0.005676 0.168529 -0.093522 -0.029912 -0.062124 -0.127274 -0.094858 -0.057024 -0.002315 0.092443 0.141177 0.010252 0.151909 0.077234 -0.233732 0.105037 -0.163169 -0.160127 -0.113954 0.076985 -0.103291 0.062469 0.152585 -0.067212 0.008618 -0.170823 -0.096494 -0.045096 0.137529 0.010228 0.094359 -0.122206 -0.036107 -0.035149 0.017885 0.056164 0.142058 -0.020407 -0.040480 -0.187462 0.067198 0.040619 -0.156567 -0.116907 0.042210 -0.064696 0.083631 0.095864 -0.000730 0.047352 -0.114246 0.063422 0.161216 -0.035657 0.060076 -0.175846 -0.029242 -0.200345 -0.056558 -0.042296 0.031746 -0.047632 0.074306 -0.029708 -0.036277 -0.083400 0.064564 0.197038 0.189607 -0.150241 -0.144091 0.138887 -0.126515 0.114675 -0.042801 -0.172124 -0.080430 0.094162 -0.125890 0.116633 -0.055975 -0.249156 0.132375 -0.099174 0.032895 -0.076047 -0.157924 0.003078
radhe 0.025029 0.013235 0.025305 -0.132143 -0.050390 0.295376 -0.016230 0.224433 -0.258803 -0.075548 -0.287377 0.110854 0.017482 0.182585 -0.107657 -0.036373 -0.068593 -0.171204 -0.096909 -0.067645 -0.009006 0.116744 0.175165 0.029357 0.196452 0.088507 -0.255207 0.123627 -0.202151 -0.161088 -0.131858 0.109965 -0.103311 0.055771 0.168227 -0.046504 0.046261 -0.199854 -0.101965 -0.012794 0.151470 -0.013291 0.126012 -0.122406 -0.011608 -0.032579 0.009544 0.073126 0.166913 -0.044691 -0.011533 -0.219053 0.050197 0.035355 -0.152418 -0.108244 0.019024 -0.051566 0.034181 0.093640 0.003102 0.058513 -0.129377 0.060494 0.153905 -0.015430 0.046010 -0.186764 -0.054556 -0.192930 -0.038650 -0.054069 0.029527 -0.048522 0.078727 -0.027219 -0.017247 -0.106302 0.048324 0.172077 0.194032 -0.158760 -0.139536 0.155345 -0.125468 0.133359 -0.066993 -0.174247 -0.056988 0.089455 -0.109297 0.139541 -0.017810 -0.247391 0.143107 -0.091129 0.037656 -0.086280 -0.169894 -0.000644
manjushree 0.015580 -0.000474 0.027502 -0.114379 -0.062039 0.318540 0.023667 0.199794 -0.263252 -0.054563 -0.265639 0.091990 -0.010387 0.197502 -0.137426 -0.032119 -0.097635 -0.072024 -0.089979 -0.044933 0.005762 0.115334 0.165938 -0.025632 0.124297 0.098735 -0.295565 0.123163 -0.212164 -0.167763 -0.150872 0.093012 -0.130265 0.094924 0.181969 -0.056161 -0.005907 -0.191223 -0.116693 -0.029841 0.194833 0.042763 0.102989 -0.122547 -0.054250 -0.043533 0.024618 0.052875 0.168340 -0.012027 -0.064924 -0.215909 0.112187 0.065101 -0.182287 -0.124640 0.052767 -0.097162 0.101303 0.111060 0.007407 0.038111 -0.138795 0.019844 0.210205 -0.051053 0.039967 -0.201396 -0.011270 -0.221765 -0.078042 -0.034360 0.061857 -0.039938 0.090411 -0.032505 -0.040085 -0.070826 0.079504 0.244557 0.232192 -0.210659 -0.161948 0.159545 -0.106835 0.105338 -0.023012 -0.202941 -0.097533 0.112683 -0.181845 0.093558 -0.061167 -0.285226 0.162157 -0.120122 0.024970 -0.091642 -0.188895 0.018931
balaju 0.011509 0.023404 0.022431 -0.093654 -0.053472 0.269898 0.003611 0.182434 -0.208855 -0.051854 -0.234010 0.083551 0.005094 0.149866 -0.099980 -0.050506 -0.075785 -0.111092 -0.085703 -0.048378 -0.018926 0.084299 0.157326 -0.001137 0.153617 0.074551 -0.214416 0.108131 -0.168823 -0.138582 -0.128868 0.088210 -0.090387 0.068717 0.159387 -0.053104 0.007700 -0.171098 -0.113452 -0.024295 0.139143 -0.001185 0.084552 -0.114911 -0.024619 -0.045080 -0.002373 0.038685 0.134796 -0.033901 -0.030648 -0.182323 0.073980 0.018693 -0.135321 -0.091088 0.051183 -0.050958 0.077591 0.094904 -0.001996 0.049957 -0.123157 0.054433 0.154392 -0.038662 0.050401 -0.170293 -0.014491 -0.185843 -0.054364 -0.033102 0.024565 -0.026904 0.083085 -0.016712 -0.025525 -0.094401 0.045644 0.185612 0.191215 -0.162802 -0.142231 0.134294 -0.112196 0.107606 -0.036386 -0.173630 -0.079664 0.081466 -0.108422 0.111329 -0.032690 -0.256680 0.137469 -0.076414 0.028696 -0.075861 -0.147031 0.000063
katunje 0.021259 0.009330 0.010273 -0.134410 -0.045202 0.300160 0.017846 0.205963 -0.218182 -0.041223 -0.268001 0.110387 -0.022247 0.175505 -0.095006 -0.062244 -0.035988 -0.118893 -0.078982 -0.089740 -0.005614 0.092447 0.152428 0.019266 0.172017 0.083981 -0.236689 0.113492 -0.176520 -0.159301 -0.136036 0.086729 -0.073271 0.079096 0.183283 -0.063906 0.030856 -0.191388 -0.092116 -0.044970 0.098545 0.005388 0.113741 -0.149173 -0.052636 -0.032191 0.007084 0.011232 0.153347 -0.007497 -0.050000 -0.177288 0.088912 0.020552 -0.176007 -0.096965 0.060358 -0.085605 0.082308 0.092444 -0.036820 0.049883 -0.118906 0.053504 0.149241 -0.029699 0.053299 -0.170615 -0.024373 -0.207992 -0.060252 -0.048054 0.044819 -0.037809 0.057991 -0.027371 -0.052165 -0.078178 0.049290 0.243197 0.208413 -0.156196 -0.139250 0.138527 -0.133720 0.135073 -0.029255 -0.167780 -0.077177 0.087771 -0.147784 0.144240 -0.055947 -0.278055 0.151911 -0.084633 0.027032 -0.083558 -0.172696 -0.000455
awas 0.011537 -0.032452 0.006731 -0.106860 -0.069961 0.327010 0.035250 0.182131 -0.253764 -0.045524 -0.292696 0.091071 -0.025163 0.190543 -0.130948 -0.029228 -0.081757 -0.076740 -0.072511 -0.075521 -0.001104 0.138704 0.163766 -0.011091 0.117309 0.100810 -0.279533 0.125113 -0.184352 -0.172405 -0.144757 0.076148 -0.099323 0.069797 0.201319 -0.060178 -0.015826 -0.175466 -0.095809 -0.059784 0.139121 0.044783 0.094673 -0.135185 -0.067946 -0.054039 0.015000 0.045683 0.150008 0.001253 -0.068035 -0.221359 0.114752 0.047320 -0.204728 -0.126114 0.046824 -0.106330 0.113231 0.099007 -0.024411 0.050643 -0.116570 0.022057 0.207436 -0.069556 0.083358 -0.198007 0.017807 -0.220216 -0.093942 -0.023589 0.077491 -0.028206 0.081896 -0.043342 -0.038460 -0.078537 0.065385 0.274441 0.240257 -0.215437 -0.142550 0.154963 -0.119438 0.140646 0.012207 -0.188018 -0.093575 0.105202 -0.174626 0.110891 -0.067926 -0.296987 0.160798 -0.106633 0.030123 -0.084845 -0.171345 0.011816
chabahil 0.002051 0.007251 0.018154 -0.068857 -0.026073 0.160482 0.017625 0.114166 -0.127306 -0.039192 -0.142747 0.050357 -0.012311 0.106222 -0.075699 -0.039874 -0.030410 -0.079540 -0.061986 -0.046679 -0.001355 0.048135 0.090727 -0.005325 0.070770 0.041526 -0.131678 0.077809 -0.112309 -0.084408 -0.073952 0.042657 -0.039361 0.044893 0.103941 -0.032770 0.010554 -0.108500 -0.076310 -0.033928 0.080690 0.014861 0.047682 -0.086576 -0.028477 -0.030610 0.017223 0.018279 0.069768 -0.010477 -0.035027 -0.105730 0.043844 0.014589 -0.094747 -0.058241 0.033209 -0.054508 0.060183 0.063356 -0.012502 0.038282 -0.090087 0.028272 0.091680 -0.033387 0.040223 -0.117794 -0.009386 -0.130363 -0.043319 -0.013900 0.022029 -0.016633 0.042185 -0.013422 -0.027784 -0.051294 0.024281 0.158243 0.120409 -0.102885 -0.089997 0.088070 -0.091330 0.082080 -0.016102 -0.110134 -0.059552 0.052142 -0.086351 0.068854 -0.039829 -0.165881 0.088853 -0.066257 0.023550 -0.052492 -0.089794 0.008704
balkot 0.016681 -0.005175 0.013400 -0.110011 -0.036382 0.255570 0.014719 0.162332 -0.187025 -0.037396 -0.235579 0.100225 -0.005875 0.154185 -0.085585 -0.047298 -0.044493 -0.115923 -0.084418 -0.061488 -0.004125 0.092735 0.131485 -0.005773 0.125107 0.058944 -0.200095 0.103033 -0.167180 -0.134000 -0.118668 0.083042 -0.055193 0.073190 0.167806 -0.040071 0.011074 -0.169516 -0.090818 -0.039220 0.093781 0.003708 0.074000 -0.122409 -0.069056 -0.041726 0.002304 0.016218 0.135752 -0.034149 -0.053973 -0.158086 0.075821 0.028797 -0.174051 -0.088512 0.051947 -0.086426 0.099890 0.084099 -0.027791 0.040151 -0.110595 0.048234 0.133799 -0.022618 0.053289 -0.146046 -0.002548 -0.181851 -0.068954 -0.028601 0.056504 -0.036020 0.050194 -0.022475 -0.048360 -0.071057 0.040317 0.233143 0.193048 -0.167384 -0.143571 0.146093 -0.124399 0.116210 -0.009475 -0.170701 -0.082396 0.067640 -0.136551 0.126927 -0.047091 -0.250873 0.144703 -0.081198 0.030751 -0.062866 -0.149984 0.011316
hill 0.046527 0.013876 0.007982 -0.164679 -0.077569 0.367039 0.030990 0.265050 -0.301885 -0.081243 -0.335913 0.138807 -0.027247 0.226602 -0.122144 -0.055299 -0.058548 -0.170174 -0.103678 -0.093706 -0.029771 0.129233 0.202244 0.012210 0.207642 0.100190 -0.285102 0.165605 -0.222076 -0.188884 -0.160510 0.135633 -0.099318 0.054727 0.209688 -0.080845 0.036873 -0.230132 -0.104730 -0.042303 0.138465 -0.019241 0.144765 -0.167472 -0.056158 -0.036838 0.007354 0.026769 0.186326 -0.037763 -0.034910 -0.245169 0.100691 0.025152 -0.171343 -0.125939 0.043734 -0.089476 0.077039 0.088533 -0.027280 0.065748 -0.151367 0.067562 0.184926 -0.002963 0.064472 -0.206395 -0.054380 -0.226411 -0.052463 -0.031531 0.051220 -0.040472 0.061306 -0.025317 -0.070147 -0.101320 0.049387 0.263295 0.205902 -0.174147 -0.169796 0.169943 -0.152661 0.173432 -0.056693 -0.204593 -0.085397 0.094663 -0.187354 0.176797 -0.068469 -0.341673 0.179385 -0.099589 0.039423 -0.088281 -0.189047 -0.003662
bhimsengola -0.012781 -0.000713 0.004238 -0.112230 -0.057420 0.293333 0.022209 0.178072 -0.225973 -0.049607 -0.221786 0.087026 -0.018554 0.178306 -0.115349 -0.034328 -0.066975 -0.082102 -0.078699 -0.052218 0.011580 0.094223 0.149926 -0.002165 0.115709 0.075999 -0.231949 0.096410 -0.173546 -0.133609 -0.121609 0.062991 -0.094686 0.066435 0.152941 -0.054084 0.001587 -0.174278 -0.092312 -0.050450 0.137061 0.029832 0.081895 -0.111708 -0.057616 -0.042055 0.025904 0.046310 0.132262 -0.000091 -0.041993 -0.191150 0.102302 0.035302 -0.164958 -0.101754 0.050092 -0.081121 0.071795 0.093726 -0.014677 0.024046 -0.116519 0.043981 0.170899 -0.044442 0.043158 -0.166935 -0.008152 -0.188244 -0.072620 -0.042853 0.039228 -0.030664 0.073693 -0.031333 -0.054289 -0.062546 0.048831 0.206769 0.195660 -0.153279 -0.112520 0.143648 -0.084834 0.112671 -0.013624 -0.168696 -0.088270 0.102533 -0.136390 0.111772 -0.060916 -0.252900 0.130821 -0.086470 0.022633 -0.088162 -0.152327 0.005625
chapali -0.010220 -0.038327 0.021788 -0.096726 -0.034690 0.248030 0.061670 0.138205 -0.176268 -0.005645 -0.197823 0.066962 -0.035898 0.136951 -0.112191 -0.030421 -0.067061 -0.034060 -0.054438 -0.058102 0.015889 0.093288 0.137157 -0.040261 0.070089 0.101208 -0.219428 0.110562 -0.137267 -0.133984 -0.095395 0.062897 -0.062387 0.076650 0.150608 -0.050164 -0.030916 -0.148836 -0.084878 -0.064112 0.078672 0.065661 0.046399 -0.128178 -0.078857 -0.056842 -0.005448 -0.025138 0.100721 0.015195 -0.052816 -0.128792 0.125744 0.035547 -0.199226 -0.102981 0.068638 -0.102507 0.129367 0.070784 -0.059060 0.022219 -0.089261 0.006323 0.157434 -0.056425 0.045646 -0.156506 0.035697 -0.222506 -0.108730 -0.017215 0.079312 -0.021327 0.073888 -0.016278 -0.061385 -0.054344 0.062785 0.250791 0.195492 -0.168150 -0.131941 0.137944 -0.077684 0.123536 0.040724 -0.162081 -0.119791 0.079888 -0.162456 0.089304 -0.087391 -0.255121 0.151917 -0.076937 0.010599 -0.102708 -0.136599 0.038131
downtown 0.051323 -0.021747 0.004087 -0.167575 -0.100677 0.373849 0.009872 0.267218 -0.310115 -0.086958 -0.346870 0.126164 -0.018526 0.218191 -0.147279 -0.064184 -0.078293 -0.155161 -0.119051 -0.079900 0.006020 0.137536 0.202190 0.030786 0.181670 0.142843 -0.291845 0.184946 -0.220432 -0.187103 -0.148015 0.096707 -0.109414 0.074919 0.229863 -0.057496 0.022329 -0.234483 -0.123263 -0.047363 0.182668 -0.011748 0.125785 -0.157611 -0.056874 -0.014991 0.020726 0.046812 0.173055 -0.029600 -0.036153 -0.248593 0.083172 0.051122 -0.209729 -0.146053 0.058956 -0.095206 0.091283 0.128947 -0.016356 0.087778 -0.159443 0.064281 0.200517 -0.060227 0.088512 -0.221617 -0.020008 -0.264964 -0.074015 -0.034363 0.059521 -0.040710 0.116202 -0.055119 -0.057350 -0.122007 0.046808 0.251989 0.234851 -0.217097 -0.187373 0.175320 -0.160021 0.160839 -0.048962 -0.222657 -0.105689 0.102719 -0.163004 0.136367 -0.076990 -0.341039 0.182164 -0.135832 0.058691 -0.096874 -0.175812 0.028531
manamaiju -0.001138 -0.023578 0.013868 -0.070465 -0.047082 0.201761 0.010239 0.101663 -0.138018 -0.035802 -0.153559 0.064123 -0.031657 0.127016 -0.073611 -0.033899 -0.045269 -0.056969 -0.067910 -0.050924 0.001331 0.071371 0.100811 -0.001512 0.066507 0.077987 -0.176858 0.074119 -0.112615 -0.096331 -0.079168 0.059118 -0.045534 0.060318 0.128664 -0.031125 -0.005990 -0.099032 -0.083760 -0.049970 0.074561 0.027595 0.065509 -0.094303 -0.050519 -0.028826 0.022007 0.020704 0.093207 -0.002940 -0.026407 -0.122538 0.069669 0.031742 -0.136537 -0.078038 0.048832 -0.067965 0.075921 0.070597 -0.033536 0.038833 -0.089954 0.029024 0.119628 -0.051724 0.048133 -0.123500 0.010785 -0.150012 -0.061129 -0.007837 0.033487 -0.021593 0.063209 -0.009585 -0.041267 -0.066824 0.045493 0.203236 0.141563 -0.120206 -0.099596 0.102663 -0.090646 0.085867 0.006971 -0.135662 -0.072462 0.071968 -0.119020 0.090039 -0.054269 -0.211139 0.109635 -0.067356 0.026214 -0.058527 -0.106817 0.008422
jorpati 0.011734 0.015769 0.028723 -0.085728 -0.052686 0.234089 0.000639 0.169679 -0.198223 -0.043169 -0.199949 0.077049 -0.002158 0.147667 -0.098571 -0.038785 -0.061539 -0.079921 -0.067345 -0.049291 -0.020016 0.081937 0.123285 -0.003268 0.099372 0.071771 -0.185750 0.089446 -0.145129 -0.129681 -0.108316 0.065781 -0.077052 0.058111 0.148074 -0.051649 0.022395 -0.138302 -0.092638 -0.044223 0.124429 0.025656 0.086262 -0.107113 -0.030762 -0.029008 0.003152 0.032348 0.111596 -0.013067 -0.023186 -0.158751 0.066372 0.020048 -0.124537 -0.086115 0.039548 -0.067872 0.067198 0.074405 0.002134 0.035338 -0.099365 0.029127 0.140640 -0.030702 0.028469 -0.153406 -0.015192 -0.166328 -0.049540 -0.035160 0.034144 -0.038312 0.059353 -0.027643 -0.028086 -0.058017 0.055681 0.178579 0.168214 -0.127023 -0.110176 0.120414 -0.093185 0.111334 -0.023591 -0.136167 -0.065539 0.065626 -0.114814 0.105230 -0.040967 -0.219463 0.130640 -0.071103 0.020081 -0.061621 -0.134240 0.000819
thimi 0.026736 -0.014641 0.017049 -0.103360 -0.045525 0.241618 0.010559 0.161524 -0.192812 -0.052928 -0.222103 0.078349 -0.011550 0.152132 -0.100835 -0.035761 -0.058866 -0.088725 -0.091233 -0.061495 0.007548 0.099242 0.124163 -0.010855 0.122150 0.089491 -0.212654 0.096375 -0.148624 -0.130565 -0.109526 0.058571 -0.072432 0.069963 0.143978 -0.038184 -0.000603 -0.151351 -0.084324 -0.047543 0.120274 0.001860 0.078678 -0.111556 -0.051817 -0.028392 0.021849 0.022523 0.123442 -0.014829 -0.043151 -0.161413 0.070801 0.044329 -0.161474 -0.100848 0.044036 -0.068814 0.097113 0.084032 -0.016510 0.036862 -0.114211 0.037236 0.136619 -0.036958 0.053082 -0.157337 -0.015939 -0.178431 -0.059812 -0.018228 0.044857 -0.031903 0.059470 -0.026911 -0.032991 -0.072565 0.060222 0.205261 0.168353 -0.159326 -0.115001 0.136359 -0.100335 0.109704 -0.015071 -0.167452 -0.068227 0.066078 -0.130652 0.109811 -0.046862 -0.232961 0.128696 -0.088758 0.035904 -0.064978 -0.125806 0.017599
nepaltar -0.000597 -0.019895 0.014148 -0.079287 -0.044990 0.193114 0.019886 0.104698 -0.144888 -0.018168 -0.156011 0.063174 -0.031816 0.124058 -0.079024 -0.037681 -0.036416 -0.060072 -0.067498 -0.053167 -0.006530 0.057873 0.106853 -0.016884 0.059883 0.072164 -0.178104 0.090388 -0.119770 -0.120228 -0.091433 0.054878 -0.047581 0.056580 0.135905 -0.023647 -0.029176 -0.126222 -0.087051 -0.050421 0.081916 0.029757 0.053234 -0.116990 -0.059600 -0.048997 0.013736 -0.007524 0.079518 -0.003320 -0.036405 -0.104942 0.076216 0.030600 -0.157041 -0.079910 0.050938 -0.087649 0.101157 0.066951 -0.034994 0.043686 -0.102200 0.030349 0.122201 -0.051160 0.042918 -0.128018 0.021420 -0.168266 -0.080595 -0.003038 0.041419 -0.025058 0.058617 -0.024758 -0.049414 -0.078175 0.048627 0.222957 0.152035 -0.140882 -0.108412 0.108292 -0.095161 0.100874 0.016807 -0.143119 -0.080765 0.073123 -0.125817 0.088320 -0.056788 -0.220836 0.119011 -0.082422 0.021415 -0.057063 -0.111318 0.017997
khusibu 0.015273 0.010516 0.028582 -0.099915 -0.048771 0.271126 -0.004269 0.186489 -0.219855 -0.059596 -0.225658 0.101051 -0.009175 0.170243 -0.108936 -0.056990 -0.060301 -0.130839 -0.098152 -0.063048 -0.005565 0.092129 0.140707 0.007008 0.141844 0.077236 -0.220451 0.104586 -0.158208 -0.137863 -0.107289 0.084098 -0.100217 0.060388 0.163863 -0.042968 0.028568 -0.178913 -0.109065 -0.041599 0.134834 0.006239 0.092279 -0.114875 -0.040904 -0.046658 0.020868 0.052681 0.133985 -0.007779 -0.038401 -0.164161 0.082206 0.025143 -0.150004 -0.096645 0.057427 -0.078498 0.075917 0.095597 -0.019413 0.046000 -0.127077 0.045767 0.152879 -0.034899 0.034567 -0.165892 -0.026754 -0.178190 -0.064337 -0.033103 0.040387 -0.039729 0.066313 -0.023182 -0.044495 -0.080002 0.051146 0.204989 0.181215 -0.151896 -0.133306 0.149879 -0.112472 0.133261 -0.054484 -0.171100 -0.058136 0.078719 -0.115087 0.110684 -0.056067 -0.251072 0.140078 -0.079696 0.044337 -0.082046 -0.153043 -0.009251
nayabazar 0.014784 -0.017978 0.012597 -0.099265 -0.069118 0.279551 0.004030 0.164572 -0.198629 -0.046876 -0.221471 0.082385 -0.021223 0.171731 -0.107854 -0.033769 -0.045155 -0.108460 -0.091956 -0.053067 -0.010633 0.076534 0.122838 0.014276 0.137813 0.076359 -0.217132 0.112989 -0.157730 -0.140887 -0.111722 0.059967 -0.085477 0.057227 0.164614 -0.045631 0.009237 -0.161337 -0.098379 -0.037569 0.107673 0.004225 0.094423 -0.103644 -0.067125 -0.019209 0.014947 0.046792 0.118503 -0.001895 -0.020658 -0.178915 0.060651 0.033338 -0.156640 -0.090680 0.048310 -0.071411 0.072194 0.080276 -0.024051 0.040791 -0.120201 0.052261 0.144670 -0.029889 0.048651 -0.158905 -0.019480 -0.178388 -0.044194 -0.029927 0.030988 -0.050778 0.071233 -0.036023 -0.048968 -0.085830 0.044731 0.194865 0.176463 -0.140889 -0.129375 0.122254 -0.103543 0.088843 -0.026383 -0.165283 -0.078154 0.084577 -0.136586 0.103270 -0.047079 -0.246903 0.125210 -0.092758 0.030323 -0.065713 -0.134643 0.010712
sanagaun 0.020523 -0.026078 0.009775 -0.101543 -0.060490 0.256184 0.029472 0.153090 -0.204078 -0.046725 -0.220921 0.073651 -0.031719 0.157228 -0.125713 -0.059676 -0.056830 -0.082431 -0.091969 -0.067820 0.014842 0.088443 0.134706 -0.028215 0.092556 0.103611 -0.213068 0.126181 -0.150406 -0.136971 -0.110454 0.060343 -0.066367 0.060395 0.157175 -0.058337 -0.031871 -0.133940 -0.100351 -0.054198 0.101685 0.015125 0.071061 -0.118921 -0.072586 -0.022309 0.001533 0.035323 0.120131 -0.014681 -0.050689 -0.163441 0.073795 0.029997 -0.170314 -0.111802 0.061005 -0.061875 0.116026 0.080268 -0.024163 0.055071 -0.113700 0.034369 0.150176 -0.063132 0.077764 -0.157274 -0.002191 -0.178348 -0.079975 -0.003964 0.054036 -0.023114 0.074440 -0.023041 -0.046300 -0.079665 0.053148 0.239612 0.179405 -0.172944 -0.128376 0.131654 -0.114644 0.107648 0.018326 -0.166861 -0.093061 0.080755 -0.139429 0.107338 -0.067095 -0.259392 0.136410 -0.088100 0.037751 -0.072050 -0.116896 0.033531
shankhamul -0.004569 -0.021524 0.022291 -0.086802 -0.041284 0.247373 0.030391 0.126234 -0.184372 -0.045063 -0.181201 0.070178 -0.018794 0.141085 -0.089300 -0.041627 -0.047948 -0.060878 -0.054128 -0.045557 0.010425 0.078743 0.126095 -0.011980 0.083912 0.075000 -0.205912 0.079165 -0.129001 -0.118293 -0.092140 0.054551 -0.078588 0.058652 0.144113 -0.052185 -0.017503 -0.140818 -0.097395 -0.058329 0.105594 0.038811 0.067459 -0.109021 -0.045414 -0.045168 0.005274 0.014411 0.101394 0.010141 -0.043593 -0.141618 0.083590 0.046230 -0.149271 -0.083439 0.042296 -0.073463 0.090538 0.072713 -0.018262 0.020295 -0.083230 0.038054 0.144625 -0.033070 0.051967 -0.151531 0.002312 -0.172250 -0.073156 -0.028783 0.042673 -0.028480 0.053392 -0.017398 -0.052530 -0.051746 0.057874 0.201962 0.168927 -0.136294 -0.123185 0.120350 -0.090346 0.091401 0.009834 -0.139517 -0.086738 0.089542 -0.138467 0.100544 -0.058603 -0.218648 0.129429 -0.081726 0.016889 -0.078602 -0.128776 0.006154
satungal 0.007995 -0.005819 0.012557 -0.062774 -0.025349 0.177740 0.009820 0.099444 -0.128467 -0.027330 -0.159834 0.057386 -0.000946 0.106962 -0.081947 -0.028833 -0.029519 -0.066757 -0.054007 -0.043901 -0.010024 0.070417 0.104115 -0.006644 0.070646 0.041880 -0.157575 0.070657 -0.097974 -0.092500 -0.069374 0.047920 -0.050701 0.052433 0.113866 -0.028772 -0.008764 -0.104522 -0.072773 -0.031344 0.073042 0.010070 0.048030 -0.087753 -0.050878 -0.034492 0.016517 0.013803 0.084096 -0.014548 -0.023683 -0.116354 0.042518 0.028689 -0.102877 -0.078907 0.034336 -0.062256 0.069283 0.054145 -0.014497 0.029439 -0.084444 0.024661 0.100145 -0.028235 0.030835 -0.114540 -0.013143 -0.137357 -0.055796 -0.011055 0.025532 -0.034151 0.054310 -0.020128 -0.020358 -0.051739 0.024390 0.163689 0.135203 -0.104438 -0.081438 0.105355 -0.082750 0.072738 0.001238 -0.099771 -0.046231 0.062550 -0.090087 0.074394 -0.025460 -0.180630 0.091266 -0.069167 0.031117 -0.035879 -0.079895 -0.009087
thulo 0.028488 0.044067 0.023899 -0.137850 -0.087684 0.341880 -0.017491 0.240259 -0.264021 -0.098386 -0.296005 0.129498 0.001280 0.220501 -0.123317 -0.059511 -0.030480 -0.161220 -0.116775 -0.055281 -0.031184 0.099564 0.164064 0.043853 0.187054 0.082133 -0.250878 0.152311 -0.208603 -0.147796 -0.151036 0.112585 -0.108633 0.064463 0.200932 -0.077943 0.038110 -0.189572 -0.112590 -0.039048 0.151454 -0.004861 0.148524 -0.127953 -0.033487 -0.025169 0.031624 0.073481 0.164207 -0.021087 -0.027182 -0.235182 0.048900 0.013018 -0.135949 -0.108340 0.020851 -0.053073 0.055221 0.086165 -0.013071 0.059273 -0.146962 0.071785 0.150596 -0.015852 0.065724 -0.204457 -0.060352 -0.182932 -0.039210 -0.041514 0.027857 -0.059960 0.071437 -0.037529 -0.035804 -0.098632 0.054630 0.204716 0.189341 -0.148353 -0.148277 0.159270 -0.132676 0.139963 -0.095075 -0.185717 -0.061542 0.087428 -0.132932 0.141765 -0.051511 -0.284953 0.144880 -0.098037 0.043709 -0.087309 -0.166934 -0.028296
single 0.024245 0.016757 0.004835 -0.095868 -0.053027 0.261074 -0.008042 0.176804 -0.190551 -0.034978 -0.229503 0.107326 0.001655 0.157071 -0.074227 -0.058712 -0.040796 -0.134614 -0.086082 -0.062919 -0.013923 0.097202 0.128393 0.020817 0.151531 0.072057 -0.189022 0.123357 -0.171671 -0.125536 -0.106968 0.097615 -0.074636 0.065081 0.171808 -0.060925 0.047048 -0.166328 -0.093869 -0.042488 0.123565 -0.007241 0.097287 -0.120562 -0.023180 -0.029002 0.003758 0.018524 0.152747 -0.037545 -0.029333 -0.176634 0.070879 0.024480 -0.137913 -0.084162 0.031368 -0.051014 0.067373 0.089068 -0.015740 0.039166 -0.125508 0.054124 0.125536 -0.030189 0.032588 -0.145053 -0.007298 -0.159983 -0.061465 -0.037797 0.045702 -0.039718 0.065219 -0.040837 -0.021939 -0.078955 0.050228 0.182880 0.176435 -0.137763 -0.132396 0.143110 -0.117531 0.116374 -0.029779 -0.163863 -0.071904 0.066692 -0.103200 0.108313 -0.040590 -0.224133 0.128923 -0.082730 0.034376 -0.053019 -0.121279 -0.012639
balkumari 0.018476 0.001335 0.017059 -0.098604 -0.052277 0.267851 0.007284 0.184811 -0.212359 -0.057709 -0.224309 0.086735 -0.004917 0.154654 -0.097744 -0.057801 -0.063695 -0.102223 -0.081571 -0.053442 -0.014346 0.093584 0.151109 -0.003771 0.143890 0.073615 -0.209638 0.105998 -0.163196 -0.141149 -0.109347 0.093095 -0.102778 0.057467 0.148758 -0.058303 0.005106 -0.164949 -0.093394 -0.048436 0.122975 0.006606 0.090695 -0.113961 -0.025833 -0.032627 0.010764 0.035562 0.132970 -0.007923 -0.038879 -0.164569 0.068828 0.032431 -0.149753 -0.090880 0.052085 -0.042932 0.067762 0.070755 0.005173 0.059625 -0.099370 0.041521 0.156417 -0.040424 0.051776 -0.147743 -0.012252 -0.165465 -0.055142 -0.026798 0.050342 -0.033304 0.074648 -0.015504 -0.028276 -0.078297 0.066542 0.176947 0.174660 -0.167036 -0.111368 0.134861 -0.108485 0.104947 -0.028157 -0.148532 -0.062031 0.071040 -0.124038 0.114260 -0.053037 -0.238560 0.126608 -0.085853 0.042580 -0.077079 -0.131110 0.006476
21 0.045026 0.051738 0.002938 -0.078639 -0.033808 0.097370 -0.048186 0.130671 -0.099326 -0.050655 -0.136257 0.053488 0.036166 0.068871 -0.010499 -0.005356 -0.010109 -0.106908 -0.045003 -0.005713 -0.021741 0.028516 0.049517 0.055298 0.128648 0.014108 -0.072226 0.065455 -0.094632 -0.035744 -0.044845 0.056174 -0.045236 -0.007847 0.042309 -0.032649 0.070599 -0.086667 -0.011784 0.020133 0.086629 -0.039723 0.102760 -0.014262 0.030472 0.040176 0.012668 0.058036 0.075899 -0.017374 0.015639 -0.105401 -0.032732 -0.005560 0.017722 -0.020672 -0.016842 0.024229 -0.053307 0.014109 0.048829 0.029972 -0.029484 0.046789 0.019381 0.035588 -0.015845 -0.051284 -0.060186 -0.016668 0.032450 -0.023927 -0.021311 -0.023367 0.018551 -0.012523 -0.003300 -0.028538 -0.005224 -0.038521 0.022523 -0.016643 -0.026647 0.050920 -0.045807 0.014855 -0.105138 -0.029602 0.002156 0.006295 -0.005967 0.055022 0.017771 -0.043296 0.027654 -0.029869 0.012940 -0.011295 -0.040406 -0.035151
22 0.031958 0.048290 -0.001673 -0.084237 -0.025997 0.114120 -0.053018 0.131118 -0.099333 -0.049994 -0.124436 0.065564 0.048929 0.065846 -0.014784 -0.007017 0.004097 -0.120309 -0.041446 -0.013521 -0.030200 0.033360 0.030210 0.065317 0.140877 0.027363 -0.065112 0.069435 -0.083024 -0.033227 -0.040100 0.042569 -0.072541 -0.020826 0.051524 -0.042551 0.075461 -0.068959 0.016185 0.024661 0.066022 -0.041652 0.106695 -0.003632 0.036785 0.047024 0.000685 0.064260 0.084601 -0.011824 0.037780 -0.106437 -0.025932 -0.011614 0.025182 0.000188 -0.026391 0.025493 -0.077438 0.017562 0.055689 0.023081 -0.027490 0.041248 0.014338 0.043303 -0.008262 -0.043656 -0.074465 -0.003740 0.036583 -0.035923 -0.024143 -0.030060 0.018271 -0.011226 -0.005026 -0.034478 0.005559 -0.052901 0.009179 -0.002696 -0.010721 0.045589 -0.027306 0.022378 -0.107461 -0.029327 0.016666 0.015680 0.001750 0.053445 0.030309 -0.025106 0.028567 -0.022250 0.016666 0.007540 -0.032603 -0.035484
72 0.026693 0.060956 0.021841 -0.068488 -0.041853 0.131012 -0.049502 0.127785 -0.113982 -0.068641 -0.126554 0.078061 0.041261 0.080258 -0.018898 -0.000659 -0.006579 -0.130624 -0.051042 -0.002789 -0.031187 0.038418 0.048405 0.064300 0.145083 0.017955 -0.063809 0.065022 -0.087442 -0.045120 -0.036887 0.056570 -0.074154 -0.007899 0.063573 -0.040923 0.074047 -0.090199 -0.008394 0.035165 0.085199 -0.040710 0.105817 -0.014392 0.026699 0.040171 0.009779 0.075348 0.079951 -0.007281 0.042644 -0.108219 -0.023151 -0.010175 0.029791 -0.024337 -0.017838 0.020884 -0.063463 0.028670 0.048300 0.025709 -0.030655 0.056472 0.035720 0.045667 0.002045 -0.062496 -0.076582 -0.023780 0.040146 -0.030910 -0.016543 -0.035806 0.027052 -0.010385 0.005405 -0.036010 -0.006979 -0.043476 0.029841 -0.006317 -0.026235 0.049637 -0.030364 0.020627 -0.114138 -0.042983 0.012897 0.017538 0.003255 0.066399 0.023316 -0.053842 0.034797 -0.023971 0.001715 -0.009299 -0.040475 -0.041343
kattha 0.022438 0.048902 0.016058 -0.072712 -0.055567 0.184706 -0.056647 0.172583 -0.166112 -0.090132 -0.198114 0.088828 0.021371 0.112040 -0.060564 -0.011026 -0.006823 -0.137538 -0.063936 -0.026733 -0.030057 0.067984 0.088669 0.067070 0.158413 0.046222 -0.131670 0.086427 -0.142608 -0.077544 -0.078259 0.064320 -0.087446 -0.000445 0.095213 -0.045842 0.068884 -0.115151 -0.053484 0.018410 0.122918 -0.053189 0.102244 -0.042489 0.013818 0.017687 0.021359 0.091798 0.111443 -0.028661 0.027783 -0.157841 -0.003573 -0.015762 -0.022608 -0.044376 -0.013661 0.001357 -0.027785 0.046400 0.043012 0.041704 -0.057087 0.058830 0.072197 0.011011 0.018730 -0.113475 -0.090908 -0.066362 0.011832 -0.036153 -0.011032 -0.028259 0.037881 -0.029034 -0.012265 -0.069320 0.024677 0.015745 0.060964 -0.036510 -0.059050 0.081183 -0.064801 0.058225 -0.123537 -0.082394 0.006540 0.039991 -0.035946 0.089722 0.002391 -0.101086 0.063748 -0.030043 0.017753 -0.022385 -0.073594 -0.037046
chamati 0.000458 -0.003094 0.007935 -0.070082 -0.050951 0.207845 0.007137 0.126629 -0.159021 -0.040008 -0.183346 0.074441 -0.021290 0.121472 -0.080410 -0.044797 -0.031667 -0.081113 -0.070227 -0.052295 -0.010463 0.074328 0.106572 -0.009031 0.099776 0.060980 -0.170064 0.084733 -0.117046 -0.111396 -0.085515 0.049618 -0.063252 0.046311 0.134303 -0.033633 -0.000303 -0.120520 -0.075242 -0.041500 0.089351 0.007216 0.057899 -0.103336 -0.039364 -0.038322 0.020297 0.033680 0.087169 -0.020591 -0.026189 -0.136319 0.050834 0.038406 -0.131355 -0.078062 0.040796 -0.062905 0.080261 0.070326 -0.022679 0.045492 -0.086703 0.024780 0.113959 -0.039781 0.048806 -0.116464 -0.013043 -0.137001 -0.041804 -0.008282 0.038806 -0.029987 0.040443 -0.012667 -0.033848 -0.065205 0.038101 0.179320 0.146788 -0.113522 -0.091825 0.098823 -0.095175 0.084952 -0.006260 -0.126178 -0.049243 0.069311 -0.096159 0.077667 -0.037290 -0.186837 0.113032 -0.070957 0.032541 -0.055166 -0.113762 -0.001948
mahadevsthan 0.014191 0.022413 0.009278 -0.113204 -0.051300 0.251207 0.006131 0.159399 -0.195793 -0.039511 -0.246432 0.103986 -0.017333 0.152982 -0.092871 -0.055621 -0.052035 -0.120617 -0.076047 -0.061758 -0.013401 0.097796 0.139748 0.002794 0.133892 0.071414 -0.202109 0.109371 -0.143684 -0.131154 -0.106839 0.068287 -0.078892 0.058272 0.161792 -0.046145 0.011964 -0.156949 -0.103872 -0.051663 0.117200 0.000184 0.078903 -0.119679 -0.054998 -0.019953 0.005612 0.018781 0.113280 -0.026370 -0.032530 -0.176323 0.071281 0.027063 -0.140875 -0.100797 0.032739 -0.067915 0.072304 0.083513 -0.013423 0.046027 -0.112973 0.039195 0.145945 -0.032395 0.043656 -0.164213 -0.007013 -0.174675 -0.064710 -0.029162 0.039182 -0.032356 0.075149 -0.027368 -0.026823 -0.074639 0.035048 0.200540 0.178527 -0.143071 -0.121198 0.134694 -0.120283 0.108148 -0.018505 -0.161092 -0.057010 0.066777 -0.127509 0.113350 -0.044787 -0.238157 0.121672 -0.098389 0.037151 -0.062600 -0.130145 -0.000586
park 0.026380 0.004519 -0.007545 -0.103340 -0.048647 0.225668 0.016389 0.142164 -0.173654 -0.039327 -0.217432 0.086158 -0.030983 0.151645 -0.079765 -0.037977 -0.019931 -0.103385 -0.076700 -0.080400 -0.005787 0.071927 0.108638 0.017795 0.123087 0.053990 -0.164959 0.097379 -0.131243 -0.125387 -0.102157 0.058431 -0.035762 0.058602 0.140267 -0.037662 0.031268 -0.147051 -0.067274 -0.035149 0.062795 -0.020171 0.079569 -0.124012 -0.047774 -0.024710 0.009985 0.015257 0.106496 -0.025165 -0.013893 -0.127545 0.048305 0.022005 -0.111295 -0.089346 0.037008 -0.062735 0.062922 0.060556 -0.044599 0.034992 -0.106015 0.045661 0.100869 -0.032958 0.045448 -0.134749 -0.007839 -0.166270 -0.037029 -0.028566 0.035488 -0.024278 0.049452 -0.020453 -0.037543 -0.075364 0.022538 0.196096 0.152306 -0.118519 -0.126232 0.106454 -0.110277 0.114376 -0.010239 -0.150354 -0.060121 0.060499 -0.112508 0.106939 -0.046660 -0.215389 0.109809 -0.063696 0.024664 -0.059417 -0.110027 0.003952
kalimati 0.003640 -0.003147 0.001926 -0.068334 -0.037941 0.199677 0.001290 0.113635 -0.145172 -0.029754 -0.160452 0.065875 -0.020027 0.116376 -0.084641 -0.035761 -0.030391 -0.059698 -0.066496 -0.039701 -0.002676 0.064098 0.111302 0.006343 0.090737 0.061601 -0.178638 0.068451 -0.115807 -0.100363 -0.077225 0.058390 -0.069488 0.042785 0.116698 -0.042117 -0.007718 -0.120845 -0.074405 -0.039766 0.080564 0.018942 0.054233 -0.086289 -0.046566 -0.022290 0.024973 0.041235 0.084753 0.002232 -0.023331 -0.131956 0.061118 0.037916 -0.120503 -0.085218 0.037456 -0.051342 0.064805 0.055462 -0.018202 0.019356 -0.084706 0.042031 0.105937 -0.036049 0.047086 -0.115943 -0.013625 -0.130773 -0.052385 -0.005627 0.019129 -0.035056 0.053393 -0.024333 -0.029126 -0.046742 0.044057 0.156117 0.140209 -0.101668 -0.098940 0.098994 -0.077654 0.065098 -0.025335 -0.128000 -0.067080 0.081348 -0.102581 0.082773 -0.035902 -0.188922 0.081072 -0.061483 0.011464 -0.044802 -0.106223 -0.002097
dholahiti -0.005783 -0.048786 0.007440 -0.042375 -0.042904 0.182141 0.039642 0.090034 -0.129709 -0.016635 -0.141892 0.034485 -0.029524 0.106906 -0.086515 -0.028687 -0.070574 -0.013337 -0.056029 -0.035729 0.011033 0.054920 0.099905 -0.047233 0.057293 0.055539 -0.161047 0.075394 -0.093556 -0.109642 -0.083053 0.048403 -0.059531 0.062612 0.101712 -0.013126 -0.039628 -0.107112 -0.083746 -0.039072 0.090129 0.033560 0.004907 -0.073920 -0.056509 -0.048057 -0.005087 0.003005 0.082191 0.010345 -0.067821 -0.105754 0.078479 0.052385 -0.160759 -0.085475 0.067824 -0.072859 0.111698 0.068726 -0.022209 0.029328 -0.082556 0.005808 0.129095 -0.076007 0.058060 -0.107623 0.038692 -0.140000 -0.094857 -0.011329 0.052290 -0.015865 0.053908 -0.016716 -0.021965 -0.044147 0.056307 0.187764 0.153233 -0.145234 -0.112896 0.107735 -0.073780 0.081157 0.036107 -0.129050 -0.080045 0.057538 -0.107142 0.057007 -0.049266 -0.196930 0.111050 -0.067683 0.025769 -0.063940 -0.093154 0.053602
ranibari 0.026617 0.020802 0.018692 -0.094729 -0.043569 0.230676 0.007590 0.177009 -0.198679 -0.037148 -0.213612 0.086774 -0.002741 0.132988 -0.086489 -0.046551 -0.055134 -0.108307 -0.072355 -0.030778 -0.028299 0.073008 0.146550 0.007584 0.124208 0.065628 -0.192445 0.109182 -0.145404 -0.129509 -0.104687 0.087241 -0.079285 0.063318 0.142571 -0.046570 0.020350 -0.167607 -0.092814 -0.029811 0.128078 -0.004956 0.076615 -0.107110 -0.025834 -0.036129 0.007047 0.035520 0.133699 -0.038393 -0.025358 -0.154988 0.074648 0.021557 -0.122836 -0.085034 0.032062 -0.066402 0.052481 0.084695 0.000620 0.038871 -0.115417 0.033646 0.134887 -0.015329 0.038745 -0.152343 -0.001873 -0.167545 -0.060822 -0.034699 0.025344 -0.020167 0.064141 -0.033942 -0.027631 -0.074369 0.047692 0.160539 0.171284 -0.143860 -0.124094 0.134752 -0.113644 0.116414 -0.046533 -0.149179 -0.073767 0.065481 -0.099397 0.102263 -0.035583 -0.213549 0.126134 -0.078772 0.028481 -0.063078 -0.128722 -0.004445
gokul -0.005599 -0.014345 0.010535 -0.063974 -0.039802 0.248862 0.004517 0.143883 -0.191486 -0.041430 -0.212722 0.063912 -0.009336 0.145647 -0.098116 -0.030804 -0.068134 -0.052116 -0.050362 -0.045751 0.007527 0.101845 0.122342 -0.005987 0.103165 0.076414 -0.207634 0.083444 -0.136204 -0.121620 -0.111607 0.051309 -0.084613 0.059116 0.151362 -0.044379 0.001479 -0.129414 -0.077225 -0.047499 0.114755 0.045710 0.080777 -0.101888 -0.035822 -0.046550 0.021977 0.032322 0.121390 -0.011046 -0.059914 -0.169559 0.087320 0.042579 -0.169065 -0.088240 0.037295 -0.084742 0.091235 0.076811 -0.001806 0.023692 -0.090994 0.011589 0.161555 -0.060163 0.054369 -0.164063 0.021832 -0.175563 -0.055774 -0.031557 0.057882 -0.011673 0.065356 -0.026594 -0.017810 -0.057474 0.043447 0.208087 0.179073 -0.158804 -0.099999 0.127639 -0.083121 0.091650 0.005149 -0.140010 -0.066107 0.088934 -0.136660 0.087669 -0.054689 -0.205538 0.111262 -0.075294 0.020470 -0.063349 -0.145185 0.002986
tahachal 0.007960 -0.045330 0.000315 -0.080914 -0.057523 0.214858 0.026583 0.108798 -0.164609 -0.024538 -0.198274 0.065413 -0.016075 0.135881 -0.100413 -0.036096 -0.044649 -0.068479 -0.091192 -0.060626 -0.000617 0.078807 0.129896 -0.014008 0.083334 0.063312 -0.208138 0.105044 -0.116351 -0.123144 -0.114225 0.038016 -0.049634 0.059359 0.152037 -0.035498 -0.031883 -0.151848 -0.088177 -0.041956 0.067937 0.018394 0.060012 -0.116408 -0.067002 -0.029026 0.024756 0.006238 0.095555 -0.033024 -0.062239 -0.127748 0.060251 0.048389 -0.164978 -0.095271 0.070243 -0.074017 0.116315 0.093160 -0.032177 0.037380 -0.113464 0.030169 0.142473 -0.061777 0.074177 -0.128526 0.009937 -0.171073 -0.088468 -0.013073 0.057149 -0.026715 0.038830 -0.034381 -0.034409 -0.049107 0.033842 0.236583 0.173152 -0.156966 -0.114271 0.124994 -0.088309 0.092606 0.024202 -0.152573 -0.077372 0.061647 -0.135201 0.091397 -0.060556 -0.248034 0.123501 -0.094686 0.036181 -0.048666 -0.121118 0.018708
taukhel 0.026217 -0.001539 0.019659 -0.090482 -0.037473 0.216478 -0.006221 0.152491 -0.184756 -0.045588 -0.195075 0.080365 -0.002639 0.144767 -0.081672 -0.049157 -0.051349 -0.090639 -0.066619 -0.049942 -0.004625 0.070634 0.119303 -0.008693 0.127189 0.054559 -0.167096 0.086764 -0.137724 -0.129474 -0.098016 0.081662 -0.073487 0.053740 0.123953 -0.032425 0.010917 -0.131014 -0.076957 -0.030093 0.106023 -0.002176 0.075597 -0.093688 -0.039200 -0.029658 0.015046 0.043798 0.119554 -0.000507 -0.024818 -0.146889 0.066224 0.026831 -0.114162 -0.080799 0.031572 -0.050935 0.069110 0.053365 -0.001115 0.045072 -0.097145 0.040660 0.117879 -0.029819 0.048703 -0.132161 -0.016021 -0.151407 -0.046877 -0.016039 0.025254 -0.035608 0.052665 -0.021799 -0.039275 -0.074069 0.049608 0.170773 0.142199 -0.127243 -0.097969 0.108742 -0.088814 0.092542 -0.023368 -0.127682 -0.050001 0.056076 -0.096733 0.084146 -0.037952 -0.192142 0.102666 -0.074463 0.033835 -0.057828 -0.116138 -0.003770
open 0.011463 0.023003 -0.004236 -0.163891 -0.079186 0.353317 0.013663 0.249830 -0.268273 -0.048303 -0.311107 0.154170 -0.021671 0.213607 -0.112540 -0.050648 -0.045154 -0.149035 -0.094452 -0.114472 -0.032841 0.102654 0.193448 0.004605 0.189779 0.103171 -0.277074 0.142355 -0.231367 -0.189475 -0.175399 0.112734 -0.078918 0.062257 0.212743 -0.094060 0.029884 -0.228110 -0.101119 -0.061909 0.135579 0.010420 0.129319 -0.173774 -0.083851 -0.033970 -0.003050 0.022653 0.184508 -0.029259 -0.047028 -0.232492 0.087387 0.028546 -0.174714 -0.128426 0.051636 -0.111512 0.105907 0.111264 -0.043918 0.050124 -0.160577 0.089951 0.164285 -0.020351 0.055086 -0.208168 -0.044936 -0.225851 -0.071988 -0.048898 0.053451 -0.057571 0.073588 -0.037447 -0.073426 -0.105364 0.057937 0.278252 0.228370 -0.178625 -0.176499 0.177646 -0.145909 0.146941 -0.063813 -0.202520 -0.091317 0.101455 -0.179971 0.169940 -0.067980 -0.326135 0.174628 -0.081729 0.031939 -0.099770 -0.197866 -0.017681
booking 0.028802 0.020866 -0.009657 -0.148219 -0.060015 0.276512 0.021393 0.185056 -0.196763 -0.046552 -0.243816 0.111243 -0.007856 0.166519 -0.081471 -0.023845 -0.043140 -0.122449 -0.071502 -0.073199 -0.028559 0.095587 0.150063 0.010562 0.157067 0.072631 -0.203282 0.114687 -0.178365 -0.135802 -0.134764 0.081132 -0.056253 0.059657 0.163038 -0.070181 0.032772 -0.172935 -0.073496 -0.043188 0.101307 -0.002541 0.125325 -0.123316 -0.065574 -0.025999 -0.000237 0.011913 0.151548 -0.010552 -0.035970 -0.178216 0.087314 0.023466 -0.129394 -0.093049 0.024835 -0.088099 0.058363 0.075755 -0.029696 0.035540 -0.108928 0.063228 0.138269 0.000565 0.039350 -0.142994 -0.038828 -0.166609 -0.031652 -0.039768 0.045020 -0.049986 0.046912 -0.014412 -0.070946 -0.075526 0.037839 0.197499 0.168159 -0.133598 -0.129832 0.121527 -0.103571 0.129039 -0.052628 -0.154144 -0.064292 0.075132 -0.141652 0.142651 -0.069025 -0.244967 0.124712 -0.070487 0.024513 -0.053874 -0.147268 -0.023602
bhaktpur 0.007331 0.012683 0.012980 -0.101357 -0.050893 0.237012 -0.006714 0.153120 -0.177995 -0.043037 -0.221119 0.077162 -0.011257 0.145998 -0.088851 -0.041464 -0.055014 -0.112824 -0.073380 -0.046669 -0.019833 0.078605 0.134897 -0.004290 0.128398 0.059002 -0.191218 0.098105 -0.145780 -0.133471 -0.116645 0.075789 -0.061878 0.061439 0.153563 -0.045711 0.007508 -0.148709 -0.086326 -0.032137 0.108861 0.006612 0.082270 -0.108879 -0.039756 -0.028605 0.016097 0.024210 0.113986 -0.014992 -0.028742 -0.141685 0.064446 0.030401 -0.131544 -0.083357 0.037884 -0.073420 0.070831 0.079101 -0.020363 0.039917 -0.117041 0.033919 0.134239 -0.018866 0.038357 -0.155444 -0.015361 -0.159326 -0.050782 -0.022733 0.029437 -0.023989 0.053464 -0.013471 -0.024438 -0.076620 0.047707 0.205102 0.166541 -0.134230 -0.120626 0.131214 -0.114834 0.115153 -0.029302 -0.153498 -0.070863 0.062014 -0.107325 0.102960 -0.040834 -0.230253 0.121476 -0.082154 0.039418 -0.064802 -0.131757 -0.002223
residency 0.048446 -0.002069 0.013963 -0.131178 -0.075851 0.347864 -0.018892 0.240264 -0.279929 -0.076089 -0.305339 0.115199 -0.027633 0.216007 -0.119248 -0.067879 -0.064750 -0.159920 -0.113334 -0.074986 0.006107 0.110465 0.170121 0.029847 0.181680 0.103159 -0.265163 0.162340 -0.210142 -0.168741 -0.148409 0.083320 -0.098831 0.064241 0.208462 -0.063189 0.020604 -0.196487 -0.118309 -0.046022 0.149419 -0.009215 0.131009 -0.149136 -0.058512 -0.009135 0.028899 0.078632 0.148863 -0.025601 -0.038244 -0.225947 0.049376 0.052326 -0.174509 -0.128767 0.062818 -0.080875 0.075758 0.108793 0.000019 0.069581 -0.138765 0.052551 0.173634 -0.055687 0.069140 -0.210698 -0.039485 -0.224341 -0.064370 -0.035136 0.054315 -0.057870 0.110500 -0.031722 -0.050566 -0.114094 0.042315 0.215086 0.221237 -0.196855 -0.165044 0.160680 -0.146246 0.128756 -0.046259 -0.211963 -0.085155 0.095197 -0.132892 0.137597 -0.050771 -0.287566 0.149930 -0.110563 0.038829 -0.077510 -0.153471 0.011586
changathali 0.013353 -0.009737 0.026626 -0.078596 -0.035207 0.229737 0.037813 0.140775 -0.193612 -0.024519 -0.209772 0.071417 -0.013052 0.136597 -0.106159 -0.072040 -0.066476 -0.081820 -0.088292 -0.054975 -0.001289 0.069313 0.148996 -0.037887 0.086764 0.066584 -0.204552 0.113899 -0.141288 -0.144945 -0.092463 0.071003 -0.063875 0.074770 0.145414 -0.037985 -0.029206 -0.145410 -0.108799 -0.046864 0.105105 0.004850 0.064659 -0.114433 -0.042200 -0.055115 0.004005 0.012960 0.110621 -0.006749 -0.059050 -0.123270 0.090465 0.027084 -0.157964 -0.092263 0.058408 -0.063666 0.105880 0.083303 -0.023308 0.044855 -0.117459 0.022481 0.151457 -0.054566 0.057453 -0.154029 0.016928 -0.181620 -0.096182 -0.020079 0.061762 -0.025495 0.072960 -0.004411 -0.026572 -0.078875 0.055701 0.237020 0.191335 -0.170450 -0.135006 0.151663 -0.113995 0.118182 0.019095 -0.171298 -0.091966 0.050550 -0.119778 0.106920 -0.067406 -0.254933 0.134132 -0.092369 0.030949 -0.071160 -0.111825 0.020745
greenland 0.001220 -0.032141 -0.005824 -0.106737 -0.061623 0.250118 0.026945 0.160001 -0.195083 -0.039098 -0.226384 0.079884 -0.027991 0.141441 -0.106297 -0.043187 -0.058505 -0.089843 -0.080720 -0.071827 0.017951 0.093178 0.134346 -0.018509 0.087189 0.099743 -0.207354 0.111593 -0.135319 -0.142699 -0.097030 0.062085 -0.068611 0.072532 0.172219 -0.042117 -0.007661 -0.162819 -0.104032 -0.045959 0.094099 0.021629 0.076543 -0.123618 -0.070569 -0.028834 0.001646 -0.004760 0.108049 -0.005538 -0.053430 -0.142631 0.073018 0.046019 -0.185628 -0.101664 0.060045 -0.091336 0.096358 0.101202 -0.047802 0.063607 -0.112506 0.038754 0.154126 -0.053180 0.063433 -0.149269 0.012888 -0.204980 -0.094037 -0.010267 0.060900 -0.037920 0.073161 -0.028435 -0.058986 -0.081777 0.053231 0.238148 0.178713 -0.155038 -0.145686 0.123584 -0.121678 0.123381 0.005041 -0.159383 -0.109678 0.077584 -0.153285 0.105439 -0.091151 -0.263408 0.154107 -0.095203 0.028740 -0.063851 -0.133052 0.014092
premium 0.013228 -0.003210 0.007896 -0.117322 -0.075665 0.284058 0.006744 0.199188 -0.228738 -0.061723 -0.258369 0.099748 -0.016604 0.161599 -0.117546 -0.032596 -0.046006 -0.111524 -0.095722 -0.061330 -0.006019 0.093704 0.141312 0.011695 0.143111 0.103630 -0.231841 0.127944 -0.174775 -0.143057 -0.128166 0.075741 -0.081667 0.050165 0.165184 -0.049878 0.012107 -0.175646 -0.083452 -0.039163 0.132916 0.009104 0.112104 -0.115075 -0.038460 -0.031598 0.025624 0.022938 0.127655 -0.009826 -0.034093 -0.185564 0.064580 0.030794 -0.164577 -0.103510 0.047526 -0.065120 0.070182 0.102143 -0.020242 0.055703 -0.118402 0.038371 0.161096 -0.043600 0.062430 -0.186873 -0.014416 -0.196216 -0.067205 -0.019004 0.038357 -0.036207 0.085678 -0.043853 -0.050414 -0.084185 0.035633 0.216134 0.188843 -0.161696 -0.135377 0.144008 -0.112913 0.127399 -0.030123 -0.170517 -0.098677 0.088498 -0.133307 0.114694 -0.068931 -0.266919 0.146161 -0.085171 0.027969 -0.086354 -0.137916 0.008761
buspark 0.028546 -0.013591 0.009849 -0.113470 -0.045261 0.229670 0.046767 0.135992 -0.182365 -0.042386 -0.214827 0.080232 -0.023090 0.128416 -0.097766 -0.024973 -0.056079 -0.098868 -0.089469 -0.046131 0.005553 0.083051 0.121598 -0.019041 0.103112 0.070254 -0.205029 0.105983 -0.136249 -0.122867 -0.111625 0.056927 -0.060197 0.044892 0.146994 -0.063806 -0.019601 -0.156019 -0.070776 -0.031427 0.099596 0.004080 0.072464 -0.099963 -0.056427 -0.024243 0.008323 0.012606 0.121304 -0.036934 -0.032188 -0.146728 0.067723 0.030779 -0.144880 -0.101921 0.044170 -0.054073 0.098868 0.087349 -0.031672 0.047391 -0.110360 0.030247 0.124315 -0.038856 0.072156 -0.124500 -0.007488 -0.160498 -0.085357 -0.026829 0.042863 -0.015051 0.032909 -0.017158 -0.044631 -0.069676 0.044845 0.200267 0.147224 -0.158978 -0.107536 0.123854 -0.093025 0.088850 -0.008825 -0.164061 -0.073922 0.042223 -0.110672 0.102642 -0.062601 -0.222522 0.138067 -0.094555 0.021118 -0.063749 -0.117245 0.018940
sital 0.037786 -0.075638 0.013789 -0.071268 -0.077519 0.216524 0.032357 0.125544 -0.165864 -0.018705 -0.169530 0.037244 -0.056662 0.128321 -0.122801 -0.042798 -0.071777 -0.023751 -0.090096 -0.046617 0.018869 0.044538 0.133576 -0.046148 0.067303 0.117393 -0.198044 0.110597 -0.127945 -0.115213 -0.073230 0.052447 -0.055415 0.069812 0.114896 -0.031032 -0.064914 -0.125169 -0.109102 -0.046394 0.088329 0.015976 0.017337 -0.126437 -0.074967 -0.024248 -0.005534 0.018453 0.086769 -0.009732 -0.051721 -0.121415 0.062836 0.050528 -0.204480 -0.089640 0.082836 -0.071324 0.124548 0.078393 -0.037091 0.055429 -0.115819 -0.010365 0.165731 -0.101568 0.079374 -0.139509 0.042902 -0.205317 -0.094677 0.014225 0.059570 -0.029516 0.085268 -0.016281 -0.026341 -0.099223 0.051461 0.237612 0.190858 -0.196758 -0.144248 0.137309 -0.100645 0.119706 0.060333 -0.183811 -0.107534 0.083193 -0.121464 0.074008 -0.058825 -0.254901 0.134887 -0.085430 0.051820 -0.075648 -0.098973 0.078625
krishna 0.045244 -0.051968 -0.005744 -0.118855 -0.051998 0.239050 0.017858 0.114597 -0.195579 -0.044491 -0.194705 0.075682 -0.049613 0.143001 -0.100058 -0.048701 -0.038507 -0.068751 -0.093453 -0.083539 0.030881 0.080429 0.114537 -0.007451 0.082860 0.105345 -0.215119 0.117693 -0.116332 -0.116462 -0.094181 0.032782 -0.031973 0.057075 0.142239 -0.024035 -0.029530 -0.148574 -0.091358 -0.048664 0.067392 0.016170 0.065998 -0.124530 -0.069747 -0.007608 0.007849 0.025100 0.097454 -0.028588 -0.048537 -0.142754 0.063701 0.047350 -0.168712 -0.112686 0.056304 -0.073763 0.099663 0.078657 -0.040606 0.046354 -0.126899 0.025270 0.124946 -0.066963 0.093870 -0.155230 0.014329 -0.201032 -0.075845 -0.004585 0.046401 -0.050374 0.071581 -0.025565 -0.050711 -0.084312 0.042188 0.238630 0.165116 -0.177392 -0.137303 0.126562 -0.118830 0.102569 0.034652 -0.180010 -0.105605 0.082098 -0.151594 0.098952 -0.051618 -0.244980 0.124901 -0.093638 0.052019 -0.069398 -0.097932 0.036226
kamalpokhari 0.011982 -0.025915 0.010364 -0.084198 -0.056166 0.201548 0.012619 0.114452 -0.155537 -0.033871 -0.171254 0.055657 -0.027437 0.135334 -0.094275 -0.045023 -0.044655 -0.055238 -0.071514 -0.062241 0.019886 0.068389 0.105658 -0.015969 0.083221 0.090065 -0.181361 0.092759 -0.107766 -0.103910 -0.084544 0.046719 -0.050262 0.064977 0.132655 -0.023402 -0.025045 -0.116153 -0.107288 -0.041166 0.084880 0.026566 0.044443 -0.096107 -0.056562 -0.040106 0.000718 0.003914 0.086967 -0.011518 -0.037338 -0.111145 0.068668 0.034218 -0.151770 -0.092304 0.053682 -0.073218 0.098544 0.063998 -0.036027 0.035661 -0.106839 0.004995 0.120508 -0.067362 0.054288 -0.130681 0.006833 -0.184226 -0.064222 -0.017727 0.054798 -0.028699 0.070490 -0.024250 -0.040758 -0.081061 0.036352 0.206524 0.168622 -0.163819 -0.119642 0.119633 -0.101746 0.095553 0.016588 -0.151167 -0.073042 0.064882 -0.126177 0.077448 -0.062212 -0.224145 0.116823 -0.085192 0.033578 -0.072978 -0.116823 0.023809
naikap 0.002150 0.001905 0.010781 -0.071463 -0.037907 0.192101 0.011013 0.116790 -0.150102 -0.039130 -0.190043 0.071435 -0.009560 0.116438 -0.080607 -0.045860 -0.039511 -0.066602 -0.067668 -0.050757 -0.003163 0.065248 0.118325 -0.004510 0.088051 0.061909 -0.171930 0.078907 -0.126338 -0.105029 -0.094667 0.051473 -0.066348 0.062158 0.139979 -0.032513 -0.007967 -0.120490 -0.093622 -0.045743 0.093690 0.012180 0.043460 -0.097891 -0.050310 -0.025441 0.014402 0.025514 0.089769 -0.012081 -0.051988 -0.114779 0.066151 0.033515 -0.128357 -0.075680 0.048584 -0.072150 0.065651 0.079314 -0.007319 0.039803 -0.096001 0.023161 0.120633 -0.045216 0.044356 -0.126325 0.005120 -0.142694 -0.069649 -0.017856 0.040956 -0.024992 0.053374 -0.025601 -0.022370 -0.053111 0.028183 0.184309 0.167987 -0.136023 -0.102687 0.121725 -0.089506 0.092358 0.003234 -0.128971 -0.050102 0.061243 -0.096368 0.091254 -0.043709 -0.187970 0.109908 -0.075466 0.037569 -0.062891 -0.104046 0.009352
bharyang 0.030720 0.035923 0.022207 -0.114158 -0.069697 0.310131 -0.006340 0.205555 -0.235161 -0.083176 -0.275783 0.124639 0.014584 0.193575 -0.109360 -0.053928 -0.040229 -0.157130 -0.106545 -0.059949 -0.016869 0.098750 0.145446 0.023416 0.178491 0.077932 -0.230426 0.130374 -0.191726 -0.139108 -0.132553 0.098603 -0.114997 0.063910 0.168890 -0.059919 0.039827 -0.184736 -0.106951 -0.038488 0.159302 0.001862 0.128322 -0.116526 -0.033700 -0.021876 0.030161 0.063515 0.149795 -0.012484 -0.019943 -0.203533 0.051100 0.023385 -0.132825 -0.095825 0.021743 -0.064049 0.056880 0.090387 -0.007981 0.046871 -0.128543 0.069738 0.155147 -0.014308 0.049900 -0.191415 -0.049772 -0.170458 -0.047379 -0.038949 0.036320 -0.045472 0.075200 -0.043536 -0.038031 -0.101363 0.046857 0.185704 0.186090 -0.142590 -0.131726 0.163051 -0.118718 0.119063 -0.079380 -0.160027 -0.070825 0.073326 -0.108722 0.133104 -0.048927 -0.268439 0.139451 -0.088428 0.037370 -0.083055 -0.156023 -0.019088
chhauni -0.010192 0.004242 0.015294 -0.066611 -0.051600 0.212560 -0.008343 0.140739 -0.163213 -0.046936 -0.175057 0.051887 -0.013964 0.118158 -0.087065 -0.030181 -0.055254 -0.073958 -0.060554 -0.024963 -0.001379 0.066831 0.117856 0.006453 0.106086 0.063164 -0.180535 0.082880 -0.124867 -0.110665 -0.089271 0.069112 -0.071794 0.052272 0.123918 -0.031234 0.018308 -0.131182 -0.093882 -0.025951 0.103433 0.027216 0.057203 -0.075789 -0.030525 -0.034614 0.006507 0.048077 0.091777 -0.014471 -0.015690 -0.134922 0.050645 0.024633 -0.108445 -0.070556 0.032704 -0.054359 0.046396 0.055889 0.002436 0.024922 -0.071560 0.029023 0.133625 -0.032252 0.040984 -0.132702 -0.020435 -0.142259 -0.046478 -0.019370 0.035309 -0.024987 0.063310 -0.024961 -0.033752 -0.063578 0.031775 0.153661 0.151051 -0.119853 -0.095423 0.105788 -0.094746 0.090370 -0.045334 -0.121808 -0.055949 0.078636 -0.106169 0.079095 -0.036531 -0.186980 0.109410 -0.075212 0.018975 -0.053778 -0.123153 -0.006559
manigram 0.038223 0.070597 0.023997 -0.107003 -0.071774 0.288261 -0.058077 0.224365 -0.224996 -0.118936 -0.272319 0.119323 0.021576 0.187287 -0.074236 -0.040481 -0.010619 -0.202583 -0.105379 -0.035723 -0.039290 0.084259 0.120240 0.092664 0.200694 0.063287 -0.185229 0.115640 -0.193647 -0.130220 -0.122863 0.084974 -0.116277 0.025734 0.139633 -0.060508 0.099752 -0.168772 -0.069806 0.005951 0.138938 -0.059604 0.129348 -0.094758 0.003240 0.035677 0.043259 0.124405 0.138469 -0.030658 0.026842 -0.213627 0.001961 -0.008173 -0.025681 -0.087448 -0.018304 -0.000634 -0.024236 0.059696 0.028825 0.044667 -0.103293 0.081329 0.103245 0.010481 0.031848 -0.159892 -0.102248 -0.106370 0.013378 -0.044592 -0.012129 -0.038400 0.062812 -0.026469 -0.015540 -0.085595 0.031814 0.053087 0.109410 -0.049935 -0.102171 0.125517 -0.103529 0.090272 -0.140293 -0.130890 -0.007170 0.068292 -0.055379 0.131073 0.011939 -0.164719 0.091636 -0.063759 0.027534 -0.043972 -0.132251 -0.054420
nagar 0.016344 0.064042 0.003460 -0.071921 -0.063885 0.260426 -0.057760 0.193033 -0.179879 -0.114020 -0.222750 0.111841 0.034966 0.151947 -0.071957 -0.031465 0.006284 -0.173963 -0.075342 -0.038074 -0.026938 0.087924 0.114389 0.056341 0.164483 0.051409 -0.160694 0.085803 -0.153123 -0.093505 -0.111083 0.078238 -0.092367 0.013835 0.127131 -0.055554 0.087508 -0.140821 -0.096811 0.001013 0.142152 -0.031668 0.105327 -0.089578 0.003577 0.005475 0.044327 0.115800 0.127310 -0.027979 0.025635 -0.186943 0.015327 -0.003897 -0.036345 -0.078987 -0.009457 -0.007725 -0.004780 0.072694 0.033081 0.041003 -0.088201 0.077221 0.087800 0.011210 0.030758 -0.151467 -0.090373 -0.089409 0.018006 -0.035180 -0.016003 -0.039154 0.059194 -0.035034 -0.001514 -0.087206 0.039443 0.083158 0.101998 -0.045177 -0.097123 0.095976 -0.097910 0.083852 -0.116517 -0.122141 -0.007610 0.065895 -0.043505 0.117972 0.018102 -0.133237 0.086302 -0.064282 0.024769 -0.035364 -0.109824 -0.061763
rupendehi 0.025523 0.060037 0.013883 -0.122304 -0.066010 0.331176 -0.044141 0.255504 -0.244783 -0.089476 -0.298518 0.131738 0.029172 0.189178 -0.106125 -0.044697 -0.040314 -0.189092 -0.095528 -0.061502 -0.031092 0.116416 0.152480 0.056816 0.213699 0.087679 -0.229947 0.136701 -0.204768 -0.135761 -0.135395 0.113461 -0.115169 0.039713 0.173855 -0.067962 0.070227 -0.197997 -0.100540 -0.007907 0.174037 -0.023287 0.137548 -0.117107 -0.012645 -0.006230 0.025276 0.094250 0.176166 -0.037377 0.014052 -0.222072 0.028465 0.007918 -0.093167 -0.086968 0.016624 -0.022827 0.012264 0.096295 0.036549 0.056726 -0.130670 0.072407 0.132575 0.005531 0.033083 -0.179233 -0.084631 -0.142270 -0.007803 -0.051965 0.010689 -0.057211 0.069035 -0.029288 -0.016326 -0.092844 0.044235 0.120292 0.151240 -0.111759 -0.131311 0.137715 -0.129597 0.111636 -0.111650 -0.162598 -0.027895 0.080217 -0.087706 0.131018 -0.011912 -0.226924 0.135212 -0.084275 0.021026 -0.066592 -0.155119 -0.038515
98 0.015861 0.038826 0.024625 -0.046497 -0.023925 0.081712 -0.026888 0.090695 -0.078629 -0.042333 -0.090686 0.059170 0.028597 0.058272 -0.004977 -0.003099 -0.003409 -0.079232 -0.032086 -0.000785 -0.034234 0.030805 0.027196 0.040147 0.093785 0.026171 -0.042506 0.052649 -0.058004 -0.023077 -0.030608 0.036605 -0.040893 -0.002379 0.045636 -0.028273 0.048116 -0.065741 -0.012506 0.024871 0.061750 -0.022371 0.059861 -0.020327 0.015688 0.016439 0.009919 0.036877 0.060524 -0.011961 0.023730 -0.071726 -0.010534 -0.006041 0.012544 -0.010671 -0.009919 0.016708 -0.040560 0.024397 0.024448 0.020304 -0.026303 0.034653 0.025543 0.017045 0.002438 -0.045837 -0.029717 -0.019495 0.015027 -0.025356 -0.004234 -0.004731 0.019315 -0.016831 -0.006492 -0.017137 0.000692 -0.024268 0.022365 -0.022596 -0.027741 0.049489 -0.019358 0.034038 -0.071208 -0.024211 0.008846 0.012348 -0.006924 0.033730 -0.003296 -0.031848 0.036988 -0.007181 0.015761 -0.008570 -0.044736 -0.029369
kimdol 0.019742 0.003396 0.007718 -0.071370 -0.044144 0.209103 0.000819 0.140205 -0.162390 -0.043803 -0.182914 0.063348 0.009022 0.122015 -0.072737 -0.035807 -0.040087 -0.095074 -0.055906 -0.050115 -0.012481 0.059287 0.114053 0.001586 0.104832 0.055693 -0.153935 0.082065 -0.122048 -0.102681 -0.092591 0.060521 -0.064845 0.053092 0.119352 -0.032508 0.011912 -0.120375 -0.069260 -0.021623 0.091082 0.007052 0.058930 -0.081732 -0.024624 -0.020187 0.001739 0.032714 0.103684 -0.016750 -0.031831 -0.131975 0.055157 0.018808 -0.103455 -0.073208 0.036998 -0.049685 0.045765 0.064833 -0.007625 0.035053 -0.090968 0.029578 0.111093 -0.025573 0.035096 -0.125024 -0.007295 -0.123580 -0.037942 -0.028891 0.029330 -0.036673 0.039391 -0.027424 -0.024798 -0.061884 0.027451 0.134130 0.127109 -0.108015 -0.099211 0.105995 -0.086648 0.092172 -0.021362 -0.113152 -0.046849 0.048942 -0.085203 0.082834 -0.034955 -0.169459 0.084444 -0.068029 0.030654 -0.041730 -0.104249 -0.004721
mahadevtar 0.028829 -0.027101 0.007450 -0.110805 -0.063318 0.271410 0.028541 0.176957 -0.199310 -0.035148 -0.229988 0.076645 -0.025621 0.150797 -0.102319 -0.049453 -0.068854 -0.087778 -0.087712 -0.057043 0.015764 0.093576 0.129044 -0.006154 0.106264 0.093295 -0.217379 0.107659 -0.149344 -0.132228 -0.111405 0.060662 -0.068027 0.068285 0.157023 -0.052758 0.001001 -0.148464 -0.105207 -0.046248 0.113711 0.012757 0.062814 -0.121820 -0.056868 -0.030585 0.002853 0.014586 0.108955 -0.008667 -0.041141 -0.141005 0.082212 0.035915 -0.176459 -0.093573 0.053630 -0.066765 0.083720 0.089858 -0.034713 0.055659 -0.126745 0.048259 0.139265 -0.048333 0.064041 -0.153981 -0.002042 -0.194188 -0.074527 -0.016970 0.050549 -0.030049 0.069374 -0.019729 -0.048847 -0.087229 0.056054 0.222456 0.182489 -0.160515 -0.143424 0.129558 -0.096262 0.123983 -0.010096 -0.162758 -0.091712 0.079913 -0.122565 0.114010 -0.074890 -0.254644 0.131845 -0.075635 0.043160 -0.068337 -0.136718 0.029978
manbahadur 0.007824 0.007775 0.021932 -0.093902 -0.047112 0.271829 0.021402 0.169506 -0.198681 -0.050563 -0.240782 0.091290 0.004504 0.157036 -0.086912 -0.027459 -0.064874 -0.103874 -0.060349 -0.044070 -0.027135 0.104487 0.128598 0.002925 0.127429 0.067881 -0.201025 0.115627 -0.155431 -0.139888 -0.123727 0.081881 -0.080125 0.049344 0.171428 -0.050235 0.017748 -0.154606 -0.078524 -0.037144 0.118354 0.035543 0.092086 -0.129055 -0.016905 -0.059060 0.011319 0.020671 0.156431 -0.027399 -0.054001 -0.160253 0.098111 0.023038 -0.143381 -0.081732 0.042694 -0.073695 0.079012 0.070264 -0.009591 0.035504 -0.092167 0.044641 0.148479 -0.017593 0.044576 -0.158439 -0.008893 -0.162349 -0.063777 -0.059389 0.043732 -0.022876 0.037512 -0.029184 -0.028214 -0.054418 0.048835 0.200413 0.171692 -0.169025 -0.119319 0.150789 -0.104737 0.134775 -0.023780 -0.139046 -0.062924 0.065001 -0.123704 0.117263 -0.057937 -0.240468 0.146088 -0.078215 0.014746 -0.070245 -0.149490 0.000781
maitidevi -0.003937 -0.004486 0.007876 -0.014485 -0.009908 0.114806 0.017457 0.059483 -0.089867 -0.002466 -0.093492 0.022694 -0.007480 0.071493 -0.055842 -0.019095 -0.040506 -0.039090 -0.025233 -0.031104 -0.007687 0.046106 0.076948 -0.022358 0.041681 0.016528 -0.087273 0.037302 -0.063570 -0.073575 -0.060433 0.032619 -0.024521 0.050025 0.068481 -0.007906 -0.004471 -0.061622 -0.053577 -0.043263 0.039155 0.021223 0.015276 -0.069854 -0.035564 -0.037185 -0.001728 0.004492 0.040446 -0.010799 -0.036086 -0.046431 0.053885 0.012625 -0.089380 -0.056710 0.047432 -0.049019 0.062405 0.038988 -0.015994 0.025864 -0.054764 0.008004 0.077785 -0.024597 0.026174 -0.084510 0.014799 -0.109373 -0.047243 -0.008638 0.029214 -0.003342 0.031272 -0.007027 -0.020021 -0.035482 0.032463 0.128214 0.096349 -0.094499 -0.078053 0.062540 -0.065071 0.077464 0.030354 -0.085758 -0.038221 0.034291 -0.071508 0.054197 -0.029419 -0.129229 0.063232 -0.043842 0.015260 -0.050709 -0.077855 0.001819
inside 0.015043 -0.007879 0.004008 -0.103587 -0.042491 0.253626 0.023004 0.146728 -0.214454 -0.034584 -0.226082 0.098102 -0.001322 0.148558 -0.098150 -0.043563 -0.055463 -0.083209 -0.074324 -0.044535 0.015494 0.098817 0.127777 -0.004125 0.113722 0.073107 -0.222164 0.105525 -0.156607 -0.130745 -0.098110 0.080926 -0.075597 0.065726 0.150831 -0.035002 -0.008828 -0.151471 -0.096838 -0.032427 0.131445 0.018043 0.093703 -0.097855 -0.046640 -0.017542 0.002923 0.040696 0.123124 -0.021554 -0.046663 -0.165792 0.083206 0.048329 -0.147880 -0.102200 0.055985 -0.070539 0.086128 0.083762 0.010023 0.048509 -0.118925 0.013686 0.158949 -0.037064 0.042339 -0.151737 0.004939 -0.175633 -0.060603 -0.033560 0.050586 -0.024266 0.063433 -0.037217 -0.037771 -0.072938 0.039223 0.197929 0.179984 -0.156824 -0.113214 0.136618 -0.100755 0.093379 -0.019641 -0.152262 -0.077162 0.079989 -0.145147 0.099425 -0.054595 -0.245064 0.121802 -0.097226 0.039925 -0.076831 -0.141367 0.019667
office 0.035156 0.025094 0.013807 -0.105046 -0.050499 0.256004 0.009295 0.171822 -0.213007 -0.044103 -0.247882 0.104390 -0.000738 0.158389 -0.090696 -0.048505 -0.038229 -0.139100 -0.089008 -0.063060 -0.021595 0.074474 0.146473 0.000559 0.136480 0.065038 -0.209757 0.113343 -0.152149 -0.136385 -0.107290 0.074799 -0.072630 0.064818 0.154288 -0.036430 0.043331 -0.170343 -0.096469 -0.034850 0.093462 0.001025 0.102710 -0.122975 -0.027804 -0.025750 0.005892 0.013294 0.132357 -0.032128 -0.027886 -0.153825 0.055094 0.015893 -0.138318 -0.099034 0.046858 -0.061620 0.075575 0.075624 -0.024178 0.042956 -0.127003 0.059300 0.138690 -0.028661 0.052480 -0.162942 -0.008429 -0.189868 -0.060073 -0.036299 0.043913 -0.032597 0.055421 -0.015269 -0.024561 -0.082726 0.044097 0.196702 0.168759 -0.143362 -0.121223 0.137721 -0.126176 0.121687 -0.036322 -0.156204 -0.067271 0.063129 -0.104820 0.118142 -0.042732 -0.255685 0.134311 -0.078719 0.043203 -0.050635 -0.135686 -0.008988
rai 0.005385 -0.017320 -0.004543 -0.105699 -0.049887 0.254415 0.032579 0.146550 -0.202392 -0.027630 -0.221744 0.097758 -0.018451 0.158810 -0.092367 -0.030328 -0.047142 -0.111641 -0.084502 -0.069961 -0.000708 0.086811 0.142939 -0.012555 0.109318 0.079298 -0.208055 0.107748 -0.155685 -0.140208 -0.118529 0.073417 -0.071557 0.065765 0.152925 -0.040125 0.020086 -0.152844 -0.076896 -0.036614 0.104506 0.017114 0.095853 -0.131104 -0.053928 -0.029839 0.020117 0.007415 0.116874 -0.022013 -0.041038 -0.152576 0.076363 0.027973 -0.151303 -0.094509 0.036308 -0.064576 0.075568 0.079596 -0.031609 0.038093 -0.106502 0.051103 0.137531 -0.022336 0.054366 -0.152148 0.006377 -0.196350 -0.062188 -0.019774 0.055730 -0.034306 0.052788 -0.023145 -0.042313 -0.071151 0.047529 0.209262 0.170747 -0.133783 -0.122181 0.127911 -0.100994 0.111012 -0.009132 -0.144997 -0.069822 0.077476 -0.123226 0.106747 -0.060384 -0.247583 0.135973 -0.089809 0.031971 -0.066484 -0.137502 0.006807
wai 0.016883 -0.026134 0.010175 -0.142008 -0.060135 0.316934 0.018081 0.200824 -0.250593 -0.040893 -0.281927 0.113183 -0.022027 0.184959 -0.106028 -0.037041 -0.054378 -0.107990 -0.097450 -0.069384 -0.002607 0.108163 0.138205 -0.008172 0.129202 0.095413 -0.242259 0.140188 -0.170213 -0.163284 -0.120859 0.074984 -0.088596 0.072838 0.173902 -0.056003 0.009058 -0.183557 -0.088006 -0.048104 0.124303 0.024329 0.116559 -0.131394 -0.061015 -0.029151 0.012910 0.045958 0.153511 -0.014858 -0.035145 -0.198667 0.085511 0.026476 -0.171147 -0.113845 0.053687 -0.082835 0.076146 0.098512 -0.017087 0.048817 -0.120578 0.044237 0.162319 -0.037362 0.060960 -0.169283 -0.010629 -0.226574 -0.058017 -0.022279 0.066569 -0.046952 0.084276 -0.027851 -0.044845 -0.080770 0.058351 0.236650 0.193809 -0.184592 -0.125659 0.146497 -0.114705 0.110401 -0.017206 -0.188615 -0.104345 0.102066 -0.151976 0.110487 -0.067879 -0.271579 0.148932 -0.099050 0.017933 -0.073190 -0.167290 0.024692
balkhu 0.004862 -0.018973 0.002242 -0.063905 -0.039093 0.184670 0.037756 0.107840 -0.146695 -0.014678 -0.152239 0.049402 -0.022073 0.111565 -0.095370 -0.041934 -0.044262 -0.043165 -0.061956 -0.051588 0.017820 0.071545 0.117231 -0.027278 0.065843 0.075529 -0.176824 0.079208 -0.116497 -0.105385 -0.073056 0.062757 -0.054043 0.052214 0.130506 -0.038877 -0.025107 -0.120895 -0.083533 -0.039227 0.074059 0.024171 0.055732 -0.105445 -0.055949 -0.052684 0.000351 -0.014401 0.085090 -0.006947 -0.059806 -0.101502 0.082638 0.030484 -0.146337 -0.075361 0.060105 -0.081184 0.102117 0.065460 -0.019735 0.037115 -0.084587 0.019316 0.120633 -0.035717 0.051031 -0.128370 0.009626 -0.167898 -0.082589 -0.012023 0.049133 -0.026664 0.047787 -0.012844 -0.039002 -0.061745 0.052201 0.195992 0.164182 -0.135731 -0.117212 0.113864 -0.088015 0.103182 0.013985 -0.128028 -0.075334 0.058763 -0.122433 0.086283 -0.068377 -0.206537 0.109640 -0.077150 0.027396 -0.068551 -0.112993 0.036923
ganeshchowk -0.017227 -0.027936 0.007651 -0.034100 -0.034734 0.143607 0.036400 0.082436 -0.118531 -0.003808 -0.100974 0.038366 -0.018708 0.088237 -0.065157 -0.028081 -0.046749 -0.007113 -0.026620 -0.021566 0.004804 0.059308 0.076220 -0.018832 0.026689 0.046208 -0.130341 0.051368 -0.070699 -0.085631 -0.074613 0.037213 -0.044794 0.055054 0.086775 -0.031244 -0.022260 -0.094222 -0.065837 -0.036024 0.068016 0.037681 0.019674 -0.074564 -0.043215 -0.054045 0.002342 -0.000478 0.055336 0.017007 -0.044930 -0.075855 0.078888 0.040591 -0.124460 -0.053655 0.038140 -0.071419 0.082401 0.042562 -0.038350 0.008138 -0.067801 -0.000110 0.104936 -0.040294 0.022516 -0.103008 0.033894 -0.122960 -0.071574 -0.009747 0.039338 -0.018162 0.043075 -0.002664 -0.024160 -0.024481 0.042806 0.167993 0.133627 -0.102546 -0.085177 0.092008 -0.049791 0.076100 0.031750 -0.088020 -0.070249 0.049111 -0.091667 0.052339 -0.044702 -0.157616 0.089198 -0.058601 0.005651 -0.065034 -0.091767 0.007798
village 0.029169 0.024995 0.010955 -0.145907 -0.068046 0.289319 0.015881 0.224803 -0.221850 -0.053318 -0.265435 0.125088 0.001023 0.160611 -0.088981 -0.041088 -0.045114 -0.158441 -0.085566 -0.077307 -0.026760 0.096059 0.162314 0.023880 0.178936 0.080407 -0.224570 0.136177 -0.191284 -0.148434 -0.146314 0.103736 -0.093572 0.063839 0.172756 -0.072631 0.039288 -0.198034 -0.084062 -0.024575 0.110416 0.001200 0.116375 -0.137756 -0.030715 -0.043120 -0.006726 0.013890 0.152346 -0.028668 -0.034209 -0.185106 0.074342 0.016962 -0.137346 -0.105831 0.048587 -0.083280 0.077913 0.084014 -0.016154 0.055224 -0.129775 0.065689 0.145690 -0.003538 0.031553 -0.170560 -0.026638 -0.181627 -0.048841 -0.048399 0.032633 -0.029523 0.047325 -0.025672 -0.051266 -0.081860 0.034471 0.201744 0.187879 -0.142072 -0.146298 0.158701 -0.131251 0.145869 -0.063323 -0.160059 -0.080915 0.065006 -0.142213 0.146083 -0.057014 -0.276667 0.159220 -0.080523 0.033208 -0.075665 -0.157340 -0.009673
magargaun 0.025120 -0.006744 0.023711 -0.085064 -0.054960 0.237024 0.007907 0.157728 -0.182352 -0.035707 -0.200196 0.078309 -0.003354 0.139772 -0.103002 -0.043906 -0.056137 -0.070918 -0.070226 -0.037791 0.005038 0.068686 0.123614 -0.009581 0.112280 0.077055 -0.191003 0.100775 -0.143731 -0.122407 -0.104797 0.060282 -0.086843 0.054491 0.140861 -0.043780 -0.006279 -0.138919 -0.088228 -0.049073 0.105274 0.010858 0.084067 -0.098274 -0.056303 -0.013165 0.006773 0.045162 0.124545 0.007297 -0.051901 -0.162562 0.070820 0.039035 -0.139999 -0.091203 0.038990 -0.056236 0.082670 0.067361 -0.001488 0.040121 -0.095022 0.015009 0.146291 -0.036075 0.056751 -0.135349 0.001422 -0.166997 -0.062423 -0.019438 0.056494 -0.021536 0.069135 -0.015505 -0.044650 -0.074358 0.053405 0.194687 0.173543 -0.149971 -0.120563 0.131764 -0.095250 0.095791 -0.017286 -0.141680 -0.075456 0.065012 -0.126106 0.101487 -0.055713 -0.225721 0.114420 -0.070611 0.025445 -0.057106 -0.111112 0.020087
chundevi 0.013919 0.010229 0.012922 -0.109289 -0.044633 0.245541 0.006667 0.170166 -0.187607 -0.062252 -0.231727 0.077937 0.004192 0.160574 -0.076774 -0.042503 -0.050108 -0.111843 -0.071048 -0.056899 -0.009718 0.088211 0.121499 0.012361 0.132876 0.071824 -0.201805 0.102118 -0.158328 -0.135251 -0.103394 0.072198 -0.081954 0.039539 0.154687 -0.041213 0.031974 -0.157993 -0.090824 -0.037725 0.102802 0.002170 0.092713 -0.108753 -0.037484 -0.022431 0.009995 0.036952 0.122218 -0.008455 -0.030033 -0.166457 0.065086 0.027749 -0.125367 -0.079485 0.045265 -0.065660 0.062629 0.075922 -0.008112 0.047560 -0.104386 0.051077 0.129831 -0.016637 0.042122 -0.139780 -0.021713 -0.159953 -0.048942 -0.021001 0.039609 -0.036968 0.065431 -0.022176 -0.041334 -0.067370 0.029396 0.174938 0.154898 -0.120060 -0.110240 0.114090 -0.093857 0.105381 -0.044055 -0.144532 -0.050415 0.075518 -0.113738 0.106674 -0.045201 -0.220369 0.121605 -0.068212 0.036863 -0.060568 -0.134620 -0.002602
temple 0.039094 0.016784 0.008024 -0.136943 -0.066368 0.316727 -0.006934 0.207285 -0.249513 -0.072003 -0.287484 0.108375 0.000041 0.191954 -0.109282 -0.052782 -0.058915 -0.144184 -0.103887 -0.066643 -0.005804 0.096922 0.165946 0.023008 0.169586 0.097331 -0.245937 0.131562 -0.199790 -0.157460 -0.126719 0.084011 -0.094030 0.061390 0.193144 -0.060368 0.040308 -0.208075 -0.094579 -0.040051 0.141946 0.004361 0.129830 -0.138254 -0.049866 -0.015479 0.023216 0.049169 0.146345 -0.029731 -0.025338 -0.200943 0.080116 0.030156 -0.158145 -0.115058 0.043858 -0.060468 0.055208 0.091903 -0.012849 0.059639 -0.127096 0.051413 0.167359 -0.035157 0.064965 -0.173769 -0.037843 -0.195620 -0.063145 -0.042523 0.038756 -0.035004 0.080519 -0.028643 -0.038328 -0.094085 0.051147 0.214662 0.196406 -0.162751 -0.146999 0.158490 -0.116500 0.131771 -0.053947 -0.177301 -0.075654 0.094535 -0.129787 0.139554 -0.045664 -0.274688 0.150436 -0.097115 0.032005 -0.062605 -0.146500 0.005178
suryabinayak 0.005160 -0.035077 -0.009424 -0.068918 -0.024809 0.144163 0.039358 0.074558 -0.096705 0.007126 -0.109351 0.049100 -0.039782 0.077817 -0.041369 -0.024230 -0.018482 -0.037639 -0.049760 -0.059634 0.012160 0.041203 0.085003 -0.021598 0.046565 0.043229 -0.120778 0.051951 -0.076282 -0.083139 -0.063288 0.039805 -0.006887 0.035385 0.105465 -0.029888 -0.010918 -0.091256 -0.046811 -0.044957 0.031699 0.007669 0.035567 -0.078437 -0.066072 -0.028295 -0.015323 -0.020175 0.075416 0.003094 -0.032144 -0.081659 0.050852 0.030832 -0.124743 -0.062192 0.045307 -0.059415 0.090523 0.042392 -0.041658 0.020339 -0.060423 0.021643 0.090710 -0.031924 0.041615 -0.077072 0.028583 -0.125842 -0.058478 -0.012210 0.035124 -0.004963 0.018541 0.003862 -0.048166 -0.039369 0.025995 0.176165 0.108177 -0.102322 -0.089733 0.080600 -0.063764 0.077233 0.038614 -0.103015 -0.060467 0.047474 -0.100656 0.071989 -0.045855 -0.161526 0.077053 -0.052039 0.011730 -0.036933 -0.072119 0.026986
khadka 0.029326 0.011861 0.010289 -0.108797 -0.060243 0.286580 -0.020536 0.196779 -0.229391 -0.069995 -0.276678 0.112223 0.012389 0.175533 -0.108064 -0.065157 -0.049336 -0.142799 -0.107470 -0.066206 -0.018062 0.104436 0.153155 0.022351 0.167282 0.083562 -0.219489 0.116655 -0.191234 -0.156257 -0.124585 0.092993 -0.101712 0.072772 0.164736 -0.037705 0.031021 -0.179143 -0.112992 -0.034324 0.153547 -0.014974 0.109916 -0.118599 -0.026085 -0.024281 0.013563 0.061591 0.144228 -0.034545 -0.027087 -0.182942 0.062350 0.032931 -0.148421 -0.105376 0.034043 -0.056507 0.037847 0.099812 0.020031 0.052647 -0.115684 0.057981 0.154448 -0.021567 0.040474 -0.182265 -0.036112 -0.171117 -0.043301 -0.048748 0.023847 -0.040282 0.071631 -0.037623 -0.011723 -0.094483 0.036941 0.171533 0.188026 -0.169899 -0.142353 0.152944 -0.115461 0.122001 -0.069311 -0.165543 -0.061903 0.064708 -0.118518 0.119003 -0.027632 -0.249740 0.152325 -0.092545 0.050088 -0.075506 -0.149277 -0.013558
tenzing 0.010110 -0.009076 -0.025767 -0.115881 -0.018390 0.179340 0.081232 0.112997 -0.131118 0.030800 -0.149554 0.087321 -0.035606 0.124491 -0.050490 -0.022094 -0.022114 -0.078835 -0.045923 -0.099243 -0.016430 0.059508 0.117918 -0.027731 0.064109 0.030783 -0.124438 0.074626 -0.106257 -0.133145 -0.103924 0.070147 -0.008647 0.042516 0.122728 -0.072515 0.016240 -0.153638 -0.050430 -0.070349 0.023593 0.020003 0.075860 -0.135591 -0.084331 -0.067177 -0.006285 -0.071752 0.108109 -0.018332 -0.063258 -0.071081 0.099130 0.014708 -0.135260 -0.083534 0.035376 -0.109073 0.104883 0.044324 -0.092203 -0.009224 -0.105143 0.051250 0.098970 0.010038 0.023358 -0.076645 0.018575 -0.169700 -0.051795 -0.009162 0.058742 -0.027212 -0.003141 0.018735 -0.096963 -0.021244 0.035714 0.235643 0.136049 -0.086161 -0.128800 0.083116 -0.106735 0.121927 0.039964 -0.097161 -0.069735 0.040380 -0.154139 0.129295 -0.097431 -0.254686 0.126122 -0.041599 0.024599 -0.046750 -0.120901 -0.000161
ichangunarayan 0.012953 -0.007103 0.022780 -0.090662 -0.055330 0.224202 0.025773 0.138195 -0.174843 -0.041423 -0.191318 0.080649 -0.011673 0.146008 -0.099382 -0.049175 -0.065619 -0.074717 -0.064875 -0.051384 0.006474 0.073916 0.126719 -0.012724 0.087287 0.076010 -0.201828 0.096365 -0.132011 -0.132761 -0.087953 0.060043 -0.066036 0.065603 0.133899 -0.049495 -0.010031 -0.131600 -0.089354 -0.042226 0.111173 0.016064 0.076395 -0.099109 -0.057460 -0.037409 0.000018 0.012909 0.098059 -0.018258 -0.057639 -0.141580 0.074341 0.036544 -0.146813 -0.084225 0.049695 -0.073008 0.086224 0.072481 -0.022755 0.034769 -0.111338 0.019482 0.139469 -0.037213 0.049218 -0.152943 0.000558 -0.167847 -0.069558 -0.031399 0.037174 -0.026902 0.067342 -0.034160 -0.033676 -0.062952 0.036403 0.195643 0.160691 -0.143787 -0.123831 0.134918 -0.104904 0.104267 0.002290 -0.152031 -0.080411 0.080573 -0.132730 0.092049 -0.059862 -0.237459 0.121769 -0.081801 0.023981 -0.063403 -0.131849 0.013266
mahalaxmi 0.019626 -0.000294 0.015026 -0.104044 -0.064093 0.241761 -0.004352 0.160763 -0.184126 -0.044505 -0.225485 0.085302 -0.005908 0.142874 -0.088490 -0.043822 -0.053238 -0.096165 -0.081780 -0.059978 -0.013619 0.069121 0.127075 0.001304 0.133530 0.073818 -0.196717 0.122515 -0.150965 -0.125774 -0.108905 0.074742 -0.066800 0.061050 0.132847 -0.051305 0.013817 -0.145553 -0.093412 -0.022604 0.106193 0.002494 0.083921 -0.099816 -0.040353 -0.017857 0.016521 0.043630 0.125140 -0.028131 -0.028364 -0.152979 0.063577 0.022008 -0.127841 -0.090186 0.033118 -0.047655 0.059053 0.073663 -0.013293 0.039182 -0.112445 0.038613 0.126337 -0.025808 0.057326 -0.140661 -0.014881 -0.163054 -0.049522 -0.017335 0.044675 -0.029844 0.060466 -0.026580 -0.027938 -0.083022 0.035765 0.184967 0.162124 -0.131126 -0.131711 0.118286 -0.103885 0.096334 -0.028956 -0.148675 -0.078277 0.076643 -0.119717 0.106545 -0.051358 -0.223215 0.131112 -0.090673 0.040663 -0.066205 -0.114769 0.018338
thapathali -0.004571 -0.009538 0.016189 -0.077636 -0.047541 0.187698 0.026224 0.123573 -0.138001 -0.026968 -0.142479 0.053049 -0.011425 0.104891 -0.082452 -0.023341 -0.041093 -0.064305 -0.060402 -0.046739 0.009393 0.055988 0.102560 -0.019116 0.071004 0.068275 -0.164091 0.086651 -0.101135 -0.103585 -0.073898 0.067511 -0.048593 0.048391 0.117648 -0.026498 -0.008642 -0.127493 -0.078265 -0.043494 0.090170 0.025198 0.043740 -0.082218 -0.032015 -0.033932 -0.001609 0.007958 0.097444 -0.002453 -0.035137 -0.100997 0.065743 0.017179 -0.117754 -0.071910 0.037681 -0.056724 0.071232 0.063135 -0.025954 0.035632 -0.073422 0.028014 0.117221 -0.035593 0.049173 -0.125798 0.008929 -0.143880 -0.068251 -0.033219 0.043461 -0.014195 0.049515 -0.027719 -0.035921 -0.059278 0.048068 0.179574 0.145999 -0.119631 -0.107337 0.107782 -0.096307 0.087100 -0.011540 -0.122010 -0.080187 0.059035 -0.107687 0.094447 -0.053988 -0.208597 0.111264 -0.064910 0.018110 -0.060445 -0.091534 0.025051
makalbari 0.009055 0.024599 0.004176 -0.067433 -0.035183 0.199636 -0.004766 0.137545 -0.165175 -0.039280 -0.171989 0.083229 -0.009008 0.129636 -0.073657 -0.030417 -0.026155 -0.091628 -0.057978 -0.048634 -0.017842 0.062371 0.110132 0.018759 0.113285 0.049385 -0.147892 0.078315 -0.124034 -0.104684 -0.097716 0.066008 -0.054777 0.051343 0.128687 -0.032423 0.021779 -0.132527 -0.068298 -0.029838 0.094358 -0.008259 0.076447 -0.083767 -0.019641 -0.033865 0.020016 0.036830 0.092587 -0.016678 -0.020936 -0.126475 0.035429 0.022592 -0.099639 -0.072642 0.041201 -0.049395 0.057611 0.054041 -0.002416 0.033891 -0.088136 0.043088 0.119060 -0.022938 0.030185 -0.119359 -0.015209 -0.135598 -0.038470 -0.016165 0.029484 -0.036786 0.046476 -0.012768 -0.031471 -0.074609 0.024128 0.148979 0.129004 -0.108989 -0.108364 0.108221 -0.087524 0.087320 -0.029374 -0.111835 -0.045080 0.060716 -0.091339 0.100776 -0.020861 -0.176776 0.107070 -0.060171 0.030017 -0.043974 -0.117396 -0.019452
greenhill 0.019796 -0.001915 0.000973 -0.118067 -0.061974 0.278504 0.009429 0.165906 -0.207056 -0.066732 -0.245601 0.094711 -0.026184 0.166423 -0.091588 -0.053078 -0.032547 -0.119244 -0.082662 -0.057670 0.006124 0.080283 0.146716 0.007798 0.138105 0.100109 -0.212044 0.132193 -0.154146 -0.147082 -0.100087 0.072322 -0.084955 0.044149 0.163820 -0.043664 0.018966 -0.160718 -0.106018 -0.043451 0.108229 -0.010452 0.080655 -0.123504 -0.051321 -0.026031 0.011452 0.039345 0.119083 -0.019286 -0.016508 -0.171128 0.056169 0.031664 -0.136304 -0.105679 0.052461 -0.069951 0.060713 0.082161 -0.023973 0.060258 -0.113705 0.039182 0.137103 -0.025318 0.068607 -0.158790 -0.023693 -0.183519 -0.059839 -0.013357 0.043062 -0.048779 0.072401 -0.029867 -0.053861 -0.088246 0.044723 0.201952 0.169268 -0.141002 -0.126244 0.137293 -0.115144 0.103241 -0.034559 -0.162269 -0.074427 0.077435 -0.126823 0.107156 -0.061180 -0.237129 0.126930 -0.079044 0.029931 -0.070580 -0.127024 0.015755
tole 0.015376 -0.009610 -0.006998 -0.100075 -0.059353 0.244745 0.029552 0.151478 -0.171516 -0.035907 -0.192378 0.094975 -0.034183 0.130505 -0.068733 -0.043177 -0.039148 -0.094651 -0.072516 -0.080676 0.000912 0.063695 0.131220 -0.002268 0.109653 0.076885 -0.182883 0.102373 -0.144116 -0.119446 -0.107620 0.062413 -0.055186 0.045081 0.134136 -0.050986 0.015762 -0.149872 -0.083395 -0.039856 0.070644 0.000877 0.085228 -0.114241 -0.051787 -0.034434 0.000429 0.015783 0.121530 -0.021489 -0.022360 -0.127814 0.074748 0.018766 -0.138990 -0.096158 0.043103 -0.076669 0.068119 0.066676 -0.046691 0.038526 -0.113157 0.054635 0.127700 -0.016355 0.053104 -0.131206 -0.011111 -0.157347 -0.046300 -0.022613 0.036430 -0.043182 0.057872 -0.008848 -0.047454 -0.079626 0.045567 0.196573 0.149240 -0.139687 -0.128028 0.109403 -0.102296 0.113687 -0.004104 -0.147894 -0.072110 0.074275 -0.119458 0.117220 -0.053447 -0.225663 0.111699 -0.071741 0.026109 -0.067536 -0.129220 0.003528
tarakeshwor 0.014068 0.022059 0.027939 -0.082110 -0.035594 0.210167 -0.006777 0.165603 -0.173868 -0.058763 -0.187435 0.087787 0.008663 0.126919 -0.073177 -0.032255 -0.046323 -0.127108 -0.070666 -0.026812 -0.025773 0.075235 0.112737 0.010859 0.136301 0.050296 -0.165897 0.098917 -0.145956 -0.115793 -0.096818 0.074749 -0.071704 0.046693 0.125916 -0.030772 0.035645 -0.151251 -0.083120 -0.020082 0.117011 -0.012832 0.078614 -0.089680 -0.003935 -0.025647 0.018527 0.038850 0.113934 -0.030097 -0.021213 -0.140764 0.046543 0.008760 -0.090894 -0.069074 0.041189 -0.048974 0.039234 0.074277 0.007175 0.047987 -0.090358 0.053218 0.111972 -0.016801 0.024287 -0.135970 -0.016503 -0.144906 -0.042525 -0.025786 0.022018 -0.024869 0.046359 -0.018795 -0.016015 -0.072034 0.023490 0.125444 0.139082 -0.112939 -0.102202 0.125792 -0.113054 0.094391 -0.056625 -0.113627 -0.046168 0.056907 -0.081113 0.106616 -0.034828 -0.178618 0.116766 -0.072192 0.028197 -0.054344 -0.109158 -0.021879
dharmasthali 0.002410 0.011048 0.015629 -0.070885 -0.032172 0.190539 0.008455 0.111933 -0.139351 -0.043615 -0.164151 0.054750 -0.005975 0.116072 -0.070822 -0.040936 -0.039728 -0.084024 -0.050879 -0.044753 -0.014414 0.057763 0.092417 0.011951 0.085548 0.044389 -0.142859 0.068945 -0.112572 -0.102441 -0.084421 0.045298 -0.056470 0.040519 0.108886 -0.039790 0.023649 -0.120074 -0.078128 -0.038874 0.090774 0.003704 0.056098 -0.079555 -0.040285 -0.036578 0.004754 0.028888 0.097742 -0.011367 -0.018931 -0.108180 0.042215 0.018263 -0.111242 -0.063523 0.039165 -0.045713 0.055484 0.069591 -0.004519 0.037018 -0.072588 0.024519 0.109887 -0.017594 0.028419 -0.109048 -0.010380 -0.131441 -0.033041 -0.026933 0.025112 -0.014592 0.037565 -0.023358 -0.013224 -0.053603 0.028970 0.143678 0.136120 -0.100283 -0.083715 0.088041 -0.082394 0.088684 -0.026925 -0.109919 -0.054404 0.065311 -0.081943 0.072849 -0.031640 -0.174647 0.097090 -0.064366 0.026657 -0.056860 -0.106645 0.004578
ghattekulo 0.002124 -0.015433 0.010049 -0.064803 -0.030375 0.176348 0.017381 0.084594 -0.130048 -0.029902 -0.133786 0.060562 -0.022050 0.103452 -0.077543 -0.034836 -0.020422 -0.053712 -0.065181 -0.050547 -0.004514 0.056320 0.096862 -0.001266 0.064945 0.048779 -0.147893 0.075970 -0.099790 -0.091090 -0.063958 0.045572 -0.034424 0.054146 0.104248 -0.032235 -0.005973 -0.094671 -0.080723 -0.046580 0.064639 0.016429 0.042501 -0.078196 -0.046148 -0.031643 0.007407 0.001756 0.076436 0.008729 -0.024801 -0.101980 0.060793 0.018895 -0.105771 -0.073317 0.029319 -0.059000 0.078828 0.053719 -0.033650 0.033431 -0.075149 0.030931 0.094091 -0.043252 0.039936 -0.105515 -0.003786 -0.137864 -0.045589 -0.018080 0.032606 -0.023706 0.046255 -0.024367 -0.039147 -0.044914 0.033886 0.172076 0.115678 -0.108038 -0.093609 0.102379 -0.070485 0.082175 0.005589 -0.119613 -0.048962 0.061290 -0.091605 0.082210 -0.053391 -0.178621 0.077672 -0.062433 0.014700 -0.050550 -0.085526 -0.003879
aakasedhara -0.004287 -0.023003 0.003326 -0.096211 -0.020178 0.201525 0.038015 0.123323 -0.147506 -0.007089 -0.152884 0.076504 -0.022639 0.104278 -0.063083 -0.050486 -0.029375 -0.062118 -0.053754 -0.082884 0.000487 0.064323 0.126427 -0.025570 0.090885 0.055303 -0.165553 0.088666 -0.126807 -0.109835 -0.099963 0.071213 -0.023237 0.072534 0.140869 -0.043821 0.002930 -0.145747 -0.081378 -0.060227 0.039598 0.029163 0.056698 -0.129967 -0.065079 -0.044862 -0.009568 -0.038253 0.114066 -0.010483 -0.053768 -0.104192 0.097625 0.030791 -0.152333 -0.093341 0.053958 -0.094982 0.103557 0.076751 -0.052327 0.021501 -0.110683 0.026067 0.111598 -0.016339 0.024344 -0.115181 0.029670 -0.185274 -0.063907 -0.020183 0.038427 -0.027566 0.032769 -0.011914 -0.053927 -0.054881 0.029081 0.219386 0.165881 -0.141918 -0.132125 0.106330 -0.114738 0.123590 0.030586 -0.139809 -0.089647 0.060435 -0.144567 0.114738 -0.085635 -0.225442 0.119639 -0.067909 0.030266 -0.054086 -0.106362 0.011723
mid 0.021102 0.003318 0.001046 -0.104883 -0.066950 0.244951 0.002143 0.163330 -0.202019 -0.049193 -0.218241 0.103335 -0.014919 0.156714 -0.081222 -0.058113 -0.041949 -0.115825 -0.088795 -0.073720 -0.024826 0.089475 0.133505 0.019033 0.117055 0.072478 -0.208654 0.107883 -0.150002 -0.132899 -0.115011 0.063674 -0.055544 0.053662 0.158337 -0.040722 0.013798 -0.154126 -0.097607 -0.049184 0.105104 0.007285 0.091456 -0.122106 -0.047999 -0.022905 0.012943 0.023796 0.112205 -0.012987 -0.020370 -0.163338 0.045304 0.040917 -0.134711 -0.087826 0.027268 -0.083132 0.048891 0.083001 -0.030973 0.049693 -0.097280 0.058975 0.141945 -0.018995 0.060782 -0.142162 -0.014873 -0.177338 -0.055345 -0.026821 0.039578 -0.038075 0.047711 -0.027625 -0.039114 -0.065087 0.046587 0.195813 0.173514 -0.133342 -0.104469 0.136281 -0.118330 0.112900 -0.029776 -0.154034 -0.065643 0.091367 -0.110432 0.107621 -0.043700 -0.229098 0.127407 -0.081301 0.028043 -0.049644 -0.128764 -0.018496
kist 0.034070 -0.044548 -0.003986 -0.091164 -0.054811 0.200698 0.028515 0.087979 -0.160545 -0.032642 -0.174365 0.073688 -0.051242 0.141099 -0.081961 -0.059228 -0.036461 -0.056802 -0.072148 -0.072141 0.011748 0.062123 0.104760 -0.014971 0.068218 0.078982 -0.185019 0.077485 -0.113435 -0.101004 -0.077147 0.027738 -0.016452 0.073239 0.115292 -0.032491 -0.033904 -0.125002 -0.092887 -0.056414 0.048211 0.013098 0.049418 -0.121847 -0.059797 -0.024563 0.009994 0.005305 0.051036 -0.014579 -0.043708 -0.109199 0.043400 0.030267 -0.139425 -0.080739 0.053640 -0.093115 0.087464 0.070068 -0.055195 0.043107 -0.116239 0.015037 0.102634 -0.062953 0.089479 -0.128824 0.014249 -0.195696 -0.069575 0.018915 0.055996 -0.041706 0.047314 -0.016263 -0.041678 -0.080223 0.029182 0.230222 0.153282 -0.137558 -0.107074 0.095904 -0.107876 0.118703 0.056785 -0.139729 -0.091918 0.074167 -0.115641 0.076831 -0.067756 -0.214230 0.104348 -0.099277 0.034633 -0.051876 -0.080456 0.010847
bhairahawa 0.023435 0.023575 0.007647 -0.073826 -0.053777 0.235122 -0.023114 0.172885 -0.173518 -0.070346 -0.196597 0.093759 0.004239 0.151863 -0.080478 -0.031834 -0.038853 -0.126508 -0.075195 -0.046868 0.000458 0.074529 0.121861 0.026234 0.137322 0.067302 -0.166530 0.095611 -0.141349 -0.118470 -0.100422 0.067769 -0.085091 0.041533 0.127323 -0.044814 0.034493 -0.143779 -0.083410 -0.018663 0.121803 -0.017557 0.088394 -0.090406 -0.016970 -0.014243 0.012741 0.046641 0.112847 -0.020365 -0.005644 -0.156911 0.039119 0.017057 -0.102833 -0.073024 0.018560 -0.040640 0.040060 0.069686 0.001831 0.045691 -0.106145 0.053938 0.108342 -0.025085 0.042410 -0.131734 -0.031427 -0.124118 -0.028688 -0.035249 0.021491 -0.033412 0.062970 -0.036376 -0.027700 -0.073024 0.045442 0.143776 0.133256 -0.107029 -0.102617 0.112087 -0.091172 0.081147 -0.055562 -0.128709 -0.032104 0.074988 -0.077692 0.090400 -0.023710 -0.177575 0.110012 -0.071371 0.033067 -0.048034 -0.111191 -0.013344
bhalwari 0.025169 0.042248 0.018018 -0.090966 -0.052754 0.233016 -0.018097 0.178439 -0.163093 -0.067319 -0.202232 0.091776 0.019710 0.138898 -0.078361 -0.030960 -0.035488 -0.146153 -0.072789 -0.021998 -0.011698 0.065419 0.106993 0.046819 0.137084 0.055569 -0.161609 0.102718 -0.145155 -0.102373 -0.090870 0.076385 -0.091265 0.039424 0.127185 -0.050432 0.055237 -0.142305 -0.078348 -0.016339 0.129831 -0.030334 0.095752 -0.067523 0.004961 -0.001207 0.023099 0.074824 0.116482 -0.025588 0.011082 -0.161021 0.028804 0.013289 -0.068802 -0.077435 -0.000722 -0.015147 0.007209 0.065243 0.029434 0.026072 -0.101240 0.050258 0.098507 0.003157 0.017990 -0.144135 -0.066503 -0.103423 -0.020650 -0.032140 0.004034 -0.042713 0.057508 -0.031162 -0.009036 -0.081124 0.038775 0.089216 0.100097 -0.080464 -0.094793 0.090619 -0.079861 0.076267 -0.090840 -0.117667 -0.027426 0.064433 -0.052475 0.084213 -0.000613 -0.162015 0.091184 -0.065194 0.009949 -0.044897 -0.107675 -0.022377
sqft 0.017275 0.057766 0.015053 -0.072874 -0.032610 0.156915 -0.039163 0.134034 -0.122750 -0.064766 -0.140250 0.077187 0.037531 0.082437 -0.029385 -0.016680 -0.001201 -0.130925 -0.057390 -0.012040 -0.029919 0.033681 0.076994 0.049852 0.131613 0.029674 -0.093759 0.059659 -0.105815 -0.062816 -0.069641 0.063014 -0.063775 0.028098 0.087960 -0.043905 0.060449 -0.104324 -0.041082 0.013528 0.091854 -0.019878 0.077689 -0.044080 0.011923 0.005049 0.022939 0.077608 0.081943 -0.031843 0.027057 -0.119790 -0.003504 -0.003119 -0.006196 -0.041090 -0.005605 0.002040 -0.023259 0.034678 0.034803 0.032863 -0.057459 0.060431 0.051782 0.012312 0.003043 -0.080211 -0.055798 -0.045465 0.020647 -0.023221 -0.020090 -0.022662 0.029140 -0.024200 -0.011483 -0.050938 0.002332 0.015721 0.054154 -0.040427 -0.057928 0.073322 -0.058726 0.045738 -0.108052 -0.070744 0.004972 0.039713 -0.020016 0.067215 0.017745 -0.089995 0.050970 -0.021855 0.008170 -0.024595 -0.075520 -0.054719
59 0.030990 0.025207 -0.007869 -0.051702 -0.022399 0.086257 -0.026123 0.077746 -0.057384 -0.049133 -0.095413 0.041271 0.019257 0.049097 -0.022546 0.004647 0.009575 -0.068901 -0.028618 -0.008042 -0.022470 0.040600 0.015490 0.046143 0.083302 0.024110 -0.056127 0.046586 -0.068802 -0.032152 -0.031052 0.038021 -0.038726 -0.008743 0.032269 -0.013571 0.043760 -0.056533 0.011965 0.005883 0.041709 -0.016089 0.079127 -0.022443 0.017045 0.035082 0.005821 0.047603 0.046801 -0.011641 0.012885 -0.082221 -0.022291 0.005603 0.012899 -0.016987 -0.014966 0.018604 -0.037621 0.014871 0.019469 0.029329 -0.026801 0.027844 0.016121 0.014171 -0.006249 -0.025020 -0.056200 -0.017070 0.032165 -0.019483 -0.001432 -0.008679 0.026799 -0.010365 0.001639 -0.032748 -0.005292 -0.014301 0.020242 -0.011756 0.000698 0.020072 -0.021054 0.007519 -0.078327 -0.012669 0.005427 0.023404 -0.012818 0.039827 0.023552 -0.023909 0.015821 -0.029803 0.011951 0.007084 -0.036263 -0.030388
aaana 0.030034 0.071654 -0.007758 -0.083941 -0.050025 0.176328 -0.063450 0.185057 -0.155191 -0.085538 -0.186257 0.081873 0.038796 0.114970 -0.048572 -0.005535 -0.005049 -0.161616 -0.067325 -0.023438 -0.033629 0.079001 0.077266 0.063268 0.174653 0.024654 -0.100295 0.087828 -0.123861 -0.064251 -0.075889 0.063225 -0.089313 -0.008804 0.077974 -0.037684 0.087064 -0.120168 -0.032421 0.017385 0.106730 -0.044389 0.103655 -0.053907 0.018590 0.039935 0.025864 0.084965 0.094047 -0.028394 0.041687 -0.151636 -0.015930 -0.011217 0.005370 -0.026858 -0.018909 0.023330 -0.057833 0.056794 0.037756 0.031704 -0.052669 0.070270 0.042179 0.029379 0.006530 -0.093341 -0.084061 -0.036525 0.038306 -0.030245 -0.024478 -0.023617 0.049955 -0.004130 -0.005790 -0.076212 0.000117 -0.012677 0.064819 -0.029450 -0.056208 0.069522 -0.055956 0.048788 -0.126884 -0.054924 0.006559 0.012747 -0.018965 0.069593 0.018144 -0.088413 0.045259 -0.031657 0.017671 -0.019385 -0.078240 -0.043161
anna 0.018828 0.055720 0.004846 -0.072749 -0.053921 0.173579 -0.057149 0.160647 -0.140337 -0.078195 -0.161071 0.083073 0.035109 0.099914 -0.040008 -0.028192 -0.016789 -0.138009 -0.055106 -0.019237 -0.038029 0.048697 0.076529 0.067432 0.153567 0.024099 -0.109187 0.076386 -0.124625 -0.075625 -0.064686 0.056242 -0.082190 0.005049 0.093381 -0.035741 0.085970 -0.116900 -0.058037 0.015456 0.114305 -0.023373 0.094639 -0.065344 0.027736 0.011943 0.026494 0.070420 0.097162 -0.028851 0.026934 -0.130345 -0.012128 -0.011191 -0.019562 -0.036939 -0.011891 0.001943 -0.030254 0.046227 0.034640 0.024669 -0.068841 0.066345 0.056758 0.021503 0.008755 -0.108834 -0.076725 -0.061651 0.025189 -0.043746 -0.018447 -0.022202 0.034661 -0.022171 0.004147 -0.063342 0.012028 0.029593 0.059897 -0.034004 -0.070309 0.087293 -0.064666 0.068334 -0.119781 -0.079157 0.009692 0.036664 -0.013307 0.087424 0.009861 -0.111617 0.054004 -0.034388 0.010625 -0.037707 -0.090807 -0.039683
prime 0.030173 0.065295 0.021945 -0.104542 -0.065385 0.263268 -0.041690 0.231601 -0.203202 -0.081572 -0.244684 0.122659 0.033170 0.163159 -0.084282 -0.044622 -0.032456 -0.190968 -0.092031 -0.043192 -0.021779 0.088519 0.119962 0.059729 0.197478 0.052173 -0.168235 0.124351 -0.169438 -0.125263 -0.118489 0.098066 -0.111336 0.033751 0.140444 -0.061495 0.082881 -0.177090 -0.074440 0.004631 0.137802 -0.028458 0.119875 -0.093323 0.005330 0.002783 0.015424 0.087404 0.147309 -0.037972 0.011423 -0.183340 0.024295 -0.000995 -0.052249 -0.067867 0.003385 -0.015781 0.008248 0.066250 0.034419 0.051072 -0.114199 0.069476 0.121266 0.021434 0.031717 -0.154034 -0.079112 -0.129990 0.002702 -0.045872 -0.005773 -0.045412 0.050848 -0.022173 -0.006697 -0.074137 0.020738 0.086993 0.135222 -0.090535 -0.105091 0.127439 -0.112676 0.096640 -0.122786 -0.138121 -0.022442 0.070066 -0.068489 0.114108 -0.003042 -0.181146 0.100304 -0.071345 0.013651 -0.044156 -0.127468 -0.030751
tinkune 0.008063 -0.005331 0.013332 -0.067428 -0.042979 0.173481 0.007213 0.098121 -0.125721 -0.021028 -0.141023 0.062039 -0.003753 0.107847 -0.069271 -0.035145 -0.037750 -0.052121 -0.052949 -0.028203 -0.013133 0.051405 0.081628 0.007090 0.067630 0.043342 -0.130320 0.074567 -0.089558 -0.085025 -0.078720 0.036701 -0.045858 0.038669 0.097899 -0.040583 0.007649 -0.099672 -0.067875 -0.020311 0.062575 0.008741 0.052673 -0.066557 -0.030999 -0.030972 0.016709 0.024833 0.083577 0.005919 -0.021596 -0.101713 0.041590 0.034174 -0.090442 -0.053922 0.041388 -0.048738 0.062498 0.055589 -0.024799 0.016079 -0.061241 0.029372 0.098630 -0.030450 0.032642 -0.091967 -0.004961 -0.111954 -0.041367 -0.011457 0.027715 -0.013945 0.040523 -0.022858 -0.023945 -0.038231 0.035494 0.130305 0.123747 -0.093288 -0.069970 0.087430 -0.060180 0.067529 -0.006994 -0.094166 -0.052075 0.063212 -0.092807 0.076935 -0.039481 -0.162049 0.081436 -0.057886 0.010374 -0.051347 -0.093314 -0.003673
american 0.006650 -0.022075 0.010267 -0.096798 -0.039057 0.232987 0.006920 0.145528 -0.171576 -0.034603 -0.192350 0.059126 -0.006321 0.139359 -0.093330 -0.040238 -0.047426 -0.079603 -0.072087 -0.051973 0.011459 0.084296 0.114909 0.001131 0.106248 0.058350 -0.183791 0.091048 -0.131029 -0.105430 -0.094282 0.045122 -0.066978 0.055312 0.126254 -0.047500 0.013285 -0.142515 -0.079479 -0.028505 0.089214 -0.001453 0.066954 -0.091277 -0.034894 -0.027578 0.005188 0.023470 0.099701 -0.004382 -0.030390 -0.132090 0.055860 0.035043 -0.118196 -0.070565 0.033719 -0.059339 0.059021 0.063316 -0.027224 0.035303 -0.090650 0.034531 0.113181 -0.042915 0.058312 -0.119247 -0.012802 -0.154399 -0.050975 -0.029895 0.032298 -0.014975 0.046655 -0.017378 -0.026501 -0.056209 0.035852 0.162270 0.155188 -0.128835 -0.088383 0.111254 -0.091975 0.078311 -0.006521 -0.128410 -0.058886 0.062677 -0.113590 0.080060 -0.042029 -0.206651 0.113626 -0.079118 0.019733 -0.062803 -0.107932 0.016597
green 0.013491 0.020329 -0.010881 -0.123315 -0.050319 0.242535 0.011187 0.168128 -0.187723 -0.048013 -0.222425 0.107503 -0.018893 0.150130 -0.078653 -0.028398 -0.035474 -0.126294 -0.071452 -0.079267 -0.030303 0.081882 0.125539 0.018568 0.144808 0.062757 -0.174121 0.119798 -0.150481 -0.128508 -0.121392 0.089028 -0.060172 0.040950 0.147665 -0.069455 0.034642 -0.163908 -0.079899 -0.034826 0.086956 -0.015246 0.095806 -0.112173 -0.053747 -0.025623 0.012757 0.018927 0.129143 -0.019402 -0.031483 -0.150212 0.057015 0.014633 -0.130249 -0.078612 0.032173 -0.078997 0.062954 0.073106 -0.027333 0.028669 -0.092993 0.051971 0.114299 0.004008 0.031476 -0.138225 -0.028750 -0.154000 -0.022801 -0.036438 0.041846 -0.030761 0.034592 -0.012990 -0.044410 -0.078710 0.040979 0.178068 0.153672 -0.118511 -0.115566 0.122972 -0.116390 0.106566 -0.040233 -0.127253 -0.053043 0.063064 -0.111696 0.122708 -0.045327 -0.219264 0.132389 -0.058550 0.020459 -0.048047 -0.131573 -0.019174
karkhana 0.005410 0.010401 0.011731 -0.048743 -0.020517 0.116060 0.013221 0.072390 -0.089969 -0.030239 -0.097288 0.054123 0.002670 0.081782 -0.044476 -0.026673 -0.012311 -0.054282 -0.032006 -0.020984 -0.000961 0.040305 0.065736 -0.002151 0.062048 0.034702 -0.100862 0.044737 -0.086548 -0.065199 -0.054420 0.031719 -0.034617 0.018744 0.083374 -0.017706 0.014695 -0.073809 -0.046405 -0.009223 0.060163 0.000439 0.049314 -0.053182 -0.024385 -0.012999 0.003772 0.016154 0.063378 0.001228 -0.016244 -0.064474 0.027745 0.020712 -0.070364 -0.034666 0.026145 -0.030200 0.027530 0.038793 -0.020391 0.026046 -0.055588 0.033764 0.074628 -0.019793 0.026409 -0.077705 -0.013293 -0.091236 -0.025098 -0.006246 0.022499 -0.021590 0.024403 -0.014371 -0.016003 -0.035433 0.010339 0.087304 0.072765 -0.054284 -0.062134 0.064991 -0.048076 0.051966 -0.023857 -0.074785 -0.036747 0.041219 -0.048795 0.056988 -0.016533 -0.116784 0.057731 -0.039668 0.006458 -0.024262 -0.065283 0.000522
vinayak 0.006249 -0.011996 0.003196 -0.081930 -0.041736 0.219502 0.028097 0.135649 -0.174228 -0.040419 -0.179476 0.071514 -0.019426 0.132477 -0.091404 -0.019639 -0.052195 -0.042122 -0.045191 -0.041097 0.021009 0.087187 0.107972 -0.019778 0.084772 0.072161 -0.187328 0.088082 -0.124127 -0.112605 -0.099362 0.062633 -0.080434 0.043044 0.119598 -0.031532 -0.014577 -0.125201 -0.072025 -0.039335 0.111119 0.013459 0.073836 -0.085684 -0.045215 -0.029607 0.001468 0.022800 0.094049 -0.004936 -0.034782 -0.140854 0.065556 0.026128 -0.120584 -0.077759 0.035879 -0.070949 0.072656 0.062902 0.009444 0.030645 -0.093420 0.011659 0.131033 -0.034308 0.030952 -0.125925 -0.004042 -0.144027 -0.047434 -0.021762 0.043054 -0.022303 0.058340 -0.032506 -0.038760 -0.048773 0.029451 0.161074 0.152642 -0.148936 -0.080016 0.113725 -0.081699 0.068544 0.001897 -0.139333 -0.067907 0.083415 -0.118347 0.063041 -0.062090 -0.194170 0.104448 -0.088139 0.021678 -0.064949 -0.116288 0.033301
nikhileshwor 0.019798 -0.006504 0.003800 -0.068381 -0.039214 0.162591 0.013651 0.089168 -0.122924 -0.008257 -0.154315 0.058405 -0.009692 0.098953 -0.058113 -0.032659 -0.025472 -0.052118 -0.046960 -0.047873 -0.008860 0.066574 0.083367 -0.007262 0.092157 0.034194 -0.137240 0.076286 -0.105688 -0.101140 -0.081412 0.051569 -0.037435 0.036878 0.104222 -0.020909 0.015457 -0.098052 -0.059888 -0.030184 0.048560 0.003986 0.049341 -0.080109 -0.053028 -0.040236 0.008962 -0.011725 0.083794 -0.015993 -0.044263 -0.088082 0.063936 0.037843 -0.128155 -0.071071 0.046471 -0.073174 0.078197 0.055562 -0.037074 0.012004 -0.076045 0.035988 0.102989 -0.030051 0.033204 -0.101130 0.023107 -0.124883 -0.035972 -0.018739 0.030688 -0.007968 0.032932 -0.012398 -0.035440 -0.045017 0.020848 0.182867 0.138997 -0.112889 -0.089585 0.092692 -0.069727 0.073094 0.019059 -0.101843 -0.039524 0.050844 -0.095321 0.071550 -0.031865 -0.178190 0.080766 -0.056017 0.025696 -0.046468 -0.094315 -0.004733
sipadol 0.017256 0.003855 0.012353 -0.074097 -0.023331 0.170256 0.005502 0.121276 -0.135728 -0.036459 -0.168472 0.070888 0.003001 0.097718 -0.071318 -0.022415 -0.043139 -0.074484 -0.052471 -0.024434 -0.004469 0.054471 0.086824 -0.002247 0.092974 0.046083 -0.129042 0.066728 -0.109048 -0.101223 -0.079864 0.045813 -0.059063 0.045085 0.111978 -0.023141 0.015771 -0.118322 -0.060930 -0.013115 0.095819 0.008801 0.061587 -0.087983 -0.016843 -0.028448 0.001642 0.013360 0.082794 -0.012618 -0.013649 -0.104361 0.037033 0.020499 -0.103959 -0.060704 0.019761 -0.046730 0.040206 0.067830 -0.003276 0.040680 -0.088021 0.035783 0.096917 -0.019553 0.035870 -0.119831 -0.002048 -0.129355 -0.041298 -0.032581 0.025980 -0.020070 0.044458 -0.010107 -0.010335 -0.047861 0.029304 0.121953 0.112183 -0.107466 -0.087618 0.086150 -0.070681 0.092622 -0.030433 -0.100270 -0.041755 0.044831 -0.067239 0.078100 -0.031866 -0.157738 0.084638 -0.063416 0.032652 -0.056010 -0.093042 -0.005225
lri 0.029830 0.005689 0.012314 -0.107192 -0.053617 0.253032 -0.001064 0.177685 -0.202458 -0.055962 -0.246847 0.099843 -0.006846 0.171999 -0.091885 -0.053225 -0.036012 -0.124580 -0.094683 -0.071029 -0.013586 0.089078 0.145248 0.017554 0.141409 0.061680 -0.203906 0.100361 -0.160101 -0.129145 -0.102193 0.082186 -0.066388 0.061095 0.157395 -0.046428 0.031791 -0.158736 -0.088841 -0.031418 0.115713 -0.010931 0.095224 -0.116953 -0.033544 -0.020056 0.006278 0.043629 0.123505 -0.026946 -0.016272 -0.167218 0.043399 0.034694 -0.129102 -0.080409 0.035765 -0.065817 0.049874 0.088092 -0.001716 0.041262 -0.100641 0.060909 0.134407 -0.031220 0.051657 -0.154234 -0.031775 -0.158415 -0.041767 -0.036786 0.035598 -0.029811 0.060600 -0.027086 -0.037972 -0.089065 0.045704 0.189687 0.160413 -0.135515 -0.119076 0.141529 -0.112231 0.119471 -0.047701 -0.160832 -0.063979 0.068056 -0.104109 0.110051 -0.040917 -0.226806 0.136849 -0.093613 0.035619 -0.058541 -0.137561 -0.003549
jawalakhel 0.011466 -0.005024 0.011471 -0.031386 -0.014698 0.104367 0.006247 0.058094 -0.092285 -0.022539 -0.089260 0.025779 -0.001193 0.064034 -0.045848 -0.030308 -0.028077 -0.028850 -0.034824 -0.014926 -0.007231 0.027627 0.066519 -0.000866 0.054634 0.034511 -0.095908 0.033703 -0.066280 -0.053230 -0.039909 0.029748 -0.036441 0.036139 0.074638 -0.022013 0.009148 -0.060660 -0.055370 -0.013972 0.053506 0.020686 0.022095 -0.042075 -0.026536 -0.033815 0.000893 0.010928 0.046228 -0.011796 -0.026531 -0.069737 0.030793 0.008152 -0.062930 -0.032303 0.028236 -0.031131 0.034151 0.025742 -0.011691 0.028940 -0.050250 0.020095 0.064688 -0.022063 0.023167 -0.069606 0.009821 -0.076448 -0.027288 -0.008538 0.027557 -0.012492 0.024223 -0.006368 -0.016072 -0.043602 0.019710 0.096245 0.082958 -0.074550 -0.052013 0.058682 -0.049943 0.049438 0.007968 -0.065249 -0.032235 0.030800 -0.049184 0.044228 -0.018425 -0.113479 0.065797 -0.027163 0.009012 -0.040017 -0.052430 0.000871
college 0.021847 0.002038 0.004432 -0.057574 -0.016690 0.162671 0.006520 0.111556 -0.132978 -0.023001 -0.153080 0.066884 -0.012296 0.098149 -0.058467 -0.041704 -0.029061 -0.074171 -0.068395 -0.027461 -0.004827 0.062672 0.097907 -0.003280 0.088247 0.041740 -0.127948 0.083175 -0.110260 -0.108795 -0.076262 0.065171 -0.045950 0.053645 0.110899 -0.017685 0.006876 -0.116667 -0.082371 -0.029497 0.076226 0.012311 0.038879 -0.084726 -0.021648 -0.042827 0.008727 0.002956 0.073698 -0.034536 -0.039175 -0.093272 0.043167 0.013328 -0.102271 -0.055817 0.029272 -0.058143 0.046902 0.051802 -0.024665 0.026557 -0.074720 0.032878 0.090259 -0.009823 0.035242 -0.101761 0.010127 -0.121986 -0.038826 -0.026378 0.038844 -0.022712 0.031493 -0.003524 -0.023449 -0.055194 0.023682 0.134756 0.120840 -0.109815 -0.087468 0.101719 -0.098240 0.088453 -0.016585 -0.116265 -0.049900 0.041425 -0.074495 0.068541 -0.039170 -0.167711 0.092852 -0.054501 0.025639 -0.040550 -0.095686 -0.003636
panga 0.004468 0.019959 0.024617 -0.084897 -0.044707 0.218304 -0.021195 0.174367 -0.170570 -0.054101 -0.194029 0.083785 0.005663 0.133063 -0.084257 -0.037336 -0.045980 -0.118974 -0.060816 -0.023538 -0.014070 0.064093 0.128019 0.016336 0.131081 0.061952 -0.174059 0.091963 -0.136804 -0.115112 -0.094343 0.058734 -0.073386 0.046154 0.133823 -0.044004 0.031593 -0.144710 -0.096084 -0.022564 0.117293 -0.007155 0.076117 -0.083891 -0.005951 -0.011879 0.023274 0.055665 0.111608 -0.019892 -0.015247 -0.141696 0.043675 0.007959 -0.094646 -0.079373 0.025173 -0.048585 0.026444 0.066734 0.002416 0.052166 -0.099921 0.048494 0.124229 -0.003521 0.016420 -0.152845 -0.041636 -0.133884 -0.028217 -0.037673 0.005092 -0.039344 0.059195 -0.026873 -0.023580 -0.070225 0.037788 0.124270 0.144659 -0.100428 -0.117073 0.121979 -0.106628 0.091266 -0.053254 -0.114912 -0.058028 0.053911 -0.084889 0.091717 -0.029797 -0.188223 0.100096 -0.067159 0.031363 -0.057285 -0.122180 -0.015621
man -0.000020 0.013066 0.016183 -0.088892 -0.041138 0.239772 -0.001917 0.151301 -0.190721 -0.046684 -0.193220 0.062149 -0.002715 0.131049 -0.100290 -0.026095 -0.052711 -0.066489 -0.068727 -0.029553 -0.003535 0.068709 0.113423 0.005428 0.117772 0.064471 -0.191237 0.089301 -0.141675 -0.119423 -0.099181 0.060777 -0.085535 0.059310 0.119492 -0.039000 0.010870 -0.140972 -0.074721 -0.033139 0.115837 0.027547 0.071036 -0.076584 -0.029946 -0.022884 0.017027 0.047371 0.115286 0.003809 -0.022721 -0.157839 0.072441 0.029175 -0.124021 -0.084553 0.034234 -0.059619 0.047666 0.059116 -0.012811 0.035203 -0.080734 0.036430 0.128618 -0.026198 0.035975 -0.136596 -0.016026 -0.154545 -0.052921 -0.021862 0.017523 -0.031471 0.061135 -0.008075 -0.014809 -0.059902 0.047995 0.149053 0.159164 -0.124999 -0.103751 0.116143 -0.084839 0.074167 -0.039425 -0.123057 -0.057570 0.073774 -0.116883 0.084124 -0.024169 -0.197122 0.092528 -0.078657 0.007743 -0.070897 -0.131483 -0.002856
sorhakhutte -0.004051 0.003065 0.007847 -0.038037 -0.023845 0.121889 0.021912 0.076660 -0.091253 -0.028705 -0.095304 0.042220 -0.012414 0.079523 -0.048329 -0.013596 -0.040848 -0.033158 -0.035047 -0.024442 -0.001146 0.038676 0.072267 -0.004065 0.056634 0.027194 -0.115015 0.040316 -0.072883 -0.075341 -0.051124 0.039221 -0.047943 0.042614 0.083090 -0.010955 -0.002954 -0.082306 -0.047246 -0.027859 0.067324 0.010698 0.036184 -0.053155 -0.021219 -0.032096 -0.001409 0.020973 0.064410 -0.008182 -0.014782 -0.069241 0.041365 0.024588 -0.078313 -0.051867 0.021706 -0.033419 0.047373 0.042583 -0.006955 0.027188 -0.068518 0.024445 0.076432 -0.023336 0.032487 -0.091949 -0.002409 -0.089602 -0.041513 -0.002332 0.019438 -0.013668 0.034163 -0.001748 -0.014052 -0.041022 0.027093 0.109990 0.094723 -0.084644 -0.066375 0.059533 -0.057809 0.061222 0.003399 -0.081500 -0.045775 0.034866 -0.067803 0.047296 -0.034286 -0.121060 0.067671 -0.041621 0.008423 -0.031166 -0.072229 0.000533
akasedhara 0.018772 0.005321 0.009693 -0.108890 -0.029599 0.205493 0.010298 0.140881 -0.165558 -0.034098 -0.181697 0.092773 -0.007342 0.131531 -0.065491 -0.052911 -0.027083 -0.100181 -0.076205 -0.073475 -0.001265 0.063648 0.117564 -0.004660 0.117580 0.050488 -0.170546 0.096893 -0.129833 -0.121503 -0.094004 0.064886 -0.043869 0.053406 0.132601 -0.046348 0.006586 -0.145918 -0.089524 -0.036914 0.073691 0.012493 0.076821 -0.119645 -0.053289 -0.020203 0.015792 0.000502 0.107350 -0.021927 -0.033908 -0.131290 0.066595 0.014484 -0.117763 -0.092171 0.044901 -0.074861 0.061149 0.062783 -0.024843 0.038495 -0.099455 0.036923 0.117456 -0.015685 0.045480 -0.117326 -0.010107 -0.161750 -0.060435 -0.026971 0.047244 -0.028986 0.046936 -0.008707 -0.035671 -0.067658 0.026048 0.177379 0.154923 -0.113996 -0.107799 0.113799 -0.094040 0.097156 -0.012127 -0.130286 -0.066570 0.074937 -0.115519 0.105188 -0.050366 -0.216107 0.124570 -0.075034 0.035038 -0.055630 -0.108596 -0.003267
milan 0.000821 -0.032492 -0.000934 -0.087099 -0.035060 0.203222 0.044285 0.121098 -0.154509 -0.006646 -0.174125 0.051206 -0.022749 0.118769 -0.084071 -0.031380 -0.032436 -0.063879 -0.050557 -0.077874 0.000902 0.088976 0.088274 -0.028558 0.059928 0.054393 -0.154297 0.083691 -0.116950 -0.094007 -0.092518 0.054428 -0.050467 0.036401 0.128623 -0.040669 -0.003030 -0.114750 -0.057837 -0.063272 0.067157 0.036687 0.070372 -0.111106 -0.056536 -0.047153 0.007145 -0.028563 0.090642 0.001286 -0.053402 -0.106392 0.077395 0.017050 -0.129757 -0.084940 0.031304 -0.071634 0.088828 0.054604 -0.047195 0.027858 -0.085958 0.033374 0.106589 -0.033662 0.043677 -0.099602 0.020611 -0.154832 -0.064116 -0.030027 0.053729 -0.010349 0.023230 -0.005638 -0.066617 -0.036568 0.040573 0.205422 0.148832 -0.123732 -0.091159 0.107796 -0.078470 0.096601 0.033538 -0.130628 -0.073590 0.049691 -0.126210 0.088263 -0.075221 -0.217793 0.131679 -0.070393 0.014391 -0.051320 -0.103600 0.030418
thamel 0.004481 -0.006170 0.008009 -0.041689 -0.016932 0.086380 0.006756 0.044808 -0.060907 -0.016074 -0.078310 0.020977 -0.012425 0.064426 -0.031688 -0.016526 -0.016633 -0.040995 -0.034479 -0.011940 0.003284 0.024962 0.034586 -0.000417 0.037887 0.019108 -0.071500 0.036673 -0.039561 -0.048229 -0.040719 0.026932 -0.029340 0.021262 0.055586 -0.012954 -0.003402 -0.049172 -0.037858 -0.009256 0.028553 0.005345 0.022151 -0.038022 -0.029281 0.000770 0.006537 0.019699 0.035965 -0.009875 -0.002651 -0.056263 0.024180 0.007484 -0.043419 -0.031974 0.009242 -0.028929 0.019791 0.017519 -0.005013 0.002158 -0.046233 0.009610 0.043208 -0.023356 0.023499 -0.060551 -0.003788 -0.057658 -0.022540 -0.007296 0.003371 -0.005087 0.025434 -0.000469 -0.017663 -0.034287 0.013342 0.064328 0.063235 -0.045550 -0.033671 0.037026 -0.037976 0.030020 -0.018174 -0.050666 -0.031947 0.038138 -0.048170 0.033579 -0.011805 -0.072457 0.045394 -0.032095 0.014620 -0.014924 -0.036098 0.010468
bhatbhateni 0.023269 0.009862 0.014070 -0.089844 -0.055164 0.239234 -0.006322 0.158698 -0.173087 -0.066148 -0.202435 0.093021 -0.011756 0.138798 -0.077685 -0.042242 -0.025370 -0.111347 -0.079151 -0.051037 -0.021952 0.067946 0.118470 0.033719 0.126838 0.056716 -0.175586 0.096846 -0.150877 -0.110171 -0.105271 0.057422 -0.070858 0.047368 0.135801 -0.043072 0.025854 -0.140350 -0.071878 -0.023475 0.098001 0.007114 0.083723 -0.088271 -0.026576 -0.022099 0.012207 0.043829 0.122540 -0.014229 -0.016067 -0.147138 0.033517 0.027672 -0.096188 -0.081228 0.015123 -0.039686 0.051074 0.068052 -0.012936 0.035881 -0.100087 0.054351 0.113455 -0.019878 0.044370 -0.133311 -0.042825 -0.141608 -0.022943 -0.021213 0.029917 -0.024741 0.045741 -0.029382 -0.029018 -0.070509 0.038152 0.149694 0.140616 -0.114954 -0.096377 0.116844 -0.085881 0.093015 -0.058637 -0.137635 -0.043279 0.076509 -0.087217 0.100502 -0.028805 -0.199643 0.106801 -0.074311 0.031417 -0.047594 -0.127081 -0.003556
sinamangal 0.011978 -0.005544 0.012781 -0.080059 -0.031701 0.198939 0.018165 0.131824 -0.154339 -0.035926 -0.166929 0.059375 -0.009901 0.116215 -0.067363 -0.029881 -0.048810 -0.060232 -0.054446 -0.036860 -0.005238 0.063898 0.115799 -0.002180 0.103139 0.052796 -0.166229 0.078455 -0.114138 -0.112858 -0.092419 0.048370 -0.062224 0.052714 0.129878 -0.039861 -0.001404 -0.119533 -0.077546 -0.033739 0.093364 0.012357 0.053430 -0.080464 -0.030047 -0.031689 0.004581 0.020239 0.103842 0.000601 -0.036096 -0.129401 0.068782 0.038986 -0.114141 -0.076067 0.033306 -0.049407 0.061914 0.071357 0.000330 0.020899 -0.079108 0.028469 0.116395 -0.030812 0.025965 -0.127019 0.000827 -0.140078 -0.046527 -0.018750 0.043765 -0.018239 0.047970 -0.007858 -0.012087 -0.044401 0.046726 0.161970 0.151867 -0.120804 -0.094454 0.110155 -0.076390 0.090275 -0.012305 -0.118959 -0.050079 0.054875 -0.094765 0.079813 -0.029632 -0.187629 0.094731 -0.054148 0.020709 -0.055314 -0.114971 0.008305
machhegaun 0.010558 -0.018484 0.009202 -0.057369 -0.033781 0.153957 0.025994 0.090330 -0.121780 -0.011253 -0.147999 0.055624 -0.011353 0.095330 -0.069393 -0.034660 -0.032818 -0.057430 -0.048075 -0.034176 0.000180 0.064125 0.091897 -0.010460 0.061238 0.031494 -0.137778 0.053959 -0.087040 -0.080955 -0.083609 0.053325 -0.043944 0.042445 0.111449 -0.019440 0.002721 -0.107368 -0.066555 -0.041957 0.066446 0.019184 0.032946 -0.072029 -0.045685 -0.018623 0.005078 -0.004682 0.072318 -0.020705 -0.053725 -0.085107 0.049297 0.033392 -0.110029 -0.068213 0.044691 -0.060018 0.077047 0.049724 -0.029406 0.028865 -0.089338 0.026030 0.103191 -0.047980 0.025398 -0.110317 0.019936 -0.128065 -0.057334 -0.015919 0.036927 -0.020775 0.028773 -0.024787 -0.015087 -0.041267 0.023978 0.159833 0.132026 -0.111835 -0.090019 0.096998 -0.087278 0.075997 0.019183 -0.108861 -0.046241 0.050926 -0.082037 0.067722 -0.035396 -0.166365 0.084765 -0.063360 0.019281 -0.045779 -0.095326 0.008890
siddhartha 0.014677 -0.007293 0.010964 -0.083033 -0.025623 0.191787 0.038789 0.132761 -0.147837 -0.034243 -0.166266 0.083362 -0.012892 0.121716 -0.081167 -0.042719 -0.051926 -0.057718 -0.065863 -0.044525 0.009246 0.081690 0.105982 -0.012077 0.088006 0.062750 -0.183106 0.087752 -0.129760 -0.105810 -0.082767 0.067100 -0.070120 0.064790 0.129571 -0.040221 -0.001350 -0.127124 -0.083354 -0.028795 0.099250 0.017231 0.060257 -0.081086 -0.030950 -0.037742 -0.004283 0.008158 0.113559 -0.027079 -0.045847 -0.117498 0.081561 0.033284 -0.131183 -0.087460 0.036845 -0.058598 0.085941 0.074352 -0.018900 0.024544 -0.099428 0.026169 0.121474 -0.036016 0.026319 -0.122415 0.008686 -0.148718 -0.071550 -0.026203 0.054155 -0.017091 0.042640 -0.021296 -0.030402 -0.059046 0.037447 0.182208 0.148656 -0.137156 -0.109312 0.113970 -0.078851 0.085050 -0.005258 -0.127628 -0.062841 0.067647 -0.115880 0.070218 -0.054185 -0.209955 0.115710 -0.079628 0.029764 -0.076564 -0.111873 0.017589
paiyutar 0.003133 -0.004205 0.008349 -0.068947 -0.030563 0.147205 0.021234 0.099690 -0.117768 -0.000213 -0.139325 0.059432 -0.023679 0.092025 -0.052729 -0.034981 -0.043565 -0.078365 -0.053404 -0.045482 -0.013611 0.062680 0.101570 -0.013318 0.074749 0.022855 -0.132792 0.060395 -0.103514 -0.083934 -0.068607 0.048198 -0.034110 0.048213 0.109841 -0.031062 -0.003462 -0.129763 -0.069541 -0.037179 0.056694 0.023309 0.047326 -0.094238 -0.047279 -0.042267 -0.003950 -0.003543 0.084956 -0.024282 -0.045854 -0.096094 0.069973 0.025568 -0.127744 -0.081928 0.056834 -0.068407 0.071979 0.066942 -0.039906 0.022130 -0.080067 0.015621 0.105763 -0.023397 0.031188 -0.105088 0.023063 -0.136839 -0.050568 -0.025251 0.043147 -0.010824 0.017507 -0.002672 -0.018811 -0.056738 0.019243 0.181883 0.140115 -0.129518 -0.092323 0.093928 -0.094183 0.090273 0.022674 -0.124423 -0.060287 0.034522 -0.102510 0.087579 -0.052223 -0.177794 0.107364 -0.055188 0.020434 -0.036451 -0.080714 0.006859
machhapokhari 0.006192 0.003327 0.010468 -0.087471 -0.053433 0.198451 -0.001469 0.143688 -0.144992 -0.053526 -0.178280 0.063940 -0.008514 0.118385 -0.064502 -0.024352 -0.028435 -0.093428 -0.062083 -0.034032 -0.014291 0.064819 0.105170 0.008111 0.105144 0.056849 -0.165640 0.092245 -0.117150 -0.094773 -0.076487 0.060457 -0.074052 0.036141 0.124854 -0.045717 0.018551 -0.130006 -0.079866 -0.033596 0.088734 -0.005395 0.073949 -0.079638 -0.030502 -0.014161 0.011061 0.041724 0.099530 -0.010165 -0.008809 -0.120251 0.043754 0.029173 -0.093938 -0.077365 0.037910 -0.051546 0.047123 0.053395 0.002404 0.045427 -0.077457 0.030342 0.099716 -0.023740 0.026778 -0.120922 -0.032226 -0.125822 -0.035749 -0.020502 0.031903 -0.022091 0.046200 -0.019460 -0.019409 -0.057925 0.035687 0.125732 0.123821 -0.096508 -0.102734 0.104464 -0.084835 0.079235 -0.039200 -0.105133 -0.046456 0.065112 -0.084439 0.094714 -0.028957 -0.169468 0.093878 -0.063752 0.016266 -0.056999 -0.108029 -0.011775
southern 0.021542 -0.014861 0.011499 -0.060510 -0.045607 0.205412 0.019279 0.123314 -0.152600 -0.027390 -0.161334 0.047610 -0.029096 0.109493 -0.079720 -0.046829 -0.047901 -0.047968 -0.078540 -0.047086 0.003475 0.064865 0.116640 -0.009966 0.091628 0.068803 -0.166935 0.100703 -0.111241 -0.104573 -0.085383 0.069190 -0.055670 0.047733 0.113890 -0.022413 -0.014207 -0.123511 -0.090531 -0.031551 0.098374 0.008596 0.045918 -0.082090 -0.048041 -0.014717 -0.001131 0.006648 0.082897 -0.001380 -0.043135 -0.127503 0.055056 0.028021 -0.136450 -0.066283 0.033304 -0.049399 0.082925 0.075924 -0.003086 0.050631 -0.093963 0.008224 0.121334 -0.060993 0.052160 -0.124851 0.013045 -0.141592 -0.062792 -0.009060 0.036933 -0.027829 0.071847 -0.018222 -0.024280 -0.069757 0.038916 0.171243 0.142747 -0.134255 -0.096817 0.111624 -0.081639 0.089157 -0.001368 -0.131420 -0.061506 0.055003 -0.091917 0.063992 -0.052233 -0.185393 0.114106 -0.059536 0.043473 -0.059151 -0.090668 0.035862
battisputali -0.007252 0.001800 -0.012254 -0.087321 -0.043551 0.168918 0.008461 0.117278 -0.116796 -0.023928 -0.138964 0.055814 -0.009526 0.109501 -0.049016 -0.026073 -0.027677 -0.055146 -0.042248 -0.060149 -0.008139 0.045084 0.094779 -0.009518 0.085986 0.054525 -0.139589 0.069851 -0.110555 -0.082319 -0.081675 0.040435 -0.028416 0.042011 0.111342 -0.043259 0.020036 -0.099124 -0.049485 -0.037958 0.044999 0.012714 0.065501 -0.093975 -0.052388 -0.036107 -0.000174 0.010190 0.090307 -0.006828 -0.021077 -0.111645 0.044922 0.028795 -0.112356 -0.066093 0.028544 -0.059567 0.057128 0.053955 -0.026665 0.024423 -0.070386 0.029657 0.098122 -0.010220 0.022958 -0.092311 -0.006549 -0.118553 -0.032494 -0.012440 0.021466 -0.011752 0.020503 -0.015350 -0.041942 -0.049300 0.033395 0.156139 0.112083 -0.090273 -0.070752 0.083551 -0.069665 0.070130 -0.005947 -0.109850 -0.055190 0.061590 -0.104435 0.093179 -0.035984 -0.175543 0.092060 -0.032479 0.005682 -0.046340 -0.087515 -0.011507
nakhudole -0.003478 -0.023865 0.018855 -0.072231 -0.031065 0.186180 0.018849 0.092955 -0.139582 -0.022172 -0.152571 0.043231 -0.019382 0.116922 -0.082793 -0.032030 -0.041198 -0.043189 -0.052050 -0.045326 0.014318 0.070598 0.108215 -0.028148 0.056537 0.073764 -0.154065 0.080648 -0.109043 -0.096695 -0.079565 0.042927 -0.056109 0.051590 0.110050 -0.036820 -0.020734 -0.111287 -0.079592 -0.050124 0.075965 0.029135 0.049763 -0.092856 -0.051964 -0.038129 0.001953 0.009340 0.081852 0.000937 -0.040751 -0.108798 0.074667 0.023083 -0.127760 -0.071079 0.055868 -0.055517 0.076026 0.051879 -0.030541 0.041412 -0.085944 0.008836 0.117740 -0.048297 0.050181 -0.104433 0.012035 -0.135459 -0.063842 -0.012471 0.053635 -0.019999 0.047781 -0.015215 -0.027483 -0.056715 0.047268 0.188091 0.135537 -0.142303 -0.094954 0.107756 -0.084018 0.082282 0.025102 -0.133499 -0.075619 0.071366 -0.116935 0.075124 -0.043519 -0.190893 0.090817 -0.065762 0.021797 -0.050540 -0.096026 0.035843
bagdol 0.005170 -0.004030 0.004817 -0.054338 -0.044725 0.165485 0.010443 0.109553 -0.120269 -0.043409 -0.132228 0.048017 0.001861 0.106891 -0.064562 -0.046618 -0.025188 -0.062988 -0.055163 -0.027774 0.002382 0.052013 0.084968 0.001994 0.080619 0.041288 -0.131690 0.076021 -0.092288 -0.094213 -0.068335 0.060187 -0.053101 0.038832 0.088539 -0.038229 0.004669 -0.082735 -0.064778 -0.023712 0.076462 0.001103 0.050898 -0.073438 -0.034345 -0.015752 0.011034 0.038918 0.071614 -0.007646 -0.035460 -0.093185 0.046352 0.019818 -0.085421 -0.059630 0.032872 -0.043121 0.055822 0.037013 -0.009412 0.041126 -0.076405 0.017509 0.100128 -0.018001 0.040003 -0.103685 0.000097 -0.110922 -0.049075 -0.003911 0.021445 -0.015612 0.036605 -0.014291 -0.017173 -0.051679 0.045920 0.120016 0.118941 -0.089781 -0.069913 0.079805 -0.078689 0.067159 -0.020006 -0.106081 -0.035209 0.050638 -0.069252 0.076879 -0.033385 -0.143524 0.068840 -0.052996 0.019590 -0.047746 -0.077569 -0.004179
chappalkarkhana 0.015217 0.032237 0.011232 -0.053640 -0.025871 0.133148 -0.020115 0.096123 -0.103925 -0.032476 -0.130753 0.047676 0.007104 0.078542 -0.050865 -0.014180 -0.018939 -0.071415 -0.049051 -0.017921 -0.011612 0.051356 0.053107 0.023113 0.078533 0.023582 -0.098682 0.045529 -0.080737 -0.057822 -0.050452 0.047762 -0.049237 0.012680 0.082440 -0.029790 0.024040 -0.071290 -0.042926 -0.018817 0.068577 -0.003596 0.051871 -0.046906 -0.001519 -0.011202 0.006935 0.033346 0.072059 -0.018279 0.004954 -0.091222 0.012548 0.010465 -0.043379 -0.035996 0.021434 -0.012793 0.019912 0.027539 0.015329 0.029427 -0.051727 0.029312 0.054886 0.001989 0.020812 -0.088831 -0.023826 -0.067534 -0.011055 -0.019138 0.007279 -0.023393 0.035830 -0.002716 -0.005579 -0.054280 0.008377 0.054498 0.067128 -0.051355 -0.061576 0.063342 -0.048000 0.049526 -0.039183 -0.070474 -0.011267 0.027998 -0.040856 0.066236 -0.003012 -0.092806 0.053372 -0.042032 0.026552 -0.029225 -0.078152 -0.011369
changunarayan -0.006919 0.026962 -0.003694 -0.059697 -0.027242 0.120568 0.004755 0.079359 -0.089545 -0.027790 -0.097558 0.057678 -0.007945 0.074707 -0.033747 -0.027940 -0.016418 -0.055863 -0.025119 -0.028567 -0.016281 0.041524 0.070714 0.010725 0.073297 0.022586 -0.071591 0.056951 -0.078750 -0.070016 -0.063664 0.043658 -0.026270 0.023405 0.063506 -0.021985 0.033142 -0.085179 -0.044485 -0.019855 0.046881 0.004529 0.041802 -0.064116 -0.022368 -0.030557 -0.001224 0.003601 0.057524 -0.006243 -0.007100 -0.073010 0.029843 0.003743 -0.069540 -0.040566 0.021520 -0.030350 0.030620 0.038892 -0.018494 0.009851 -0.055041 0.041851 0.057686 0.009737 0.013345 -0.064295 -0.005685 -0.075640 -0.012008 -0.027558 0.015831 -0.012932 0.009196 -0.004374 -0.022304 -0.038367 0.007022 0.083123 0.068196 -0.061665 -0.067936 0.060956 -0.062842 0.055679 -0.030378 -0.063461 -0.016334 0.039291 -0.050260 0.061848 -0.018437 -0.121954 0.053933 -0.032402 0.005923 -0.033566 -0.082125 -0.008655
shantinagar 0.008156 0.007669 0.000929 -0.045581 -0.042438 0.166574 0.014521 0.096757 -0.129925 -0.018748 -0.132549 0.057865 -0.016621 0.095319 -0.057843 -0.035274 -0.032446 -0.072275 -0.056717 -0.030527 -0.009004 0.056911 0.094475 -0.010227 0.068051 0.031540 -0.136632 0.068587 -0.100971 -0.085425 -0.070458 0.054883 -0.054061 0.033136 0.098002 -0.029501 -0.002260 -0.098467 -0.072506 -0.023884 0.061979 0.004030 0.041265 -0.081107 -0.029617 -0.041831 0.014181 0.010454 0.085757 -0.022059 -0.034243 -0.090206 0.054884 0.031335 -0.103703 -0.067524 0.046450 -0.059942 0.062307 0.045563 -0.023780 0.018069 -0.075190 0.039326 0.091301 -0.013786 0.036573 -0.113730 -0.006848 -0.117634 -0.045354 -0.027051 0.039959 -0.018559 0.037685 -0.014021 -0.030873 -0.051094 0.019587 0.145156 0.130731 -0.097667 -0.085556 0.085526 -0.080744 0.099506 -0.014150 -0.108947 -0.047484 0.037478 -0.088035 0.082861 -0.046924 -0.167268 0.089895 -0.053997 0.018001 -0.051946 -0.086398 -0.012646
tindhara 0.001557 -0.006218 0.016957 -0.076416 -0.054792 0.204747 0.001715 0.122163 -0.162400 -0.034919 -0.161942 0.076851 -0.000376 0.121992 -0.079288 -0.030472 -0.034825 -0.070751 -0.062447 -0.037295 -0.013336 0.070297 0.109869 -0.001080 0.099684 0.054835 -0.156211 0.091408 -0.128690 -0.102306 -0.086151 0.062912 -0.061823 0.051961 0.115357 -0.042071 0.016664 -0.117369 -0.071685 -0.023796 0.096489 -0.001347 0.061422 -0.084008 -0.032790 -0.008530 0.021024 0.023443 0.096138 -0.011745 -0.020065 -0.131044 0.038895 0.037366 -0.104258 -0.076012 0.043420 -0.064212 0.053680 0.056828 -0.020796 0.034741 -0.088576 0.029404 0.110801 -0.039320 0.039012 -0.119989 -0.010791 -0.148377 -0.046300 -0.010349 0.020845 -0.020580 0.051289 -0.019132 -0.029307 -0.063787 0.039734 0.153987 0.133803 -0.109777 -0.100168 0.101542 -0.077095 0.075528 -0.027593 -0.121362 -0.061242 0.059654 -0.089269 0.080964 -0.042787 -0.178519 0.092865 -0.068284 0.024173 -0.060396 -0.097420 -0.011741
dahachowk 0.013503 -0.025077 0.016793 -0.044341 -0.032552 0.150545 0.007007 0.063164 -0.111853 -0.010601 -0.134084 0.055681 -0.003022 0.105267 -0.054127 -0.034321 -0.043894 -0.039590 -0.046146 -0.031973 -0.007186 0.062813 0.078828 -0.017961 0.057036 0.031085 -0.128528 0.049568 -0.078843 -0.080536 -0.074953 0.034533 -0.034780 0.052423 0.087289 -0.026940 -0.001942 -0.087412 -0.057060 -0.041923 0.055393 0.010527 0.026228 -0.075075 -0.037927 -0.014933 0.018374 0.008694 0.073633 -0.012512 -0.047762 -0.089223 0.056964 0.045727 -0.125902 -0.058276 0.036071 -0.054707 0.056056 0.048211 -0.010364 0.031862 -0.078300 0.007449 0.103127 -0.038637 0.036430 -0.086411 0.023477 -0.126749 -0.061199 -0.019268 0.032601 -0.014742 0.041752 -0.009838 -0.024849 -0.038141 0.037823 0.168778 0.125095 -0.107354 -0.079030 0.090615 -0.063581 0.064817 0.028641 -0.108977 -0.048183 0.051237 -0.087206 0.066582 -0.025217 -0.157488 0.078769 -0.048477 0.033057 -0.029896 -0.080319 0.000926
icimod 0.007620 0.028900 0.014808 -0.070106 -0.049430 0.206739 0.008289 0.152782 -0.182145 -0.047047 -0.206556 0.082422 -0.000463 0.115625 -0.071799 -0.044204 -0.053911 -0.098958 -0.059528 -0.029223 -0.008870 0.078800 0.114159 0.014009 0.120536 0.038183 -0.160432 0.087989 -0.140506 -0.111301 -0.110530 0.072409 -0.090177 0.047081 0.126888 -0.028057 0.023822 -0.150589 -0.081893 -0.022735 0.106524 0.006949 0.064583 -0.090496 -0.004129 -0.045070 0.008600 0.017144 0.112605 -0.021309 -0.040175 -0.122416 0.051045 0.017325 -0.122573 -0.084733 0.035200 -0.050580 0.059357 0.069103 0.004081 0.035201 -0.089999 0.030372 0.134885 -0.026613 0.028200 -0.145436 0.000750 -0.152906 -0.038993 -0.031700 0.028491 -0.023549 0.048971 -0.023379 -0.014593 -0.077945 0.030749 0.155089 0.160867 -0.140209 -0.108855 0.118062 -0.099465 0.113104 -0.029221 -0.123044 -0.050214 0.056946 -0.080341 0.089074 -0.039885 -0.198226 0.113385 -0.075507 0.025508 -0.062189 -0.123673 -0.007742
thecho 0.014852 -0.026129 0.003003 -0.079708 -0.032472 0.199782 0.023528 0.094425 -0.148777 -0.026062 -0.165954 0.064986 -0.008325 0.126392 -0.076274 -0.038110 -0.037431 -0.047566 -0.060582 -0.056148 0.012119 0.070426 0.100051 -0.017646 0.086465 0.064281 -0.169493 0.070047 -0.102854 -0.103259 -0.076196 0.053503 -0.051393 0.048052 0.121218 -0.032695 -0.018373 -0.107724 -0.077281 -0.045341 0.085203 0.025239 0.046865 -0.092042 -0.058786 -0.023861 0.012120 0.016510 0.095476 -0.007261 -0.047417 -0.111894 0.070494 0.042724 -0.147881 -0.074690 0.054797 -0.063454 0.078255 0.063156 -0.022199 0.028550 -0.079598 0.009107 0.121924 -0.053710 0.040161 -0.112560 0.018663 -0.138978 -0.064372 -0.026014 0.039845 -0.021634 0.049064 -0.018524 -0.022336 -0.052824 0.044938 0.188302 0.147176 -0.127876 -0.085610 0.113288 -0.083054 0.086209 0.006417 -0.135467 -0.062163 0.061119 -0.109449 0.068569 -0.047955 -0.177609 0.092981 -0.062461 0.021759 -0.061089 -0.111637 0.012762
available 0.038208 0.015869 0.015014 -0.133703 -0.091230 0.338554 0.001660 0.249608 -0.273590 -0.083611 -0.309863 0.128170 -0.005676 0.211329 -0.131332 -0.054817 -0.066971 -0.154808 -0.105400 -0.070883 -0.002890 0.125717 0.174525 0.023326 0.190723 0.104478 -0.267105 0.150129 -0.223136 -0.170295 -0.143784 0.097893 -0.113836 0.064164 0.203148 -0.073720 0.033709 -0.216167 -0.101382 -0.024243 0.174677 -0.007236 0.131687 -0.135716 -0.034357 -0.016501 0.026787 0.062848 0.172288 -0.014557 -0.020948 -0.233179 0.075067 0.045028 -0.155592 -0.109838 0.038014 -0.067741 0.058781 0.103839 0.005450 0.070458 -0.151841 0.078364 0.170404 -0.037259 0.060192 -0.214028 -0.033490 -0.218905 -0.065208 -0.034676 0.034342 -0.040749 0.092963 -0.046168 -0.043756 -0.100910 0.039826 0.210209 0.213519 -0.159347 -0.160672 0.157827 -0.128012 0.131356 -0.075324 -0.199329 -0.092061 0.098727 -0.147832 0.133672 -0.053074 -0.295011 0.150046 -0.095438 0.037584 -0.080665 -0.179938 -0.016337
thali 0.023510 0.012461 0.015113 -0.117911 -0.047437 0.246394 0.005766 0.179325 -0.198592 -0.070461 -0.232504 0.084344 0.010373 0.160021 -0.094082 -0.028758 -0.046023 -0.141546 -0.095727 -0.043641 -0.010637 0.077920 0.130794 0.022974 0.136531 0.078166 -0.195359 0.119630 -0.171636 -0.122539 -0.111287 0.076571 -0.082348 0.040982 0.141679 -0.055176 0.032804 -0.168683 -0.079721 -0.020720 0.137088 -0.010642 0.088185 -0.109610 -0.024194 -0.016830 0.019416 0.054089 0.138661 -0.027312 -0.032948 -0.165354 0.057270 0.025855 -0.110710 -0.101272 0.031526 -0.043041 0.050829 0.076823 -0.001786 0.042507 -0.119468 0.059625 0.136671 -0.019762 0.033217 -0.151826 -0.033114 -0.160977 -0.043802 -0.024375 0.037758 -0.024144 0.064174 -0.036086 -0.028292 -0.076789 0.029651 0.147594 0.154094 -0.130264 -0.124490 0.130158 -0.112742 0.096274 -0.052958 -0.145713 -0.053629 0.065376 -0.102231 0.106979 -0.029755 -0.228704 0.132376 -0.070814 0.024552 -0.069120 -0.120812 -0.003373
danchhi 0.034850 0.016414 0.018431 -0.120020 -0.063109 0.256468 -0.010641 0.177525 -0.197087 -0.071723 -0.242097 0.099770 -0.005792 0.167837 -0.094001 -0.044453 -0.054359 -0.131021 -0.086596 -0.053259 -0.015292 0.080226 0.121803 0.021393 0.149413 0.066725 -0.209863 0.121582 -0.173882 -0.131438 -0.121830 0.082564 -0.093468 0.053366 0.158356 -0.066956 0.035044 -0.157845 -0.095855 -0.031283 0.120211 -0.018180 0.108352 -0.114031 -0.033843 -0.010853 0.019539 0.057003 0.129416 -0.015121 -0.032161 -0.172170 0.055585 0.021354 -0.116287 -0.087987 0.024899 -0.040654 0.051493 0.087311 0.007779 0.049710 -0.104175 0.063593 0.134781 -0.024788 0.044146 -0.144527 -0.037605 -0.144623 -0.052428 -0.033048 0.036195 -0.039799 0.058529 -0.036101 -0.035950 -0.067772 0.028714 0.172413 0.161744 -0.129931 -0.123407 0.141751 -0.110313 0.103387 -0.064316 -0.145310 -0.053950 0.058245 -0.101608 0.107895 -0.038734 -0.228406 0.137069 -0.083108 0.019325 -0.062457 -0.122757 -0.001022
sangam -0.000797 -0.008369 0.012804 -0.061848 -0.035263 0.163325 0.004541 0.118904 -0.144151 -0.037111 -0.148869 0.061611 -0.000419 0.105171 -0.066462 -0.031416 -0.046919 -0.065337 -0.056140 -0.043727 0.003128 0.054995 0.094532 -0.009007 0.084899 0.043437 -0.138807 0.076555 -0.110360 -0.098010 -0.071286 0.045627 -0.062418 0.039510 0.110560 -0.035071 -0.001401 -0.103377 -0.066469 -0.023447 0.077216 0.010301 0.053852 -0.074181 -0.032189 -0.025606 0.015612 0.019086 0.090741 -0.001867 -0.027843 -0.113450 0.051504 0.029176 -0.108669 -0.062148 0.037058 -0.043877 0.047294 0.052334 -0.014245 0.037495 -0.076492 0.025053 0.105905 -0.025767 0.025063 -0.095699 -0.000613 -0.113738 -0.051420 -0.019870 0.030546 -0.023823 0.045514 -0.018561 -0.026635 -0.042929 0.039103 0.128740 0.113049 -0.112194 -0.085216 0.081134 -0.077236 0.081636 -0.008071 -0.102050 -0.043187 0.051433 -0.083035 0.078252 -0.043352 -0.163169 0.079636 -0.046861 0.023821 -0.043704 -0.089298 0.004005
khursanitar 0.001385 0.008189 0.018603 -0.084584 -0.053395 0.228779 0.009649 0.142950 -0.190254 -0.039348 -0.191420 0.080073 -0.008954 0.141264 -0.094265 -0.043993 -0.047934 -0.088141 -0.075570 -0.046297 -0.011998 0.087717 0.129318 0.004798 0.108355 0.080567 -0.179180 0.099665 -0.146409 -0.115647 -0.102980 0.071026 -0.062764 0.051921 0.130730 -0.044528 0.019319 -0.147136 -0.074016 -0.037780 0.106445 0.012183 0.072488 -0.110698 -0.031733 -0.019385 0.015698 0.027188 0.103019 -0.017384 -0.026207 -0.142500 0.054270 0.021244 -0.132952 -0.074082 0.043772 -0.049499 0.052985 0.072205 -0.015809 0.038152 -0.103181 0.031312 0.114932 -0.022735 0.043296 -0.148392 -0.016764 -0.148325 -0.051475 -0.014449 0.026127 -0.039337 0.059319 -0.019047 -0.024743 -0.073637 0.032423 0.174273 0.148566 -0.137117 -0.119293 0.122791 -0.092142 0.091147 -0.027126 -0.131551 -0.058323 0.069637 -0.118137 0.101606 -0.044793 -0.200911 0.113733 -0.068528 0.028114 -0.060441 -0.124405 0.000586
hattigaunda -0.007566 -0.009949 0.024483 -0.055020 -0.027911 0.178639 0.009278 0.095535 -0.131834 -0.022777 -0.148805 0.051530 -0.012242 0.094402 -0.065497 -0.020051 -0.033792 -0.044683 -0.047908 -0.050502 -0.003865 0.067202 0.077376 -0.013753 0.055633 0.057017 -0.138637 0.064151 -0.095901 -0.095657 -0.078464 0.047595 -0.058212 0.038519 0.113533 -0.030001 0.003592 -0.095921 -0.056842 -0.040127 0.077680 0.041908 0.054423 -0.084833 -0.032170 -0.043151 0.010657 -0.005015 0.090671 0.006926 -0.052459 -0.101294 0.067380 0.026916 -0.129134 -0.065633 0.024966 -0.071356 0.070097 0.048202 -0.014487 0.014598 -0.067355 0.020253 0.111360 -0.036072 0.024149 -0.095739 0.020539 -0.127649 -0.052993 -0.031495 0.040562 -0.014406 0.041636 -0.023760 -0.028335 -0.031369 0.026248 0.149708 0.136130 -0.108245 -0.076383 0.087618 -0.063204 0.081971 0.012745 -0.108980 -0.047262 0.053926 -0.091952 0.067347 -0.055446 -0.152768 0.096246 -0.051044 0.020437 -0.068759 -0.102133 0.017153
bank 0.022828 0.003100 0.007904 -0.095822 -0.049509 0.237129 0.003991 0.162048 -0.191392 -0.059172 -0.219421 0.098320 -0.021935 0.140686 -0.070951 -0.031591 -0.041482 -0.112674 -0.075605 -0.053287 -0.003800 0.087526 0.114670 0.023531 0.126527 0.069975 -0.185639 0.103024 -0.138999 -0.112142 -0.087624 0.065113 -0.077543 0.046472 0.134541 -0.054518 0.029834 -0.141449 -0.070364 -0.033849 0.098472 0.002609 0.098752 -0.111569 -0.037141 -0.016486 0.013541 0.040682 0.101530 -0.013784 -0.022348 -0.147968 0.045730 0.015406 -0.127190 -0.082748 0.020841 -0.059720 0.048442 0.069807 -0.011706 0.046960 -0.106573 0.034335 0.112269 -0.023376 0.060223 -0.143566 -0.032055 -0.149517 -0.032827 -0.016714 0.038187 -0.040857 0.057533 -0.025403 -0.037696 -0.068248 0.035395 0.171667 0.141213 -0.133173 -0.109486 0.111674 -0.094145 0.100554 -0.032910 -0.135840 -0.049791 0.076573 -0.103276 0.097280 -0.049746 -0.197019 0.113258 -0.083996 0.022572 -0.062671 -0.104350 -0.002552
court 0.012320 -0.013670 0.009190 -0.076681 -0.039812 0.223199 0.014522 0.136035 -0.177291 -0.040802 -0.197615 0.051322 -0.018257 0.134185 -0.096193 -0.021662 -0.057847 -0.075065 -0.052696 -0.035654 -0.001497 0.086171 0.109609 0.004036 0.084490 0.061848 -0.193668 0.087699 -0.123005 -0.102580 -0.082090 0.058247 -0.079396 0.042096 0.117125 -0.047547 -0.011939 -0.123056 -0.077754 -0.032224 0.104259 0.030438 0.075936 -0.082174 -0.027995 -0.032230 0.015252 0.032939 0.097112 -0.010742 -0.026648 -0.150251 0.062676 0.018364 -0.126102 -0.065982 0.029124 -0.060971 0.059782 0.065885 0.000362 0.032977 -0.081713 0.018000 0.136722 -0.037635 0.041098 -0.147346 -0.005000 -0.154653 -0.061843 -0.027989 0.038380 -0.020039 0.059336 -0.018979 -0.024859 -0.052155 0.035660 0.156197 0.155422 -0.141456 -0.101127 0.107699 -0.067487 0.096595 -0.025688 -0.133667 -0.058401 0.063441 -0.112369 0.089544 -0.035891 -0.182235 0.105332 -0.078819 0.012399 -0.058761 -0.121419 0.015398
boharatar 0.014355 -0.014658 0.015110 -0.057653 -0.031190 0.150799 0.018849 0.073095 -0.104361 -0.013725 -0.116290 0.035619 -0.016551 0.088990 -0.050873 -0.020923 -0.033372 -0.043154 -0.047302 -0.025155 0.000915 0.055747 0.063900 -0.004004 0.065278 0.032214 -0.129901 0.067731 -0.093285 -0.071814 -0.073792 0.032156 -0.029627 0.034529 0.086321 -0.029930 -0.015334 -0.087823 -0.060740 -0.027624 0.050697 0.001836 0.027354 -0.057042 -0.028641 -0.010526 0.010206 0.010865 0.061684 -0.004946 -0.023444 -0.086549 0.038884 0.020585 -0.097541 -0.047347 0.024121 -0.039178 0.063813 0.057539 -0.023071 0.019116 -0.068755 0.017103 0.073269 -0.037556 0.024955 -0.075314 0.008051 -0.108167 -0.039120 -0.015721 0.027344 -0.020974 0.028555 -0.010847 -0.018562 -0.040599 0.025684 0.131353 0.112847 -0.094900 -0.074392 0.069061 -0.061026 0.049420 0.004748 -0.102472 -0.049654 0.043620 -0.076193 0.063323 -0.040577 -0.139279 0.065130 -0.051062 0.010377 -0.043710 -0.067680 0.022462
taulung 0.001967 0.000735 0.010321 -0.065862 -0.028573 0.173420 0.003958 0.104956 -0.131934 -0.019237 -0.152669 0.053231 -0.019028 0.111848 -0.056529 -0.013102 -0.028208 -0.046421 -0.052299 -0.040976 -0.005338 0.059137 0.083363 0.008406 0.073568 0.047369 -0.149216 0.077140 -0.094416 -0.092793 -0.068149 0.047998 -0.040227 0.048347 0.103058 -0.036929 -0.003216 -0.108835 -0.060473 -0.042096 0.066559 0.024709 0.048944 -0.077844 -0.038853 -0.026552 0.011044 0.025690 0.087289 0.007564 -0.019396 -0.104987 0.051408 0.028312 -0.106280 -0.057096 0.027970 -0.047061 0.057018 0.046616 -0.020261 0.032684 -0.073353 0.027536 0.103891 -0.021478 0.033503 -0.102542 -0.002891 -0.122743 -0.036540 -0.020752 0.026851 -0.034813 0.053434 -0.020560 -0.026193 -0.044221 0.035820 0.155061 0.128667 -0.106014 -0.073682 0.081092 -0.062297 0.074579 -0.018214 -0.108392 -0.043501 0.057850 -0.101957 0.062632 -0.044639 -0.157275 0.094543 -0.052228 0.010274 -0.041996 -0.098148 -0.000291
kuleshwor 0.008318 -0.000044 -0.001874 -0.048547 -0.027122 0.130913 0.024108 0.081222 -0.093163 -0.006690 -0.103990 0.051520 -0.008975 0.089790 -0.038692 -0.006872 -0.029851 -0.062007 -0.034113 -0.046387 -0.027563 0.045718 0.071225 0.004330 0.049667 0.021750 -0.100049 0.045967 -0.063019 -0.090401 -0.058192 0.058542 -0.031139 0.024468 0.059796 -0.043836 0.015954 -0.078340 -0.028432 -0.032351 0.032051 0.008946 0.048207 -0.063254 -0.031952 -0.037305 0.006403 -0.001495 0.064104 0.001349 -0.033474 -0.061230 0.053599 0.010205 -0.085335 -0.060872 0.023553 -0.050654 0.037184 0.019235 -0.014261 0.000069 -0.053000 0.035432 0.068795 -0.003518 0.029772 -0.043570 -0.019166 -0.085429 -0.010697 -0.019989 0.028350 -0.019684 0.012217 0.004725 -0.041805 -0.015762 0.031489 0.113355 0.084018 -0.062050 -0.066054 0.063821 -0.062412 0.071969 0.002036 -0.059078 -0.026513 0.036920 -0.073201 0.059497 -0.024411 -0.134330 0.082813 -0.015838 0.009258 -0.019937 -0.072575 -0.018361
sankata 0.021819 0.007100 0.018001 -0.088315 -0.054721 0.230638 0.013592 0.137082 -0.177447 -0.046173 -0.213016 0.074974 -0.006809 0.128708 -0.077062 -0.038568 -0.046220 -0.075760 -0.063979 -0.042052 -0.012862 0.084040 0.134803 -0.009566 0.121238 0.068611 -0.181868 0.096486 -0.143761 -0.115898 -0.095623 0.073408 -0.076871 0.044303 0.143113 -0.037861 0.013816 -0.132243 -0.076569 -0.032937 0.116868 0.011032 0.076186 -0.081912 -0.040044 -0.026521 -0.001556 0.022277 0.109252 -0.020359 -0.051255 -0.141615 0.062954 0.032992 -0.120933 -0.078395 0.046405 -0.065871 0.066887 0.082345 -0.003365 0.047740 -0.095233 0.030755 0.134517 -0.022242 0.039370 -0.132954 -0.018883 -0.138094 -0.047122 -0.036708 0.034149 -0.030306 0.051042 -0.016996 -0.024732 -0.063714 0.045310 0.161268 0.164640 -0.125370 -0.107811 0.126398 -0.093307 0.084327 -0.013294 -0.129483 -0.066581 0.063639 -0.108240 0.078749 -0.033437 -0.210545 0.101854 -0.073539 0.023050 -0.053968 -0.126100 0.001064
budhanilkatha -0.006295 0.005468 0.012365 -0.084839 -0.031793 0.194466 0.011444 0.132632 -0.144096 -0.029999 -0.161622 0.077681 -0.020291 0.103810 -0.054094 -0.040009 -0.023848 -0.077765 -0.039911 -0.061793 -0.011942 0.073265 0.099891 0.008078 0.100037 0.051893 -0.136753 0.075633 -0.133906 -0.101876 -0.103441 0.055611 -0.044000 0.040086 0.124779 -0.055089 0.019615 -0.124653 -0.051287 -0.038947 0.066438 0.019365 0.086364 -0.108125 -0.053060 -0.044112 -0.013719 -0.008951 0.116714 -0.009866 -0.033306 -0.114736 0.069957 0.013167 -0.126420 -0.069824 0.043368 -0.063068 0.056214 0.061652 -0.031437 0.027888 -0.082569 0.027234 0.104131 -0.013731 0.015238 -0.119594 0.011877 -0.126549 -0.036319 -0.042845 0.030295 -0.022624 0.022727 -0.002277 -0.042054 -0.050474 0.024338 0.168509 0.138078 -0.116879 -0.086404 0.103618 -0.095412 0.112847 -0.016028 -0.127970 -0.054909 0.064034 -0.118732 0.096165 -0.063710 -0.189014 0.117824 -0.042368 0.009794 -0.050744 -0.117775 0.005358
ganeshthan 0.029495 0.038983 0.020692 -0.094345 -0.044126 0.199355 -0.015305 0.158739 -0.156509 -0.061012 -0.189065 0.081674 0.004100 0.127859 -0.073202 -0.025046 -0.030059 -0.115253 -0.071568 -0.035323 -0.014641 0.075139 0.098182 0.034436 0.135686 0.060029 -0.147503 0.098511 -0.142321 -0.103616 -0.085701 0.059675 -0.075471 0.042542 0.130994 -0.041528 0.044190 -0.124864 -0.078789 -0.005958 0.104223 -0.010751 0.086947 -0.074237 -0.005696 -0.001297 0.020028 0.059806 0.102698 -0.026066 -0.001736 -0.153383 0.021224 -0.001028 -0.067661 -0.066779 0.021331 -0.023573 0.012688 0.067609 0.006317 0.036263 -0.074166 0.047177 0.106925 -0.000265 0.014533 -0.116204 -0.051296 -0.107916 -0.019288 -0.040378 0.010910 -0.032006 0.039366 -0.020589 -0.027714 -0.066145 0.021681 0.105590 0.123049 -0.080077 -0.081657 0.094821 -0.084558 0.076835 -0.079407 -0.111051 -0.035565 0.046266 -0.073424 0.091064 -0.026243 -0.172058 0.092223 -0.065684 0.031595 -0.041081 -0.095847 -0.028053
gairidhara 0.006258 0.008550 0.007042 -0.058680 -0.026726 0.152812 0.013462 0.088436 -0.116658 -0.040395 -0.125820 0.050510 -0.018963 0.101626 -0.050766 -0.021733 -0.028749 -0.071269 -0.056510 -0.044295 -0.014849 0.045514 0.088275 0.006356 0.076964 0.036289 -0.123229 0.059463 -0.098142 -0.075489 -0.077697 0.053393 -0.046816 0.043352 0.091840 -0.032833 0.006227 -0.095968 -0.064312 -0.032284 0.077237 0.011742 0.054786 -0.069083 -0.025286 -0.030647 0.012732 0.028036 0.064266 -0.011591 -0.029043 -0.091797 0.047600 0.011701 -0.086251 -0.062789 0.040388 -0.056970 0.043860 0.055583 -0.009181 0.020072 -0.077743 0.024081 0.077702 -0.018386 0.033615 -0.093896 -0.006204 -0.107714 -0.034443 -0.009012 0.021707 -0.019598 0.044898 -0.011534 -0.013022 -0.055565 0.033419 0.121693 0.107945 -0.091095 -0.072120 0.074627 -0.078299 0.070491 -0.006238 -0.097245 -0.039439 0.044056 -0.066790 0.074836 -0.039393 -0.142962 0.071078 -0.049601 0.024751 -0.034151 -0.093154 -0.007089
dhaneshwor 0.017343 -0.013399 0.011725 -0.080016 -0.045132 0.171284 0.018868 0.106785 -0.122000 -0.024879 -0.159804 0.053537 -0.008968 0.094645 -0.073714 -0.032382 -0.031206 -0.072584 -0.063709 -0.034690 0.006247 0.060681 0.090736 0.003441 0.077556 0.067369 -0.140523 0.080845 -0.101449 -0.086121 -0.064432 0.052740 -0.043604 0.040145 0.114352 -0.029750 -0.004650 -0.107431 -0.079727 -0.020894 0.066474 -0.003263 0.045704 -0.068709 -0.037690 -0.025671 0.001903 0.007386 0.085527 -0.018133 -0.025152 -0.102413 0.041400 0.015564 -0.109868 -0.060925 0.045691 -0.052338 0.057479 0.059760 -0.007192 0.030040 -0.084155 0.023077 0.091387 -0.022596 0.041982 -0.109525 0.004347 -0.129422 -0.059825 -0.013254 0.029060 -0.023075 0.044039 -0.014972 -0.015741 -0.070072 0.037800 0.149817 0.117104 -0.111031 -0.099308 0.089920 -0.078747 0.091636 -0.016458 -0.119208 -0.062397 0.057505 -0.073731 0.082380 -0.049813 -0.173727 0.092725 -0.064612 0.017714 -0.044229 -0.091320 0.009852
pump 0.051044 0.028506 0.015211 -0.159369 -0.084262 0.333710 -0.013392 0.240999 -0.269814 -0.082293 -0.308792 0.138837 -0.009461 0.210883 -0.118258 -0.062547 -0.034594 -0.184431 -0.110717 -0.081175 -0.009934 0.105709 0.157984 0.039473 0.194871 0.099068 -0.269638 0.145502 -0.204804 -0.171674 -0.138319 0.104141 -0.100892 0.046815 0.190465 -0.059590 0.058849 -0.209747 -0.102273 -0.040428 0.137970 -0.008988 0.145310 -0.137291 -0.042695 -0.000167 0.026513 0.064680 0.158856 -0.031778 -0.011901 -0.223665 0.058245 0.025496 -0.147861 -0.112998 0.038963 -0.068970 0.040178 0.099783 -0.017262 0.058427 -0.132555 0.085711 0.146290 -0.025610 0.056851 -0.183914 -0.051530 -0.207342 -0.041242 -0.037409 0.029318 -0.054673 0.073200 -0.032533 -0.031259 -0.099543 0.041420 0.201680 0.187397 -0.160595 -0.156393 0.170017 -0.128593 0.125432 -0.073892 -0.187859 -0.072987 0.098366 -0.127564 0.144989 -0.038989 -0.280078 0.148126 -0.097153 0.044288 -0.076841 -0.167624 -0.024824
petrol 0.029118 0.028481 0.010524 -0.135668 -0.081630 0.322249 -0.017195 0.229086 -0.243895 -0.091774 -0.298332 0.118379 0.000535 0.187136 -0.093483 -0.061732 -0.031257 -0.188769 -0.116743 -0.076675 -0.025057 0.105124 0.154765 0.046624 0.202944 0.077413 -0.244040 0.144646 -0.200636 -0.161300 -0.136266 0.093645 -0.093933 0.063681 0.182945 -0.064243 0.053734 -0.205466 -0.108006 -0.029865 0.134592 -0.015726 0.130125 -0.137698 -0.034315 0.003067 0.026357 0.066208 0.160372 -0.039536 -0.010872 -0.215347 0.043445 0.026106 -0.121425 -0.106757 0.042849 -0.048698 0.040954 0.105759 -0.001963 0.055970 -0.141643 0.071195 0.139606 -0.020141 0.046148 -0.182132 -0.054392 -0.183993 -0.034977 -0.039998 0.030997 -0.039433 0.072136 -0.036897 -0.035650 -0.097189 0.040749 0.189790 0.172671 -0.152386 -0.139946 0.149238 -0.142415 0.119016 -0.087471 -0.169354 -0.055499 0.084655 -0.108154 0.150984 -0.042276 -0.263046 0.148384 -0.096529 0.036787 -0.055767 -0.149944 -0.027934
shanti 0.019953 -0.014007 0.001768 -0.074230 -0.046287 0.165642 0.025702 0.093728 -0.131701 -0.024841 -0.158551 0.068444 -0.006722 0.112342 -0.059401 -0.031699 -0.031906 -0.071104 -0.059366 -0.044697 0.008665 0.072275 0.087785 -0.001826 0.078733 0.066715 -0.156449 0.069178 -0.104070 -0.101003 -0.086895 0.045833 -0.051665 0.038627 0.109986 -0.025063 -0.005715 -0.103583 -0.065830 -0.038040 0.064935 0.020475 0.053798 -0.095216 -0.050517 -0.019898 0.010420 0.009350 0.078228 -0.009972 -0.046283 -0.115096 0.053081 0.041067 -0.109913 -0.062309 0.033342 -0.057327 0.059212 0.060072 -0.015710 0.034272 -0.090160 0.022688 0.097343 -0.033959 0.043224 -0.100590 0.016583 -0.133145 -0.041349 -0.013481 0.035940 -0.030062 0.055316 -0.009543 -0.042302 -0.055773 0.031778 0.153592 0.118007 -0.104971 -0.097585 0.089719 -0.060952 0.068793 0.008114 -0.111538 -0.056870 0.061511 -0.109843 0.058090 -0.051819 -0.177873 0.103058 -0.073893 0.022243 -0.044947 -0.100211 0.011842
cozy 0.009652 -0.036959 0.007208 -0.044748 -0.043678 0.163927 0.013907 0.090885 -0.123596 -0.015754 -0.129148 0.054826 -0.008859 0.111272 -0.072628 -0.044282 -0.031642 -0.030550 -0.050321 -0.044695 -0.002548 0.042479 0.096901 -0.011819 0.063947 0.057872 -0.150989 0.072318 -0.091604 -0.084435 -0.073105 0.037740 -0.033462 0.043000 0.095443 -0.030746 -0.020758 -0.081708 -0.070289 -0.037167 0.066265 0.012640 0.034554 -0.070059 -0.053023 -0.009528 0.007140 0.021624 0.059688 -0.002283 -0.046062 -0.109611 0.048792 0.048154 -0.131206 -0.069825 0.051222 -0.051997 0.058922 0.043873 -0.022809 0.037963 -0.087228 0.006080 0.101981 -0.054924 0.046622 -0.098055 0.018443 -0.120809 -0.060255 -0.008650 0.023331 -0.018176 0.057911 -0.020580 -0.016162 -0.057243 0.027755 0.151875 0.133151 -0.117826 -0.085005 0.103030 -0.078900 0.058410 0.007628 -0.099028 -0.052608 0.058212 -0.103416 0.062269 -0.042720 -0.174562 0.076887 -0.058596 0.031191 -0.035767 -0.087611 0.018184
sainbu -0.004067 -0.025515 -0.000521 -0.051687 -0.028336 0.163796 0.017538 0.074305 -0.118557 -0.015836 -0.128155 0.042967 -0.008162 0.100557 -0.078500 -0.031077 -0.036264 -0.021749 -0.039855 -0.022041 0.013024 0.053202 0.088208 -0.019277 0.041331 0.065650 -0.144403 0.054426 -0.088449 -0.092371 -0.057535 0.044746 -0.051367 0.058195 0.083361 -0.013044 -0.023863 -0.088900 -0.064684 -0.037843 0.075876 0.020874 0.038033 -0.074409 -0.054189 -0.014395 0.009068 0.004730 0.063429 0.006057 -0.047168 -0.098148 0.058526 0.026180 -0.119171 -0.066277 0.031755 -0.049707 0.063938 0.041614 -0.027837 0.033449 -0.077469 0.017152 0.094803 -0.050435 0.035639 -0.093537 0.001998 -0.129389 -0.050772 -0.016241 0.030169 -0.022706 0.057648 -0.003439 -0.024238 -0.042875 0.033062 0.147338 0.134675 -0.106168 -0.086240 0.088488 -0.054031 0.060575 0.019833 -0.104613 -0.068298 0.068826 -0.111628 0.056726 -0.035262 -0.165366 0.082948 -0.052308 0.020437 -0.055527 -0.092847 0.028742
dhalmal 0.011373 0.009977 0.000326 -0.103530 -0.048219 0.219323 0.015585 0.164226 -0.184876 -0.035721 -0.199818 0.091603 -0.003789 0.132910 -0.080986 -0.040698 -0.048376 -0.108150 -0.074962 -0.044801 -0.004188 0.074887 0.119325 0.015783 0.126245 0.065443 -0.178827 0.090932 -0.143465 -0.109854 -0.089826 0.069805 -0.059334 0.049444 0.144935 -0.046296 0.017881 -0.135497 -0.071667 -0.026865 0.109464 0.006038 0.077188 -0.095945 -0.032661 -0.021971 0.013309 0.024736 0.099732 -0.014874 -0.018225 -0.135895 0.051443 0.023635 -0.105437 -0.083292 0.035199 -0.042751 0.047768 0.070710 -0.021333 0.034710 -0.099590 0.051376 0.107375 -0.025698 0.049132 -0.122885 -0.020680 -0.157144 -0.049338 -0.030687 0.026040 -0.038082 0.056905 -0.032121 -0.029877 -0.076380 0.028316 0.146029 0.141893 -0.123999 -0.113945 0.110323 -0.081041 0.098910 -0.027003 -0.136826 -0.064162 0.051190 -0.103485 0.088131 -0.058212 -0.210675 0.106186 -0.071585 0.029961 -0.064459 -0.112226 0.000798
